Genome_ID,SRA_Accession,amikacin,amoxicillin,bedaquiline,capreomycin,ciprofloxacin,clofazimine,cycloserine,delamanid,ethambutol,ethionamide,isoniazid,kanamycin,levofloxacin,linezolid,moxifloxacin,ofloxacin,para-aminosalicylic acid,prothionamide,pyrazinamide,rifabutin,rifampin,streptomycin
1773.18095,SRS5709778,S,NA,NA,S,NA,NA,NA,NA,S,NA,S,S,NA,NA,NA,S,NA,NA,S,NA,S,S
1773.18819,ERR037525,S,NA,NA,S,NA,NA,NA,NA,S,NA,S,S,NA,NA,NA,S,NA,NA,NA,NA,S,S
1773.20454,ERR1035011,S,NA,NA,S,NA,NA,NA,NA,S,S,S,S,NA,NA,NA,S,NA,NA,NA,NA,R,S
1773.20501,ERR1035065,S,NA,NA,S,NA,NA,NA,NA,S,S,S,S,NA,NA,NA,R,NA,NA,NA,NA,S,S
1773.18977,ERR161122,S,NA,NA,S,NA,NA,NA,NA,S,NA,S,S,NA,NA,NA,S,NA,NA,NA,NA,S,S
1773.18969,ERR161109,S,NA,NA,S,NA,NA,NA,NA,S,NA,S,S,NA,NA,NA,S,NA,NA,NA,NA,S,S
1773.20427,ERR1034993,S,NA,NA,S,NA,NA,NA,NA,S,S,R,S,NA,NA,NA,S,NA,NA,S,NA,S,S
1773.1899,ERR161133,S,NA,NA,S,NA,NA,NA,NA,S,NA,S,S,NA,NA,NA,S,NA,NA,NA,NA,S,S
1773.41459,ERS5282111,S,NA,S,S,NA,R,NA,S,R,S,S,R,S,S,S,S,R,NA,NA,R,R,S
1773.19303,ERR176631,S,NA,NA,S,NA,NA,NA,NA,S,NA,S,S,NA,NA,NA,S,NA,NA,S,NA,S,S
1773.18854,ERR124643,S,NA,NA,S,NA,NA,NA,NA,S,NA,S,S,NA,NA,NA,S,NA,NA,NA,NA,S,R
1773.19662,ERR181870,S,NA,NA,S,NA,NA,NA,NA,S,NA,S,S,NA,NA,NA,S,NA,NA,S,NA,S,S
1773.19296,ERR176623,S,NA,NA,S,NA,NA,NA,NA,S,NA,S,S,NA,NA,NA,S,NA,NA,S,NA,S,S
1773.20413,ERR1034964,S,NA,NA,S,NA,NA,NA,NA,S,NA,R,S,NA,NA,NA,S,NA,NA,NA,NA,S,R
1773.20247,ERR245708,S,NA,NA,S,NA,NA,NA,NA,S,NA,S,S,NA,NA,NA,S,NA,NA,NA,NA,S,S
1773.5706,ERR400334,NA,NA,NA,NA,NA,NA,NA,NA,S,NA,S,NA,NA,NA,NA,NA,NA,NA,S,NA,S,S
1773.4861,SRR2101080,NA,NA,NA,NA,NA,NA,NA,NA,S,NA,S,NA,NA,NA,NA,NA,NA,NA,S,NA,S,S
1773.5713,ERR400343,NA,NA,NA,NA,NA,NA,NA,NA,S,NA,S,NA,NA,NA,NA,NA,NA,NA,S,NA,S,S
1773.5709,ERR400339,NA,NA,NA,NA,NA,NA,NA,NA,S,NA,S,NA,NA,NA,NA,NA,NA,NA,S,NA,S,S
1773.3455,ERS5300825,S,NA,NA,S,NA,NA,NA,NA,S,NA,S,S,NA,NA,NA,S,NA,NA,NA,NA,R,R
1773.5686,ERR400558,NA,NA,NA,NA,NA,NA,NA,NA,S,NA,S,NA,NA,NA,NA,NA,NA,NA,S,NA,S,S
1773.5705,ERR400333,NA,NA,NA,NA,NA,NA,NA,NA,S,NA,S,NA,NA,NA,NA,NA,NA,NA,S,NA,S,S
1773.5715,ERR400348,NA,NA,NA,NA,NA,NA,NA,NA,S,NA,S,NA,NA,NA,NA,NA,NA,NA,S,NA,S,S
1773.34357,ERS5300582,S,NA,NA,S,NA,NA,NA,NA,S,NA,S,S,NA,NA,NA,S,NA,NA,NA,NA,R,R
1773.34618,ERS5300976,S,NA,NA,S,NA,NA,NA,NA,S,NA,S,S,NA,NA,NA,S,NA,NA,NA,NA,R,R
1773.4856,SRR2101075,NA,NA,NA,NA,NA,NA,NA,NA,S,NA,S,NA,NA,NA,NA,NA,NA,NA,S,NA,S,S
1773.4859,SRR2101078,NA,NA,NA,NA,NA,NA,NA,NA,S,NA,S,NA,NA,NA,NA,NA,NA,NA,S,NA,S,S
1773.5699,ERR400327,NA,NA,NA,NA,NA,NA,NA,NA,S,NA,S,NA,NA,NA,NA,NA,NA,NA,S,NA,S,S
1773.34126,ERS5298638,S,NA,NA,S,NA,NA,NA,NA,S,NA,S,S,NA,NA,NA,S,NA,NA,NA,NA,R,R
1773.3433,ERS5300564,S,NA,NA,S,NA,NA,NA,NA,S,NA,S,S,NA,NA,NA,S,NA,NA,NA,NA,R,R
1773.16091,SRR6152717,S,NA,NA,S,NA,NA,NA,NA,S,NA,S,S,NA,NA,NA,S,NA,NA,NA,NA,S,S
1773.4851,SRR2101070,NA,NA,NA,NA,NA,NA,NA,NA,S,NA,S,NA,NA,NA,NA,NA,NA,NA,S,NA,S,S
1773.5696,ERR400318,NA,NA,NA,NA,NA,NA,NA,NA,S,NA,S,NA,NA,NA,NA,NA,NA,NA,S,NA,S,S
1773.5701,ERR400329,NA,NA,NA,NA,NA,NA,NA,NA,NA,NA,S,NA,NA,NA,NA,NA,NA,NA,NA,NA,NA,NA
1773.33418,ERS5282702,S,NA,NA,S,NA,NA,NA,NA,S,NA,S,S,NA,NA,NA,S,NA,NA,NA,NA,S,S
1773.34081,ERS5298586,S,NA,NA,S,NA,NA,NA,NA,S,NA,S,S,NA,NA,NA,S,NA,NA,NA,NA,R,R
1773.34129,ERS5298642,S,NA,NA,S,NA,NA,NA,NA,S,NA,S,S,NA,NA,NA,S,NA,NA,NA,NA,R,R
1773.42962,ERS5300971,S,NA,NA,S,NA,NA,NA,NA,S,NA,S,S,NA,NA,NA,S,NA,NA,NA,NA,R,R
1773.4852,SRR2101071,NA,NA,NA,NA,NA,NA,NA,NA,S,NA,S,NA,NA,NA,NA,NA,NA,NA,S,NA,S,S
1773.3183,ERS3371598,R,NA,NA,R,NA,NA,NA,NA,S,NA,R,R,NA,NA,NA,S,NA,NA,NA,NA,R,R
1773.31835,ERS3371602,S,NA,NA,S,NA,NA,NA,NA,S,NA,R,S,NA,NA,NA,S,NA,NA,NA,NA,R,R
1773.32258,ERS3372059,R,NA,NA,R,NA,NA,NA,NA,S,NA,R,R,NA,NA,NA,S,NA,NA,NA,NA,R,R
1773.33343,ERS5282591,S,NA,NA,S,NA,NA,NA,NA,R,NA,R,S,NA,NA,NA,S,NA,NA,NA,NA,R,R
1773.34636,ERS5301023,S,NA,NA,S,NA,NA,NA,NA,S,NA,S,S,NA,NA,NA,S,NA,NA,NA,NA,R,R
1773.34445,ERS5300697,S,NA,NA,R,NA,NA,NA,NA,S,NA,R,S,NA,NA,NA,S,NA,NA,NA,NA,R,R
1773.34611,ERS5300935,S,NA,NA,S,NA,NA,NA,NA,S,NA,S,S,NA,NA,NA,S,NA,NA,NA,NA,R,R
1773.4,SRR2100202,NA,NA,NA,NA,NA,NA,NA,NA,S,NA,S,NA,NA,NA,NA,NA,NA,NA,S,NA,S,NA
1773.4858,SRR2101077,NA,NA,NA,NA,NA,NA,NA,NA,S,NA,R,NA,NA,NA,NA,NA,NA,NA,S,NA,S,R
1773.5714,ERR400347,NA,NA,NA,NA,NA,NA,NA,NA,S,NA,S,NA,NA,NA,NA,NA,NA,NA,S,NA,S,S
1773.5716,ERR400351,NA,NA,NA,NA,NA,NA,NA,NA,S,NA,S,NA,NA,NA,NA,NA,NA,NA,S,NA,S,S
1773.5718,ERR400353,NA,NA,NA,NA,S,NA,NA,NA,S,NA,R,NA,NA,NA,NA,NA,NA,NA,S,NA,S,R
1773.34024,ERS5298529,S,NA,NA,S,NA,NA,NA,NA,S,NA,S,S,NA,NA,NA,S,NA,NA,NA,NA,R,R
1773.34607,ERS5300942,S,NA,NA,S,NA,NA,NA,NA,S,NA,S,S,NA,NA,NA,S,NA,NA,NA,NA,R,R
1773.34805,ERS5301865,S,NA,NA,S,NA,NA,NA,NA,S,NA,S,S,NA,NA,NA,S,NA,NA,NA,NA,S,R
1773.3955,SRR2100157,NA,NA,NA,NA,S,NA,NA,NA,S,NA,R,NA,NA,NA,NA,NA,NA,NA,S,NA,S,NA
1773.40587,ERR3323729,S,NA,NA,S,NA,NA,NA,NA,S,NA,S,S,NA,NA,NA,S,NA,NA,NA,NA,R,R
1773.4844,SRR2101063,S,NA,NA,NA,NA,NA,NA,NA,S,NA,R,NA,NA,NA,NA,NA,NA,NA,S,NA,NA,NA
1773.4849,SRR2101068,NA,NA,NA,NA,NA,NA,NA,NA,S,NA,S,NA,NA,NA,NA,NA,NA,NA,S,NA,S,S
1773.4867,SRR2101086,NA,NA,NA,NA,NA,NA,NA,NA,S,NA,S,NA,NA,NA,NA,NA,NA,NA,S,NA,S,S
1773.5721,ERR400358,NA,NA,NA,NA,NA,NA,NA,NA,S,NA,S,NA,NA,NA,NA,NA,NA,NA,S,NA,S,S
1773.19858,ERR190352,S,NA,NA,S,NA,NA,NA,NA,S,NA,R,S,NA,NA,NA,S,NA,NA,S,NA,S,R
1773.3224,ERS3372041,R,NA,NA,R,NA,NA,NA,NA,S,NA,S,R,NA,NA,NA,S,NA,NA,NA,NA,R,R
1773.3227,ERS3372074,R,NA,NA,R,NA,NA,NA,NA,S,NA,R,R,NA,NA,NA,S,NA,NA,NA,NA,R,R
1773.4058,ERR3323717,S,NA,NA,S,NA,NA,NA,NA,S,NA,R,S,NA,NA,NA,S,NA,NA,NA,NA,S,R
1773.4217,ERS5282874,S,NA,S,S,NA,S,NA,R,R,R,S,S,R,S,S,S,S,NA,NA,S,S,R
1773.34134,ERS5298644,S,NA,NA,S,NA,NA,NA,NA,S,NA,S,S,NA,NA,NA,S,NA,NA,NA,NA,R,R
1773.19847,ERR190336,S,NA,NA,S,NA,NA,NA,NA,S,NA,S,S,NA,NA,NA,S,NA,NA,NA,NA,S,S
1773.34164,ERS5298674,S,NA,NA,S,NA,NA,NA,NA,S,NA,R,S,NA,NA,NA,S,NA,NA,NA,NA,R,R
1773.34684,ERS5301184,S,NA,NA,S,NA,NA,NA,NA,S,NA,S,S,NA,NA,NA,S,NA,NA,NA,NA,R,R
1773.4134,SRR2100338,NA,NA,NA,NA,NA,NA,NA,NA,S,NA,S,NA,NA,NA,NA,NA,NA,NA,S,NA,S,NA
1773.4288,SRR2100489,NA,NA,NA,NA,NA,NA,NA,NA,S,NA,S,NA,NA,NA,NA,NA,NA,NA,S,NA,S,NA
1773.4853,SRR2101072,NA,NA,NA,NA,NA,NA,NA,NA,S,NA,S,NA,NA,NA,NA,NA,NA,NA,S,NA,S,S
1773.4863,SRR2101082,NA,NA,NA,NA,NA,NA,NA,NA,S,NA,S,NA,NA,NA,NA,NA,NA,NA,S,NA,S,S
1773.4865,SRR2101084,NA,NA,NA,NA,NA,NA,NA,NA,S,NA,S,NA,NA,NA,NA,NA,NA,NA,S,NA,S,S
1773.5694,ERR400316,NA,NA,NA,NA,NA,NA,NA,NA,S,NA,S,NA,NA,NA,NA,NA,NA,NA,S,NA,S,S
1773.5703,ERR400331,NA,NA,NA,NA,NA,NA,NA,NA,S,NA,R,NA,NA,NA,NA,NA,NA,NA,S,NA,S,R
1773.5707,ERR400337,NA,NA,NA,NA,NA,NA,NA,NA,S,NA,S,NA,NA,NA,NA,NA,NA,NA,S,NA,S,S
1773.5717,ERR400352,NA,NA,NA,NA,NA,NA,NA,NA,S,NA,S,NA,NA,NA,NA,NA,NA,NA,S,NA,S,S
1773.5724,ERR400369,NA,NA,NA,NA,NA,NA,NA,NA,S,NA,S,NA,NA,NA,NA,NA,NA,NA,S,NA,S,S
1773.31781,ERS3371543,S,NA,NA,S,NA,NA,NA,NA,S,NA,S,S,NA,NA,NA,S,NA,NA,NA,NA,S,R
1773.34305,ERS5300538,S,NA,NA,S,NA,NA,NA,NA,S,NA,S,S,NA,NA,NA,S,NA,NA,NA,NA,R,R
1773.35493,ERS5302752,S,NA,NA,S,NA,NA,NA,NA,S,NA,S,S,NA,NA,NA,S,NA,NA,NA,NA,R,R
1773.19843,ERR190337,S,NA,NA,S,NA,NA,NA,NA,S,NA,S,S,NA,NA,NA,S,NA,NA,NA,NA,S,S
1773.127,ERS050938,NA,NA,NA,NA,NA,NA,NA,NA,S,NA,R,NA,NA,NA,NA,NA,NA,NA,S,NA,S,S
1773.1909,ERS181330,S,NA,NA,S,NA,NA,NA,NA,R,NA,R,NA,NA,NA,S,S,NA,R,R,NA,R,R
1773.34719,ERS5301238,S,NA,NA,S,NA,NA,NA,NA,S,NA,S,S,NA,NA,NA,S,NA,NA,NA,NA,R,R
1773.4014,SRR2100214,NA,NA,NA,NA,NA,NA,NA,NA,S,NA,S,NA,NA,NA,NA,NA,NA,NA,S,NA,S,NA
1773.4108,SRR2100310,NA,NA,NA,NA,NA,NA,NA,NA,S,NA,S,NA,NA,NA,NA,NA,NA,NA,S,NA,S,NA
1773.4144,SRR2100348,NA,NA,NA,NA,NA,NA,NA,NA,S,NA,S,NA,NA,NA,NA,NA,NA,NA,S,NA,S,NA
1773.4416,SRR2100619,NA,NA,NA,NA,NA,NA,NA,NA,S,NA,S,NA,NA,NA,NA,NA,NA,NA,S,NA,S,NA
1773.4748,SRR2100964,NA,NA,NA,NA,S,NA,NA,NA,S,NA,S,NA,NA,NA,NA,NA,NA,NA,S,NA,S,NA
1773.4926,SRR2101152,NA,NA,NA,NA,NA,NA,NA,NA,S,NA,S,NA,NA,NA,NA,NA,NA,NA,S,NA,S,NA
1773.571,ERR400340,NA,NA,NA,NA,NA,NA,NA,NA,NA,NA,S,NA,NA,NA,NA,NA,NA,NA,NA,NA,NA,NA
1773.5712,ERR400342,NA,NA,NA,NA,NA,NA,NA,NA,NA,NA,R,NA,NA,NA,NA,NA,NA,NA,NA,NA,NA,NA
1773.31865,ERS3371630,R,NA,NA,R,NA,NA,NA,NA,S,NA,R,R,NA,NA,NA,S,NA,NA,NA,NA,R,R
1773.32179,ERS3371968,S,NA,NA,S,NA,NA,NA,NA,S,NA,S,S,NA,NA,NA,S,NA,NA,NA,NA,S,R
1773.33523,ERS5283023,S,NA,NA,S,NA,NA,NA,NA,R,NA,R,S,NA,NA,NA,S,NA,NA,NA,NA,R,R
1773.33556,ERS5283359,S,NA,NA,S,NA,NA,NA,NA,S,NA,R,S,NA,NA,NA,S,NA,NA,NA,NA,R,R
1773.33927,ERS5298274,S,NA,NA,S,NA,NA,NA,NA,S,NA,R,S,NA,NA,NA,S,NA,NA,NA,NA,R,R
1773.3483,ERS5301890,S,NA,NA,S,NA,NA,NA,NA,S,NA,S,S,NA,NA,NA,S,NA,NA,NA,NA,S,R
1773.19479,ERR181674,S,NA,NA,S,NA,NA,NA,NA,S,NA,S,S,NA,NA,NA,S,NA,NA,NA,NA,S,R
1773.32282,ERS3372085,S,NA,NA,S,NA,NA,NA,NA,S,NA,R,S,NA,NA,NA,S,NA,NA,NA,NA,R,R
1773.3452,ERS5300786,S,NA,NA,S,NA,NA,NA,NA,S,NA,S,S,NA,NA,NA,S,NA,NA,NA,NA,R,R
1773.3958,SRR2100160,NA,NA,NA,NA,NA,NA,NA,NA,S,NA,S,NA,NA,NA,NA,NA,NA,NA,S,NA,S,NA
1773.4094,SRR2100296,NA,NA,NA,NA,NA,NA,NA,NA,S,NA,S,NA,NA,NA,NA,NA,NA,NA,S,NA,S,NA
1773.4386,SRR2100589,NA,NA,NA,NA,NA,NA,NA,NA,S,NA,S,NA,NA,NA,NA,NA,NA,NA,S,NA,S,NA
1773.4464,SRR2100667,NA,NA,NA,NA,NA,NA,NA,NA,S,NA,S,NA,NA,NA,NA,NA,NA,NA,S,NA,S,NA
1773.4848,SRR2101067,NA,NA,NA,NA,NA,NA,NA,NA,S,NA,S,NA,NA,NA,NA,NA,NA,NA,S,NA,S,S
1773.4862,SRR2101081,NA,NA,NA,NA,NA,NA,NA,NA,S,NA,S,NA,NA,NA,NA,NA,NA,NA,S,NA,S,S
1773.489,SRR2101112,NA,NA,NA,NA,NA,NA,NA,NA,S,NA,S,NA,NA,NA,NA,NA,NA,NA,S,NA,S,NA
1773.5691,ERR400312,NA,NA,NA,NA,NA,NA,NA,NA,S,NA,S,NA,NA,NA,NA,NA,NA,NA,S,NA,S,S
1773.57,ERR400328,NA,NA,NA,NA,NA,NA,NA,NA,S,NA,S,NA,NA,NA,NA,NA,NA,NA,S,NA,S,S
1773.5711,ERR400341,NA,NA,NA,NA,NA,NA,NA,NA,S,NA,S,NA,NA,NA,NA,NA,NA,NA,S,NA,S,S
1773.5725,ERR400370,NA,NA,NA,NA,NA,NA,NA,NA,S,NA,S,NA,NA,NA,NA,NA,NA,NA,S,NA,S,S
1773.19496,ERR181685,S,NA,NA,S,NA,NA,NA,NA,S,NA,S,S,NA,NA,NA,S,NA,NA,NA,NA,S,R
1773.3182,ERS3371583,S,NA,NA,S,NA,NA,NA,NA,S,NA,S,S,NA,NA,NA,S,NA,NA,NA,NA,S,R
1773.31828,ERS3371590,S,NA,NA,S,NA,NA,NA,NA,R,NA,R,S,NA,NA,NA,S,NA,NA,NA,NA,S,R
1773.32228,ERS3372029,R,NA,NA,R,NA,NA,NA,NA,S,NA,R,R,NA,NA,NA,S,NA,NA,NA,NA,R,R
1773.32229,ERS3372030,R,NA,NA,R,NA,NA,NA,NA,S,NA,S,R,NA,NA,NA,S,NA,NA,NA,NA,R,R
1773.32274,ERS3372078,R,NA,NA,R,NA,NA,NA,NA,S,NA,R,R,NA,NA,NA,S,NA,NA,NA,NA,R,R
1773.32283,ERS3372086,S,NA,NA,S,NA,NA,NA,NA,R,NA,R,S,NA,NA,NA,R,NA,NA,NA,NA,S,R
1773.33384,ERS5282653,S,NA,NA,S,NA,NA,NA,NA,S,NA,S,S,NA,NA,NA,S,NA,NA,NA,NA,S,R
1773.34363,ERS5300595,S,NA,NA,R,NA,NA,NA,NA,S,NA,S,S,NA,NA,NA,S,NA,NA,NA,NA,R,R
1773.37686,ERS5319100,S,NA,NA,S,NA,NA,NA,NA,S,NA,R,S,NA,NA,NA,S,NA,NA,NA,NA,R,R
1773.39959,ERS6421509,S,NA,NA,S,NA,NA,NA,NA,S,NA,S,S,NA,NA,NA,S,NA,NA,NA,NA,R,R
1773.39967,ERS6421515,S,NA,NA,S,NA,NA,NA,NA,S,NA,S,S,NA,NA,NA,S,NA,NA,NA,NA,S,R
1773.40527,ERS6422220,S,NA,NA,S,NA,NA,NA,NA,S,NA,S,S,NA,NA,NA,S,NA,NA,NA,NA,R,R
1773.42639,ERR6929532,S,NA,NA,S,NA,NA,NA,NA,S,NA,S,S,NA,NA,NA,S,NA,NA,NA,NA,S,S
1773.36992,ERS5317716,S,NA,NA,S,NA,NA,NA,NA,S,NA,S,S,NA,NA,NA,S,NA,NA,NA,NA,S,R
1773.42614,ERS5283045,S,NA,S,S,NA,S,NA,R,S,S,S,S,R,S,R,S,S,NA,NA,S,R,R
1773.186,ERS181445,S,NA,NA,S,NA,NA,NA,NA,R,NA,R,NA,NA,NA,R,R,NA,R,R,NA,R,R
1773.31836,ERS3371601,S,NA,NA,S,NA,NA,NA,NA,S,NA,S,S,NA,NA,NA,S,NA,NA,NA,NA,S,R
1773.33404,ERS5282685,S,NA,NA,S,NA,NA,NA,NA,S,NA,S,S,NA,NA,NA,S,NA,NA,NA,NA,S,R
1773.33521,ERS5283024,S,NA,NA,S,NA,NA,NA,NA,R,NA,R,S,NA,NA,NA,S,NA,NA,NA,NA,R,R
1773.342,ERS5298714,S,NA,NA,S,NA,NA,NA,NA,S,NA,S,S,NA,NA,NA,S,NA,NA,NA,NA,R,R
1773.3425,ERS5298787,S,NA,NA,S,NA,NA,NA,NA,S,NA,S,S,NA,NA,NA,S,NA,NA,NA,NA,R,R
1773.34609,ERS5300934,S,NA,NA,S,NA,NA,NA,NA,S,NA,S,S,NA,NA,NA,S,NA,NA,NA,NA,R,R
1773.34818,ERS5301878,S,NA,NA,S,NA,NA,NA,NA,S,NA,S,S,NA,NA,NA,S,NA,NA,NA,NA,S,R
1773.38657,ERS5320480,S,NA,NA,S,NA,NA,NA,NA,S,NA,S,S,NA,NA,NA,S,NA,NA,NA,NA,R,R
1773.3991,SRR2100193,NA,NA,NA,NA,S,NA,NA,NA,S,NA,S,NA,NA,NA,NA,NA,NA,NA,S,NA,S,NA
1773.4048,ERS6422180,S,NA,NA,S,NA,NA,NA,NA,S,NA,S,S,NA,NA,NA,S,NA,NA,NA,NA,R,R
1773.4138,SRR2100342,NA,NA,NA,NA,S,NA,NA,NA,S,NA,R,NA,NA,NA,NA,NA,NA,NA,S,NA,S,NA
1773.43261,ERS3372026,S,NA,NA,S,NA,NA,NA,NA,S,NA,S,S,NA,NA,NA,S,NA,NA,NA,NA,S,R
1773.4332,SRR2100533,NA,NA,NA,NA,NA,NA,NA,NA,S,NA,S,NA,NA,NA,NA,NA,NA,NA,S,NA,S,NA
1773.4846,SRR2101065,NA,NA,NA,NA,NA,NA,NA,NA,S,NA,R,NA,NA,NA,NA,NA,NA,NA,S,NA,S,S
1773.486,SRR2101079,NA,NA,NA,NA,NA,NA,NA,NA,S,NA,S,NA,NA,NA,NA,NA,NA,NA,S,NA,S,S
1773.4864,SRR2101083,NA,NA,NA,NA,NA,NA,NA,NA,S,NA,S,NA,NA,NA,NA,NA,NA,NA,S,NA,S,R
1773.4886,SRR2101107,NA,NA,NA,NA,NA,NA,NA,NA,S,NA,S,NA,NA,NA,NA,NA,NA,NA,S,NA,S,NA
1773.5695,ERR400317,NA,NA,NA,NA,NA,NA,NA,NA,S,NA,S,NA,NA,NA,NA,NA,NA,NA,S,NA,S,S
1773.5719,ERR400354,NA,NA,NA,NA,NA,NA,NA,NA,S,NA,S,NA,NA,NA,NA,NA,NA,NA,S,NA,S,S
1773.34142,ERS5298656,S,NA,NA,S,NA,NA,NA,NA,S,NA,S,S,NA,NA,NA,S,NA,NA,NA,NA,R,R
1773.34508,ERS5300772,S,NA,NA,S,NA,NA,NA,NA,S,NA,S,S,NA,NA,NA,S,NA,NA,NA,NA,R,R
1773.34608,ERS5300937,S,NA,NA,S,NA,NA,NA,NA,S,NA,S,S,NA,NA,NA,S,NA,NA,NA,NA,R,R
1773.35618,ERS5302901,S,NA,NA,S,NA,NA,NA,NA,S,NA,S,S,NA,NA,NA,S,NA,NA,NA,NA,S,R
1773.40321,ERS6421934,S,NA,NA,R,NA,NA,NA,NA,R,NA,R,S,NA,NA,NA,S,NA,NA,NA,NA,R,R
1773.40482,ERS6422173,S,NA,NA,S,NA,NA,NA,NA,S,NA,S,S,NA,NA,NA,S,NA,NA,NA,NA,R,R
1773.42489,ERS5283213,S,NA,S,S,NA,S,NA,S,S,R,R,S,R,S,R,S,S,NA,NA,R,R,R
1773.32244,ERS3372045,S,NA,NA,S,NA,NA,NA,NA,S,NA,R,S,NA,NA,NA,S,NA,NA,NA,NA,S,R
1773.32268,ERS3372073,S,NA,NA,S,NA,NA,NA,NA,S,NA,R,S,NA,NA,NA,S,NA,NA,NA,NA,S,R
1773.34658,ERS5301056,S,NA,NA,S,NA,NA,NA,NA,S,NA,R,S,NA,NA,NA,S,NA,NA,NA,NA,R,R
1773.31768,ERS3371533,S,NA,NA,S,NA,NA,NA,NA,S,NA,S,S,NA,NA,NA,S,NA,NA,NA,NA,R,R
1773.34264,ERS5298799,S,NA,NA,S,NA,NA,NA,NA,S,NA,S,S,NA,NA,NA,S,NA,NA,NA,NA,R,R
1773.36488,ERS5312405,S,NA,NA,S,NA,NA,NA,NA,S,NA,R,S,NA,NA,NA,S,NA,NA,NA,NA,R,R
1773.1755,ERS181432,S,NA,NA,S,NA,NA,NA,NA,R,NA,R,NA,NA,NA,S,S,NA,S,S,NA,R,R
1773.1799,ERS181410,S,NA,NA,S,NA,NA,NA,NA,R,NA,R,NA,NA,NA,S,S,NA,S,S,NA,R,R
1773.1882,ERS181308,NA,NA,NA,NA,NA,NA,NA,NA,S,NA,S,NA,NA,NA,NA,NA,NA,NA,S,NA,S,S
1773.1948,ERS181351,NA,NA,NA,NA,NA,NA,NA,NA,S,NA,S,NA,NA,NA,NA,NA,NA,NA,S,NA,S,S
1773.1949,ERR181691,S,NA,NA,S,NA,NA,NA,NA,S,NA,S,S,NA,NA,NA,S,NA,NA,NA,NA,S,S
1773.19848,ERR190331,S,NA,NA,S,NA,NA,NA,NA,S,NA,S,S,NA,NA,NA,S,NA,NA,NA,NA,S,R
1773.31858,ERS3371622,S,NA,NA,S,NA,NA,NA,NA,S,NA,S,S,NA,NA,NA,S,NA,NA,NA,NA,S,R
1773.32186,ERS3371971,S,NA,NA,S,NA,NA,NA,NA,S,NA,S,S,NA,NA,NA,S,NA,NA,NA,NA,S,R
1773.32225,ERS3372023,S,NA,NA,S,NA,NA,NA,NA,S,NA,S,S,NA,NA,NA,S,NA,NA,NA,NA,S,R
1773.32252,ERS3372056,R,NA,NA,R,NA,NA,NA,NA,S,NA,R,R,NA,NA,NA,S,NA,NA,NA,NA,R,R
1773.33917,ERS5298261,S,NA,NA,S,NA,NA,NA,NA,S,NA,R,S,NA,NA,NA,S,NA,NA,NA,NA,R,R
1773.34833,ERS5301892,S,NA,NA,S,NA,NA,NA,NA,S,NA,S,S,NA,NA,NA,S,NA,NA,NA,NA,S,R
1773.35723,ERS5303088,S,NA,NA,S,NA,NA,NA,NA,S,NA,R,S,NA,NA,NA,S,NA,NA,NA,NA,S,R
1773.36069,ERS5303590,S,NA,NA,S,NA,NA,NA,NA,S,NA,R,S,NA,NA,NA,S,NA,NA,NA,NA,S,R
1773.4011,SRR2100212,NA,NA,NA,NA,NA,NA,NA,NA,S,NA,S,NA,NA,NA,NA,NA,NA,NA,S,NA,S,NA
1773.415,SRR2100354,NA,NA,NA,NA,NA,NA,NA,NA,S,NA,S,NA,NA,NA,NA,NA,NA,NA,NA,NA,S,NA
1773.4175,SRR2100379,NA,NA,NA,NA,NA,NA,NA,NA,S,NA,S,NA,NA,NA,NA,NA,NA,NA,S,NA,S,NA
1773.4177,SRR2100381,NA,NA,NA,NA,S,NA,NA,NA,S,NA,S,NA,NA,NA,NA,NA,NA,NA,S,NA,S,NA
1773.42255,ERS5282967,S,NA,S,S,NA,R,NA,R,S,S,R,S,R,R,R,S,R,NA,NA,R,R,S
1773.42993,ERS5301218,S,NA,NA,S,NA,NA,NA,NA,S,NA,S,S,NA,NA,NA,S,NA,NA,NA,NA,R,R
1773.4866,SRR2101085,NA,NA,NA,NA,NA,NA,NA,NA,S,NA,S,NA,NA,NA,NA,NA,NA,NA,S,NA,S,S
1773.5698,ERR400325,NA,NA,NA,NA,NA,NA,NA,NA,S,NA,S,NA,NA,NA,NA,NA,NA,NA,S,NA,S,S
1773.5704,ERR400332,NA,NA,NA,NA,NA,NA,NA,NA,S,NA,S,NA,NA,NA,NA,NA,NA,NA,S,NA,S,S
1773.19024,ERR161175,S,NA,NA,S,NA,NA,NA,NA,S,NA,S,S,NA,NA,NA,S,NA,NA,NA,NA,S,R
1773.19031,ERR161182,S,NA,NA,S,NA,NA,NA,NA,S,NA,S,S,NA,NA,NA,S,NA,NA,NA,NA,S,R
1773.32249,ERS3372050,S,NA,NA,S,NA,NA,NA,NA,S,NA,R,S,NA,NA,NA,S,NA,NA,NA,NA,R,R
1773.33993,ERS5298343,S,NA,NA,S,NA,NA,NA,NA,S,NA,R,S,NA,NA,NA,S,NA,NA,NA,NA,R,R
1773.34045,ERS5298551,S,NA,NA,S,NA,NA,NA,NA,S,NA,S,S,NA,NA,NA,S,NA,NA,NA,NA,R,R
1773.34448,ERS5300700,S,NA,NA,S,NA,NA,NA,NA,S,NA,R,S,NA,NA,NA,R,NA,NA,NA,NA,R,R
1773.34537,ERS5300806,S,NA,NA,S,NA,NA,NA,NA,S,NA,S,S,NA,NA,NA,S,NA,NA,NA,NA,R,R
1773.34547,ERS5300824,S,NA,NA,S,NA,NA,NA,NA,S,NA,S,S,NA,NA,NA,S,NA,NA,NA,NA,R,R
1773.34575,ERS5300853,S,NA,NA,S,NA,NA,NA,NA,S,NA,S,S,NA,NA,NA,S,NA,NA,NA,NA,R,R
1773.35385,ERS5302624,S,NA,NA,S,NA,NA,NA,NA,S,NA,S,S,NA,NA,NA,S,NA,NA,NA,NA,R,R
1773.35479,ERS5302736,S,NA,NA,S,NA,NA,NA,NA,S,NA,S,S,NA,NA,NA,S,NA,NA,NA,NA,S,R
1773.36052,ERS5303578,S,NA,NA,S,NA,NA,NA,NA,S,NA,R,S,NA,NA,NA,S,NA,NA,NA,NA,S,R
1773.39542,ERS6403355,S,NA,NA,S,NA,NA,NA,NA,R,NA,R,S,NA,NA,NA,S,NA,NA,NA,NA,R,R
1773.40407,ERS6422043,S,NA,NA,S,NA,NA,NA,NA,S,NA,S,S,NA,NA,NA,S,NA,NA,NA,NA,R,R
1773.40518,ERS6422205,S,NA,NA,S,NA,NA,NA,NA,S,NA,S,S,NA,NA,NA,S,NA,NA,NA,NA,R,R
1773.19003,ERR161148,S,NA,NA,S,NA,NA,NA,NA,S,NA,S,S,NA,NA,NA,S,NA,NA,S,NA,S,R
1773.19037,ERR161185,S,NA,NA,S,NA,NA,NA,NA,S,NA,S,S,NA,NA,NA,S,NA,NA,NA,NA,S,S
1773.1985,ERR190330,S,NA,NA,S,NA,NA,NA,NA,S,NA,S,S,NA,NA,NA,S,NA,NA,NA,NA,S,R
1773.19863,ERR190351,S,NA,NA,S,NA,NA,NA,NA,S,NA,S,S,NA,NA,NA,S,NA,NA,NA,NA,S,R
1773.31793,ERS3371554,S,NA,NA,S,NA,NA,NA,NA,S,NA,S,S,NA,NA,NA,S,NA,NA,NA,NA,R,R
1773.31842,ERS3371606,S,NA,NA,S,NA,NA,NA,NA,S,NA,S,S,NA,NA,NA,S,NA,NA,NA,NA,R,R
1773.33238,ERS5282489,S,NA,NA,S,NA,NA,NA,NA,S,NA,S,S,NA,NA,NA,S,NA,NA,NA,NA,R,R
1773.36525,ERS5312433,S,NA,NA,S,NA,NA,NA,NA,S,NA,R,S,NA,NA,NA,R,NA,NA,NA,NA,R,R
1773.1047,ERS181388,S,NA,NA,S,NA,NA,NA,NA,R,NA,R,NA,NA,NA,S,S,NA,S,S,NA,R,R
1773.19032,ERR161183,S,NA,NA,S,NA,NA,NA,NA,S,NA,S,S,NA,NA,NA,S,NA,NA,NA,NA,S,R
1773.19873,ERR190364,S,NA,NA,S,NA,NA,NA,NA,S,NA,S,S,NA,NA,NA,S,NA,NA,S,NA,S,R
1773.2713,ERR551562,NA,NA,NA,NA,NA,NA,NA,NA,S,NA,S,NA,NA,NA,NA,NA,NA,NA,S,NA,S,S
1773.31852,ERS3371616,S,NA,NA,S,NA,NA,NA,NA,S,NA,S,S,NA,NA,NA,S,NA,NA,NA,NA,S,R
1773.32259,ERS3372060,R,NA,NA,R,NA,NA,NA,NA,S,NA,R,R,NA,NA,NA,S,NA,NA,NA,NA,R,R
1773.33223,ERS5282458,S,NA,NA,S,NA,NA,NA,NA,S,NA,S,S,NA,NA,NA,S,NA,NA,NA,NA,S,S
1773.35718,ERS5303086,S,NA,NA,S,NA,NA,NA,NA,S,NA,R,S,NA,NA,NA,S,NA,NA,NA,NA,S,R
1773.4009,SRR2100210,NA,NA,NA,NA,NA,NA,NA,NA,S,NA,S,NA,NA,NA,NA,NA,NA,NA,S,NA,S,NA
1773.4129,SRR2100332,NA,NA,NA,NA,S,NA,NA,NA,S,NA,R,NA,NA,NA,NA,NA,NA,NA,S,NA,S,NA
1773.428,SRR2100481,NA,NA,NA,NA,S,NA,NA,NA,S,NA,S,NA,NA,NA,NA,NA,NA,NA,S,NA,S,NA
1773.4286,SRR2100487,NA,NA,NA,NA,NA,NA,NA,NA,S,NA,S,NA,NA,NA,NA,NA,NA,NA,S,NA,S,NA
1773.42994,ERS5301213,S,NA,NA,S,NA,NA,NA,NA,S,NA,S,S,NA,NA,NA,S,NA,NA,NA,NA,R,R
1773.43019,ERS5301304,S,NA,NA,S,NA,NA,NA,NA,S,NA,S,S,NA,NA,NA,S,NA,NA,NA,NA,R,R
1773.4854,SRR2101073,NA,NA,NA,NA,NA,NA,NA,NA,S,NA,S,NA,NA,NA,NA,NA,NA,NA,S,NA,S,S
1773.4855,SRR2101074,NA,NA,NA,NA,NA,NA,NA,NA,S,NA,S,NA,NA,NA,NA,NA,NA,NA,S,NA,S,S
1773.5689,ERR400309,NA,NA,NA,NA,NA,NA,NA,NA,S,NA,S,NA,NA,NA,NA,NA,NA,NA,S,NA,S,S
1773.19028,ERR161188,S,NA,NA,S,NA,NA,NA,NA,S,NA,S,S,NA,NA,NA,S,NA,NA,NA,NA,S,R
1773.19029,ERR161186,S,NA,NA,S,NA,NA,NA,NA,S,NA,S,S,NA,NA,NA,S,NA,NA,NA,NA,S,R
1773.19463,ERR176812,S,NA,NA,S,NA,NA,NA,NA,S,NA,S,S,NA,NA,NA,S,NA,NA,NA,NA,S,R
1773.31943,ERS3371712,S,NA,NA,S,NA,NA,NA,NA,S,NA,R,S,NA,NA,NA,S,NA,NA,NA,NA,R,R
1773.32173,ERS3371961,S,NA,NA,S,NA,NA,NA,NA,S,NA,S,S,NA,NA,NA,S,NA,NA,NA,NA,R,R
1773.3394,ERS5298282,S,NA,NA,S,NA,NA,NA,NA,S,NA,R,S,NA,NA,NA,S,NA,NA,NA,NA,R,R
1773.34145,ERS5298661,S,NA,NA,S,NA,NA,NA,NA,S,NA,S,S,NA,NA,NA,S,NA,NA,NA,NA,R,R
1773.34285,ERS5298824,S,NA,NA,S,NA,NA,NA,NA,S,NA,S,S,NA,NA,NA,S,NA,NA,NA,NA,R,R
1773.34333,ERS5300565,S,NA,NA,S,NA,NA,NA,NA,S,NA,S,S,NA,NA,NA,S,NA,NA,NA,NA,R,R
1773.34408,ERS5300645,S,NA,NA,S,NA,NA,NA,NA,R,NA,R,S,NA,NA,NA,S,NA,NA,NA,NA,R,R
1773.34472,ERS5300723,S,NA,NA,S,NA,NA,NA,NA,S,NA,S,S,NA,NA,NA,S,NA,NA,NA,NA,R,R
1773.34708,ERS5301228,S,NA,NA,S,NA,NA,NA,NA,S,NA,S,S,NA,NA,NA,S,NA,NA,NA,NA,R,R
1773.34813,ERS5301876,S,NA,NA,S,NA,NA,NA,NA,S,NA,S,S,NA,NA,NA,S,NA,NA,NA,NA,R,R
1773.35,ERS5302150,S,NA,NA,S,NA,NA,NA,NA,S,NA,S,S,NA,NA,NA,S,NA,NA,NA,NA,S,R
1773.35498,ERS5302757,S,NA,NA,S,NA,NA,NA,NA,S,NA,S,S,NA,NA,NA,S,NA,NA,NA,NA,S,R
1773.3617,ERS5303924,S,NA,NA,S,NA,NA,NA,NA,S,NA,S,S,NA,NA,NA,S,NA,NA,NA,NA,S,R
1773.39539,ERS6403351,S,NA,NA,R,NA,NA,NA,NA,S,NA,R,S,NA,NA,NA,R,NA,NA,NA,NA,R,R
1773.40463,ERS6422156,S,NA,NA,S,NA,NA,NA,NA,S,NA,S,S,NA,NA,NA,S,NA,NA,NA,NA,R,R
1773.43006,ERS5301281,S,NA,NA,S,NA,NA,NA,NA,S,NA,S,S,NA,NA,NA,S,NA,NA,NA,NA,R,R
1773.19844,ERR190335,S,NA,NA,S,NA,NA,NA,NA,S,NA,S,S,NA,NA,NA,S,NA,NA,NA,NA,S,R
1773.19861,ERR190350,S,NA,NA,S,NA,NA,NA,NA,S,NA,S,S,NA,NA,NA,S,NA,NA,NA,NA,S,R
1773.31829,ERS3371591,S,NA,NA,S,NA,NA,NA,NA,S,NA,S,S,NA,NA,NA,S,NA,NA,NA,NA,S,R
1773.3222,ERS3372015,S,NA,NA,S,NA,NA,NA,NA,S,NA,R,S,NA,NA,NA,S,NA,NA,NA,NA,R,R
1773.33926,ERS5298263,S,NA,NA,R,NA,NA,NA,NA,S,NA,R,S,NA,NA,NA,S,NA,NA,NA,NA,R,R
1773.34641,ERS5301031,S,NA,NA,S,NA,NA,NA,NA,S,NA,R,S,NA,NA,NA,S,NA,NA,NA,NA,R,R
1773.19836,ERR190328,S,NA,NA,S,NA,NA,NA,NA,S,NA,S,S,NA,NA,NA,S,NA,NA,NA,NA,S,R
1773.19879,ERR190374,S,NA,NA,S,NA,NA,NA,NA,S,NA,S,S,NA,NA,NA,S,NA,NA,NA,NA,S,R
1773.42998,ERS5301221,S,NA,NA,S,NA,NA,NA,NA,S,NA,S,S,NA,NA,NA,S,NA,NA,NA,NA,R,R
1773.43342,ERS5319440,S,NA,NA,S,NA,NA,NA,NA,S,NA,S,S,NA,NA,NA,S,NA,NA,NA,NA,S,S
1773.19026,ERR161166,S,NA,NA,S,NA,NA,NA,NA,S,NA,S,S,NA,NA,NA,S,NA,NA,NA,NA,S,R
1773.19422,ERR176758,S,NA,NA,S,NA,NA,NA,NA,S,NA,S,S,NA,NA,NA,S,NA,NA,S,NA,S,S
1773.19855,ERR190348,S,NA,NA,S,NA,NA,NA,NA,S,NA,S,S,NA,NA,NA,S,NA,NA,NA,NA,S,R
1773.33526,ERS5283033,S,NA,NA,S,NA,NA,NA,NA,S,NA,S,S,NA,NA,NA,S,NA,NA,NA,NA,S,S
1773.34468,ERS5300727,S,NA,NA,S,NA,NA,NA,NA,S,NA,S,S,NA,NA,NA,S,NA,NA,NA,NA,R,R
1773.34742,ERS5301271,S,NA,NA,S,NA,NA,NA,NA,S,NA,S,S,NA,NA,NA,S,NA,NA,NA,NA,R,R
1773.40483,ERS6422176,S,NA,NA,S,NA,NA,NA,NA,S,NA,S,S,NA,NA,NA,S,NA,NA,NA,NA,R,R
1773.42342,ERS5283063,S,NA,S,S,NA,S,NA,R,S,S,S,S,R,R,R,S,S,NA,NA,S,S,S
1773.4283,SRR2100484,NA,NA,NA,NA,NA,NA,NA,NA,S,NA,S,NA,NA,NA,NA,NA,NA,NA,S,NA,S,NA
1773.43032,ERS5301329,S,NA,NA,S,NA,NA,NA,NA,S,NA,S,S,NA,NA,NA,S,NA,NA,NA,NA,R,R
1773.43125,ERS5301902,S,NA,NA,S,NA,NA,NA,NA,S,NA,S,S,NA,NA,NA,S,NA,NA,NA,NA,S,R
1773.4398,SRR2100601,S,S,NA,S,S,NA,NA,NA,S,NA,S,S,NA,NA,S,NA,NA,NA,S,NA,R,S
1773.4709,SRR2100925,S,S,NA,S,S,NA,NA,NA,S,NA,R,S,NA,NA,S,NA,NA,NA,S,NA,R,R
1773.473,SRR2100946,NA,NA,NA,NA,NA,NA,NA,NA,S,NA,S,NA,NA,NA,NA,NA,NA,NA,S,NA,S,NA
1773.5688,ERR400308,NA,NA,NA,NA,NA,NA,NA,NA,S,NA,S,NA,NA,NA,NA,NA,NA,NA,S,NA,S,S
1773.5723,ERR400368,NA,NA,NA,NA,NA,NA,NA,NA,S,NA,S,NA,NA,NA,NA,NA,NA,NA,S,NA,S,S
1773.19002,ERR161146,S,NA,NA,S,NA,NA,NA,NA,S,NA,S,S,NA,NA,NA,S,NA,NA,S,NA,S,R
1773.19016,ERR161151,S,NA,NA,S,NA,NA,NA,NA,S,NA,S,S,NA,NA,NA,S,NA,NA,NA,NA,S,R
1773.19867,ERR190359,S,NA,NA,S,NA,NA,NA,NA,S,NA,S,S,NA,NA,NA,S,NA,NA,NA,NA,S,S
1773.31933,ERS3371701,S,NA,NA,S,NA,NA,NA,NA,S,NA,R,S,NA,NA,NA,S,NA,NA,NA,NA,S,R
1773.32181,ERS3371976,S,NA,NA,S,NA,NA,NA,NA,S,NA,S,S,NA,NA,NA,S,NA,NA,NA,NA,S,R
1773.32233,ERS3372035,S,NA,NA,S,NA,NA,NA,NA,R,NA,R,S,NA,NA,NA,R,NA,NA,NA,NA,S,R
1773.32255,ERS3372053,R,NA,NA,R,NA,NA,NA,NA,S,NA,R,R,NA,NA,NA,R,NA,NA,NA,NA,R,R
1773.32275,ERS3372077,S,NA,NA,S,NA,NA,NA,NA,R,NA,R,S,NA,NA,NA,R,NA,NA,NA,NA,S,R
1773.33931,ERS5298268,S,NA,NA,S,NA,NA,NA,NA,S,NA,S,S,NA,NA,NA,S,NA,NA,NA,NA,S,R
1773.34123,ERS5298631,S,NA,NA,S,NA,NA,NA,NA,S,NA,S,S,NA,NA,NA,S,NA,NA,NA,NA,R,R
1773.34236,ERS5298770,S,NA,NA,S,NA,NA,NA,NA,S,NA,S,S,NA,NA,NA,S,NA,NA,NA,NA,R,R
1773.34274,ERS5298806,S,NA,NA,S,NA,NA,NA,NA,S,NA,S,S,NA,NA,NA,S,NA,NA,NA,NA,R,R
1773.34296,ERS5300532,S,NA,NA,S,NA,NA,NA,NA,S,NA,S,S,NA,NA,NA,S,NA,NA,NA,NA,S,R
1773.34314,ERS5300546,S,NA,NA,S,NA,NA,NA,NA,S,NA,S,S,NA,NA,NA,S,NA,NA,NA,NA,R,R
1773.34552,ERS5300827,S,NA,NA,S,NA,NA,NA,NA,S,NA,S,S,NA,NA,NA,S,NA,NA,NA,NA,S,R
1773.3469,ERS5301193,S,NA,NA,S,NA,NA,NA,NA,S,NA,S,S,NA,NA,NA,S,NA,NA,NA,NA,R,R
1773.34695,ERS5301201,S,NA,NA,S,NA,NA,NA,NA,S,NA,S,S,NA,NA,NA,S,NA,NA,NA,NA,R,R
1773.34714,ERS5301234,S,NA,NA,S,NA,NA,NA,NA,S,NA,S,S,NA,NA,NA,S,NA,NA,NA,NA,R,R
1773.34806,ERS5301866,S,NA,NA,S,NA,NA,NA,NA,S,NA,S,S,NA,NA,NA,S,NA,NA,NA,NA,S,R
1773.34829,ERS5301900,S,NA,NA,S,NA,NA,NA,NA,S,NA,S,S,NA,NA,NA,S,NA,NA,NA,NA,S,R
1773.35887,ERS5303355,R,NA,NA,R,NA,NA,NA,NA,S,NA,R,R,NA,NA,NA,R,NA,NA,NA,NA,R,R
1773.36167,ERS5303921,S,NA,NA,S,NA,NA,NA,NA,S,NA,S,S,NA,NA,NA,S,NA,NA,NA,NA,S,R
1773.36819,ERS5317256,S,NA,NA,S,NA,NA,NA,NA,S,NA,S,S,NA,NA,NA,S,NA,NA,NA,NA,S,R
1773.39533,ERS6403336,S,NA,NA,S,NA,NA,NA,NA,S,NA,S,S,NA,NA,NA,S,NA,NA,NA,NA,R,R
1773.3998,ERS6421531,S,NA,NA,S,NA,NA,NA,NA,S,NA,S,S,NA,NA,NA,S,NA,NA,NA,NA,R,R
1773.40476,ERS6422163,S,NA,NA,S,NA,NA,NA,NA,S,NA,S,S,NA,NA,NA,S,NA,NA,NA,NA,R,R
1773.42423,ERS5283147,S,NA,S,S,NA,S,NA,S,S,R,R,S,S,S,S,S,R,NA,NA,R,S,R
1773.19493,ERR181687,S,NA,NA,S,NA,NA,NA,NA,S,NA,S,S,NA,NA,NA,S,NA,NA,NA,NA,S,S
1773.31773,ERS3371537,S,NA,NA,S,NA,NA,NA,NA,S,NA,R,S,NA,NA,NA,S,NA,NA,NA,NA,R,R
1773.32232,ERS3372033,S,NA,NA,S,NA,NA,NA,NA,S,NA,R,S,NA,NA,NA,S,NA,NA,NA,NA,R,R
1773.34143,ERS5298655,S,NA,NA,S,NA,NA,NA,NA,S,NA,R,S,NA,NA,NA,S,NA,NA,NA,NA,R,R
1773.19421,ERR176760,S,NA,NA,S,NA,NA,NA,NA,S,NA,S,S,NA,NA,NA,S,NA,NA,S,NA,S,R
1773.31849,ERS3371613,S,NA,NA,S,NA,NA,NA,NA,S,NA,S,S,NA,NA,NA,S,NA,NA,NA,NA,R,R
1773.32241,ERS3372044,S,NA,NA,S,NA,NA,NA,NA,S,NA,R,S,NA,NA,NA,S,NA,NA,NA,NA,R,R
1773.3695,ERS5317676,S,NA,NA,S,NA,NA,NA,NA,S,NA,S,S,NA,NA,NA,S,NA,NA,NA,NA,S,R
1773.19047,ERR161189,S,NA,NA,S,NA,NA,NA,NA,S,NA,S,S,NA,NA,NA,S,NA,NA,NA,NA,S,R
1773.19859,ERR190354,S,NA,NA,S,NA,NA,NA,NA,S,NA,S,S,NA,NA,NA,S,NA,NA,NA,NA,S,R
1773.31821,ERS3371584,S,NA,NA,S,NA,NA,NA,NA,S,NA,S,S,NA,NA,NA,S,NA,NA,NA,NA,S,R
1773.31864,ERS3371628,S,NA,NA,S,NA,NA,NA,NA,S,NA,S,S,NA,NA,NA,S,NA,NA,NA,NA,S,R
1773.31926,ERS3371694,S,NA,NA,S,NA,NA,NA,NA,S,NA,R,S,NA,NA,NA,S,NA,NA,NA,NA,S,R
1773.32147,ERS3371937,S,NA,NA,S,NA,NA,NA,NA,S,NA,S,S,NA,NA,NA,S,NA,NA,NA,NA,R,R
1773.32226,ERS3372024,S,NA,NA,S,NA,NA,NA,NA,S,NA,R,S,NA,NA,NA,S,NA,NA,NA,NA,R,R
1773.32243,ERS3372042,S,NA,NA,S,NA,NA,NA,NA,S,NA,S,S,NA,NA,NA,S,NA,NA,NA,NA,R,R
1773.32365,ERS5281283,S,NA,NA,S,NA,NA,NA,NA,S,NA,S,S,NA,NA,NA,S,NA,NA,NA,NA,R,R
1773.34361,ERS5300597,S,NA,NA,S,NA,NA,NA,NA,S,NA,S,S,NA,NA,NA,S,NA,NA,NA,NA,R,R
1773.34536,ERS5300808,S,NA,NA,S,NA,NA,NA,NA,S,NA,S,S,NA,NA,NA,S,NA,NA,NA,NA,R,R
1773.35714,ERS5303074,S,NA,NA,S,NA,NA,NA,NA,S,NA,R,S,NA,NA,NA,S,NA,NA,NA,NA,R,R
1773.39581,ERS6403392,S,NA,NA,S,NA,NA,NA,NA,S,NA,S,S,NA,NA,NA,S,NA,NA,NA,NA,R,R
1773.4017,SRR2100217,S,S,NA,S,S,NA,NA,NA,S,NA,R,S,NA,NA,S,NA,NA,NA,S,NA,R,S
1773.4078,SRR2100280,NA,NA,NA,NA,NA,NA,NA,NA,S,NA,S,NA,NA,NA,NA,NA,NA,NA,S,NA,S,NA
1773.4098,SRR2100300,NA,NA,NA,NA,S,NA,NA,NA,S,NA,R,NA,NA,NA,NA,NA,NA,NA,S,NA,S,NA
1773.4103,SRR2100305,NA,NA,NA,NA,NA,NA,NA,NA,S,NA,S,NA,NA,NA,NA,NA,NA,NA,S,NA,S,NA
1773.42939,ERS5300662,S,NA,NA,S,NA,NA,NA,NA,S,NA,R,S,NA,NA,NA,S,NA,NA,NA,NA,R,R
1773.43253,ERS3371597,S,NA,NA,S,NA,NA,NA,NA,S,NA,S,S,NA,NA,NA,S,NA,NA,NA,NA,S,R
1773.4374,SRR2100576,NA,NA,NA,NA,NA,NA,NA,NA,S,NA,S,NA,NA,NA,NA,NA,NA,NA,S,NA,S,NA
1773.4395,SRR2100597,NA,NA,NA,NA,NA,NA,NA,NA,S,NA,S,NA,NA,NA,NA,NA,NA,NA,S,NA,S,NA
1773.448,SRR2100683,NA,NA,NA,NA,NA,NA,NA,NA,S,NA,S,NA,NA,NA,NA,NA,NA,NA,S,NA,S,NA
1773.472,SRR2100936,NA,NA,NA,NA,NA,NA,NA,NA,S,NA,S,NA,NA,NA,NA,NA,NA,NA,S,NA,S,NA
1773.4969,SRR2101231,NA,NA,NA,NA,NA,NA,NA,NA,S,NA,S,NA,NA,NA,NA,NA,NA,NA,S,NA,S,NA
1773.5834,SRR2100027,NA,NA,NA,NA,NA,NA,NA,NA,S,NA,S,NA,NA,NA,NA,NA,NA,NA,S,NA,S,NA
1773.5926,SRR2101823,NA,NA,NA,NA,NA,NA,NA,NA,S,NA,S,NA,NA,NA,NA,NA,NA,NA,S,NA,S,S
1773.1858,ERR1036297,S,NA,NA,S,NA,NA,S,NA,R,S,R,S,NA,NA,NA,S,S,NA,NA,NA,S,R
1773.19014,ERR161156,S,NA,NA,S,NA,NA,NA,NA,S,NA,S,S,NA,NA,NA,S,NA,NA,NA,NA,S,R
1773.1948,ERR181677,S,NA,NA,S,NA,NA,NA,NA,S,NA,S,S,NA,NA,NA,S,NA,NA,NA,NA,S,R
1773.31783,ERS3371544,S,NA,NA,S,NA,NA,NA,NA,S,NA,S,S,NA,NA,NA,S,NA,NA,NA,NA,S,R
1773.31838,ERS3371599,S,NA,NA,S,NA,NA,NA,NA,S,NA,S,S,NA,NA,NA,S,NA,NA,NA,NA,S,R
1773.31869,ERS3371634,S,NA,NA,S,NA,NA,NA,NA,R,NA,R,S,NA,NA,NA,S,NA,NA,NA,NA,S,R
1773.31878,ERS3371641,S,NA,NA,S,NA,NA,NA,NA,S,NA,R,S,NA,NA,NA,S,NA,NA,NA,NA,R,R
1773.32415,ERS5281370,S,NA,NA,S,NA,NA,NA,NA,S,NA,S,S,NA,NA,NA,S,NA,NA,NA,NA,S,S
1773.33301,ERS5282554,S,NA,NA,S,NA,NA,NA,NA,S,NA,S,S,NA,NA,NA,S,NA,NA,NA,NA,R,R
1773.33383,ERS5282652,S,NA,NA,S,NA,NA,NA,NA,S,NA,S,S,NA,NA,NA,S,NA,NA,NA,NA,S,S
1773.33403,ERS5282684,S,NA,NA,S,NA,NA,NA,NA,S,NA,S,S,NA,NA,NA,S,NA,NA,NA,NA,R,R
1773.33894,ERS5298232,S,NA,NA,S,NA,NA,NA,NA,S,NA,S,S,NA,NA,NA,S,NA,NA,NA,NA,S,R
1773.34342,ERS5300574,S,NA,NA,S,NA,NA,NA,NA,S,NA,S,S,NA,NA,NA,S,NA,NA,NA,NA,R,R
1773.34542,ERS5300820,S,NA,NA,S,NA,NA,NA,NA,S,NA,S,S,NA,NA,NA,S,NA,NA,NA,NA,S,R
1773.34701,ERS5301214,S,NA,NA,S,NA,NA,NA,NA,S,NA,S,S,NA,NA,NA,S,NA,NA,NA,NA,R,R
1773.34811,ERS5301875,S,NA,NA,S,NA,NA,NA,NA,S,NA,S,S,NA,NA,NA,S,NA,NA,NA,NA,R,R
1773.34828,ERS5301896,S,NA,NA,S,NA,NA,NA,NA,S,NA,S,S,NA,NA,NA,S,NA,NA,NA,NA,R,R
1773.35391,ERS5302629,S,NA,NA,S,NA,NA,NA,NA,S,NA,S,S,NA,NA,NA,S,NA,NA,NA,NA,S,R
1773.35464,ERS5302719,S,NA,NA,S,NA,NA,NA,NA,S,NA,S,S,NA,NA,NA,S,NA,NA,NA,NA,S,R
1773.36206,ERS5303974,S,NA,NA,S,NA,NA,NA,NA,S,NA,R,S,NA,NA,NA,S,NA,NA,NA,NA,S,R
1773.36316,ERS5304126,S,NA,NA,S,NA,NA,NA,NA,S,NA,R,S,NA,NA,NA,S,NA,NA,NA,NA,R,R
1773.39723,ERS6403552,S,NA,NA,S,NA,NA,NA,NA,S,NA,S,S,NA,NA,NA,S,NA,NA,NA,NA,R,R
1773.40329,ERS6421940,S,NA,NA,S,NA,NA,NA,NA,S,NA,R,S,NA,NA,NA,S,NA,NA,NA,NA,R,R
1773.40499,ERS6422194,S,NA,NA,S,NA,NA,NA,NA,S,NA,S,S,NA,NA,NA,S,NA,NA,NA,NA,R,R
1773.40509,ERS6422204,S,NA,NA,S,NA,NA,NA,NA,S,NA,S,S,NA,NA,NA,S,NA,NA,NA,NA,R,R
1773.42538,ERS5283270,S,NA,S,S,NA,S,NA,S,S,S,S,S,S,S,S,S,S,NA,NA,S,S,S
1773.42991,ERS5301212,S,NA,NA,S,NA,NA,NA,NA,S,NA,S,S,NA,NA,NA,S,NA,NA,NA,NA,R,R
1773.43122,ERS5301854,S,NA,NA,S,NA,NA,NA,NA,S,NA,S,S,NA,NA,NA,S,NA,NA,NA,NA,R,R
1773.2343,ERR2120282,S,NA,NA,R,NA,NA,NA,NA,S,NA,R,S,NA,S,S,S,NA,NA,S,NA,R,S
1773.31784,ERS3371546,R,NA,NA,R,NA,NA,NA,NA,S,NA,R,R,NA,NA,NA,S,NA,NA,NA,NA,R,R
1773.32264,ERS3372065,R,NA,NA,R,NA,NA,NA,NA,S,NA,R,R,NA,NA,NA,R,NA,NA,NA,NA,R,R
1773.33416,ERS5282699,S,NA,NA,S,NA,NA,NA,NA,R,NA,R,S,NA,NA,NA,S,NA,NA,NA,NA,R,R
1773.34245,ERS5298781,S,NA,NA,S,NA,NA,NA,NA,S,NA,S,S,NA,NA,NA,S,NA,NA,NA,NA,R,R
1773.34593,ERS5300877,S,NA,NA,S,NA,NA,NA,NA,S,NA,S,S,NA,NA,NA,S,NA,NA,NA,NA,R,R
1773.37888,ERS5319519,S,NA,NA,S,NA,NA,NA,NA,S,NA,S,S,NA,NA,NA,S,NA,NA,NA,NA,S,S
1773.42946,ERS5300670,S,NA,NA,S,NA,NA,NA,NA,S,NA,R,S,NA,NA,NA,S,NA,NA,NA,NA,R,R
1773.43513,ERS5317598,S,NA,NA,S,NA,NA,NA,NA,S,NA,S,S,NA,NA,NA,S,NA,NA,NA,NA,R,R
1773.18589,ERR1035252,S,NA,NA,S,NA,NA,NA,NA,S,NA,R,S,NA,NA,NA,S,NA,NA,NA,NA,S,R
1773.33359,ERS5282619,S,NA,NA,S,NA,NA,NA,NA,S,NA,S,S,NA,NA,NA,S,NA,NA,NA,NA,S,R
1773.34277,ERS5298815,S,NA,NA,S,NA,NA,NA,NA,S,NA,S,S,NA,NA,NA,S,NA,NA,NA,NA,R,R
1773.19048,ERR161191,S,NA,NA,S,NA,NA,NA,NA,S,NA,S,S,NA,NA,NA,S,NA,NA,NA,NA,S,R
1773.19418,ERR176754,S,NA,NA,S,NA,NA,NA,NA,S,NA,S,S,NA,NA,NA,S,NA,NA,S,NA,S,R
1773.19849,ERR190334,S,NA,NA,S,NA,NA,NA,NA,S,NA,S,S,NA,NA,NA,S,NA,NA,NA,NA,S,R
1773.19896,ERR190383,S,NA,NA,S,NA,NA,NA,NA,S,NA,S,S,NA,NA,NA,S,NA,NA,NA,NA,S,R
1773.32295,ERS3372095,R,NA,NA,R,NA,NA,NA,NA,S,NA,R,R,NA,NA,NA,S,NA,NA,NA,NA,R,R
1773.33528,ERS5283057,S,NA,NA,S,NA,NA,NA,NA,S,NA,S,S,NA,NA,NA,S,NA,NA,NA,NA,S,S
1773.33553,ERS5283351,S,NA,NA,S,NA,NA,NA,NA,S,NA,S,S,NA,NA,NA,S,NA,NA,NA,NA,S,S
1773.34199,ERS5298713,S,NA,NA,S,NA,NA,NA,NA,S,NA,S,S,NA,NA,NA,S,NA,NA,NA,NA,R,R
1773.34588,ERS5300869,S,NA,NA,S,NA,NA,NA,NA,S,NA,R,S,NA,NA,NA,S,NA,NA,NA,NA,R,R
1773.34603,ERS5300918,S,NA,NA,S,NA,NA,NA,NA,S,NA,S,S,NA,NA,NA,S,NA,NA,NA,NA,R,R
1773.35874,ERS5303339,R,NA,NA,R,NA,NA,NA,NA,R,NA,R,R,NA,NA,NA,S,NA,NA,NA,NA,S,R
1773.405,SRR2100251,NA,NA,NA,NA,S,NA,NA,NA,S,NA,R,NA,NA,NA,NA,NA,NA,NA,S,NA,S,NA
1773.4131,SRR2100334,NA,NA,NA,NA,NA,NA,NA,NA,S,NA,S,NA,NA,NA,NA,NA,NA,NA,S,NA,S,NA
1773.42525,ERS5283251,S,NA,S,S,NA,S,NA,S,S,R,S,S,S,S,S,S,S,NA,NA,S,S,S
1773.43013,ERS5301296,S,NA,NA,S,NA,NA,NA,NA,S,NA,S,S,NA,NA,NA,S,NA,NA,NA,NA,R,R
1773.4318,SRR2100518,NA,NA,NA,NA,NA,NA,NA,NA,S,NA,S,NA,NA,NA,NA,NA,NA,NA,S,NA,S,NA
1773.4352,SRR2100554,NA,NA,NA,NA,NA,NA,NA,NA,S,NA,S,NA,NA,NA,NA,NA,NA,NA,S,NA,S,NA
1773.4375,SRR2100578,NA,NA,NA,NA,NA,NA,NA,NA,S,NA,S,NA,NA,NA,NA,NA,NA,NA,S,NA,S,NA
1773.4393,SRR2100596,NA,NA,NA,NA,NA,NA,NA,NA,S,NA,S,NA,NA,NA,NA,NA,NA,NA,S,NA,S,NA
1773.4732,SRR2100948,NA,NA,NA,NA,NA,NA,NA,NA,S,NA,S,NA,NA,NA,NA,NA,NA,NA,S,NA,S,NA
1773.4914,SRR2101140,NA,NA,NA,NA,NA,NA,NA,NA,S,NA,S,NA,NA,NA,NA,NA,NA,NA,S,NA,S,NA
1773.4986,SRR2101272,NA,NA,NA,NA,NA,NA,NA,NA,S,NA,S,NA,NA,NA,NA,NA,NA,NA,S,NA,S,NA
1773.5687,ERR400307,NA,NA,NA,NA,NA,NA,NA,NA,S,NA,S,NA,NA,NA,NA,NA,NA,NA,S,NA,S,S
1773.569,ERR400311,NA,NA,NA,NA,NA,NA,NA,NA,S,NA,S,NA,NA,NA,NA,NA,NA,NA,S,NA,S,S
1773.5915,SRR2101348,NA,NA,NA,NA,NA,NA,NA,NA,S,NA,S,NA,NA,NA,NA,NA,NA,NA,S,NA,S,S
1773.19011,ERR161160,S,NA,NA,S,NA,NA,NA,NA,S,NA,S,S,NA,NA,NA,S,NA,NA,NA,NA,R,R
1773.19023,ERR161172,S,NA,NA,S,NA,NA,NA,NA,S,NA,S,S,NA,NA,NA,S,NA,NA,NA,NA,S,R
1773.19425,ERR176765,S,NA,NA,S,NA,NA,NA,NA,S,NA,R,S,NA,NA,NA,S,NA,NA,S,NA,S,S
1773.19458,ERR176809,S,NA,NA,S,NA,NA,NA,NA,S,NA,R,S,NA,NA,NA,S,NA,NA,NA,NA,S,S
1773.19465,ERR176816,S,NA,NA,S,NA,NA,NA,NA,S,NA,S,S,NA,NA,NA,S,NA,NA,NA,NA,S,S
1773.19485,ERR176828,S,NA,NA,S,NA,NA,NA,NA,S,NA,R,S,NA,NA,NA,S,NA,NA,S,NA,S,R
1773.19889,ERR190387,S,NA,NA,S,NA,NA,NA,NA,S,NA,S,S,NA,NA,NA,S,NA,NA,NA,NA,S,R
1773.23399,ERR2120253,S,NA,NA,R,NA,NA,NA,NA,R,NA,R,S,NA,NA,NA,S,NA,NA,R,NA,R,R
1773.31771,ERS3371527,S,NA,NA,S,NA,NA,NA,NA,R,NA,R,S,NA,NA,NA,S,NA,NA,NA,NA,R,R
1773.31774,ERS3371538,S,NA,NA,S,NA,NA,NA,NA,S,NA,S,S,NA,NA,NA,S,NA,NA,NA,NA,R,R
1773.31825,ERS3371589,S,NA,NA,S,NA,NA,NA,NA,S,NA,R,S,NA,NA,NA,S,NA,NA,NA,NA,R,R
1773.31861,ERS3371625,S,NA,NA,S,NA,NA,NA,NA,S,NA,S,S,NA,NA,NA,S,NA,NA,NA,NA,R,R
1773.32158,ERS3371945,S,NA,NA,S,NA,NA,NA,NA,S,NA,R,S,NA,NA,NA,S,NA,NA,NA,NA,R,R
1773.32159,ERS3371946,S,NA,NA,S,NA,NA,NA,NA,S,NA,R,S,NA,NA,NA,S,NA,NA,NA,NA,R,R
1773.3216,ERS3371951,S,NA,NA,S,NA,NA,NA,NA,R,NA,R,S,NA,NA,NA,S,NA,NA,NA,NA,R,R
1773.32171,ERS3371964,S,NA,NA,S,NA,NA,NA,NA,S,NA,R,S,NA,NA,NA,S,NA,NA,NA,NA,R,R
1773.32254,ERS3372055,S,NA,NA,S,NA,NA,NA,NA,S,NA,R,S,NA,NA,NA,S,NA,NA,NA,NA,R,R
1773.32272,ERS3372069,S,NA,NA,S,NA,NA,NA,NA,S,NA,R,S,NA,NA,NA,S,NA,NA,NA,NA,R,R
1773.3229,ERS3372094,S,NA,NA,S,NA,NA,NA,NA,R,NA,R,S,NA,NA,NA,S,NA,NA,NA,NA,R,R
1773.33898,ERS5298236,S,NA,NA,S,NA,NA,NA,NA,S,NA,R,S,NA,NA,NA,S,NA,NA,NA,NA,R,R
1773.33919,ERS5298255,S,NA,NA,S,NA,NA,NA,NA,S,NA,S,S,NA,NA,NA,S,NA,NA,NA,NA,R,R
1773.33983,ERS5298331,S,NA,NA,S,NA,NA,NA,NA,S,NA,R,S,NA,NA,NA,S,NA,NA,NA,NA,R,R
1773.34241,ERS5298776,S,NA,NA,S,NA,NA,NA,NA,S,NA,S,S,NA,NA,NA,S,NA,NA,NA,NA,R,R
1773.34322,ERS5300551,S,NA,NA,S,NA,NA,NA,NA,S,NA,R,S,NA,NA,NA,S,NA,NA,NA,NA,R,R
1773.362,ERS5303965,S,NA,NA,S,NA,NA,NA,NA,S,NA,R,S,NA,NA,NA,S,NA,NA,NA,NA,R,R
1773.36201,ERS5303961,S,NA,NA,S,NA,NA,NA,NA,S,NA,R,S,NA,NA,NA,S,NA,NA,NA,NA,R,R
1773.37972,ERS5319708,S,NA,NA,S,NA,NA,NA,NA,S,NA,S,S,NA,NA,NA,S,NA,NA,NA,NA,R,R
1773.3938,ERS6403148,S,NA,NA,R,NA,NA,NA,NA,S,NA,S,S,NA,NA,NA,S,NA,NA,NA,NA,R,R
1773.39725,ERS6403545,S,NA,NA,S,NA,NA,NA,NA,S,NA,S,S,NA,NA,NA,S,NA,NA,NA,NA,S,R
1773.4033,ERS6421945,S,NA,NA,S,NA,NA,NA,NA,S,NA,S,S,NA,NA,NA,S,NA,NA,NA,NA,R,R
1773.40375,ERS6422008,S,NA,NA,S,NA,NA,NA,NA,S,NA,S,S,NA,NA,NA,S,NA,NA,NA,NA,S,R
1773.40376,ERS6422011,S,NA,NA,S,NA,NA,NA,NA,S,NA,R,S,NA,NA,NA,S,NA,NA,NA,NA,R,R
1773.40382,ERS6422017,S,NA,NA,S,NA,NA,NA,NA,S,NA,S,S,NA,NA,NA,S,NA,NA,NA,NA,R,R
1773.40606,ERR4050138,S,NA,NA,S,NA,NA,NA,NA,S,NA,S,S,NA,NA,NA,S,NA,NA,NA,NA,S,S
1773.40782,ERS5281349,S,NA,S,S,NA,S,NA,S,S,S,R,S,S,S,S,S,S,NA,NA,S,S,S
1773.4226,ERS5282962,S,NA,S,S,NA,S,NA,S,R,R,R,S,R,S,S,S,S,NA,NA,R,R,R
1773.42337,ERS5283059,S,NA,S,S,NA,S,NA,R,R,R,R,S,R,S,R,S,R,NA,NA,R,R,R
1773.42368,ERS5283089,S,NA,S,S,NA,S,NA,R,S,R,S,S,R,S,S,S,S,NA,NA,S,R,R
1773.42377,ERS5283099,S,NA,S,S,NA,S,NA,S,S,S,S,S,R,S,S,S,S,NA,NA,S,S,S
1773.4305,ERS5301361,S,NA,NA,S,NA,NA,NA,NA,S,NA,R,S,NA,NA,NA,S,NA,NA,NA,NA,R,R
1773.4325,ERS3371703,S,NA,NA,S,NA,NA,NA,NA,R,NA,R,S,NA,NA,NA,S,NA,NA,NA,NA,R,R
1773.19009,ERR161153,S,NA,NA,S,NA,NA,NA,NA,S,NA,S,S,NA,NA,NA,S,NA,NA,NA,NA,S,R
1773.19484,ERR181678,S,NA,NA,S,NA,NA,NA,NA,S,NA,S,S,NA,NA,NA,S,NA,NA,NA,NA,S,R
1773.31778,ERS3371540,S,NA,NA,S,NA,NA,NA,NA,S,NA,S,S,NA,NA,NA,S,NA,NA,NA,NA,R,R
1773.34127,ERS5298636,S,NA,NA,S,NA,NA,NA,NA,S,NA,S,S,NA,NA,NA,S,NA,NA,NA,NA,S,S
1773.3419,ERS5298704,S,NA,NA,S,NA,NA,NA,NA,S,NA,S,S,NA,NA,NA,S,NA,NA,NA,NA,R,R
1773.34424,ERS5300676,S,NA,NA,S,NA,NA,NA,NA,S,NA,R,S,NA,NA,NA,S,NA,NA,NA,NA,R,R
1773.34471,ERS5300725,S,NA,NA,S,NA,NA,NA,NA,S,NA,S,S,NA,NA,NA,S,NA,NA,NA,NA,S,R
1773.3651,ERS5312416,S,NA,NA,S,NA,NA,NA,NA,S,NA,S,S,NA,NA,NA,S,NA,NA,NA,NA,S,R
1773.37028,ERS5317759,S,NA,NA,S,NA,NA,NA,NA,S,NA,S,S,NA,NA,NA,S,NA,NA,NA,NA,S,S
1773.37737,ERS5319161,S,NA,NA,S,NA,NA,NA,NA,S,NA,S,S,NA,NA,NA,S,NA,NA,NA,NA,S,R
1773.37865,ERS5319495,S,NA,NA,S,NA,NA,NA,NA,S,NA,S,S,NA,NA,NA,S,NA,NA,NA,NA,S,S
1773.42295,ERS5283016,S,NA,S,S,NA,S,NA,S,S,S,S,S,S,S,S,S,S,NA,NA,S,S,S
1773.42949,ERS5300673,S,NA,NA,S,NA,NA,NA,NA,S,NA,S,S,NA,NA,NA,S,NA,NA,NA,NA,R,R
1773.43421,ERS5317353,S,NA,NA,S,NA,NA,NA,NA,S,NA,S,S,NA,NA,NA,S,NA,NA,NA,NA,S,S
1773.18585,ERR1035250,S,NA,NA,S,NA,NA,NA,NA,S,NA,S,S,NA,NA,NA,S,NA,NA,S,NA,S,S
1773.19066,ERR163944,S,NA,NA,S,NA,NA,NA,NA,S,NA,S,S,NA,NA,NA,S,NA,NA,NA,NA,S,R
1773.19429,ERR176774,S,NA,NA,S,NA,NA,NA,NA,S,NA,S,S,NA,NA,NA,S,NA,NA,NA,NA,S,R
1773.19,ERR161143,S,NA,NA,S,NA,NA,NA,NA,S,NA,S,S,NA,NA,NA,S,NA,NA,S,NA,S,S
1773.31848,ERS3371612,S,NA,NA,S,NA,NA,NA,NA,S,NA,S,S,NA,NA,NA,S,NA,NA,NA,NA,R,R
1773.33938,ERS5298278,S,NA,NA,S,NA,NA,NA,NA,S,NA,S,S,NA,NA,NA,S,NA,NA,NA,NA,S,S
1773.36996,ERS5317720,S,NA,NA,S,NA,NA,NA,NA,S,NA,S,S,NA,NA,NA,S,NA,NA,NA,NA,S,S
1773.4338,ERS5317321,S,NA,NA,S,NA,NA,NA,NA,S,NA,S,S,NA,NA,NA,S,NA,NA,NA,NA,S,R
1773.36509,ERS5312415,S,NA,NA,S,NA,NA,NA,NA,S,NA,R,S,NA,NA,NA,S,NA,NA,NA,NA,R,R
1773.37049,ERS5317782,S,NA,NA,S,NA,NA,NA,NA,S,NA,S,S,NA,NA,NA,S,NA,NA,NA,NA,S,S
1773.43447,ERS5317307,S,NA,NA,S,NA,NA,NA,NA,S,NA,S,S,NA,NA,NA,S,NA,NA,NA,NA,S,S
1773.1944,ERR176784,S,NA,NA,S,NA,NA,NA,NA,S,NA,S,S,NA,NA,NA,S,NA,NA,NA,NA,S,R
1773.19456,ERR176798,S,NA,NA,S,NA,NA,NA,NA,S,NA,S,S,NA,NA,NA,S,NA,NA,NA,NA,S,S
1773.19481,ERR181676,S,NA,NA,S,NA,NA,NA,NA,S,NA,S,S,NA,NA,NA,S,NA,NA,NA,NA,S,R
1773.31841,ERS3371605,S,NA,NA,S,NA,NA,NA,NA,S,NA,S,S,NA,NA,NA,S,NA,NA,NA,NA,R,R
1773.3233,ERS5281236,S,NA,NA,S,NA,NA,NA,NA,S,NA,S,S,NA,NA,NA,S,NA,NA,NA,NA,R,R
1773.33159,ERS5282372,R,NA,NA,R,NA,NA,NA,NA,S,NA,R,R,NA,NA,NA,S,NA,NA,NA,NA,R,R
1773.3398,ERS5298333,S,NA,NA,S,NA,NA,NA,NA,S,NA,R,S,NA,NA,NA,S,NA,NA,NA,NA,R,R
1773.34198,ERS5298711,S,NA,NA,S,NA,NA,NA,NA,S,NA,S,S,NA,NA,NA,S,NA,NA,NA,NA,R,R
1773.34323,ERS5300550,S,NA,NA,S,NA,NA,NA,NA,S,NA,S,S,NA,NA,NA,S,NA,NA,NA,NA,R,R
1773.34501,ERS5300764,S,NA,NA,S,NA,NA,NA,NA,S,NA,S,S,NA,NA,NA,S,NA,NA,NA,NA,R,R
1773.34688,ERS5301191,S,NA,NA,S,NA,NA,NA,NA,S,NA,S,S,NA,NA,NA,S,NA,NA,NA,NA,R,R
1773.3515,ERS5302336,S,NA,NA,S,NA,NA,NA,NA,S,NA,S,S,NA,NA,NA,S,NA,NA,NA,NA,S,R
1773.35449,ERS5302707,S,NA,NA,S,NA,NA,NA,NA,S,NA,S,S,NA,NA,NA,S,NA,NA,NA,NA,R,R
1773.3778,ERS5319211,S,NA,NA,S,NA,NA,NA,NA,S,NA,R,S,NA,NA,NA,S,NA,NA,NA,NA,S,R
1773.37933,ERS5319669,S,NA,NA,S,NA,NA,NA,NA,R,NA,R,S,NA,NA,NA,S,NA,NA,NA,NA,R,R
1773.39999,ERS6421548,S,NA,NA,S,NA,NA,NA,NA,S,NA,R,S,NA,NA,NA,S,NA,NA,NA,NA,R,R
1773.40484,ERS6422175,S,NA,NA,S,NA,NA,NA,NA,S,NA,S,S,NA,NA,NA,S,NA,NA,NA,NA,S,R
1773.4124,SRR2100327,NA,NA,NA,NA,NA,NA,NA,NA,S,NA,S,NA,NA,NA,NA,NA,NA,NA,S,NA,S,NA
1773.42497,ERS5283221,S,NA,S,S,NA,S,NA,S,S,R,S,S,S,S,S,S,S,NA,NA,S,S,S
1773.4271,SRR2100472,NA,NA,NA,NA,NA,NA,NA,NA,S,NA,S,NA,NA,NA,NA,NA,NA,NA,S,NA,S,NA
1773.43011,ERS5301289,S,NA,NA,S,NA,NA,NA,NA,S,NA,S,S,NA,NA,NA,S,NA,NA,NA,NA,R,R
1773.438,SRR2100583,NA,NA,NA,NA,NA,NA,NA,NA,S,NA,S,NA,NA,NA,NA,NA,NA,NA,S,NA,S,NA
1773.4847,SRR2101066,NA,NA,NA,NA,NA,NA,NA,NA,NA,NA,S,NA,NA,NA,NA,NA,NA,NA,NA,NA,NA,NA
1773.4873,SRR2101093,NA,NA,NA,NA,NA,NA,NA,NA,S,NA,S,NA,NA,NA,NA,NA,NA,NA,S,NA,S,NA
1773.4877,SRR2101097,NA,NA,NA,NA,NA,NA,NA,NA,S,NA,S,NA,NA,NA,NA,NA,NA,NA,S,NA,S,NA
1773.4982,SRR2101262,NA,NA,NA,NA,S,NA,NA,NA,S,NA,S,NA,NA,NA,NA,NA,NA,NA,R,NA,S,NA
1773.19001,ERR161139,S,NA,NA,S,NA,NA,NA,NA,S,NA,S,S,NA,NA,NA,S,NA,NA,S,NA,S,S
1773.19015,ERR161157,S,NA,NA,S,NA,NA,NA,NA,S,NA,S,S,NA,NA,NA,S,NA,NA,NA,NA,S,R
1773.19021,ERR161165,S,NA,NA,S,NA,NA,NA,NA,S,NA,S,S,NA,NA,NA,S,NA,NA,NA,NA,S,R
1773.19035,ERR161179,S,NA,NA,S,NA,NA,NA,NA,S,NA,S,S,NA,NA,NA,S,NA,NA,NA,NA,S,R
1773.1904,ERR161193,S,NA,NA,S,NA,NA,NA,NA,S,NA,S,S,NA,NA,NA,S,NA,NA,NA,NA,S,R
1773.19436,ERR176789,S,NA,NA,S,NA,NA,NA,NA,S,NA,S,S,NA,NA,NA,S,NA,NA,NA,NA,S,R
1773.19893,ERR190384,S,NA,NA,S,NA,NA,NA,NA,S,NA,S,S,NA,NA,NA,S,NA,NA,NA,NA,R,R
1773.31798,ERS3371560,R,NA,NA,R,NA,NA,NA,NA,S,NA,R,R,NA,NA,NA,S,NA,NA,NA,NA,R,R
1773.31814,ERS3371576,S,NA,NA,S,NA,NA,NA,NA,S,NA,S,S,NA,NA,NA,S,NA,NA,NA,NA,S,R
1773.32174,ERS3371962,S,NA,NA,S,NA,NA,NA,NA,S,NA,R,S,NA,NA,NA,S,NA,NA,NA,NA,R,R
1773.32187,ERS3371974,S,NA,NA,S,NA,NA,NA,NA,S,NA,R,S,NA,NA,NA,S,NA,NA,NA,NA,R,R
1773.32193,ERS3371983,S,NA,NA,S,NA,NA,NA,NA,S,NA,R,S,NA,NA,NA,S,NA,NA,NA,NA,R,R
1773.32288,ERS3372093,S,NA,NA,S,NA,NA,NA,NA,R,NA,R,S,NA,NA,NA,S,NA,NA,NA,NA,R,R
1773.32299,ERS5281190,S,NA,NA,S,NA,NA,NA,NA,S,NA,R,S,NA,NA,NA,S,NA,NA,NA,NA,R,R
1773.32418,ERS5281376,S,NA,NA,S,NA,NA,NA,NA,S,NA,S,S,NA,NA,NA,S,NA,NA,NA,NA,S,R
1773.33203,ERS5282421,S,NA,NA,S,NA,NA,NA,NA,S,NA,S,S,NA,NA,NA,S,NA,NA,NA,NA,R,R
1773.33351,ERS5282613,S,NA,NA,S,NA,NA,NA,NA,S,NA,S,S,NA,NA,NA,S,NA,NA,NA,NA,S,S
1773.33437,ERS5282724,S,NA,NA,S,NA,NA,NA,NA,S,NA,S,S,NA,NA,NA,S,NA,NA,NA,NA,R,R
1773.33501,ERS5282854,S,NA,NA,S,NA,NA,NA,NA,S,NA,R,S,NA,NA,NA,S,NA,NA,NA,NA,R,R
1773.33546,ERS5283120,S,NA,NA,S,NA,NA,NA,NA,S,NA,S,S,NA,NA,NA,S,NA,NA,NA,NA,R,R
1773.33559,ERS5283378,S,NA,NA,S,NA,NA,NA,NA,S,NA,S,S,NA,NA,NA,S,NA,NA,NA,NA,R,R
1773.33942,ERS5298281,S,NA,NA,S,NA,NA,NA,NA,S,NA,S,S,NA,NA,NA,S,NA,NA,NA,NA,R,R
1773.33985,ERS5298336,S,NA,NA,S,NA,NA,NA,NA,R,NA,R,S,NA,NA,NA,R,NA,NA,NA,NA,R,S
1773.34032,ERS5298535,S,NA,NA,S,NA,NA,NA,NA,S,NA,S,S,NA,NA,NA,S,NA,NA,NA,NA,R,R
1773.34035,ERS5298534,S,NA,NA,S,NA,NA,NA,NA,S,NA,S,S,NA,NA,NA,S,NA,NA,NA,NA,R,R
1773.34114,ERS5298624,S,NA,NA,S,NA,NA,NA,NA,S,NA,S,S,NA,NA,NA,S,NA,NA,NA,NA,R,R
1773.34215,ERS5298721,S,NA,NA,S,NA,NA,NA,NA,S,NA,S,S,NA,NA,NA,S,NA,NA,NA,NA,R,R
1773.34255,ERS5298790,S,NA,NA,S,NA,NA,NA,NA,S,NA,R,S,NA,NA,NA,S,NA,NA,NA,NA,R,R
1773.34295,ERS5300529,S,NA,NA,S,NA,NA,NA,NA,S,NA,S,S,NA,NA,NA,S,NA,NA,NA,NA,R,R
1773.34698,ERS5301209,S,NA,NA,S,NA,NA,NA,NA,S,NA,S,S,NA,NA,NA,S,NA,NA,NA,NA,R,R
1773.34699,ERS5301210,S,NA,NA,S,NA,NA,NA,NA,S,NA,R,S,NA,NA,NA,S,NA,NA,NA,NA,R,R
1773.35596,ERS5302874,S,NA,NA,S,NA,NA,NA,NA,S,NA,R,S,NA,NA,NA,S,NA,NA,NA,NA,R,R
1773.36082,ERS5303609,S,NA,NA,S,NA,NA,NA,NA,S,NA,R,S,NA,NA,NA,S,NA,NA,NA,NA,R,R
1773.36472,ERS5312373,S,NA,NA,S,NA,NA,NA,NA,R,NA,R,S,NA,NA,NA,S,NA,NA,NA,NA,R,R
1773.36957,ERS5317670,S,NA,NA,S,NA,NA,NA,NA,S,NA,S,S,NA,NA,NA,S,NA,NA,NA,NA,S,S
1773.37964,ERS5319707,S,NA,NA,S,NA,NA,NA,NA,S,NA,S,S,NA,NA,NA,S,NA,NA,NA,NA,R,R
1773.39463,ERS6403256,S,NA,NA,S,NA,NA,NA,NA,S,NA,S,S,NA,NA,NA,S,NA,NA,NA,NA,S,R
1773.39536,ERS6403347,S,NA,NA,S,NA,NA,NA,NA,S,NA,R,S,NA,NA,NA,S,NA,NA,NA,NA,R,R
1773.39609,ERS6403407,S,NA,NA,S,NA,NA,NA,NA,S,NA,S,S,NA,NA,NA,S,NA,NA,NA,NA,R,R
1773.39985,ERS6421535,S,NA,NA,S,NA,NA,NA,NA,S,NA,S,S,NA,NA,NA,S,NA,NA,NA,NA,S,R
1773.39996,ERS6421542,S,NA,NA,S,NA,NA,NA,NA,S,NA,S,S,NA,NA,NA,S,NA,NA,NA,NA,R,R
1773.40414,ERS6422053,S,NA,NA,S,NA,NA,NA,NA,S,NA,S,S,NA,NA,NA,S,NA,NA,NA,NA,S,R
1773.40448,ERS6422141,S,NA,NA,S,NA,NA,NA,NA,S,NA,S,S,NA,NA,NA,S,NA,NA,NA,NA,S,R
1773.40469,ERS6422161,S,NA,NA,S,NA,NA,NA,NA,S,NA,S,S,NA,NA,NA,S,NA,NA,NA,NA,R,R
1773.40505,ERS6422200,S,NA,NA,S,NA,NA,NA,NA,S,NA,S,S,NA,NA,NA,S,NA,NA,NA,NA,R,R
1773.42283,ERS5282990,S,NA,S,S,NA,S,NA,S,S,S,S,S,S,S,S,S,S,NA,NA,S,S,S
1773.42536,ERS5283262,S,NA,S,S,NA,S,NA,S,S,S,S,S,R,S,S,S,R,NA,NA,S,R,R
1773.43039,ERS5301342,S,NA,NA,S,NA,NA,NA,NA,S,NA,S,S,NA,NA,NA,S,NA,NA,NA,NA,R,R
1773.43043,ERS5301351,S,NA,NA,S,NA,NA,NA,NA,S,NA,S,S,NA,NA,NA,S,NA,NA,NA,NA,R,R
1773.43646,ERS6421944,S,NA,NA,S,NA,NA,NA,NA,S,NA,S,S,NA,NA,NA,S,NA,NA,NA,NA,R,R
1773.18172,ERR1873540,S,NA,NA,S,NA,NA,S,NA,S,S,R,S,NA,NA,S,S,S,NA,R,NA,S,R
1773.19427,ERR176772,S,NA,NA,S,NA,NA,NA,NA,S,NA,S,S,NA,NA,NA,S,NA,NA,NA,NA,S,R
1773.19482,ERR181675,S,NA,NA,S,NA,NA,NA,NA,S,NA,S,S,NA,NA,NA,S,NA,NA,NA,NA,S,R
1773.20967,ERR3256151,S,NA,NA,S,NA,NA,NA,NA,S,NA,S,S,NA,NA,NA,S,NA,NA,NA,NA,S,S
1773.32148,ERS3371938,S,NA,NA,S,NA,NA,NA,NA,R,NA,R,S,NA,NA,NA,S,NA,NA,NA,NA,R,R
1773.32286,ERS3372090,R,NA,NA,R,NA,NA,NA,NA,S,NA,R,R,NA,NA,NA,S,NA,NA,NA,NA,R,R
1773.34394,ERS5300624,S,NA,NA,S,NA,NA,NA,NA,S,NA,S,S,NA,NA,NA,S,NA,NA,NA,NA,R,R
1773.34503,ERS5300769,S,NA,NA,S,NA,NA,NA,NA,S,NA,S,S,NA,NA,NA,S,NA,NA,NA,NA,R,R
1773.3467,ERS5301076,S,NA,NA,S,NA,NA,NA,NA,S,NA,S,S,NA,NA,NA,S,NA,NA,NA,NA,R,R
1773.36823,ERS5317265,S,NA,NA,S,NA,NA,NA,NA,S,NA,S,S,NA,NA,NA,S,NA,NA,NA,NA,S,S
1773.38593,ERS5320413,S,NA,NA,S,NA,NA,NA,NA,S,NA,S,S,NA,NA,NA,S,NA,NA,NA,NA,R,R
1773.40342,ERS6421951,S,NA,NA,S,NA,NA,NA,NA,S,NA,R,S,NA,NA,NA,S,NA,NA,NA,NA,R,R
1773.42502,ERS5283225,S,NA,S,S,NA,S,NA,R,S,S,S,S,S,S,S,S,S,NA,NA,S,S,R
1773.43009,ERS5301293,S,NA,NA,S,NA,NA,NA,NA,S,NA,S,S,NA,NA,NA,S,NA,NA,NA,NA,R,R
1773.19006,ERR161162,S,NA,NA,S,NA,NA,NA,NA,S,NA,S,S,NA,NA,NA,S,NA,NA,NA,NA,S,R
1773.19043,ERR161197,S,NA,NA,S,NA,NA,NA,NA,S,NA,S,S,NA,NA,NA,S,NA,NA,NA,NA,S,R
1773.19864,ERR190360,S,NA,NA,S,NA,NA,NA,NA,S,NA,S,S,NA,NA,NA,S,NA,NA,NA,NA,R,R
1773.34338,ERS5300571,S,NA,NA,S,NA,NA,NA,NA,S,NA,S,S,NA,NA,NA,S,NA,NA,NA,NA,R,R
1773.36522,ERS5312430,S,NA,NA,R,NA,NA,NA,NA,S,NA,R,S,NA,NA,NA,S,NA,NA,NA,NA,R,R
1773.43027,ERS5301311,S,NA,NA,S,NA,NA,NA,NA,S,NA,S,S,NA,NA,NA,S,NA,NA,NA,NA,R,R
1773.43407,ERS5317383,S,NA,NA,S,NA,NA,NA,NA,S,NA,R,S,NA,NA,NA,S,NA,NA,NA,NA,S,S
1773.19474,ERR176818,S,NA,NA,S,NA,NA,NA,NA,S,NA,S,S,NA,NA,NA,S,NA,NA,NA,NA,S,R
1773.36336,ERS5304151,S,NA,NA,S,NA,NA,NA,NA,S,NA,S,S,NA,NA,NA,S,NA,NA,NA,NA,R,R
1773.37053,ERS5317787,S,NA,NA,S,NA,NA,NA,NA,S,NA,S,S,NA,NA,NA,S,NA,NA,NA,NA,S,S
1773.40298,ERS6421907,S,NA,NA,S,NA,NA,NA,NA,S,NA,R,S,NA,NA,NA,R,NA,NA,NA,NA,R,R
1773.19454,ERR176802,S,NA,NA,S,NA,NA,NA,NA,S,NA,S,S,NA,NA,NA,S,NA,NA,S,NA,S,R
1773.1987,ERR190356,S,NA,NA,S,NA,NA,NA,NA,S,NA,S,S,NA,NA,NA,S,NA,NA,S,NA,S,R
1773.32163,ERS3371957,S,NA,NA,S,NA,NA,NA,NA,S,NA,S,S,NA,NA,NA,S,NA,NA,NA,NA,R,R
1773.33262,ERS5282510,S,NA,NA,S,NA,NA,NA,NA,S,NA,S,S,NA,NA,NA,R,NA,NA,NA,NA,R,R
1773.34266,ERS5298802,S,NA,NA,S,NA,NA,NA,NA,S,NA,S,S,NA,NA,NA,S,NA,NA,NA,NA,R,R
1773.34343,ERS5300577,S,NA,NA,S,NA,NA,NA,NA,S,NA,S,S,NA,NA,NA,S,NA,NA,NA,NA,R,R
1773.34812,ERS5301877,S,NA,NA,S,NA,NA,NA,NA,S,NA,S,S,NA,NA,NA,S,NA,NA,NA,NA,S,R
1773.35303,ERS5302528,S,NA,NA,S,NA,NA,NA,NA,S,NA,S,S,NA,NA,NA,S,NA,NA,NA,NA,S,R
1773.35327,ERS5302559,S,NA,NA,S,NA,NA,NA,NA,S,NA,S,S,NA,NA,NA,S,NA,NA,NA,NA,S,R
1773.35506,ERS5302765,S,NA,NA,S,NA,NA,NA,NA,S,NA,S,S,NA,NA,NA,S,NA,NA,NA,NA,S,R
1773.38484,ERS5320291,S,NA,NA,S,NA,NA,NA,NA,S,NA,S,S,NA,NA,NA,S,NA,NA,NA,NA,S,R
1773.39566,ERS6403386,S,NA,NA,S,NA,NA,NA,NA,S,NA,R,S,NA,NA,NA,S,NA,NA,NA,NA,R,R
1773.39579,ERS6403397,S,NA,NA,S,NA,NA,NA,NA,S,NA,S,S,NA,NA,NA,S,NA,NA,NA,NA,S,R
1773.3972,SRR2100174,NA,NA,NA,NA,NA,NA,NA,NA,S,NA,S,NA,NA,NA,NA,NA,NA,NA,S,NA,S,NA
1773.40315,ERS6421925,S,NA,NA,S,NA,NA,NA,NA,S,NA,S,S,NA,NA,NA,S,NA,NA,NA,NA,S,R
1773.40473,ERS6422165,S,NA,NA,S,NA,NA,NA,NA,S,NA,S,S,NA,NA,NA,S,NA,NA,NA,NA,S,R
1773.4049,SRR2100250,R,R,NA,R,NA,NA,NA,NA,S,NA,R,R,NA,NA,R,NA,NA,NA,S,NA,R,R
1773.414,SRR2100344,NA,NA,NA,NA,NA,NA,NA,NA,S,NA,R,NA,NA,NA,NA,NA,NA,NA,S,NA,S,NA
1773.4281,SRR2100482,NA,NA,NA,NA,NA,NA,NA,NA,S,NA,S,NA,NA,NA,NA,NA,NA,NA,S,NA,S,NA
1773.43003,ERS5301255,S,NA,NA,S,NA,NA,NA,NA,S,NA,S,S,NA,NA,NA,S,NA,NA,NA,NA,R,R
1773.43033,ERS5301332,S,NA,NA,S,NA,NA,NA,NA,S,NA,S,S,NA,NA,NA,S,NA,NA,NA,NA,R,R
1773.43167,ERS5302328,S,NA,NA,S,NA,NA,NA,NA,S,NA,S,S,NA,NA,NA,S,NA,NA,NA,NA,S,R
1773.4331,SRR2100531,NA,NA,NA,NA,NA,NA,NA,NA,S,NA,S,NA,NA,NA,NA,NA,NA,NA,S,NA,S,NA
1773.4385,SRR2100588,NA,NA,NA,NA,NA,NA,NA,NA,S,NA,S,NA,NA,NA,NA,NA,NA,NA,S,NA,S,NA
1773.4437,SRR2100640,NA,NA,NA,NA,NA,NA,NA,NA,S,NA,S,NA,NA,NA,NA,NA,NA,NA,S,NA,S,NA
1773.4717,SRR2100933,NA,NA,NA,NA,NA,NA,NA,NA,S,NA,S,NA,NA,NA,NA,NA,NA,NA,S,NA,S,NA
1773.4775,SRR2100992,NA,NA,NA,NA,NA,NA,NA,NA,S,NA,S,NA,NA,NA,NA,NA,NA,NA,S,NA,S,NA
1773.491,SRR2101136,NA,NA,NA,NA,NA,NA,NA,NA,S,NA,S,NA,NA,NA,NA,NA,NA,NA,S,NA,S,NA
1773.4915,SRR2101141,NA,NA,NA,NA,NA,NA,NA,NA,S,NA,S,NA,NA,NA,NA,NA,NA,NA,S,NA,S,NA
1773.5924,SRR2101821,NA,NA,NA,NA,NA,NA,NA,NA,S,NA,S,NA,NA,NA,NA,NA,NA,NA,S,NA,S,NA
1773.18598,ERR1035254,S,NA,NA,R,NA,NA,NA,NA,S,NA,R,S,NA,NA,NA,S,NA,NA,NA,NA,R,R
1773.1901,ERR161159,S,NA,NA,S,NA,NA,NA,NA,S,NA,S,S,NA,NA,NA,S,NA,NA,NA,NA,S,R
1773.19012,ERR161152,S,NA,NA,S,NA,NA,NA,NA,S,NA,S,S,NA,NA,NA,S,NA,NA,NA,NA,S,R
1773.19018,ERR161168,S,NA,NA,S,NA,NA,NA,NA,S,NA,S,S,NA,NA,NA,S,NA,NA,NA,NA,S,R
1773.1903,ERR161187,S,NA,NA,S,NA,NA,NA,NA,S,NA,S,S,NA,NA,NA,S,NA,NA,NA,NA,S,R
1773.19433,ERR176773,S,NA,NA,S,NA,NA,NA,NA,S,NA,S,S,NA,NA,NA,S,NA,NA,NA,NA,S,R
1773.31767,ERS3371530,S,NA,NA,S,NA,NA,NA,NA,S,NA,S,S,NA,NA,NA,S,NA,NA,NA,NA,R,R
1773.31815,ERS3371578,S,NA,NA,S,NA,NA,NA,NA,S,NA,R,S,NA,NA,NA,S,NA,NA,NA,NA,R,R
1773.31843,ERS3371607,S,NA,NA,S,NA,NA,NA,NA,S,NA,S,S,NA,NA,NA,S,NA,NA,NA,NA,R,R
1773.31846,ERS3371609,S,NA,NA,S,NA,NA,NA,NA,S,NA,R,S,NA,NA,NA,R,NA,NA,NA,NA,R,R
1773.31899,ERS3371665,S,NA,NA,S,NA,NA,NA,NA,S,NA,R,S,NA,NA,NA,S,NA,NA,NA,NA,S,R
1773.31935,ERS3371705,S,NA,NA,S,NA,NA,NA,NA,S,NA,R,S,NA,NA,NA,S,NA,NA,NA,NA,R,R
1773.32136,ERS3371924,S,NA,NA,S,NA,NA,NA,NA,S,NA,R,S,NA,NA,NA,S,NA,NA,NA,NA,R,R
1773.32167,ERS3371954,S,NA,NA,S,NA,NA,NA,NA,S,NA,S,S,NA,NA,NA,S,NA,NA,NA,NA,R,R
1773.32177,ERS3371967,S,NA,NA,S,NA,NA,NA,NA,S,NA,R,S,NA,NA,NA,S,NA,NA,NA,NA,R,R
1773.32191,ERS3371982,S,NA,NA,S,NA,NA,NA,NA,S,NA,R,S,NA,NA,NA,S,NA,NA,NA,NA,R,R
1773.32235,ERS3372036,R,NA,NA,R,NA,NA,NA,NA,S,NA,R,R,NA,NA,NA,S,NA,NA,NA,NA,R,R
1773.32242,ERS3372043,R,NA,NA,R,NA,NA,NA,NA,R,NA,R,R,NA,NA,NA,R,NA,NA,NA,NA,R,R
1773.32278,ERS3372082,R,NA,NA,R,NA,NA,NA,NA,S,NA,R,R,NA,NA,NA,R,NA,NA,NA,NA,R,R
1773.32285,ERS3372089,S,NA,NA,S,NA,NA,NA,NA,R,NA,R,S,NA,NA,NA,S,NA,NA,NA,NA,R,R
1773.33146,ERS5282358,S,NA,NA,S,NA,NA,NA,NA,S,NA,S,S,NA,NA,NA,S,NA,NA,NA,NA,S,S
1773.33165,ERS5282384,S,NA,NA,S,NA,NA,NA,NA,S,NA,S,S,NA,NA,NA,S,NA,NA,NA,NA,S,S
1773.33378,ERS5282651,S,NA,NA,S,NA,NA,NA,NA,S,NA,R,S,NA,NA,NA,S,NA,NA,NA,NA,R,R
1773.33575,ERS5297862,S,NA,NA,S,NA,NA,NA,NA,S,NA,S,S,NA,NA,NA,S,NA,NA,NA,NA,S,R
1773.34336,ERS5300569,S,NA,NA,S,NA,NA,NA,NA,S,NA,R,S,NA,NA,NA,S,NA,NA,NA,NA,R,S
1773.3435,ERS5300594,S,NA,NA,S,NA,NA,NA,NA,S,NA,S,S,NA,NA,NA,S,NA,NA,NA,NA,R,R
1773.346,ERS5300917,S,NA,NA,S,NA,NA,NA,NA,S,NA,R,S,NA,NA,NA,S,NA,NA,NA,NA,R,R
1773.34631,ERS5301018,S,NA,NA,S,NA,NA,NA,NA,S,NA,R,S,NA,NA,NA,S,NA,NA,NA,NA,R,R
1773.35404,ERS5302640,S,NA,NA,S,NA,NA,NA,NA,S,NA,S,S,NA,NA,NA,S,NA,NA,NA,NA,S,R
1773.35412,ERS5302655,S,NA,NA,S,NA,NA,NA,NA,S,NA,S,S,NA,NA,NA,S,NA,NA,NA,NA,S,R
1773.35509,ERS5302768,S,NA,NA,S,NA,NA,NA,NA,S,NA,S,S,NA,NA,NA,S,NA,NA,NA,NA,S,R
1773.35764,ERS5303116,S,NA,NA,S,NA,NA,NA,NA,S,NA,R,S,NA,NA,NA,S,NA,NA,NA,NA,R,R
1773.36095,ERS5303619,S,NA,NA,S,NA,NA,NA,NA,S,NA,R,S,NA,NA,NA,S,NA,NA,NA,NA,R,R
1773.36186,ERS5303942,S,NA,NA,S,NA,NA,NA,NA,S,NA,R,S,NA,NA,NA,S,NA,NA,NA,NA,R,R
1773.36318,ERS5304133,S,NA,NA,S,NA,NA,NA,NA,S,NA,R,S,NA,NA,NA,S,NA,NA,NA,NA,R,R
1773.386,ERS5320428,S,NA,NA,S,NA,NA,NA,NA,S,NA,S,S,NA,NA,NA,S,NA,NA,NA,NA,R,R
1773.39975,ERS6421524,S,NA,NA,S,NA,NA,NA,NA,S,NA,S,S,NA,NA,NA,S,NA,NA,NA,NA,R,R
1773.39982,ERS6421530,S,NA,NA,S,NA,NA,NA,NA,S,NA,S,S,NA,NA,NA,S,NA,NA,NA,NA,S,R
1773.40148,ERS6421708,S,NA,NA,S,NA,NA,NA,NA,S,NA,S,S,NA,NA,NA,S,NA,NA,NA,NA,R,R
1773.4031,ERS6421920,S,NA,NA,S,NA,NA,NA,NA,S,NA,S,S,NA,NA,NA,S,NA,NA,NA,NA,S,R
1773.40312,ERS6421923,S,NA,NA,S,NA,NA,NA,NA,S,NA,S,S,NA,NA,NA,S,NA,NA,NA,NA,R,R
1773.40358,ERS6421992,S,NA,NA,S,NA,NA,NA,NA,S,NA,S,S,NA,NA,NA,S,NA,NA,NA,NA,R,R
1773.40462,ERS6422155,S,NA,NA,S,NA,NA,NA,NA,S,NA,S,S,NA,NA,NA,S,NA,NA,NA,NA,R,R
1773.42259,ERS5282969,S,NA,S,S,NA,S,NA,S,S,S,S,S,S,S,S,S,S,NA,NA,S,S,S
1773.43119,ERS5301855,S,NA,NA,S,NA,NA,NA,NA,S,NA,R,S,NA,NA,NA,S,NA,NA,NA,NA,S,R
1773.43169,ERS5302890,S,NA,NA,S,NA,NA,NA,NA,S,NA,R,S,NA,NA,NA,S,NA,NA,NA,NA,R,R
1773.32185,ERS3371981,S,NA,NA,S,NA,NA,NA,NA,S,NA,R,S,NA,NA,NA,S,NA,NA,NA,NA,R,R
1773.32223,ERS3372028,S,NA,NA,S,NA,NA,NA,NA,S,NA,R,S,NA,NA,NA,S,NA,NA,NA,NA,R,R
1773.3226,ERS3372062,S,NA,NA,S,NA,NA,NA,NA,S,NA,R,S,NA,NA,NA,S,NA,NA,NA,NA,R,R
1773.33583,ERS5297872,S,NA,NA,S,NA,NA,NA,NA,S,NA,S,S,NA,NA,NA,S,NA,NA,NA,NA,R,R
1773.34119,ERS5298634,S,NA,NA,S,NA,NA,NA,NA,S,NA,S,S,NA,NA,NA,S,NA,NA,NA,NA,R,R
1773.3436,ERS5300586,S,NA,NA,S,NA,NA,NA,NA,S,NA,R,S,NA,NA,NA,S,NA,NA,NA,NA,R,R
1773.34377,ERS5300606,S,NA,NA,S,NA,NA,NA,NA,S,NA,S,S,NA,NA,NA,S,NA,NA,NA,NA,R,R
1773.34538,ERS5300810,S,NA,NA,S,NA,NA,NA,NA,S,NA,S,S,NA,NA,NA,S,NA,NA,NA,NA,R,R
1773.37021,ERS5317748,S,NA,NA,S,NA,NA,NA,NA,S,NA,S,S,NA,NA,NA,S,NA,NA,NA,NA,S,S
1773.38614,ERS5320435,S,NA,NA,S,NA,NA,NA,NA,S,NA,S,S,NA,NA,NA,S,NA,NA,NA,NA,R,R
1773.39718,ERS6403547,S,NA,NA,S,NA,NA,NA,NA,S,NA,R,S,NA,NA,NA,S,NA,NA,NA,NA,R,R
1773.40323,ERS6421932,S,NA,NA,S,NA,NA,NA,NA,S,NA,S,S,NA,NA,NA,S,NA,NA,NA,NA,R,R
1773.43373,ERS5317259,S,NA,NA,S,NA,NA,NA,NA,S,NA,S,S,NA,NA,NA,S,NA,NA,NA,NA,S,S
1773.19446,ERR176797,S,NA,NA,S,NA,NA,NA,NA,S,NA,S,S,NA,NA,NA,S,NA,NA,NA,NA,R,R
1773.34545,ERS5300821,S,NA,NA,S,NA,NA,NA,NA,S,NA,S,S,NA,NA,NA,S,NA,NA,NA,NA,R,R
1773.34577,ERS5300855,S,NA,NA,S,NA,NA,NA,NA,S,NA,S,S,NA,NA,NA,S,NA,NA,NA,NA,R,R
1773.43374,ERS5317397,S,NA,NA,S,NA,NA,NA,NA,S,NA,S,S,NA,NA,NA,S,NA,NA,NA,NA,S,S
1773.32336,ERS5281243,S,NA,NA,S,NA,NA,NA,NA,S,NA,S,S,NA,NA,NA,S,NA,NA,NA,NA,R,R
1773.36943,ERS5317668,S,NA,NA,S,NA,NA,NA,NA,S,NA,S,S,NA,NA,NA,S,NA,NA,NA,NA,R,R
1773.39344,ERS6403117,S,NA,NA,S,NA,NA,NA,NA,S,NA,S,S,NA,NA,NA,S,NA,NA,NA,NA,R,R
1773.4038,ERS6422016,S,NA,NA,S,NA,NA,NA,NA,S,NA,S,S,NA,NA,NA,S,NA,NA,NA,NA,R,R
1773.4361,ERS6403551,S,NA,NA,S,NA,NA,NA,NA,S,NA,S,S,NA,NA,NA,S,NA,NA,NA,NA,R,R
1773.18995,ERR161147,S,NA,NA,S,NA,NA,NA,NA,S,NA,R,S,NA,NA,NA,S,NA,NA,S,NA,S,R
1773.19442,ERR176783,S,NA,NA,S,NA,NA,NA,NA,S,NA,S,S,NA,NA,NA,S,NA,NA,NA,NA,S,R
1773.2615,ERR551327,NA,NA,NA,NA,NA,NA,NA,NA,S,NA,S,NA,NA,NA,NA,NA,NA,NA,S,NA,S,R
1773.3186,ERS3371624,S,NA,NA,S,NA,NA,NA,NA,S,NA,S,S,NA,NA,NA,S,NA,NA,NA,NA,S,R
1773.33304,ERS5282558,S,NA,NA,S,NA,NA,NA,NA,S,NA,S,S,NA,NA,NA,S,NA,NA,NA,NA,S,S
1773.3347,ERS5282774,S,NA,NA,S,NA,NA,NA,NA,R,NA,R,S,NA,NA,NA,R,NA,NA,NA,NA,R,R
1773.33837,ERS5298170,S,NA,NA,S,NA,NA,NA,NA,S,NA,S,S,NA,NA,NA,S,NA,NA,NA,NA,S,R
1773.34012,ERS5298516,S,NA,NA,S,NA,NA,NA,NA,S,NA,S,S,NA,NA,NA,S,NA,NA,NA,NA,R,R
1773.34068,ERS5298576,S,NA,NA,S,NA,NA,NA,NA,S,NA,S,S,NA,NA,NA,S,NA,NA,NA,NA,R,R
1773.34117,ERS5298623,S,NA,NA,S,NA,NA,NA,NA,S,NA,S,S,NA,NA,NA,S,NA,NA,NA,NA,R,R
1773.34149,ERS5298665,S,NA,NA,S,NA,NA,NA,NA,S,NA,S,S,NA,NA,NA,S,NA,NA,NA,NA,R,R
1773.34197,ERS5298712,S,NA,NA,S,NA,NA,NA,NA,S,NA,S,S,NA,NA,NA,S,NA,NA,NA,NA,R,R
1773.34375,ERS5300608,S,NA,NA,R,NA,NA,NA,NA,S,NA,S,S,NA,NA,NA,S,NA,NA,NA,NA,R,R
1773.34801,ERS5301862,S,NA,NA,S,NA,NA,NA,NA,S,NA,S,S,NA,NA,NA,S,NA,NA,NA,NA,R,R
1773.34836,ERS5301905,S,NA,NA,S,NA,NA,NA,NA,S,NA,S,S,NA,NA,NA,S,NA,NA,NA,NA,S,R
1773.3517,ERS5302362,S,NA,NA,S,NA,NA,NA,NA,S,NA,S,S,NA,NA,NA,S,NA,NA,NA,NA,S,R
1773.35736,ERS5303103,S,NA,NA,S,NA,NA,NA,NA,S,NA,R,S,NA,NA,NA,S,NA,NA,NA,NA,S,R
1773.37842,ERS5319475,S,NA,NA,S,NA,NA,NA,NA,S,NA,S,S,NA,NA,NA,S,NA,NA,NA,NA,S,R
1773.39336,ERS6403109,S,NA,NA,S,NA,NA,NA,NA,S,NA,S,S,NA,NA,NA,S,NA,NA,NA,NA,S,R
1773.40326,ERS6421937,S,NA,NA,S,NA,NA,NA,NA,R,NA,R,S,NA,NA,NA,S,NA,NA,NA,NA,R,R
1773.4043,SRR2100244,NA,NA,NA,NA,NA,NA,NA,NA,S,NA,S,NA,NA,NA,NA,NA,NA,NA,S,NA,S,NA
1773.4062,SRR2100263,NA,NA,NA,NA,NA,NA,NA,NA,S,NA,S,NA,NA,NA,NA,NA,NA,NA,S,NA,S,NA
1773.4082,SRR2100284,NA,NA,NA,NA,NA,NA,NA,NA,S,NA,S,NA,NA,NA,NA,NA,NA,NA,S,NA,S,NA
1773.411,SRR2100313,NA,NA,NA,NA,NA,NA,NA,NA,S,NA,S,NA,NA,NA,NA,NA,NA,NA,S,NA,S,NA
1773.41733,ERS5282412,S,NA,S,S,NA,S,NA,S,S,R,R,S,R,S,R,S,S,NA,NA,R,R,R
1773.4287,SRR2100488,NA,NA,NA,NA,NA,NA,NA,NA,S,NA,S,NA,NA,NA,NA,NA,NA,NA,S,NA,S,NA
1773.4295,SRR2100496,NA,NA,NA,NA,NA,NA,NA,NA,S,NA,S,NA,NA,NA,NA,NA,NA,NA,S,NA,S,NA
1773.4296,SRR2100497,NA,NA,NA,NA,NA,NA,NA,NA,NA,NA,NA,NA,NA,NA,NA,NA,NA,NA,S,NA,NA,NA
1773.4298,SRR2100499,NA,NA,NA,NA,S,NA,NA,NA,S,NA,R,NA,NA,NA,NA,NA,NA,NA,S,NA,S,NA
1773.4299,SRR2100500,NA,NA,NA,NA,NA,NA,NA,NA,S,NA,S,NA,NA,NA,NA,NA,NA,NA,S,NA,S,NA
1773.43117,ERS5301849,S,NA,NA,S,NA,NA,NA,NA,S,NA,S,S,NA,NA,NA,S,NA,NA,NA,NA,S,R
1773.43229,ERS5302744,S,NA,NA,S,NA,NA,NA,NA,S,NA,S,S,NA,NA,NA,S,NA,NA,NA,NA,R,R
1773.4354,SRR2100556,NA,NA,NA,NA,NA,NA,NA,NA,S,NA,S,NA,NA,NA,NA,NA,NA,NA,S,NA,S,NA
1773.4401,SRR2100604,NA,NA,NA,NA,NA,NA,NA,NA,S,NA,S,NA,NA,NA,NA,NA,NA,NA,S,NA,S,NA
1773.4498,SRR2100701,NA,NA,NA,NA,NA,NA,NA,NA,S,NA,S,NA,NA,NA,NA,NA,NA,NA,S,NA,S,NA
1773.4499,SRR2100702,NA,NA,NA,NA,NA,NA,NA,NA,S,NA,S,NA,NA,NA,NA,NA,NA,NA,S,NA,S,NA
1773.4539,SRR2100745,NA,NA,NA,NA,NA,NA,NA,NA,S,NA,S,NA,NA,NA,NA,NA,NA,NA,S,NA,S,NA
1773.4566,SRR2100775,NA,NA,NA,NA,NA,NA,NA,NA,S,NA,S,NA,NA,NA,NA,NA,NA,NA,S,NA,S,NA
1773.4595,SRR2100805,NA,NA,NA,NA,NA,NA,NA,NA,S,NA,S,NA,NA,NA,NA,NA,NA,NA,S,NA,S,NA
1773.4696,SRR2100910,NA,NA,NA,NA,S,NA,NA,NA,S,NA,NA,NA,NA,NA,NA,NA,NA,NA,S,NA,S,NA
1773.4733,SRR2100949,NA,NA,NA,NA,NA,NA,NA,NA,S,NA,S,NA,NA,NA,NA,NA,NA,NA,S,NA,S,NA
1773.4798,SRR2101016,NA,NA,NA,NA,NA,NA,NA,NA,S,NA,S,NA,NA,NA,NA,NA,NA,NA,S,NA,S,NA
1773.4799,SRR2101017,NA,NA,NA,NA,NA,NA,NA,NA,S,NA,S,NA,NA,NA,NA,NA,NA,NA,S,NA,S,NA
1773.4892,SRR2101114,NA,NA,NA,NA,NA,NA,NA,NA,S,NA,S,NA,NA,NA,NA,NA,NA,NA,S,NA,S,NA
1773.4941,SRR2101172,NA,NA,NA,NA,NA,NA,NA,NA,S,NA,S,NA,NA,NA,NA,NA,NA,NA,S,NA,S,NA
1773.4971,SRR2101237,NA,NA,NA,NA,NA,NA,NA,NA,S,NA,S,NA,NA,NA,NA,NA,NA,NA,S,NA,S,NA
1773.5697,ERR400324,NA,NA,NA,NA,NA,NA,NA,NA,S,NA,S,NA,NA,NA,NA,NA,NA,NA,S,NA,S,S
1773.5907,SRR2101325,NA,NA,NA,NA,NA,NA,NA,NA,S,NA,S,NA,NA,NA,NA,NA,NA,NA,S,NA,S,S
1773.19426,ERR176767,S,NA,NA,S,NA,NA,NA,NA,S,NA,S,S,NA,NA,NA,S,NA,NA,NA,NA,R,R
1773.19438,ERR176787,S,NA,NA,S,NA,NA,NA,NA,S,NA,S,S,NA,NA,NA,S,NA,NA,NA,NA,S,R
1773.31824,ERS3371587,S,NA,NA,S,NA,NA,NA,NA,S,NA,R,S,NA,NA,NA,S,NA,NA,NA,NA,R,R
1773.31856,ERS3371621,S,NA,NA,S,NA,NA,NA,NA,S,NA,S,S,NA,NA,NA,S,NA,NA,NA,NA,R,R
1773.3212,ERS3371910,R,NA,NA,R,NA,NA,NA,NA,S,NA,R,R,NA,NA,NA,S,NA,NA,NA,NA,S,R
1773.324,ERS5281342,S,NA,NA,S,NA,NA,NA,NA,S,NA,S,S,NA,NA,NA,S,NA,NA,NA,NA,S,S
1773.3325,ERS5282497,S,NA,NA,S,NA,NA,NA,NA,S,NA,S,S,NA,NA,NA,S,NA,NA,NA,NA,S,S
1773.33358,ERS5282623,S,NA,NA,S,NA,NA,NA,NA,S,NA,S,S,NA,NA,NA,S,NA,NA,NA,NA,S,S
1773.33901,ERS5298239,S,NA,NA,S,NA,NA,NA,NA,S,NA,S,S,NA,NA,NA,S,NA,NA,NA,NA,S,R
1773.33923,ERS5298258,S,NA,NA,S,NA,NA,NA,NA,S,NA,S,S,NA,NA,NA,S,NA,NA,NA,NA,R,R
1773.34405,ERS5300631,S,NA,NA,S,NA,NA,NA,NA,S,NA,S,S,NA,NA,NA,S,NA,NA,NA,NA,R,R
1773.34531,ERS5300805,S,NA,NA,S,NA,NA,NA,NA,S,NA,S,S,NA,NA,NA,S,NA,NA,NA,NA,R,R
1773.34532,ERS5300801,S,NA,NA,S,NA,NA,NA,NA,S,NA,S,S,NA,NA,NA,S,NA,NA,NA,NA,R,R
1773.34799,ERS5301857,S,NA,NA,S,NA,NA,NA,NA,S,NA,S,S,NA,NA,NA,S,NA,NA,NA,NA,R,R
1773.35311,ERS5302540,S,NA,NA,S,NA,NA,NA,NA,S,NA,S,S,NA,NA,NA,S,NA,NA,NA,NA,S,R
1773.35315,ERS5302545,S,NA,NA,S,NA,NA,NA,NA,S,NA,S,S,NA,NA,NA,S,NA,NA,NA,NA,R,R
1773.3536,ERS5302594,S,NA,NA,S,NA,NA,NA,NA,S,NA,S,S,NA,NA,NA,S,NA,NA,NA,NA,S,R
1773.35597,ERS5302873,S,NA,NA,S,NA,NA,NA,NA,S,NA,S,S,NA,NA,NA,S,NA,NA,NA,NA,S,R
1773.35601,ERS5302884,S,NA,NA,S,NA,NA,NA,NA,S,NA,S,S,NA,NA,NA,S,NA,NA,NA,NA,S,R
1773.35706,ERS5303060,S,NA,NA,S,NA,NA,NA,NA,S,NA,R,S,NA,NA,NA,S,NA,NA,NA,NA,R,R
1773.3571,ERS5303063,S,NA,NA,S,NA,NA,NA,NA,S,NA,R,S,NA,NA,NA,S,NA,NA,NA,NA,R,R
1773.35752,ERS5303117,S,NA,NA,S,NA,NA,NA,NA,S,NA,R,S,NA,NA,NA,S,NA,NA,NA,NA,R,R
1773.35897,ERS5303373,R,NA,NA,R,NA,NA,NA,NA,S,NA,R,R,NA,NA,NA,S,NA,NA,NA,NA,R,R
1773.36041,ERS5303559,S,NA,NA,S,NA,NA,NA,NA,S,NA,R,S,NA,NA,NA,S,NA,NA,NA,NA,R,R
1773.36174,ERS5303930,S,NA,NA,S,NA,NA,NA,NA,S,NA,R,S,NA,NA,NA,S,NA,NA,NA,NA,R,R
1773.3618,ERS5303941,S,NA,NA,S,NA,NA,NA,NA,S,NA,R,S,NA,NA,NA,S,NA,NA,NA,NA,R,R
1773.36481,ERS5312379,R,NA,NA,R,NA,NA,NA,NA,S,NA,R,R,NA,NA,NA,S,NA,NA,NA,NA,R,R
1773.37924,ERS5319660,S,NA,NA,S,NA,NA,NA,NA,R,NA,R,S,NA,NA,NA,S,NA,NA,NA,NA,R,R
1773.37948,ERS5319677,S,NA,NA,S,NA,NA,NA,NA,R,NA,R,S,NA,NA,NA,S,NA,NA,NA,NA,R,R
1773.38669,ERS5320489,S,NA,NA,S,NA,NA,NA,NA,S,NA,S,S,NA,NA,NA,S,NA,NA,NA,NA,S,R
1773.39513,ERS6403310,S,NA,NA,S,NA,NA,NA,NA,R,NA,R,S,NA,NA,NA,S,NA,NA,NA,NA,R,R
1773.39962,ERS6421506,S,NA,NA,S,NA,NA,NA,NA,S,NA,S,S,NA,NA,NA,S,NA,NA,NA,NA,S,R
1773.39964,ERS6421514,S,NA,NA,S,NA,NA,NA,NA,S,NA,S,S,NA,NA,NA,S,NA,NA,NA,NA,R,R
1773.40364,ERS6421999,S,NA,NA,S,NA,NA,NA,NA,S,NA,R,S,NA,NA,NA,S,NA,NA,NA,NA,S,R
1773.40468,ERS6422162,S,NA,NA,S,NA,NA,NA,NA,S,NA,S,S,NA,NA,NA,S,NA,NA,NA,NA,R,R
1773.40493,ERS6422192,S,NA,NA,R,NA,NA,NA,NA,S,NA,S,S,NA,NA,NA,S,NA,NA,NA,NA,R,R
1773.42244,ERS5282949,S,NA,S,S,NA,S,NA,S,S,S,S,S,S,S,S,S,S,NA,NA,S,S,R
1773.4247,ERS5283199,S,NA,S,S,NA,S,NA,S,S,S,S,S,R,S,S,S,S,NA,NA,S,R,R
1773.42612,ERS5282422,S,NA,S,S,NA,S,NA,S,S,S,S,S,S,S,S,S,S,NA,NA,S,S,R
1773.43251,ERS3371542,S,NA,NA,S,NA,NA,NA,NA,S,NA,R,S,NA,NA,NA,S,NA,NA,NA,NA,R,R
1773.43443,ERS5317367,S,NA,NA,S,NA,NA,NA,NA,S,NA,S,S,NA,NA,NA,S,NA,NA,NA,NA,S,S
1773.43566,ERS5317505,S,NA,NA,S,NA,NA,NA,NA,S,NA,S,S,NA,NA,NA,S,NA,NA,NA,NA,S,R
1773.19034,ERR161177,S,NA,NA,S,NA,NA,NA,NA,S,NA,S,S,NA,NA,NA,S,NA,NA,NA,NA,S,R
1773.19036,ERR161178,S,NA,NA,S,NA,NA,NA,NA,S,NA,S,S,NA,NA,NA,S,NA,NA,NA,NA,S,R
1773.19472,ERR176821,S,NA,NA,S,NA,NA,NA,NA,S,NA,S,S,NA,NA,NA,S,NA,NA,NA,NA,S,S
1773.20954,ERR3256130,S,NA,NA,S,NA,NA,NA,NA,R,NA,R,S,NA,NA,NA,S,NA,NA,NA,NA,R,R
1773.33366,ERS5282633,S,NA,NA,S,NA,NA,NA,NA,R,NA,R,S,NA,NA,NA,S,NA,NA,NA,NA,R,R
1773.347,ERS5301223,S,NA,NA,S,NA,NA,NA,NA,S,NA,S,S,NA,NA,NA,S,NA,NA,NA,NA,R,R
1773.35726,ERS5303092,S,NA,NA,S,NA,NA,NA,NA,S,NA,R,S,NA,NA,NA,S,NA,NA,NA,NA,S,R
1773.36178,ERS5303928,S,NA,NA,S,NA,NA,NA,NA,S,NA,S,S,NA,NA,NA,S,NA,NA,NA,NA,S,R
1773.37671,ERS5319089,S,NA,NA,S,NA,NA,NA,NA,S,NA,S,S,NA,NA,NA,S,NA,NA,NA,NA,R,R
1773.39377,ERS6403153,S,NA,NA,S,NA,NA,NA,NA,S,NA,R,S,NA,NA,NA,S,NA,NA,NA,NA,R,R
1773.42321,ERS5283036,S,NA,S,S,NA,S,NA,S,S,S,R,S,R,S,S,S,S,NA,NA,S,S,R
1773.42622,ERR6929515,S,NA,NA,S,NA,NA,NA,NA,S,NA,S,S,NA,NA,NA,S,NA,NA,NA,NA,R,S
1773.43449,ERS5317323,S,NA,NA,S,NA,NA,NA,NA,S,NA,S,S,NA,NA,NA,S,NA,NA,NA,NA,S,S
1773.23389,ERR1023383,S,NA,NA,S,NA,NA,NA,NA,S,NA,S,S,S,NA,S,S,NA,NA,NA,NA,S,R
1773.32165,ERS3371952,S,NA,NA,S,NA,NA,NA,NA,S,NA,R,S,NA,NA,NA,S,NA,NA,NA,NA,R,R
1773.40885,ERS5281442,S,NA,S,S,NA,S,NA,S,S,R,R,S,S,S,S,S,S,NA,NA,S,S,R
1773.19489,ERR176829,S,NA,NA,S,NA,NA,NA,NA,S,NA,S,S,NA,NA,NA,S,NA,NA,NA,NA,S,R
1773.19013,ERR161158,S,NA,NA,S,NA,NA,NA,NA,S,NA,S,S,NA,NA,NA,S,NA,NA,NA,NA,S,R
1773.19022,ERR161164,S,NA,NA,S,NA,NA,NA,NA,S,NA,S,S,NA,NA,NA,S,NA,NA,NA,NA,S,R
1773.19058,ERR161203,S,NA,NA,S,NA,NA,NA,NA,S,NA,S,S,NA,NA,NA,S,NA,NA,NA,NA,S,R
1773.19413,ERR176764,S,NA,NA,S,NA,NA,NA,NA,S,NA,S,S,NA,NA,NA,S,NA,NA,S,NA,R,R
1773.31277,ERS1987278,S,NA,NA,S,NA,NA,NA,NA,S,NA,S,S,NA,NA,NA,S,NA,NA,NA,NA,S,R
1773.31834,ERS3371594,S,NA,NA,S,NA,NA,NA,NA,S,NA,R,S,NA,NA,NA,S,NA,NA,NA,NA,R,R
1773.31845,ERS3371608,S,NA,NA,S,NA,NA,NA,NA,S,NA,S,S,NA,NA,NA,S,NA,NA,NA,NA,R,R
1773.31854,ERS3371618,S,NA,NA,S,NA,NA,NA,NA,S,NA,R,S,NA,NA,NA,S,NA,NA,NA,NA,R,R
1773.31859,ERS3371626,S,NA,NA,S,NA,NA,NA,NA,S,NA,R,S,NA,NA,NA,S,NA,NA,NA,NA,R,R
1773.31923,ERS3371695,S,NA,NA,S,NA,NA,NA,NA,S,NA,R,S,NA,NA,NA,S,NA,NA,NA,NA,R,R
1773.32137,ERS3371929,S,NA,NA,S,NA,NA,NA,NA,R,NA,R,S,NA,NA,NA,S,NA,NA,NA,NA,R,R
1773.33249,ERS5282496,S,NA,NA,S,NA,NA,NA,NA,S,NA,S,S,NA,NA,NA,S,NA,NA,NA,NA,S,S
1773.33402,ERS5282681,S,NA,NA,S,NA,NA,NA,NA,S,NA,S,S,NA,NA,NA,S,NA,NA,NA,NA,R,R
1773.3383,ERS5298163,S,NA,NA,S,NA,NA,NA,NA,S,NA,R,S,NA,NA,NA,S,NA,NA,NA,NA,R,R
1773.34132,ERS5298641,S,NA,NA,S,NA,NA,NA,NA,S,NA,S,S,NA,NA,NA,S,NA,NA,NA,NA,R,R
1773.34462,ERS5300714,S,NA,NA,S,NA,NA,NA,NA,S,NA,R,S,NA,NA,NA,S,NA,NA,NA,NA,R,R
1773.34802,ERS5301858,S,NA,NA,S,NA,NA,NA,NA,S,NA,S,S,NA,NA,NA,S,NA,NA,NA,NA,R,R
1773.34837,ERS5301903,S,NA,NA,S,NA,NA,NA,NA,S,NA,R,S,NA,NA,NA,S,NA,NA,NA,NA,S,R
1773.35473,ERS5302728,S,NA,NA,S,NA,NA,NA,NA,S,NA,S,S,NA,NA,NA,S,NA,NA,NA,NA,S,R
1773.35474,ERS5302734,S,NA,NA,S,NA,NA,NA,NA,S,NA,S,S,NA,NA,NA,S,NA,NA,NA,NA,S,R
1773.36164,ERS5303918,S,NA,NA,S,NA,NA,NA,NA,S,NA,S,S,NA,NA,NA,S,NA,NA,NA,NA,R,R
1773.36194,ERS5303951,S,NA,NA,S,NA,NA,NA,NA,S,NA,S,S,NA,NA,NA,S,NA,NA,NA,NA,S,R
1773.36504,ERS5312409,S,NA,NA,S,NA,NA,NA,NA,S,NA,S,S,NA,NA,NA,S,NA,NA,NA,NA,R,R
1773.3791,ERS5319647,S,NA,NA,S,NA,NA,NA,NA,R,NA,R,S,NA,NA,NA,S,NA,NA,NA,NA,R,R
1773.39608,ERS6403396,S,NA,NA,S,NA,NA,NA,NA,S,NA,S,S,NA,NA,NA,S,NA,NA,NA,NA,S,R
1773.3981,SRR2100184,NA,NA,NA,NA,NA,NA,NA,NA,S,NA,S,NA,NA,NA,NA,NA,NA,NA,S,NA,S,NA
1773.4006,SRR2100207,NA,NA,NA,NA,S,NA,NA,NA,S,NA,R,NA,NA,NA,NA,NA,NA,NA,S,NA,S,NA
1773.4018,SRR2100218,NA,NA,NA,NA,S,NA,NA,NA,S,NA,R,NA,NA,NA,NA,NA,NA,NA,S,NA,S,NA
1773.4022,SRR2100222,NA,NA,NA,NA,NA,NA,NA,NA,S,NA,S,NA,NA,NA,NA,NA,NA,NA,S,NA,S,NA
1773.4054,SRR2100255,NA,NA,NA,NA,NA,NA,NA,NA,S,NA,S,NA,NA,NA,NA,NA,NA,NA,S,NA,S,NA
1773.4105,SRR2100307,NA,NA,NA,NA,NA,NA,NA,NA,S,NA,S,NA,NA,NA,NA,NA,NA,NA,S,NA,S,NA
1773.4109,SRR2100311,NA,NA,NA,NA,NA,NA,NA,NA,S,NA,S,NA,NA,NA,NA,NA,NA,NA,S,NA,S,NA
1773.4166,SRR2100370,S,S,NA,S,S,NA,NA,NA,S,NA,R,S,NA,NA,S,NA,NA,NA,S,NA,S,S
1773.4182,SRR2100386,NA,NA,NA,NA,R,NA,NA,NA,S,NA,R,NA,NA,NA,NA,NA,NA,NA,S,NA,S,NA
1773.41909,ERS5282601,S,NA,S,S,NA,S,NA,S,S,R,R,S,R,S,S,S,S,NA,NA,R,R,R
1773.4194,SRR2100312,NA,NA,NA,NA,S,NA,NA,NA,S,NA,R,NA,NA,NA,NA,NA,NA,NA,S,NA,S,NA
1773.42952,ERS5300979,S,NA,NA,S,NA,NA,NA,NA,S,NA,S,S,NA,NA,NA,S,NA,NA,NA,NA,R,R
1773.43012,ERS5301294,S,NA,NA,S,NA,NA,NA,NA,S,NA,S,S,NA,NA,NA,S,NA,NA,NA,NA,S,R
1773.43171,ERS5302135,S,NA,NA,S,NA,NA,NA,NA,S,NA,S,S,NA,NA,NA,S,NA,NA,NA,NA,S,R
1773.4324,ERS3372016,S,NA,NA,S,NA,NA,NA,NA,S,NA,R,S,NA,NA,NA,S,NA,NA,NA,NA,R,R
1773.4325,SRR2100525,NA,NA,NA,NA,NA,NA,NA,NA,S,NA,S,NA,NA,NA,NA,NA,NA,NA,S,NA,S,NA
1773.4427,SRR2100630,NA,NA,NA,NA,NA,NA,NA,NA,S,NA,S,NA,NA,NA,NA,NA,NA,NA,S,NA,S,NA
1773.445,SRR2100653,NA,NA,NA,NA,NA,NA,NA,NA,S,NA,S,NA,NA,NA,NA,NA,NA,NA,S,NA,S,NA
1773.4454,SRR2100657,NA,NA,NA,NA,NA,NA,NA,NA,S,NA,S,NA,NA,NA,NA,NA,NA,NA,S,NA,S,NA
1773.4485,SRR2100688,NA,NA,NA,NA,NA,NA,NA,NA,S,NA,S,NA,NA,NA,NA,NA,NA,NA,S,NA,S,NA
1773.4505,SRR2100708,NA,NA,NA,NA,NA,NA,NA,NA,S,NA,S,NA,NA,NA,NA,NA,NA,NA,S,NA,S,NA
1773.4738,SRR2100954,NA,NA,NA,NA,S,NA,NA,NA,S,NA,S,NA,NA,NA,NA,NA,NA,NA,S,NA,S,NA
1773.4828,SRR2101047,NA,NA,NA,NA,NA,NA,NA,NA,S,NA,S,NA,NA,NA,NA,NA,NA,NA,S,NA,S,NA
1773.4869,SRR2101089,NA,NA,NA,NA,NA,NA,NA,NA,S,NA,S,NA,NA,NA,NA,NA,NA,NA,S,NA,S,NA
1773.4878,SRR2101099,NA,NA,NA,NA,NA,NA,NA,NA,S,NA,S,NA,NA,NA,NA,NA,NA,NA,S,NA,S,NA
1773.4937,SRR2101166,NA,NA,NA,NA,NA,NA,NA,NA,S,NA,S,NA,NA,NA,NA,NA,NA,NA,S,NA,S,NA
1773.19443,ERR176782,S,NA,NA,S,NA,NA,NA,NA,S,NA,S,S,NA,NA,NA,S,NA,NA,NA,NA,S,S
1773.32197,ERS3371988,S,NA,NA,S,NA,NA,NA,NA,S,NA,S,S,NA,NA,NA,S,NA,NA,NA,NA,S,R
1773.3223,ERS3372031,R,NA,NA,R,NA,NA,NA,NA,R,NA,R,R,NA,NA,NA,R,NA,NA,NA,NA,R,R
1773.32246,ERS3372047,S,NA,NA,S,NA,NA,NA,NA,S,NA,R,S,NA,NA,NA,S,NA,NA,NA,NA,R,R
1773.33252,ERS5282500,S,NA,NA,S,NA,NA,NA,NA,S,NA,S,S,NA,NA,NA,S,NA,NA,NA,NA,S,S
1773.33265,ERS5282438,S,NA,NA,S,NA,NA,NA,NA,S,NA,S,S,NA,NA,NA,S,NA,NA,NA,NA,S,S
1773.33557,ERS5283358,S,NA,NA,S,NA,NA,NA,NA,S,NA,S,S,NA,NA,NA,S,NA,NA,NA,NA,R,R
1773.33905,ERS5298242,S,NA,NA,S,NA,NA,NA,NA,S,NA,R,S,NA,NA,NA,S,NA,NA,NA,NA,R,R
1773.33928,ERS5298273,S,NA,NA,R,NA,NA,NA,NA,R,NA,R,S,NA,NA,NA,S,NA,NA,NA,NA,R,R
1773.34118,ERS5298626,S,NA,NA,S,NA,NA,NA,NA,S,NA,S,S,NA,NA,NA,S,NA,NA,NA,NA,R,R
1773.3422,ERS5298743,S,NA,NA,S,NA,NA,NA,NA,S,NA,S,S,NA,NA,NA,S,NA,NA,NA,NA,R,R
1773.34226,ERS5298751,S,NA,NA,S,NA,NA,NA,NA,S,NA,R,S,NA,NA,NA,S,NA,NA,NA,NA,R,R
1773.34416,ERS5300651,S,NA,NA,S,NA,NA,NA,NA,S,NA,R,S,NA,NA,NA,S,NA,NA,NA,NA,S,R
1773.345,ERS5300762,S,NA,NA,S,NA,NA,NA,NA,S,NA,S,S,NA,NA,NA,S,NA,NA,NA,NA,R,R
1773.34543,ERS5300817,S,NA,NA,S,NA,NA,NA,NA,S,NA,S,S,NA,NA,NA,S,NA,NA,NA,NA,R,R
1773.34678,ERS5301180,S,NA,NA,S,NA,NA,NA,NA,S,NA,S,S,NA,NA,NA,S,NA,NA,NA,NA,R,R
1773.34703,ERS5301224,S,NA,NA,S,NA,NA,NA,NA,S,NA,S,S,NA,NA,NA,S,NA,NA,NA,NA,R,R
1773.34772,ERS5301363,S,NA,NA,S,NA,NA,NA,NA,S,NA,S,S,NA,NA,NA,S,NA,NA,NA,NA,R,R
1773.34838,ERS5301904,S,NA,NA,S,NA,NA,NA,NA,S,NA,S,S,NA,NA,NA,S,NA,NA,NA,NA,S,R
1773.35295,ERS5302520,S,NA,NA,S,NA,NA,NA,NA,S,NA,R,S,NA,NA,NA,S,NA,NA,NA,NA,S,R
1773.35475,ERS5302733,S,NA,NA,S,NA,NA,NA,NA,S,NA,S,S,NA,NA,NA,S,NA,NA,NA,NA,S,S
1773.35606,ERS5302889,S,NA,NA,S,NA,NA,NA,NA,S,NA,R,S,NA,NA,NA,S,NA,NA,NA,NA,S,R
1773.35623,ERS5302913,S,NA,NA,S,NA,NA,NA,NA,S,NA,R,S,NA,NA,NA,S,NA,NA,NA,NA,S,R
1773.36158,ERS5303912,S,NA,NA,S,NA,NA,NA,NA,S,NA,S,S,NA,NA,NA,S,NA,NA,NA,NA,S,R
1773.36486,ERS5312403,S,NA,NA,S,NA,NA,NA,NA,R,NA,R,S,NA,NA,NA,S,NA,NA,NA,NA,R,R
1773.37704,ERS5319129,R,NA,NA,R,NA,NA,NA,NA,S,NA,R,R,NA,NA,NA,S,NA,NA,NA,NA,R,R
1773.38653,ERS5320475,S,NA,NA,S,NA,NA,NA,NA,S,NA,S,S,NA,NA,NA,S,NA,NA,NA,NA,R,R
1773.39186,ERS6402938,S,NA,NA,S,NA,NA,NA,NA,S,NA,S,S,NA,NA,NA,S,NA,NA,NA,NA,R,R
1773.39535,ERS6403342,S,NA,NA,S,NA,NA,NA,NA,S,NA,S,S,NA,NA,NA,S,NA,NA,NA,NA,R,R
1773.40257,ERS6421823,S,NA,NA,S,NA,NA,NA,NA,S,NA,S,S,NA,NA,NA,S,NA,NA,NA,NA,R,R
1773.40319,ERS6421929,S,NA,NA,S,NA,NA,NA,NA,S,NA,S,S,NA,NA,NA,S,NA,NA,NA,NA,R,R
1773.4041,ERS6422048,S,NA,NA,S,NA,NA,NA,NA,S,NA,R,S,NA,NA,NA,S,NA,NA,NA,NA,S,R
1773.40508,ERS6422201,S,NA,NA,S,NA,NA,NA,NA,S,NA,S,S,NA,NA,NA,S,NA,NA,NA,NA,R,R
1773.4242,ERS5283144,S,NA,S,S,NA,S,NA,S,S,S,S,S,R,S,S,S,S,NA,NA,S,S,S
1773.42635,ERR6929529,S,NA,NA,S,NA,NA,NA,NA,S,NA,S,S,NA,NA,NA,S,NA,NA,NA,NA,R,S
1773.43036,ERS5301336,S,NA,NA,S,NA,NA,NA,NA,S,NA,S,S,NA,NA,NA,S,NA,NA,NA,NA,R,R
1773.43045,ERS5301354,S,NA,NA,S,NA,NA,NA,NA,S,NA,S,S,NA,NA,NA,S,NA,NA,NA,NA,R,R
1773.43665,ERS5303938,S,NA,NA,S,NA,NA,NA,NA,S,NA,S,S,NA,NA,NA,S,NA,NA,NA,NA,S,R
1773.1942,ERR176757,S,NA,NA,S,NA,NA,NA,NA,S,NA,S,S,NA,NA,NA,S,NA,NA,S,NA,S,S
1773.19448,ERR176795,S,NA,NA,S,NA,NA,NA,NA,S,NA,S,S,NA,NA,NA,S,NA,NA,NA,NA,S,S
1773.31914,ERS3371685,S,NA,NA,S,NA,NA,NA,NA,S,NA,R,S,NA,NA,NA,S,NA,NA,NA,NA,R,R
1773.32162,ERS3371958,S,NA,NA,S,NA,NA,NA,NA,S,NA,S,S,NA,NA,NA,S,NA,NA,NA,NA,R,R
1773.32384,ERS5281317,S,NA,NA,S,NA,NA,NA,NA,S,NA,S,S,NA,NA,NA,S,NA,NA,NA,NA,S,S
1773.34147,ERS5298663,S,NA,NA,S,NA,NA,NA,NA,S,NA,S,S,NA,NA,NA,S,NA,NA,NA,NA,R,S
1773.34175,ERS5298686,S,NA,NA,S,NA,NA,NA,NA,S,NA,S,S,NA,NA,NA,S,NA,NA,NA,NA,R,R
1773.34219,ERS5298744,S,NA,NA,S,NA,NA,NA,NA,S,NA,S,S,NA,NA,NA,S,NA,NA,NA,NA,R,R
1773.34491,ERS5300752,S,NA,NA,S,NA,NA,NA,NA,S,NA,S,S,NA,NA,NA,S,NA,NA,NA,NA,R,R
1773.34649,ERS5301043,S,NA,NA,S,NA,NA,NA,NA,S,NA,R,S,NA,NA,NA,R,NA,NA,NA,NA,R,R
1773.34675,ERS5301087,S,NA,NA,S,NA,NA,NA,NA,S,NA,R,S,NA,NA,NA,S,NA,NA,NA,NA,R,R
1773.35674,ERS5302936,S,NA,NA,S,NA,NA,NA,NA,S,NA,R,S,NA,NA,NA,S,NA,NA,NA,NA,R,R
1773.36175,ERS5303935,S,NA,NA,S,NA,NA,NA,NA,S,NA,S,S,NA,NA,NA,S,NA,NA,NA,NA,S,R
1773.36934,ERS5317659,S,NA,NA,S,NA,NA,NA,NA,S,NA,S,S,NA,NA,NA,S,NA,NA,NA,NA,R,R
1773.40377,ERS6422012,S,NA,NA,S,NA,NA,NA,NA,S,NA,S,S,NA,NA,NA,S,NA,NA,NA,NA,S,R
1773.4262,ERR6929516,S,NA,NA,S,NA,NA,NA,NA,S,NA,S,S,NA,NA,NA,S,NA,NA,NA,NA,R,S
1773.43018,ERS5301301,S,NA,NA,S,NA,NA,NA,NA,S,NA,S,S,NA,NA,NA,S,NA,NA,NA,NA,R,R
1773.18994,ERR161138,S,NA,NA,S,NA,NA,NA,NA,S,NA,S,S,NA,NA,NA,S,NA,NA,S,NA,S,S
1773.19093,ERR163967,S,NA,NA,S,NA,NA,NA,NA,S,NA,S,S,NA,NA,NA,S,NA,NA,NA,NA,S,R
1773.19468,ERR176823,S,NA,NA,S,NA,NA,NA,NA,S,NA,S,S,NA,NA,NA,S,NA,NA,S,NA,S,S
1773.19492,ERR181689,S,NA,NA,S,NA,NA,NA,NA,S,NA,S,S,NA,NA,NA,S,NA,NA,NA,NA,R,R
1773.32261,ERS3372061,R,NA,NA,R,NA,NA,NA,NA,S,NA,R,R,NA,NA,NA,R,NA,NA,NA,NA,R,R
1773.3317,ERS5282391,S,NA,NA,S,NA,NA,NA,NA,S,NA,S,S,NA,NA,NA,S,NA,NA,NA,NA,R,R
1773.34017,ERS5298521,S,NA,NA,S,NA,NA,NA,NA,S,NA,S,S,NA,NA,NA,S,NA,NA,NA,NA,R,R
1773.34702,ERS5301222,S,NA,NA,S,NA,NA,NA,NA,S,NA,S,S,NA,NA,NA,S,NA,NA,NA,NA,R,R
1773.35157,ERS5302348,S,NA,NA,S,NA,NA,NA,NA,S,NA,S,S,NA,NA,NA,S,NA,NA,NA,NA,R,R
1773.35848,ERS5303250,S,NA,NA,S,NA,NA,NA,NA,S,NA,R,S,NA,NA,NA,S,NA,NA,NA,NA,R,R
1773.36807,ERS5317241,S,NA,NA,S,NA,NA,NA,NA,S,NA,S,S,NA,NA,NA,S,NA,NA,NA,NA,S,S
1773.36939,ERS5317657,S,NA,NA,S,NA,NA,NA,NA,S,NA,S,S,NA,NA,NA,S,NA,NA,NA,NA,R,R
1773.19856,ERR190355,S,NA,NA,S,NA,NA,NA,NA,S,NA,R,S,NA,NA,NA,S,NA,NA,S,NA,S,S
1773.34492,ERS5300755,S,NA,NA,S,NA,NA,NA,NA,S,NA,S,S,NA,NA,NA,S,NA,NA,NA,NA,R,R
1773.38597,ERS5320416,S,NA,NA,S,NA,NA,NA,NA,S,NA,R,S,NA,NA,NA,S,NA,NA,NA,NA,R,R
1773.43361,ERS5317316,S,NA,NA,S,NA,NA,NA,NA,S,NA,R,S,NA,NA,NA,S,NA,NA,NA,NA,S,S
1773.1902,ERR161163,S,NA,NA,S,NA,NA,NA,NA,S,NA,S,S,NA,NA,NA,S,NA,NA,NA,NA,S,R
1773.19455,ERR176803,S,NA,NA,S,NA,NA,NA,NA,S,NA,S,S,NA,NA,NA,S,NA,NA,S,NA,S,R
1773.19491,ERR181688,S,NA,NA,S,NA,NA,NA,NA,S,NA,S,S,NA,NA,NA,S,NA,NA,NA,NA,S,R
1773.23394,ERR2120252,S,NA,NA,S,NA,NA,NA,NA,R,NA,R,S,NA,NA,S,S,NA,NA,R,NA,R,S
1773.29357,ERR2041930,S,NA,NA,S,NA,NA,NA,NA,R,NA,R,S,NA,NA,NA,S,NA,NA,S,NA,R,R
1773.31832,ERS3371593,S,NA,NA,S,NA,NA,NA,NA,S,NA,R,S,NA,NA,NA,R,NA,NA,NA,NA,R,R
1773.31839,ERS3371604,S,NA,NA,S,NA,NA,NA,NA,S,NA,S,S,NA,NA,NA,S,NA,NA,NA,NA,S,R
1773.31851,ERS3371615,R,NA,NA,R,NA,NA,NA,NA,S,NA,R,R,NA,NA,NA,R,NA,NA,NA,NA,R,S
1773.32152,ERS3371941,S,NA,NA,S,NA,NA,NA,NA,S,NA,R,S,NA,NA,NA,S,NA,NA,NA,NA,R,R
1773.33981,ERS5298334,S,NA,NA,S,NA,NA,NA,NA,S,NA,S,S,NA,NA,NA,S,NA,NA,NA,NA,R,R
1773.34071,ERS5298577,S,NA,NA,S,NA,NA,NA,NA,S,NA,S,S,NA,NA,NA,S,NA,NA,NA,NA,R,R
1773.34371,ERS5300602,S,NA,NA,S,NA,NA,NA,NA,S,NA,S,S,NA,NA,NA,S,NA,NA,NA,NA,S,R
1773.34826,ERS5301899,S,NA,NA,S,NA,NA,NA,NA,S,NA,R,S,NA,NA,NA,S,NA,NA,NA,NA,R,R
1773.34839,ERS5301907,S,NA,NA,S,NA,NA,NA,NA,S,NA,S,S,NA,NA,NA,S,NA,NA,NA,NA,S,R
1773.35166,ERS5302354,S,NA,NA,S,NA,NA,NA,NA,S,NA,S,S,NA,NA,NA,S,NA,NA,NA,NA,S,R
1773.35386,ERS5302625,S,NA,NA,S,NA,NA,NA,NA,S,NA,S,S,NA,NA,NA,S,NA,NA,NA,NA,S,R
1773.35392,ERS5302631,S,NA,NA,S,NA,NA,NA,NA,S,NA,S,S,NA,NA,NA,S,NA,NA,NA,NA,S,R
1773.355,ERS5302759,S,NA,NA,S,NA,NA,NA,NA,S,NA,S,S,NA,NA,NA,S,NA,NA,NA,NA,R,R
1773.35603,ERS5302885,S,NA,NA,S,NA,NA,NA,NA,S,NA,R,S,NA,NA,NA,S,NA,NA,NA,NA,R,R
1773.36065,ERS5303587,S,NA,NA,S,NA,NA,NA,NA,S,NA,R,S,NA,NA,NA,S,NA,NA,NA,NA,R,R
1773.36987,ERS5317708,S,NA,NA,S,NA,NA,NA,NA,S,NA,R,S,NA,NA,NA,S,NA,NA,NA,NA,R,R
1773.38585,ERS5320408,S,NA,NA,S,NA,NA,NA,NA,S,NA,S,S,NA,NA,NA,S,NA,NA,NA,NA,S,R
1773.39351,ERS6403125,S,NA,NA,S,NA,NA,NA,NA,S,NA,S,S,NA,NA,NA,S,NA,NA,NA,NA,S,R
1773.3976,SRR2100178,S,S,NA,S,S,NA,NA,NA,S,NA,R,S,NA,NA,S,NA,NA,NA,S,NA,S,NA
1773.3993,SRR2100195,NA,NA,NA,NA,NA,NA,NA,NA,S,NA,S,NA,NA,NA,NA,NA,NA,NA,S,NA,S,NA
1773.39994,ERS6421544,S,NA,NA,S,NA,NA,NA,NA,S,NA,S,S,NA,NA,NA,S,NA,NA,NA,NA,S,R
1773.40128,ERS6421686,S,NA,NA,S,NA,NA,NA,NA,S,NA,S,S,NA,NA,NA,S,NA,NA,NA,NA,S,R
1773.4015,SRR2100215,NA,NA,NA,NA,S,NA,NA,NA,S,NA,R,NA,NA,NA,NA,NA,NA,NA,S,NA,S,NA
1773.4021,SRR2100221,NA,NA,NA,NA,NA,NA,NA,NA,S,NA,S,NA,NA,NA,NA,NA,NA,NA,S,NA,S,NA
1773.4029,SRR2100229,NA,NA,NA,NA,S,NA,NA,NA,S,NA,R,NA,NA,NA,NA,NA,NA,NA,S,NA,S,NA
1773.40485,ERS6422172,S,NA,NA,S,NA,NA,NA,NA,S,NA,S,S,NA,NA,NA,S,NA,NA,NA,NA,S,R
1773.4085,SRR2100287,NA,NA,NA,NA,NA,NA,NA,NA,S,NA,S,NA,NA,NA,NA,NA,NA,NA,S,NA,S,NA
1773.4123,SRR2100326,NA,NA,NA,NA,NA,NA,NA,NA,S,NA,S,NA,NA,NA,NA,NA,NA,NA,S,NA,S,NA
1773.41626,ERS5282299,S,NA,S,S,NA,S,NA,S,R,S,S,S,S,S,S,S,S,NA,NA,S,S,R
1773.4183,SRR2100387,S,S,NA,S,S,NA,NA,NA,NA,NA,R,S,NA,NA,S,NA,NA,NA,R,NA,R,R
1773.42417,ERS5283140,S,NA,S,S,NA,S,NA,S,R,R,R,R,R,S,R,S,S,NA,NA,R,R,R
1773.42425,ERS5283150,S,NA,S,S,NA,S,NA,R,R,R,S,S,R,S,S,S,S,NA,NA,S,S,S
1773.4289,SRR2100490,NA,NA,NA,NA,NA,NA,NA,NA,S,NA,S,NA,NA,NA,NA,NA,NA,NA,S,NA,S,NA
1773.42978,ERS5301071,S,NA,NA,S,NA,NA,NA,NA,S,NA,R,S,NA,NA,NA,S,NA,NA,NA,NA,R,S
1773.4329,SRR2100529,NA,NA,NA,NA,NA,NA,NA,NA,S,NA,S,NA,NA,NA,NA,NA,NA,NA,S,NA,S,NA
1773.4387,SRR2100590,NA,NA,NA,NA,NA,NA,NA,NA,S,NA,S,NA,NA,NA,NA,NA,NA,NA,S,NA,S,NA
1773.446,SRR2100663,NA,NA,NA,NA,NA,NA,NA,NA,S,NA,S,NA,NA,NA,NA,NA,NA,NA,S,NA,S,NA
1773.4477,SRR2100680,NA,NA,NA,NA,NA,NA,NA,NA,S,NA,S,NA,NA,NA,NA,NA,NA,NA,S,NA,S,NA
1773.4486,SRR2100689,NA,NA,NA,NA,S,NA,NA,NA,S,NA,NA,NA,NA,NA,NA,NA,NA,NA,S,NA,S,NA
1773.4514,SRR2100718,NA,NA,NA,NA,NA,NA,NA,NA,S,NA,S,NA,NA,NA,NA,NA,NA,NA,S,NA,S,NA
1773.4521,SRR2100725,NA,NA,NA,NA,NA,NA,NA,NA,S,NA,S,NA,NA,NA,NA,NA,NA,NA,S,NA,S,NA
1773.453,SRR2100734,NA,NA,NA,NA,NA,NA,NA,NA,S,NA,S,NA,NA,NA,NA,NA,NA,NA,S,NA,S,NA
1773.4593,SRR2100802,NA,NA,NA,NA,NA,NA,NA,NA,S,NA,S,NA,NA,NA,NA,NA,NA,NA,S,NA,S,NA
1773.4789,SRR2101007,NA,NA,NA,NA,NA,NA,NA,NA,S,NA,S,NA,NA,NA,NA,NA,NA,NA,S,NA,S,NA
1773.4792,SRR2101010,NA,NA,NA,NA,NA,NA,NA,NA,S,NA,S,NA,NA,NA,NA,NA,NA,NA,S,NA,S,NA
1773.4885,SRR2101106,NA,NA,NA,NA,NA,NA,NA,NA,S,NA,S,NA,NA,NA,NA,NA,NA,NA,S,NA,S,NA
1773.4912,SRR2101138,NA,NA,NA,NA,NA,NA,NA,NA,S,NA,S,NA,NA,NA,NA,NA,NA,NA,S,NA,S,NA
1773.4916,SRR2101142,NA,NA,NA,NA,NA,NA,NA,NA,S,NA,S,NA,NA,NA,NA,NA,NA,NA,S,NA,S,NA
1773.4977,SRR2101254,NA,NA,NA,NA,NA,NA,NA,NA,S,NA,S,NA,NA,NA,NA,NA,NA,NA,S,NA,S,NA
1773.5685,ERR400557,NA,NA,NA,NA,NA,NA,NA,NA,S,NA,S,NA,NA,NA,NA,NA,NA,NA,S,NA,S,S
1773.5884,SRR2101281,NA,NA,NA,NA,NA,NA,NA,NA,S,NA,S,NA,NA,NA,NA,NA,NA,NA,S,NA,S,S
1773.19038,ERR161180,S,NA,NA,S,NA,NA,NA,NA,S,NA,S,S,NA,NA,NA,S,NA,NA,NA,NA,S,S
1773.1943,ERR176776,S,NA,NA,S,NA,NA,NA,NA,S,NA,S,S,NA,NA,NA,S,NA,NA,NA,NA,S,R
1773.19906,ERR190393,S,NA,NA,S,NA,NA,NA,NA,S,NA,R,S,NA,NA,NA,S,NA,NA,S,NA,S,R
1773.32239,ERS3372039,R,NA,NA,R,NA,NA,NA,NA,R,NA,R,R,NA,NA,NA,S,NA,NA,NA,NA,R,R
1773.3225,ERS3372049,R,NA,NA,R,NA,NA,NA,NA,R,NA,R,R,NA,NA,NA,R,NA,NA,NA,NA,R,R
1773.32262,ERS3372063,R,NA,NA,R,NA,NA,NA,NA,S,NA,R,R,NA,NA,NA,S,NA,NA,NA,NA,R,R
1773.33124,ERS5282335,S,NA,NA,S,NA,NA,NA,NA,S,NA,S,S,NA,NA,NA,S,NA,NA,NA,NA,S,R
1773.33167,ERS5282387,S,NA,NA,S,NA,NA,NA,NA,S,NA,S,S,NA,NA,NA,S,NA,NA,NA,NA,S,S
1773.33308,ERS5282559,S,NA,NA,S,NA,NA,NA,NA,R,NA,R,S,NA,NA,NA,S,NA,NA,NA,NA,R,R
1773.33858,ERS5298192,S,NA,NA,S,NA,NA,NA,NA,R,NA,R,S,NA,NA,NA,S,NA,NA,NA,NA,R,R
1773.34018,ERS5298520,S,NA,NA,S,NA,NA,NA,NA,S,NA,S,S,NA,NA,NA,S,NA,NA,NA,NA,R,R
1773.34059,ERS5298567,S,NA,NA,S,NA,NA,NA,NA,S,NA,S,S,NA,NA,NA,S,NA,NA,NA,NA,R,S
1773.34064,ERS5298570,S,NA,NA,S,NA,NA,NA,NA,S,NA,S,S,NA,NA,NA,S,NA,NA,NA,NA,R,R
1773.34182,ERS5298692,S,NA,NA,S,NA,NA,NA,NA,S,NA,S,S,NA,NA,NA,S,NA,NA,NA,NA,R,R
1773.34289,ERS5298825,S,NA,NA,S,NA,NA,NA,NA,S,NA,S,S,NA,NA,NA,S,NA,NA,NA,NA,R,R
1773.34315,ERS5300545,S,NA,NA,S,NA,NA,NA,NA,S,NA,S,S,NA,NA,NA,S,NA,NA,NA,NA,S,R
1773.34324,ERS5300556,S,NA,NA,S,NA,NA,NA,NA,S,NA,S,S,NA,NA,NA,S,NA,NA,NA,NA,R,R
1773.34419,ERS5300654,S,NA,NA,S,NA,NA,NA,NA,S,NA,S,S,NA,NA,NA,S,NA,NA,NA,NA,R,R
1773.34755,ERS5301317,S,NA,NA,S,NA,NA,NA,NA,S,NA,S,S,NA,NA,NA,S,NA,NA,NA,NA,R,R
1773.35481,ERS5302740,S,NA,NA,S,NA,NA,NA,NA,S,NA,S,S,NA,NA,NA,S,NA,NA,NA,NA,S,R
1773.35494,ERS5302754,S,NA,NA,S,NA,NA,NA,NA,S,NA,R,S,NA,NA,NA,S,NA,NA,NA,NA,R,R
1773.36086,ERS5303605,S,NA,NA,S,NA,NA,NA,NA,S,NA,R,S,NA,NA,NA,R,NA,NA,NA,NA,R,R
1773.36089,ERS5303613,S,NA,NA,S,NA,NA,NA,NA,S,NA,R,S,NA,NA,NA,S,NA,NA,NA,NA,R,R
1773.36205,ERS5303973,S,NA,NA,S,NA,NA,NA,NA,S,NA,S,S,NA,NA,NA,S,NA,NA,NA,NA,S,R
1773.36474,ERS5312371,S,NA,NA,S,NA,NA,NA,NA,S,NA,R,S,NA,NA,NA,S,NA,NA,NA,NA,R,R
1773.36492,ERS5312404,S,NA,NA,S,NA,NA,NA,NA,R,NA,R,S,NA,NA,NA,S,NA,NA,NA,NA,R,R
1773.36506,ERS5312411,S,NA,NA,S,NA,NA,NA,NA,S,NA,S,S,NA,NA,NA,S,NA,NA,NA,NA,R,R
1773.37728,ERS5319150,S,NA,NA,S,NA,NA,NA,NA,S,NA,R,S,NA,NA,NA,S,NA,NA,NA,NA,S,R
1773.38584,ERS5320409,S,NA,NA,S,NA,NA,NA,NA,S,NA,S,S,NA,NA,NA,S,NA,NA,NA,NA,S,R
1773.39353,ERS6403128,S,NA,NA,S,NA,NA,NA,NA,S,NA,S,S,NA,NA,NA,S,NA,NA,NA,NA,R,R
1773.3955,ERS6403357,S,NA,NA,S,NA,NA,NA,NA,S,NA,R,S,NA,NA,NA,S,NA,NA,NA,NA,R,R
1773.3957,ERS6403381,R,NA,NA,R,NA,NA,NA,NA,R,NA,R,R,NA,NA,NA,S,NA,NA,NA,NA,R,R
1773.39712,ERS6403542,S,NA,NA,S,NA,NA,NA,NA,S,NA,S,S,NA,NA,NA,S,NA,NA,NA,NA,S,R
1773.3973,ERS6403546,S,NA,NA,S,NA,NA,NA,NA,S,NA,R,S,NA,NA,NA,S,NA,NA,NA,NA,R,R
1773.40519,ERS6422209,S,NA,NA,S,NA,NA,NA,NA,S,NA,S,S,NA,NA,NA,S,NA,NA,NA,NA,S,R
1773.42109,ERS5282812,S,NA,S,S,NA,S,NA,S,R,R,R,S,S,S,S,S,S,NA,NA,S,R,R
1773.42233,ERS5282939,S,NA,S,S,NA,S,NA,S,S,S,S,S,S,S,S,S,S,NA,NA,S,S,R
1773.42304,ERS5283020,S,NA,S,S,NA,S,NA,S,R,R,R,S,R,S,R,S,R,NA,NA,R,R,S
1773.42334,ERS5283051,S,NA,S,S,NA,S,NA,S,S,S,S,S,R,S,S,S,S,NA,NA,S,S,S
1773.42625,ERR6929518,S,NA,NA,S,NA,NA,NA,NA,S,NA,S,S,NA,NA,NA,S,NA,NA,NA,NA,R,S
1773.4294,ERS5300663,S,NA,NA,S,NA,NA,NA,NA,S,NA,S,S,NA,NA,NA,S,NA,NA,NA,NA,R,R
1773.42987,ERS5301195,S,NA,NA,S,NA,NA,NA,NA,S,NA,S,S,NA,NA,NA,S,NA,NA,NA,NA,R,R
1773.43273,ERS1987281,S,NA,NA,S,NA,NA,NA,NA,S,NA,S,S,NA,NA,NA,S,NA,NA,NA,NA,S,R
1773.19877,ERR190375,S,NA,NA,S,NA,NA,NA,NA,S,NA,S,S,NA,NA,NA,S,NA,NA,NA,NA,S,R
1773.20957,ERR3256132,S,NA,NA,S,NA,NA,NA,NA,S,NA,R,S,NA,NA,NA,S,NA,NA,NA,NA,R,R
1773.32155,ERS3371947,S,NA,NA,S,NA,NA,NA,NA,S,NA,R,S,NA,NA,NA,S,NA,NA,NA,NA,R,R
1773.34569,ERS5300843,S,NA,NA,S,NA,NA,NA,NA,S,NA,S,S,NA,NA,NA,S,NA,NA,NA,NA,S,R
1773.35422,ERS5302661,S,NA,NA,S,NA,NA,NA,NA,S,NA,S,S,NA,NA,NA,S,NA,NA,NA,NA,S,R
1773.35886,ERS5303366,S,NA,NA,S,NA,NA,NA,NA,R,NA,S,S,NA,NA,NA,S,NA,NA,NA,NA,S,R
1773.40338,ERS6421975,S,NA,NA,S,NA,NA,NA,NA,S,NA,R,S,NA,NA,NA,S,NA,NA,NA,NA,R,R
1773.42386,ERS5283119,S,NA,S,S,NA,S,NA,S,S,S,S,S,R,S,S,S,S,NA,NA,S,S,R
1773.42632,ERR6929528,S,NA,NA,S,NA,NA,NA,NA,S,NA,S,S,NA,NA,NA,S,NA,NA,NA,NA,R,S
1773.43047,ERS5301357,S,NA,NA,R,NA,NA,NA,NA,R,NA,R,S,NA,NA,NA,S,NA,NA,NA,NA,R,R
1773.43237,ERS3372018,S,NA,NA,S,NA,NA,NA,NA,S,NA,R,S,NA,NA,NA,S,NA,NA,NA,NA,R,R
1773.18996,ERR161144,S,NA,NA,S,NA,NA,NA,NA,S,NA,S,S,NA,NA,NA,S,NA,NA,S,NA,S,S
1773.1941,ERR176752,S,NA,NA,S,NA,NA,NA,NA,S,NA,R,S,NA,NA,NA,S,NA,NA,S,NA,S,R
1773.19419,ERR176755,S,NA,NA,S,NA,NA,NA,NA,S,NA,S,S,NA,NA,NA,S,NA,NA,S,NA,S,R
1773.19494,ERR181690,S,NA,NA,S,NA,NA,NA,NA,S,NA,S,S,NA,NA,NA,S,NA,NA,NA,NA,S,R
1773.19881,ERR190380,S,NA,NA,S,NA,NA,NA,NA,S,NA,S,S,NA,NA,NA,S,NA,NA,NA,NA,S,R
1773.32169,ERS3371959,S,NA,NA,S,NA,NA,NA,NA,S,NA,R,S,NA,NA,NA,S,NA,NA,NA,NA,R,R
1773.334,ERS5282682,S,NA,NA,S,NA,NA,NA,NA,S,NA,S,S,NA,NA,NA,S,NA,NA,NA,NA,S,R
1773.33972,ERS5298328,S,NA,NA,S,NA,NA,NA,NA,S,NA,S,S,NA,NA,NA,S,NA,NA,NA,NA,R,R
1773.3682,ERS5317257,S,NA,NA,S,NA,NA,NA,NA,S,NA,S,S,NA,NA,NA,S,NA,NA,NA,NA,R,R
1773.36937,ERS5317655,S,NA,NA,S,NA,NA,NA,NA,S,NA,S,S,NA,NA,NA,S,NA,NA,NA,NA,S,S
1773.39514,ERS6403313,S,NA,NA,R,NA,NA,NA,NA,S,NA,R,S,NA,NA,NA,S,NA,NA,NA,NA,R,R
1773.36513,ERS5312418,S,NA,NA,S,NA,NA,NA,NA,S,NA,S,S,NA,NA,NA,S,NA,NA,NA,NA,R,R
1773.36875,ERS5317578,S,NA,NA,S,NA,NA,NA,NA,S,NA,S,S,NA,NA,NA,S,NA,NA,NA,NA,S,S
1773.37894,ERS5319523,S,NA,NA,S,NA,NA,NA,NA,S,NA,S,S,NA,NA,NA,S,NA,NA,NA,NA,S,S
1773.41756,ERS5282434,S,NA,S,S,NA,S,NA,S,S,S,S,S,S,S,S,S,S,NA,NA,S,R,R
1773.20305,ERR245777,S,NA,NA,S,NA,NA,NA,NA,S,NA,R,S,NA,NA,NA,S,NA,NA,S,NA,S,S
1773.34292,ERS5298831,S,NA,NA,S,NA,NA,NA,NA,S,NA,S,S,NA,NA,NA,S,NA,NA,NA,NA,R,R
1773.43494,ERS5317514,S,NA,NA,S,NA,NA,NA,NA,S,NA,S,S,NA,NA,NA,S,NA,NA,NA,NA,S,S
1773.19872,ERR190366,S,NA,NA,S,NA,NA,NA,NA,S,NA,S,S,NA,NA,NA,S,NA,NA,NA,NA,S,R
1773.31776,ERS3371536,S,NA,NA,S,NA,NA,NA,NA,S,NA,R,S,NA,NA,NA,S,NA,NA,NA,NA,R,R
1773.3181,ERS3371573,R,NA,NA,R,NA,NA,NA,NA,S,NA,R,R,NA,NA,NA,S,NA,NA,NA,NA,R,R
1773.31917,ERS3371684,S,NA,NA,S,NA,NA,NA,NA,S,NA,S,S,NA,NA,NA,S,NA,NA,NA,NA,S,R
1773.32153,ERS3371943,S,NA,NA,S,NA,NA,NA,NA,S,NA,R,S,NA,NA,NA,S,NA,NA,NA,NA,R,R
1773.32222,ERS3372021,S,NA,NA,S,NA,NA,NA,NA,S,NA,R,S,NA,NA,NA,S,NA,NA,NA,NA,R,R
1773.3405,ERS5298554,S,NA,NA,S,NA,NA,NA,NA,S,NA,R,S,NA,NA,NA,S,NA,NA,NA,NA,R,R
1773.3424,ERS5298779,S,NA,NA,S,NA,NA,NA,NA,S,NA,S,S,NA,NA,NA,S,NA,NA,NA,NA,R,R
1773.34554,ERS5300831,S,NA,NA,S,NA,NA,NA,NA,S,NA,S,S,NA,NA,NA,R,NA,NA,NA,NA,R,R
1773.34793,ERS5301846,S,NA,NA,S,NA,NA,NA,NA,S,NA,S,S,NA,NA,NA,S,NA,NA,NA,NA,S,R
1773.34848,ERS5301919,S,NA,NA,S,NA,NA,NA,NA,S,NA,S,S,NA,NA,NA,S,NA,NA,NA,NA,S,R
1773.35313,ERS5302539,S,NA,NA,S,NA,NA,NA,NA,S,NA,S,S,NA,NA,NA,S,NA,NA,NA,NA,S,R
1773.3549,ERS5302749,S,NA,NA,S,NA,NA,NA,NA,S,NA,R,S,NA,NA,NA,S,NA,NA,NA,NA,R,R
1773.35589,ERS5302870,S,NA,NA,S,NA,NA,NA,NA,S,NA,S,S,NA,NA,NA,S,NA,NA,NA,NA,S,R
1773.36483,ERS5312375,S,NA,NA,S,NA,NA,NA,NA,S,NA,R,S,NA,NA,NA,S,NA,NA,NA,NA,S,R
1773.37931,ERS5319667,R,NA,NA,R,NA,NA,NA,NA,R,NA,R,R,NA,NA,NA,S,NA,NA,NA,NA,R,R
1773.38477,ERS5320286,S,NA,NA,S,NA,NA,NA,NA,S,NA,S,S,NA,NA,NA,S,NA,NA,NA,NA,S,R
1773.39568,ERS6403387,S,NA,NA,S,NA,NA,NA,NA,S,NA,S,S,NA,NA,NA,S,NA,NA,NA,NA,R,R
1773.3973,SRR2100175,NA,NA,NA,NA,S,NA,NA,NA,S,NA,R,NA,NA,NA,NA,NA,NA,NA,S,NA,S,NA
1773.40314,ERS6421926,S,NA,NA,S,NA,NA,NA,NA,S,NA,S,S,NA,NA,NA,S,NA,NA,NA,NA,S,R
1773.40341,ERS6421947,S,NA,NA,S,NA,NA,NA,NA,S,NA,R,S,NA,NA,NA,S,NA,NA,NA,NA,R,R
1773.40345,ERS6421949,S,NA,NA,S,NA,NA,NA,NA,S,NA,R,S,NA,NA,NA,S,NA,NA,NA,NA,R,R
1773.4035,ERS6421982,S,NA,NA,S,NA,NA,NA,NA,S,NA,R,S,NA,NA,NA,S,NA,NA,NA,NA,S,R
1773.4038,SRR2100238,S,S,NA,NA,S,NA,NA,NA,S,NA,R,S,NA,NA,S,NA,NA,NA,R,NA,R,NA
1773.40481,ERS6422179,S,NA,NA,S,NA,NA,NA,NA,S,NA,S,S,NA,NA,NA,S,NA,NA,NA,NA,S,R
1773.40591,ERR3323721,S,NA,NA,S,NA,NA,NA,NA,S,NA,R,S,NA,NA,NA,S,NA,NA,NA,NA,R,R
1773.4092,SRR2100294,S,S,NA,S,NA,NA,NA,NA,S,NA,R,S,NA,NA,S,NA,NA,NA,R,NA,R,NA
1773.4095,SRR2100297,NA,NA,NA,NA,NA,NA,NA,NA,S,NA,S,NA,NA,NA,NA,NA,NA,NA,S,NA,S,NA
1773.4118,SRR2100321,NA,NA,NA,NA,S,NA,NA,NA,S,NA,R,NA,NA,NA,NA,NA,NA,NA,S,NA,S,NA
1773.4119,SRR2100322,NA,NA,NA,NA,NA,NA,NA,NA,S,NA,S,NA,NA,NA,NA,NA,NA,NA,S,NA,S,NA
1773.4136,SRR2100340,NA,NA,NA,NA,S,NA,NA,NA,S,NA,R,NA,NA,NA,NA,NA,NA,NA,S,NA,S,NA
1773.4139,SRR2100343,NA,NA,NA,NA,S,NA,NA,NA,S,NA,R,NA,NA,NA,NA,NA,NA,NA,S,NA,S,NA
1773.4145,SRR2100349,S,S,NA,S,S,NA,NA,NA,S,NA,R,S,NA,NA,S,NA,NA,NA,S,NA,R,S
1773.4148,SRR2100352,S,S,NA,S,S,NA,NA,NA,R,NA,R,S,NA,NA,S,NA,NA,NA,R,NA,R,R
1773.4169,SRR2100373,NA,NA,NA,NA,NA,NA,NA,NA,S,NA,S,NA,NA,NA,NA,NA,NA,NA,S,NA,S,NA
1773.43057,ERS5319642,S,NA,NA,S,NA,NA,NA,NA,S,NA,R,S,NA,NA,NA,S,NA,NA,NA,NA,R,R
1773.4308,SRR2100508,NA,NA,NA,NA,NA,NA,NA,NA,S,NA,S,NA,NA,NA,NA,NA,NA,NA,S,NA,S,NA
1773.43259,ERS3372081,R,NA,NA,R,NA,NA,NA,NA,S,NA,S,R,NA,NA,NA,R,NA,NA,NA,NA,R,R
1773.43268,ERS1987246,S,NA,NA,S,NA,NA,NA,NA,S,NA,S,S,NA,NA,NA,S,NA,NA,NA,NA,S,R
1773.4343,SRR2100545,NA,NA,NA,NA,NA,NA,NA,NA,S,NA,S,NA,NA,NA,NA,NA,NA,NA,S,NA,S,NA
1773.4368,SRR2100570,NA,NA,NA,NA,NA,NA,NA,NA,S,NA,S,NA,NA,NA,NA,NA,NA,NA,S,NA,S,NA
1773.4419,SRR2100622,NA,NA,NA,NA,NA,NA,NA,NA,S,NA,S,NA,NA,NA,NA,NA,NA,NA,S,NA,S,NA
1773.4423,SRR2100626,NA,NA,NA,NA,NA,NA,NA,NA,S,NA,S,NA,NA,NA,NA,NA,NA,NA,S,NA,S,NA
1773.4439,SRR2100642,NA,NA,NA,NA,NA,NA,NA,NA,S,NA,S,NA,NA,NA,NA,NA,NA,NA,S,NA,S,NA
1773.4537,SRR2100742,NA,NA,NA,NA,NA,NA,NA,NA,S,NA,S,NA,NA,NA,NA,NA,NA,NA,S,NA,S,NA
1773.4699,SRR2100913,NA,NA,NA,NA,NA,NA,NA,NA,S,NA,S,NA,NA,NA,NA,NA,NA,NA,S,NA,S,NA
1773.4708,SRR2100924,NA,NA,NA,NA,NA,NA,NA,NA,S,NA,S,NA,NA,NA,NA,NA,NA,NA,S,NA,S,NA
1773.4723,SRR2100939,NA,NA,NA,NA,NA,NA,NA,NA,S,NA,S,NA,NA,NA,NA,NA,NA,NA,S,NA,S,NA
1773.4773,SRR2100989,NA,NA,NA,NA,NA,NA,NA,NA,S,NA,S,NA,NA,NA,NA,NA,NA,NA,S,NA,S,NA
1773.4787,SRR2101005,NA,NA,NA,NA,NA,NA,NA,NA,S,NA,S,NA,NA,NA,NA,NA,NA,NA,S,NA,S,NA
1773.4905,SRR2101130,NA,NA,NA,NA,NA,NA,NA,NA,S,NA,S,NA,NA,NA,NA,NA,NA,NA,S,NA,S,NA
1773.4906,SRR2101131,NA,NA,NA,NA,NA,NA,NA,NA,S,NA,S,NA,NA,NA,NA,NA,NA,NA,S,NA,S,NA
1773.4907,SRR2101133,NA,NA,NA,NA,NA,NA,NA,NA,S,NA,S,NA,NA,NA,NA,NA,NA,NA,S,NA,S,NA
1773.4913,SRR2101139,NA,NA,NA,NA,NA,NA,NA,NA,S,NA,S,NA,NA,NA,NA,NA,NA,NA,S,NA,S,NA
1773.5921,SRR2101818,NA,NA,NA,NA,NA,NA,NA,NA,S,NA,S,NA,NA,NA,NA,NA,NA,NA,S,NA,S,S
1773.5925,SRR2101822,NA,NA,NA,NA,NA,NA,NA,NA,S,NA,S,NA,NA,NA,NA,NA,NA,NA,S,NA,S,NA
1773.31254,ERS1987239,S,NA,NA,S,NA,NA,NA,NA,S,NA,S,S,NA,NA,NA,S,NA,NA,NA,NA,S,R
1773.31785,ERS3371545,S,NA,NA,S,NA,NA,NA,NA,S,NA,S,S,NA,NA,NA,S,NA,NA,NA,NA,R,R
1773.31833,ERS3371595,S,NA,NA,S,NA,NA,NA,NA,S,NA,S,S,NA,NA,NA,S,NA,NA,NA,NA,R,R
1773.31863,ERS3371629,S,NA,NA,S,NA,NA,NA,NA,S,NA,R,S,NA,NA,NA,S,NA,NA,NA,NA,R,R
1773.31886,ERS3371653,R,NA,NA,R,NA,NA,NA,NA,S,NA,R,R,NA,NA,NA,S,NA,NA,NA,NA,R,R
1773.32157,ERS3371948,S,NA,NA,S,NA,NA,NA,NA,S,NA,R,S,NA,NA,NA,S,NA,NA,NA,NA,R,R
1773.32194,ERS3371984,S,NA,NA,S,NA,NA,NA,NA,S,NA,R,S,NA,NA,NA,S,NA,NA,NA,NA,R,R
1773.32208,ERS3372001,S,NA,NA,S,NA,NA,NA,NA,S,NA,R,S,NA,NA,NA,S,NA,NA,NA,NA,R,R
1773.32247,ERS3372048,R,NA,NA,R,NA,NA,NA,NA,R,NA,R,R,NA,NA,NA,R,NA,NA,NA,NA,R,R
1773.32265,ERS3372064,R,NA,NA,R,NA,NA,NA,NA,R,NA,R,R,NA,NA,NA,S,NA,NA,NA,NA,R,R
1773.32284,ERS3372087,S,NA,NA,S,NA,NA,NA,NA,S,NA,R,S,NA,NA,NA,S,NA,NA,NA,NA,R,R
1773.32445,ERS5281425,S,NA,NA,S,NA,NA,NA,NA,S,NA,S,S,NA,NA,NA,S,NA,NA,NA,NA,S,S
1773.339,ERS5298240,S,NA,NA,S,NA,NA,NA,NA,S,NA,S,S,NA,NA,NA,S,NA,NA,NA,NA,R,R
1773.34079,ERS5298583,S,NA,NA,S,NA,NA,NA,NA,S,NA,S,S,NA,NA,NA,S,NA,NA,NA,NA,S,R
1773.34088,ERS5298595,S,NA,NA,S,NA,NA,NA,NA,S,NA,S,S,NA,NA,NA,S,NA,NA,NA,NA,R,R
1773.34248,ERS5298782,S,NA,NA,S,NA,NA,NA,NA,S,NA,S,S,NA,NA,NA,S,NA,NA,NA,NA,S,R
1773.34328,ERS5300558,S,NA,NA,S,NA,NA,NA,NA,S,NA,S,S,NA,NA,NA,S,NA,NA,NA,NA,R,R
1773.34335,ERS5300566,S,NA,NA,S,NA,NA,NA,NA,S,NA,S,S,NA,NA,NA,S,NA,NA,NA,NA,R,R
1773.34364,ERS5300589,S,NA,NA,S,NA,NA,NA,NA,S,NA,S,S,NA,NA,NA,S,NA,NA,NA,NA,S,R
1773.34435,ERS5300685,S,NA,NA,S,NA,NA,NA,NA,S,NA,R,S,NA,NA,NA,S,NA,NA,NA,NA,R,R
1773.34476,ERS5300720,S,NA,NA,S,NA,NA,NA,NA,S,NA,S,S,NA,NA,NA,S,NA,NA,NA,NA,R,R
1773.34553,ERS5300830,S,NA,NA,S,NA,NA,NA,NA,S,NA,R,S,NA,NA,NA,S,NA,NA,NA,NA,R,R
1773.34563,ERS5300840,S,NA,NA,S,NA,NA,NA,NA,S,NA,S,S,NA,NA,NA,S,NA,NA,NA,NA,S,R
1773.34726,ERS5301243,S,NA,NA,S,NA,NA,NA,NA,S,NA,S,S,NA,NA,NA,S,NA,NA,NA,NA,R,R
1773.34852,ERS5301924,S,NA,NA,S,NA,NA,NA,NA,S,NA,S,S,NA,NA,NA,S,NA,NA,NA,NA,S,R
1773.35839,ERS5303242,S,NA,NA,S,NA,NA,NA,NA,S,NA,R,S,NA,NA,NA,S,NA,NA,NA,NA,R,R
1773.36307,ERS5304117,S,NA,NA,S,NA,NA,NA,NA,S,NA,S,S,NA,NA,NA,S,NA,NA,NA,NA,R,R
1773.36322,ERS5304140,S,NA,NA,S,NA,NA,NA,NA,S,NA,S,S,NA,NA,NA,S,NA,NA,NA,NA,R,R
1773.36644,ERS5312556,S,NA,NA,S,NA,NA,NA,NA,S,NA,S,S,NA,NA,NA,S,NA,NA,NA,NA,R,R
1773.39462,ERS6403254,S,NA,NA,S,NA,NA,NA,NA,R,NA,S,S,NA,NA,NA,S,NA,NA,NA,NA,R,R
1773.39496,ERS6403295,S,NA,NA,S,NA,NA,NA,NA,R,NA,R,S,NA,NA,NA,S,NA,NA,NA,NA,R,R
1773.39565,ERS6403385,S,NA,NA,S,NA,NA,NA,NA,S,NA,R,S,NA,NA,NA,S,NA,NA,NA,NA,R,R
1773.40276,ERS6421887,S,NA,NA,S,NA,NA,NA,NA,R,NA,R,S,NA,NA,NA,S,NA,NA,NA,NA,R,R
1773.40471,ERS6422170,S,NA,NA,S,NA,NA,NA,NA,S,NA,S,S,NA,NA,NA,S,NA,NA,NA,NA,S,R
1773.40486,ERS6422182,S,NA,NA,S,NA,NA,NA,NA,S,NA,S,S,NA,NA,NA,S,NA,NA,NA,NA,R,R
1773.40942,ERS5281501,S,NA,S,S,NA,S,NA,S,R,S,R,S,R,S,S,S,S,NA,NA,R,R,R
1773.42111,ERS5282814,S,NA,S,S,NA,S,NA,S,S,S,R,S,R,S,S,S,S,NA,NA,S,R,R
1773.42241,ERS5282946,S,NA,S,S,NA,S,NA,S,S,S,S,S,R,S,R,R,S,NA,NA,S,S,S
1773.42303,ERS5283017,S,NA,S,S,NA,S,NA,S,S,S,S,S,S,S,S,S,S,NA,NA,S,S,S
1773.42381,ERS5283104,S,NA,S,S,NA,R,NA,R,S,R,R,S,R,R,R,S,S,NA,NA,S,S,S
1773.42951,ERS5300675,S,NA,NA,R,NA,NA,NA,NA,R,NA,R,S,NA,NA,NA,S,NA,NA,NA,NA,R,R
1773.42992,ERS5301219,S,NA,NA,S,NA,NA,NA,NA,S,NA,S,S,NA,NA,NA,S,NA,NA,NA,NA,R,R
1773.43216,ERS5302663,S,NA,NA,S,NA,NA,NA,NA,S,NA,S,S,NA,NA,NA,S,NA,NA,NA,NA,S,R
1773.43388,ERS5317361,S,NA,NA,S,NA,NA,NA,NA,S,NA,R,S,NA,NA,NA,S,NA,NA,NA,NA,R,R
1773.43612,ERS6403369,S,NA,NA,S,NA,NA,NA,NA,S,NA,R,S,NA,NA,NA,S,NA,NA,NA,NA,S,R
1773.19059,ERR163934,S,NA,NA,S,NA,NA,NA,NA,S,NA,S,S,NA,NA,NA,S,NA,NA,NA,NA,S,R
1773.19423,ERR176753,S,NA,NA,S,NA,NA,NA,NA,S,NA,S,S,NA,NA,NA,S,NA,NA,NA,NA,S,S
1773.19871,ERR190365,S,NA,NA,S,NA,NA,NA,NA,S,NA,R,S,NA,NA,NA,S,NA,NA,S,NA,S,S
1773.23428,ERR2120281,S,NA,NA,S,NA,NA,NA,NA,S,NA,S,S,NA,NA,NA,S,NA,NA,S,NA,S,R
1773.32161,ERS3371950,S,NA,NA,S,NA,NA,NA,NA,S,NA,R,S,NA,NA,NA,S,NA,NA,NA,NA,R,R
1773.33244,ERS5282493,S,NA,NA,S,NA,NA,NA,NA,R,NA,R,S,NA,NA,NA,S,NA,NA,NA,NA,R,R
1773.34015,ERS5298518,S,NA,NA,S,NA,NA,NA,NA,S,NA,S,S,NA,NA,NA,S,NA,NA,NA,NA,R,R
1773.34362,ERS5300596,S,NA,NA,S,NA,NA,NA,NA,S,NA,S,S,NA,NA,NA,S,NA,NA,NA,NA,R,R
1773.34467,ERS5300719,S,NA,NA,S,NA,NA,NA,NA,S,NA,S,S,NA,NA,NA,S,NA,NA,NA,NA,R,R
1773.34498,ERS5300767,S,NA,NA,S,NA,NA,NA,NA,S,NA,S,S,NA,NA,NA,S,NA,NA,NA,NA,S,R
1773.34764,ERS5301337,S,NA,NA,S,NA,NA,NA,NA,S,NA,S,S,NA,NA,NA,S,NA,NA,NA,NA,R,R
1773.34817,ERS5301883,S,NA,NA,S,NA,NA,NA,NA,S,NA,S,S,NA,NA,NA,S,NA,NA,NA,NA,R,R
1773.34824,ERS5301888,S,NA,NA,S,NA,NA,NA,NA,S,NA,S,S,NA,NA,NA,S,NA,NA,NA,NA,S,R
1773.36806,ERS5317242,S,NA,NA,S,NA,NA,NA,NA,S,NA,S,S,NA,NA,NA,S,NA,NA,NA,NA,S,S
1773.42091,ERS5282794,S,NA,S,S,NA,S,NA,S,S,S,S,S,S,S,S,S,S,NA,NA,S,S,S
1773.42323,ERS5283038,S,NA,S,S,NA,S,NA,S,R,S,R,S,R,S,R,R,S,NA,NA,R,R,R
1773.42615,ERS5282677,S,NA,S,S,NA,S,NA,S,S,R,S,S,S,S,S,S,S,NA,NA,R,S,S
1773.43638,ERS6403151,S,NA,NA,S,NA,NA,NA,NA,S,NA,S,S,NA,NA,NA,S,NA,NA,NA,NA,S,R
1773.18588,ERR1035253,R,NA,NA,R,NA,NA,NA,NA,S,NA,R,R,NA,NA,NA,S,NA,NA,NA,NA,R,R
1773.18594,ERR1035255,S,NA,NA,S,NA,NA,NA,NA,S,NA,S,S,NA,NA,NA,S,NA,NA,S,NA,R,R
1773.19869,ERR190361,S,NA,NA,S,NA,NA,NA,NA,S,NA,S,S,NA,NA,NA,S,NA,NA,S,NA,S,S
1773.32144,ERS3371936,S,NA,NA,S,NA,NA,NA,NA,S,NA,R,S,NA,NA,NA,S,NA,NA,NA,NA,R,R
1773.32314,ERS5281214,S,NA,NA,S,NA,NA,NA,NA,S,NA,S,S,NA,NA,NA,S,NA,NA,NA,NA,R,R
1773.34163,ERS5298673,S,NA,NA,S,NA,NA,NA,NA,S,NA,S,S,NA,NA,NA,S,NA,NA,NA,NA,S,R
1773.3454,ERS5300812,S,NA,NA,S,NA,NA,NA,NA,S,NA,S,S,NA,NA,NA,S,NA,NA,NA,NA,S,R
1773.36207,ERS5303972,S,NA,NA,S,NA,NA,NA,NA,S,NA,S,S,NA,NA,NA,S,NA,NA,NA,NA,S,R
1773.4337,ERS5317378,S,NA,NA,S,NA,NA,NA,NA,S,NA,S,S,NA,NA,NA,S,NA,NA,NA,NA,S,S
1773.19502,ERR181697,S,NA,NA,S,NA,NA,NA,NA,S,NA,S,S,NA,NA,NA,S,NA,NA,NA,NA,S,R
1773.19884,ERR190376,S,NA,NA,S,NA,NA,NA,NA,S,NA,S,S,NA,NA,NA,S,NA,NA,NA,NA,S,R
1773.31762,ERS3371525,S,NA,NA,S,NA,NA,NA,NA,S,NA,S,S,NA,NA,NA,S,NA,NA,NA,NA,R,R
1773.32184,ERS3371978,S,NA,NA,S,NA,NA,NA,NA,S,NA,R,S,NA,NA,NA,S,NA,NA,NA,NA,R,R
1773.32266,ERS3372068,S,NA,NA,S,NA,NA,NA,NA,S,NA,R,S,NA,NA,NA,S,NA,NA,NA,NA,R,R
1773.32396,ERS5281331,S,NA,NA,S,NA,NA,NA,NA,S,NA,S,S,NA,NA,NA,S,NA,NA,NA,NA,S,S
1773.33452,ERS5282744,S,NA,NA,S,NA,NA,NA,NA,S,NA,S,S,NA,NA,NA,S,NA,NA,NA,NA,S,S
1773.34234,ERS5298764,S,NA,NA,S,NA,NA,NA,NA,S,NA,S,S,NA,NA,NA,S,NA,NA,NA,NA,R,R
1773.34442,ERS5300691,S,NA,NA,S,NA,NA,NA,NA,S,NA,R,S,NA,NA,NA,S,NA,NA,NA,NA,R,R
1773.34558,ERS5300837,S,NA,NA,S,NA,NA,NA,NA,S,NA,S,S,NA,NA,NA,S,NA,NA,NA,NA,R,R
1773.34582,ERS5300864,S,NA,NA,S,NA,NA,NA,NA,S,NA,S,S,NA,NA,NA,S,NA,NA,NA,NA,S,R
1773.34679,ERS5301179,S,NA,NA,S,NA,NA,NA,NA,S,NA,S,S,NA,NA,NA,S,NA,NA,NA,NA,R,R
1773.34681,ERS5301181,S,NA,NA,S,NA,NA,NA,NA,S,NA,S,S,NA,NA,NA,S,NA,NA,NA,NA,R,R
1773.34821,ERS5301885,S,NA,NA,S,NA,NA,NA,NA,R,NA,R,S,NA,NA,NA,S,NA,NA,NA,NA,R,R
1773.34999,ERS5302136,S,NA,NA,S,NA,NA,NA,NA,S,NA,S,S,NA,NA,NA,S,NA,NA,NA,NA,S,R
1773.35161,ERS5302350,S,NA,NA,S,NA,NA,NA,NA,S,NA,S,S,NA,NA,NA,S,NA,NA,NA,NA,S,R
1773.35167,ERS5302355,S,NA,NA,S,NA,NA,NA,NA,S,NA,S,S,NA,NA,NA,S,NA,NA,NA,NA,S,R
1773.35319,ERS5302549,S,NA,NA,S,NA,NA,NA,NA,S,NA,S,S,NA,NA,NA,S,NA,NA,NA,NA,S,R
1773.35478,ERS5302739,S,NA,NA,S,NA,NA,NA,NA,S,NA,S,S,NA,NA,NA,S,NA,NA,NA,NA,S,R
1773.35501,ERS5302760,S,NA,NA,S,NA,NA,NA,NA,S,NA,S,S,NA,NA,NA,S,NA,NA,NA,NA,S,R
1773.35692,ERS5303044,S,NA,NA,S,NA,NA,NA,NA,S,NA,R,S,NA,NA,NA,S,NA,NA,NA,NA,S,R
1773.35719,ERS5303085,S,NA,NA,S,NA,NA,NA,NA,S,NA,R,S,NA,NA,NA,S,NA,NA,NA,NA,R,R
1773.36061,ERS5303583,S,NA,NA,S,NA,NA,NA,NA,S,NA,R,S,NA,NA,NA,S,NA,NA,NA,NA,S,R
1773.36075,ERS5303601,S,NA,NA,S,NA,NA,NA,NA,S,NA,R,S,NA,NA,NA,S,NA,NA,NA,NA,R,R
1773.37063,ERS5317796,S,NA,NA,S,NA,NA,NA,NA,S,NA,S,S,NA,NA,NA,S,NA,NA,NA,NA,R,R
1773.3792,ERS5319658,S,NA,NA,S,NA,NA,NA,NA,R,NA,R,S,NA,NA,NA,S,NA,NA,NA,NA,R,R
1773.37983,ERS5319722,S,NA,NA,S,NA,NA,NA,NA,S,NA,R,S,NA,NA,NA,S,NA,NA,NA,NA,R,R
1773.38655,ERS5320478,S,NA,NA,S,NA,NA,NA,NA,S,NA,S,S,NA,NA,NA,S,NA,NA,NA,NA,R,R
1773.3946,SRR2100148,NA,NA,NA,NA,S,NA,NA,NA,S,NA,R,NA,NA,NA,NA,NA,NA,NA,S,NA,S,NA
1773.3953,SRR2100155,NA,NA,NA,NA,NA,NA,NA,NA,S,NA,S,NA,NA,NA,NA,NA,NA,NA,S,NA,S,NA
1773.3962,SRR2100164,NA,NA,NA,NA,NA,NA,NA,NA,S,NA,S,NA,NA,NA,NA,NA,NA,NA,S,NA,S,NA
1773.3971,ERS6403538,S,NA,NA,S,NA,NA,NA,NA,S,NA,S,S,NA,NA,NA,S,NA,NA,NA,NA,S,S
1773.3972,ERS6403558,S,NA,NA,S,NA,NA,NA,NA,S,NA,S,S,NA,NA,NA,S,NA,NA,NA,NA,R,R
1773.402,SRR2100220,NA,NA,NA,NA,S,NA,NA,NA,S,NA,R,NA,NA,NA,NA,NA,NA,NA,S,NA,S,NA
1773.4026,SRR2100226,S,S,NA,S,S,NA,NA,NA,S,NA,S,S,NA,NA,S,NA,NA,NA,S,NA,R,S
1773.40433,ERS6422130,S,NA,NA,S,NA,NA,NA,NA,S,NA,S,S,NA,NA,NA,S,NA,NA,NA,NA,S,R
1773.4044,SRR2100245,NA,NA,NA,NA,S,NA,NA,NA,S,NA,R,NA,NA,NA,NA,NA,NA,NA,S,NA,S,NA
1773.40458,ERS6422151,S,NA,NA,S,NA,NA,NA,NA,S,NA,S,S,NA,NA,NA,S,NA,NA,NA,NA,R,R
1773.406,SRR2100261,NA,NA,NA,NA,S,NA,NA,NA,S,NA,R,NA,NA,NA,NA,NA,NA,NA,S,NA,S,NA
1773.4063,SRR2100264,NA,NA,NA,NA,NA,NA,NA,NA,S,NA,S,NA,NA,NA,NA,NA,NA,NA,S,NA,S,NA
1773.4083,SRR2100285,NA,NA,NA,NA,NA,NA,NA,NA,S,NA,S,NA,NA,NA,NA,NA,NA,NA,S,NA,S,NA
1773.4157,SRR2100362,NA,NA,NA,NA,NA,NA,NA,NA,S,NA,S,NA,NA,NA,NA,NA,NA,NA,S,NA,S,NA
1773.4179,SRR2100383,NA,NA,NA,NA,S,NA,NA,NA,S,NA,R,NA,NA,NA,NA,NA,NA,NA,S,NA,S,NA
1773.42688,ERR7361956,S,NA,NA,S,NA,NA,NA,NA,S,NA,S,S,NA,NA,NA,S,NA,NA,NA,NA,R,R
1773.4315,SRR2100515,NA,NA,NA,NA,NA,NA,NA,NA,S,NA,S,NA,NA,NA,NA,NA,NA,NA,S,NA,S,NA
1773.4322,SRR2100522,NA,NA,NA,NA,NA,NA,NA,NA,S,NA,S,NA,NA,NA,NA,NA,NA,NA,S,NA,S,NA
1773.4339,SRR2100541,NA,NA,NA,NA,NA,NA,NA,NA,S,NA,S,NA,NA,NA,NA,NA,NA,NA,S,NA,S,NA
1773.4345,SRR2100547,NA,NA,NA,NA,NA,NA,NA,NA,S,NA,S,NA,NA,NA,NA,NA,NA,NA,S,NA,S,NA
1773.4346,SRR2100548,NA,NA,NA,NA,NA,NA,NA,NA,S,NA,S,NA,NA,NA,NA,NA,NA,NA,S,NA,S,NA
1773.43662,ERS5304143,S,NA,NA,S,NA,NA,NA,NA,S,NA,S,S,NA,NA,NA,S,NA,NA,NA,NA,S,R
1773.4405,SRR2100608,NA,NA,NA,NA,NA,NA,NA,NA,S,NA,S,NA,NA,NA,NA,NA,NA,NA,S,NA,S,NA
1773.4429,SRR2100632,NA,NA,NA,NA,S,NA,NA,NA,S,NA,S,NA,NA,NA,NA,NA,NA,NA,S,NA,S,NA
1773.4435,SRR2100638,NA,NA,NA,NA,NA,NA,NA,NA,S,NA,S,NA,NA,NA,NA,NA,NA,NA,S,NA,S,NA
1773.4456,SRR2100659,NA,NA,NA,NA,NA,NA,NA,NA,S,NA,S,NA,NA,NA,NA,NA,NA,NA,S,NA,S,NA
1773.4481,SRR2100684,NA,NA,NA,NA,NA,NA,NA,NA,S,NA,S,NA,NA,NA,NA,NA,NA,NA,S,NA,S,NA
1773.451,SRR2100714,NA,NA,NA,NA,NA,NA,NA,NA,S,NA,S,NA,NA,NA,NA,NA,NA,NA,S,NA,S,NA
1773.459,SRR2100799,NA,NA,NA,NA,NA,NA,NA,NA,S,NA,S,NA,NA,NA,NA,NA,NA,NA,S,NA,S,NA
1773.4693,SRR2100906,NA,NA,NA,NA,NA,NA,NA,NA,S,NA,R,NA,NA,NA,NA,NA,NA,NA,S,NA,R,NA
1773.4694,SRR2100908,NA,NA,NA,NA,S,NA,NA,NA,S,NA,R,NA,NA,NA,NA,NA,NA,NA,S,NA,S,NA
1773.47,SRR2100914,NA,NA,NA,NA,S,NA,NA,NA,S,NA,R,NA,NA,NA,NA,NA,NA,NA,S,NA,R,NA
1773.4711,SRR2100927,NA,NA,NA,NA,NA,NA,NA,NA,S,NA,S,NA,NA,NA,NA,NA,NA,NA,S,NA,S,NA
1773.4713,SRR2100929,NA,NA,NA,NA,NA,NA,NA,NA,S,NA,S,NA,NA,NA,NA,NA,NA,NA,S,NA,S,NA
1773.4731,SRR2100947,NA,NA,NA,NA,NA,NA,NA,NA,S,NA,S,NA,NA,NA,NA,NA,NA,NA,S,NA,S,NA
1773.474,SRR2100956,NA,NA,NA,NA,NA,NA,NA,NA,S,NA,S,NA,NA,NA,NA,NA,NA,NA,S,NA,S,NA
1773.4743,SRR2100959,NA,NA,NA,NA,S,NA,NA,NA,S,NA,S,NA,NA,NA,NA,NA,NA,NA,S,NA,S,NA
1773.4749,SRR2100965,NA,NA,NA,NA,NA,NA,NA,NA,S,NA,S,NA,NA,NA,NA,NA,NA,NA,S,NA,S,NA
1773.4815,SRR2101033,NA,NA,NA,NA,NA,NA,NA,NA,S,NA,S,NA,NA,NA,NA,NA,NA,NA,S,NA,S,NA
1773.4825,SRR2101044,NA,NA,NA,NA,NA,NA,NA,NA,S,NA,S,NA,NA,NA,NA,NA,NA,NA,S,NA,S,NA
1773.4902,SRR2101127,NA,NA,NA,NA,NA,NA,NA,NA,S,NA,S,NA,NA,NA,NA,NA,NA,NA,S,NA,S,NA
1773.4939,SRR2101170,NA,NA,NA,NA,NA,NA,NA,NA,S,NA,S,NA,NA,NA,NA,NA,NA,NA,S,NA,S,NA
1773.4953,SRR2101184,NA,NA,NA,NA,NA,NA,NA,NA,S,NA,S,NA,NA,NA,NA,NA,NA,NA,S,NA,S,NA
1773.4984,SRR2101267,NA,NA,NA,NA,NA,NA,NA,NA,S,NA,S,NA,NA,NA,NA,NA,NA,NA,S,NA,S,NA
1773.5903,SRR2101299,NA,NA,NA,NA,NA,NA,NA,NA,S,NA,S,NA,NA,NA,NA,NA,NA,NA,S,NA,S,S
1773.19007,ERR161154,S,NA,NA,S,NA,NA,NA,NA,S,NA,S,S,NA,NA,NA,S,NA,NA,NA,NA,S,R
1773.31772,ERS3371529,S,NA,NA,S,NA,NA,NA,NA,S,NA,S,S,NA,NA,NA,S,NA,NA,NA,NA,S,R
1773.31777,ERS3371534,S,NA,NA,S,NA,NA,NA,NA,S,NA,S,S,NA,NA,NA,S,NA,NA,NA,NA,S,R
1773.31809,ERS3371571,R,NA,NA,R,NA,NA,NA,NA,S,NA,R,R,NA,NA,NA,S,NA,NA,NA,NA,R,R
1773.31876,ERS3371643,S,NA,NA,S,NA,NA,NA,NA,S,NA,R,S,NA,NA,NA,S,NA,NA,NA,NA,R,R
1773.31881,ERS3371644,S,NA,NA,S,NA,NA,NA,NA,S,NA,R,S,NA,NA,NA,R,NA,NA,NA,NA,R,R
1773.31927,ERS3371696,S,NA,NA,S,NA,NA,NA,NA,S,NA,R,S,NA,NA,NA,S,NA,NA,NA,NA,R,R
1773.3214,ERS3371927,S,NA,NA,S,NA,NA,NA,NA,S,NA,R,S,NA,NA,NA,R,NA,NA,NA,NA,R,R
1773.32168,ERS3371955,S,NA,NA,S,NA,NA,NA,NA,S,NA,S,S,NA,NA,NA,S,NA,NA,NA,NA,R,R
1773.32238,ERS3372038,R,NA,NA,R,NA,NA,NA,NA,R,NA,R,R,NA,NA,NA,R,NA,NA,NA,NA,R,R
1773.32248,ERS3372051,R,NA,NA,R,NA,NA,NA,NA,R,NA,R,R,NA,NA,NA,S,NA,NA,NA,NA,R,R
1773.32271,ERS3372075,R,NA,NA,R,NA,NA,NA,NA,R,NA,R,R,NA,NA,NA,R,NA,NA,NA,NA,R,R
1773.32468,ERS5281473,S,NA,NA,S,NA,NA,NA,NA,S,NA,R,S,NA,NA,NA,S,NA,NA,NA,NA,R,R
1773.331,ERS5282307,S,NA,NA,S,NA,NA,NA,NA,S,NA,S,S,NA,NA,NA,S,NA,NA,NA,NA,S,S
1773.33207,ERS5282445,S,NA,NA,S,NA,NA,NA,NA,S,NA,R,S,NA,NA,NA,S,NA,NA,NA,NA,R,R
1773.33408,ERS5282690,S,NA,NA,S,NA,NA,NA,NA,S,NA,S,S,NA,NA,NA,S,NA,NA,NA,NA,R,R
1773.33543,ERS5283086,S,NA,NA,S,NA,NA,NA,NA,S,NA,S,S,NA,NA,NA,S,NA,NA,NA,NA,S,R
1773.33933,ERS5298270,S,NA,NA,S,NA,NA,NA,NA,S,NA,S,S,NA,NA,NA,S,NA,NA,NA,NA,R,R
1773.3395,ERS5298291,S,NA,NA,S,NA,NA,NA,NA,S,NA,S,S,NA,NA,NA,S,NA,NA,NA,NA,S,R
1773.34004,ERS5298507,S,NA,NA,S,NA,NA,NA,NA,S,NA,R,S,NA,NA,NA,S,NA,NA,NA,NA,R,S
1773.34019,ERS5298523,S,NA,NA,S,NA,NA,NA,NA,S,NA,S,S,NA,NA,NA,S,NA,NA,NA,NA,R,R
1773.34039,ERS5298545,S,NA,NA,S,NA,NA,NA,NA,S,NA,S,S,NA,NA,NA,S,NA,NA,NA,NA,R,R
1773.34049,ERS5298332,S,NA,NA,S,NA,NA,NA,NA,S,NA,R,S,NA,NA,NA,S,NA,NA,NA,NA,R,R
1773.34213,ERS5298731,S,NA,NA,S,NA,NA,NA,NA,S,NA,S,S,NA,NA,NA,S,NA,NA,NA,NA,R,R
1773.34229,ERS5298754,S,NA,NA,S,NA,NA,NA,NA,S,NA,S,S,NA,NA,NA,S,NA,NA,NA,NA,S,S
1773.34367,ERS5300598,S,NA,NA,S,NA,NA,NA,NA,S,NA,S,S,NA,NA,NA,S,NA,NA,NA,NA,R,R
1773.3442,ERS5300653,S,NA,NA,S,NA,NA,NA,NA,S,NA,S,S,NA,NA,NA,S,NA,NA,NA,NA,R,R
1773.34473,ERS5300721,S,NA,NA,S,NA,NA,NA,NA,S,NA,S,S,NA,NA,NA,S,NA,NA,NA,NA,S,R
1773.34487,ERS5300750,S,NA,NA,S,NA,NA,NA,NA,S,NA,S,S,NA,NA,NA,S,NA,NA,NA,NA,R,R
1773.34499,ERS5300766,S,NA,NA,S,NA,NA,NA,NA,S,NA,S,S,NA,NA,NA,S,NA,NA,NA,NA,R,R
1773.34597,ERS5300872,S,NA,NA,S,NA,NA,NA,NA,S,NA,S,S,NA,NA,NA,S,NA,NA,NA,NA,S,R
1773.34644,ERS5301037,S,NA,NA,R,NA,NA,NA,NA,S,NA,R,S,NA,NA,NA,S,NA,NA,NA,NA,R,R
1773.35298,ERS5302523,S,NA,NA,S,NA,NA,NA,NA,S,NA,S,S,NA,NA,NA,S,NA,NA,NA,NA,S,R
1773.35459,ERS5302714,S,NA,NA,S,NA,NA,NA,NA,S,NA,S,S,NA,NA,NA,S,NA,NA,NA,NA,R,R
1773.35462,ERS5302718,S,NA,NA,S,NA,NA,NA,NA,R,NA,S,S,NA,NA,NA,S,NA,NA,NA,NA,R,R
1773.35483,ERS5302735,S,NA,NA,S,NA,NA,NA,NA,S,NA,S,S,NA,NA,NA,S,NA,NA,NA,NA,R,R
1773.35621,ERS5302909,S,NA,NA,S,NA,NA,NA,NA,S,NA,R,S,NA,NA,NA,S,NA,NA,NA,NA,R,R
1773.35901,ERS5303376,S,NA,NA,S,NA,NA,NA,NA,R,NA,R,S,NA,NA,NA,S,NA,NA,NA,NA,R,R
1773.36049,ERS5303577,S,NA,NA,S,NA,NA,NA,NA,S,NA,R,S,NA,NA,NA,S,NA,NA,NA,NA,S,R
1773.36059,ERS5303580,R,NA,NA,R,NA,NA,NA,NA,S,NA,R,R,NA,NA,NA,S,NA,NA,NA,NA,R,R
1773.36064,ERS5303585,S,NA,NA,S,NA,NA,NA,NA,S,NA,R,S,NA,NA,NA,S,NA,NA,NA,NA,R,R
1773.36151,ERS5303906,S,NA,NA,S,NA,NA,NA,NA,S,NA,S,S,NA,NA,NA,S,NA,NA,NA,NA,R,R
1773.36165,ERS5303920,S,NA,NA,S,NA,NA,NA,NA,S,NA,S,S,NA,NA,NA,S,NA,NA,NA,NA,S,R
1773.36169,ERS5303922,S,NA,NA,S,NA,NA,NA,NA,S,NA,R,S,NA,NA,NA,S,NA,NA,NA,NA,S,R
1773.36519,ERS5312425,S,NA,NA,S,NA,NA,NA,NA,R,NA,S,S,NA,NA,NA,S,NA,NA,NA,NA,S,S
1773.3653,ERS5312435,S,NA,NA,S,NA,NA,NA,NA,S,NA,R,S,NA,NA,NA,S,NA,NA,NA,NA,R,R
1773.36621,ERS5312533,S,NA,NA,S,NA,NA,NA,NA,S,NA,S,S,NA,NA,NA,S,NA,NA,NA,NA,R,R
1773.36965,ERS5317684,S,NA,NA,S,NA,NA,NA,NA,S,NA,S,S,NA,NA,NA,S,NA,NA,NA,NA,R,S
1773.37984,ERS5319723,S,NA,NA,S,NA,NA,NA,NA,S,NA,R,S,NA,NA,NA,S,NA,NA,NA,NA,R,R
1773.38605,ERS5320425,S,NA,NA,S,NA,NA,NA,NA,S,NA,S,S,NA,NA,NA,S,NA,NA,NA,NA,S,R
1773.38711,ERS5320616,S,NA,NA,S,NA,NA,NA,NA,R,NA,R,S,NA,NA,NA,S,NA,NA,NA,NA,R,R
1773.39171,ERS6402921,S,NA,NA,S,NA,NA,NA,NA,S,NA,S,S,NA,NA,NA,S,NA,NA,NA,NA,S,R
1773.39357,ERS6403130,S,NA,NA,S,NA,NA,NA,NA,S,NA,R,S,NA,NA,NA,S,NA,NA,NA,NA,R,R
1773.39576,ERS6403399,S,NA,NA,S,NA,NA,NA,NA,S,NA,S,S,NA,NA,NA,S,NA,NA,NA,NA,S,R
1773.39825,ERS6403675,S,NA,NA,S,NA,NA,NA,NA,S,NA,R,S,NA,NA,NA,S,NA,NA,NA,NA,R,R
1773.4022,ERS6421785,S,NA,NA,S,NA,NA,NA,NA,S,NA,S,S,NA,NA,NA,S,NA,NA,NA,NA,R,R
1773.40239,ERS6421801,S,NA,NA,S,NA,NA,NA,NA,S,NA,S,S,NA,NA,NA,S,NA,NA,NA,NA,R,R
1773.40253,ERS6421819,S,NA,NA,S,NA,NA,NA,NA,S,NA,S,S,NA,NA,NA,S,NA,NA,NA,NA,R,R
1773.40337,ERS6421977,S,NA,NA,S,NA,NA,NA,NA,S,NA,R,S,NA,NA,NA,S,NA,NA,NA,NA,R,R
1773.405,ERS6422193,S,NA,NA,S,NA,NA,NA,NA,S,NA,S,S,NA,NA,NA,S,NA,NA,NA,NA,R,R
1773.40501,ERS6422195,S,NA,NA,S,NA,NA,NA,NA,S,NA,S,S,NA,NA,NA,S,NA,NA,NA,NA,R,R
1773.40517,ERS6422207,S,NA,NA,S,NA,NA,NA,NA,S,NA,S,S,NA,NA,NA,S,NA,NA,NA,NA,R,R
1773.4052,ERS6422206,S,NA,NA,S,NA,NA,NA,NA,S,NA,S,S,NA,NA,NA,S,NA,NA,NA,NA,R,R
1773.42188,ERS5282893,S,NA,S,S,NA,S,NA,S,S,R,S,S,R,S,S,S,S,NA,NA,S,S,S
1773.42296,ERS5283015,S,NA,S,S,NA,S,NA,S,S,R,S,S,S,S,S,S,S,NA,NA,S,S,S
1773.42945,ERS5300669,S,NA,NA,S,NA,NA,NA,NA,S,NA,R,S,NA,NA,NA,S,NA,NA,NA,NA,R,R
1773.43639,ERS6403150,S,NA,NA,S,NA,NA,NA,NA,S,NA,S,S,NA,NA,NA,S,NA,NA,NA,NA,R,R
1773.43659,ERS5304108,S,NA,NA,S,NA,NA,NA,NA,S,NA,S,S,NA,NA,NA,S,NA,NA,NA,NA,S,R
1773.19052,ERR163933,S,NA,NA,S,NA,NA,NA,NA,S,NA,S,S,NA,NA,NA,S,NA,NA,NA,NA,S,R
1773.19434,ERR176769,S,NA,NA,S,NA,NA,NA,NA,S,NA,S,S,NA,NA,NA,S,NA,NA,NA,NA,S,R
1773.19453,ERR176800,S,NA,NA,S,NA,NA,NA,NA,S,NA,S,S,NA,NA,NA,S,NA,NA,NA,NA,S,S
1773.19487,ERR181681,S,NA,NA,R,NA,NA,NA,NA,S,NA,S,S,NA,NA,NA,S,NA,NA,NA,NA,S,R
1773.19857,ERR190346,S,NA,NA,S,NA,NA,NA,NA,S,NA,S,S,NA,NA,NA,S,NA,NA,NA,NA,R,R
1773.21082,ERR3256262,S,NA,NA,S,NA,NA,NA,NA,S,NA,S,S,NA,NA,NA,S,NA,NA,NA,NA,R,R
1773.31883,ERS3371647,S,NA,NA,S,NA,NA,NA,NA,S,NA,R,S,NA,NA,NA,S,NA,NA,NA,NA,R,R
1773.32263,ERS3372066,S,NA,NA,S,NA,NA,NA,NA,S,NA,R,S,NA,NA,NA,S,NA,NA,NA,NA,R,R
1773.3234,ERS5281248,S,NA,NA,S,NA,NA,NA,NA,S,NA,S,S,NA,NA,NA,S,NA,NA,NA,NA,S,S
1773.33516,ERS5283005,S,NA,NA,S,NA,NA,NA,NA,S,NA,R,S,NA,NA,NA,S,NA,NA,NA,NA,R,R
1773.3353,ERS5283041,S,NA,NA,S,NA,NA,NA,NA,S,NA,R,S,NA,NA,NA,S,NA,NA,NA,NA,R,R
1773.34319,ERS5300554,S,NA,NA,S,NA,NA,NA,NA,S,NA,S,S,NA,NA,NA,S,NA,NA,NA,NA,R,R
1773.35747,ERS5303118,S,NA,NA,S,NA,NA,NA,NA,S,NA,R,S,NA,NA,NA,S,NA,NA,NA,NA,R,R
1773.35893,ERS5303365,S,NA,NA,S,NA,NA,NA,NA,R,NA,R,S,NA,NA,NA,R,NA,NA,NA,NA,S,R
1773.36788,ERS5317220,S,NA,NA,S,NA,NA,NA,NA,S,NA,S,S,NA,NA,NA,S,NA,NA,NA,NA,S,S
1773.37874,ERS5319502,S,NA,NA,S,NA,NA,NA,NA,S,NA,S,S,NA,NA,NA,S,NA,NA,NA,NA,S,S
1773.39375,ERS6403156,S,NA,NA,S,NA,NA,NA,NA,S,NA,S,S,NA,NA,NA,S,NA,NA,NA,NA,S,R
1773.3941,ERS6403192,S,NA,NA,S,NA,NA,NA,NA,S,NA,S,S,NA,NA,NA,S,NA,NA,NA,NA,S,R
1773.39516,ERS6403311,S,NA,NA,R,NA,NA,NA,NA,S,NA,R,S,NA,NA,NA,S,NA,NA,NA,NA,R,R
1773.42136,ERS5282838,S,NA,S,S,NA,S,NA,S,S,R,R,S,R,S,R,R,S,NA,NA,R,R,S
1773.42494,ERS5283220,S,NA,S,S,NA,S,NA,S,R,S,S,S,R,R,R,S,R,NA,NA,S,S,R
1773.43238,ERS3372019,R,NA,NA,R,NA,NA,NA,NA,S,NA,R,S,NA,NA,NA,S,NA,NA,NA,NA,R,R
1773.43511,ERS5317606,S,NA,NA,S,NA,NA,NA,NA,S,NA,S,S,NA,NA,NA,S,NA,NA,NA,NA,S,S
1773.19888,ERR190389,S,NA,NA,S,NA,NA,NA,NA,S,NA,S,S,NA,NA,NA,S,NA,NA,NA,NA,S,S
1773.19469,ERR176824,S,NA,NA,S,NA,NA,NA,NA,S,NA,S,S,NA,NA,NA,S,NA,NA,S,NA,S,S
1773.32213,ERS3372006,R,NA,NA,R,NA,NA,NA,NA,S,NA,R,R,NA,NA,NA,R,NA,NA,NA,NA,R,R
1773.33241,ERS5282484,S,NA,NA,S,NA,NA,NA,NA,S,NA,S,S,NA,NA,NA,S,NA,NA,NA,NA,R,R
1773.34689,ERS5301192,S,NA,NA,R,NA,NA,NA,NA,S,NA,S,S,NA,NA,NA,S,NA,NA,NA,NA,R,R
1773.35454,ERS5302697,S,NA,NA,S,NA,NA,NA,NA,S,NA,S,S,NA,NA,NA,S,NA,NA,NA,NA,S,R
1773.40344,ERS6421965,S,NA,NA,S,NA,NA,NA,NA,S,NA,S,S,NA,NA,NA,S,NA,NA,NA,NA,S,R
1773.40401,ERS6422041,S,NA,NA,S,NA,NA,NA,NA,S,NA,R,S,NA,NA,NA,S,NA,NA,NA,NA,S,R
1773.42279,ERS5282985,S,NA,S,S,NA,S,NA,S,S,S,S,S,S,S,S,S,S,NA,NA,S,S,S
1773.42573,ERS5283300,S,NA,S,S,NA,S,NA,S,S,R,R,S,S,S,S,S,S,NA,NA,S,R,R
1773.42611,ERS5283162,S,NA,S,S,NA,R,NA,R,S,S,R,S,R,S,S,S,S,NA,NA,S,S,R
1773.43395,ERS5317385,S,NA,NA,S,NA,NA,NA,NA,S,NA,S,S,NA,NA,NA,S,NA,NA,NA,NA,S,S
1773.36794,ERS5317227,S,NA,NA,S,NA,NA,NA,NA,S,NA,S,S,NA,NA,NA,S,NA,NA,NA,NA,S,S
1773.37097,ERS5317830,S,NA,NA,S,NA,NA,NA,NA,S,NA,S,S,NA,NA,NA,S,NA,NA,NA,NA,R,R
1773.43108,ERS5301834,S,NA,NA,S,NA,NA,NA,NA,S,NA,S,S,NA,NA,NA,S,NA,NA,NA,NA,R,R
1773.40589,ERR3323719,S,NA,NA,S,NA,NA,NA,NA,S,NA,S,S,NA,NA,NA,S,NA,NA,NA,NA,S,S
1773.19878,ERR190378,S,NA,NA,S,NA,NA,NA,NA,S,NA,S,S,NA,NA,NA,S,NA,NA,NA,NA,R,S
1773.1988,ERR190371,S,NA,NA,S,NA,NA,NA,NA,S,NA,S,S,NA,NA,NA,S,NA,NA,S,NA,S,R
1773.21702,ERR3256245,S,NA,NA,S,NA,NA,NA,NA,S,NA,R,R,NA,NA,NA,S,NA,NA,NA,NA,S,R
1773.27,ERR552130,NA,NA,NA,NA,NA,NA,NA,NA,S,NA,S,NA,NA,NA,NA,NA,NA,NA,S,NA,S,S
1773.29356,ERR2041945,S,NA,NA,S,NA,NA,NA,NA,R,NA,R,S,NA,NA,NA,S,NA,S,S,NA,R,R
1773.3093,ERR551272,NA,NA,NA,NA,NA,NA,NA,NA,S,NA,S,NA,NA,NA,NA,NA,NA,NA,S,NA,S,R
1773.31073,ERS1987056,S,NA,NA,S,NA,NA,NA,NA,S,NA,S,S,NA,NA,NA,S,NA,NA,NA,NA,R,R
1773.31247,ERS1987253,S,NA,NA,S,NA,NA,NA,NA,S,NA,S,S,NA,NA,NA,S,NA,NA,NA,NA,S,R
1773.31801,ERS3371563,S,NA,NA,S,NA,NA,NA,NA,S,NA,S,S,NA,NA,NA,S,NA,NA,NA,NA,S,R
1773.31847,ERS3371610,S,NA,NA,S,NA,NA,NA,NA,S,NA,R,S,NA,NA,NA,S,NA,NA,NA,NA,R,R
1773.31868,ERS3371636,S,NA,NA,S,NA,NA,NA,NA,S,NA,R,S,NA,NA,NA,S,NA,NA,NA,NA,R,R
1773.31872,ERS3371638,S,NA,NA,S,NA,NA,NA,NA,S,NA,R,S,NA,NA,NA,S,NA,NA,NA,NA,R,R
1773.32154,ERS3371944,R,NA,NA,R,NA,NA,NA,NA,S,NA,R,R,NA,NA,NA,R,NA,NA,NA,NA,R,R
1773.32198,ERS3371987,S,NA,NA,S,NA,NA,NA,NA,S,NA,S,S,NA,NA,NA,S,NA,NA,NA,NA,S,R
1773.3344,ERS5282729,S,NA,NA,S,NA,NA,NA,NA,S,NA,R,S,NA,NA,NA,S,NA,NA,NA,NA,R,R
1773.33469,ERS5282773,S,NA,NA,S,NA,NA,NA,NA,S,NA,R,S,NA,NA,NA,S,NA,NA,NA,NA,S,R
1773.33841,ERS5298171,S,NA,NA,S,NA,NA,NA,NA,S,NA,S,S,NA,NA,NA,S,NA,NA,NA,NA,S,R
1773.33955,ERS5298296,S,NA,NA,S,NA,NA,NA,NA,S,NA,S,S,NA,NA,NA,S,NA,NA,NA,NA,S,R
1773.34089,ERS5298596,S,NA,NA,S,NA,NA,NA,NA,S,NA,S,S,NA,NA,NA,S,NA,NA,NA,NA,R,R
1773.34239,ERS5298775,S,NA,NA,S,NA,NA,NA,NA,S,NA,S,S,NA,NA,NA,S,NA,NA,NA,NA,R,R
1773.34258,ERS5298793,S,NA,NA,S,NA,NA,NA,NA,S,NA,R,S,NA,NA,NA,S,NA,NA,NA,NA,R,R
1773.34267,ERS5298803,S,NA,NA,S,NA,NA,NA,NA,S,NA,S,S,NA,NA,NA,S,NA,NA,NA,NA,R,R
1773.3443,ERS5300682,S,NA,NA,S,NA,NA,NA,NA,S,NA,R,S,NA,NA,NA,S,NA,NA,NA,NA,R,R
1773.3482,ERS5301884,S,NA,NA,S,NA,NA,NA,NA,S,NA,R,S,NA,NA,NA,S,NA,NA,NA,NA,R,R
1773.34823,ERS5301887,S,NA,NA,S,NA,NA,NA,NA,S,NA,S,S,NA,NA,NA,S,NA,NA,NA,NA,S,R
1773.35401,ERS5302643,S,NA,NA,S,NA,NA,NA,NA,S,NA,S,S,NA,NA,NA,S,NA,NA,NA,NA,S,R
1773.35421,ERS5302658,S,NA,NA,S,NA,NA,NA,NA,S,NA,S,S,NA,NA,NA,S,NA,NA,NA,NA,S,R
1773.35608,ERS5302888,S,NA,NA,S,NA,NA,NA,NA,S,NA,S,S,NA,NA,NA,S,NA,NA,NA,NA,R,R
1773.35633,ERS5302918,S,NA,NA,R,NA,NA,NA,NA,S,NA,S,S,NA,NA,NA,S,NA,NA,NA,NA,S,R
1773.35729,ERS5303101,S,NA,NA,S,NA,NA,NA,NA,S,NA,R,S,NA,NA,NA,S,NA,NA,NA,NA,S,R
1773.36497,ERS5312395,S,NA,NA,S,NA,NA,NA,NA,S,NA,R,S,NA,NA,NA,S,NA,NA,NA,NA,R,R
1773.37912,ERS5319646,S,NA,NA,S,NA,NA,NA,NA,S,NA,S,S,NA,NA,NA,S,NA,NA,NA,NA,R,R
1773.37934,ERS5319672,S,NA,NA,S,NA,NA,NA,NA,R,NA,R,S,NA,NA,NA,S,NA,NA,NA,NA,R,R
1773.38648,ERS5320422,S,NA,NA,S,NA,NA,NA,NA,S,NA,S,S,NA,NA,NA,S,NA,NA,NA,NA,S,R
1773.38654,ERS5320474,S,NA,NA,S,NA,NA,NA,NA,S,NA,S,S,NA,NA,NA,S,NA,NA,NA,NA,S,R
1773.39172,ERS6402924,S,NA,NA,S,NA,NA,NA,NA,S,NA,S,S,NA,NA,NA,S,NA,NA,NA,NA,R,R
1773.3948,SRR2100150,NA,NA,NA,NA,NA,NA,NA,NA,S,NA,S,NA,NA,NA,NA,NA,NA,NA,S,NA,S,NA
1773.39574,ERS6403380,S,NA,NA,S,NA,NA,NA,NA,S,NA,R,S,NA,NA,NA,R,NA,NA,NA,NA,R,R
1773.39958,ERS6421505,S,NA,NA,S,NA,NA,NA,NA,S,NA,S,S,NA,NA,NA,S,NA,NA,NA,NA,S,R
1773.4037,ERS6422004,S,NA,NA,S,NA,NA,NA,NA,S,NA,S,S,NA,NA,NA,S,NA,NA,NA,NA,S,R
1773.40491,ERS6422135,S,NA,NA,S,NA,NA,NA,NA,S,NA,S,S,NA,NA,NA,S,NA,NA,NA,NA,S,R
1773.4055,SRR2100256,NA,NA,NA,NA,NA,NA,NA,NA,S,NA,S,NA,NA,NA,NA,NA,NA,NA,S,NA,S,NA
1773.4112,SRR2100315,NA,NA,NA,NA,NA,NA,NA,NA,S,NA,S,NA,NA,NA,NA,NA,NA,NA,S,NA,S,NA
1773.4137,SRR2100341,NA,NA,NA,NA,S,NA,NA,NA,S,NA,R,NA,NA,NA,NA,NA,NA,NA,S,NA,S,NA
1773.4258,ERS5283307,S,NA,S,S,NA,R,NA,S,S,S,S,S,S,S,S,S,S,NA,NA,S,S,S
1773.4268,SRR2100469,NA,NA,NA,NA,NA,NA,NA,NA,S,NA,S,NA,NA,NA,NA,NA,NA,NA,S,NA,S,NA
1773.4275,SRR2100476,NA,NA,NA,NA,NA,NA,NA,NA,S,NA,S,NA,NA,NA,NA,NA,NA,NA,S,NA,S,NA
1773.4358,SRR2100561,NA,NA,NA,NA,NA,NA,NA,NA,S,NA,S,NA,NA,NA,NA,NA,NA,NA,S,NA,S,NA
1773.4367,SRR2100569,NA,NA,NA,NA,NA,NA,NA,NA,S,NA,S,NA,NA,NA,NA,NA,NA,NA,S,NA,S,NA
1773.4397,SRR2100600,NA,NA,NA,NA,NA,NA,NA,NA,S,NA,S,NA,NA,NA,NA,NA,NA,NA,S,NA,S,NA
1773.4433,SRR2100636,NA,NA,NA,NA,NA,NA,NA,NA,S,NA,S,NA,NA,NA,NA,NA,NA,NA,S,NA,S,NA
1773.444,SRR2100643,NA,NA,NA,NA,NA,NA,NA,NA,S,NA,S,NA,NA,NA,NA,NA,NA,NA,S,NA,S,NA
1773.4462,SRR2100665,NA,NA,NA,NA,NA,NA,NA,NA,S,NA,S,NA,NA,NA,NA,NA,NA,NA,S,NA,S,NA
1773.4465,SRR2100668,NA,NA,NA,NA,NA,NA,NA,NA,S,NA,S,NA,NA,NA,NA,NA,NA,NA,S,NA,S,NA
1773.4494,SRR2100697,NA,NA,NA,NA,NA,NA,NA,NA,S,NA,S,NA,NA,NA,NA,NA,NA,NA,S,NA,S,NA
1773.4524,SRR2100728,NA,NA,NA,NA,NA,NA,NA,NA,S,NA,S,NA,NA,NA,NA,NA,NA,NA,S,NA,S,NA
1773.4759,SRR2100975,NA,NA,NA,NA,NA,NA,NA,NA,S,NA,S,NA,NA,NA,NA,NA,NA,NA,S,NA,S,NA
1773.4768,SRR2100984,NA,NA,NA,NA,NA,NA,NA,NA,S,NA,S,NA,NA,NA,NA,NA,NA,NA,S,NA,S,NA
1773.4823,SRR2101042,NA,NA,NA,NA,NA,NA,NA,NA,S,NA,S,NA,NA,NA,NA,NA,NA,NA,S,NA,S,NA
1773.4928,SRR2101154,NA,NA,NA,NA,NA,NA,NA,NA,S,NA,S,NA,NA,NA,NA,NA,NA,NA,S,NA,S,NA
1773.4988,SRR2101277,NA,NA,NA,NA,NA,NA,NA,NA,S,NA,S,NA,NA,NA,NA,NA,NA,NA,S,NA,S,NA
1773.5792,SRR2099985,NA,NA,NA,NA,NA,NA,NA,NA,S,NA,R,NA,NA,NA,NA,NA,NA,NA,S,NA,S,NA
1773.19027,ERR161176,S,NA,NA,S,NA,NA,NA,NA,S,NA,S,S,NA,NA,NA,S,NA,NA,NA,NA,S,R
1773.31794,ERS3371556,S,NA,NA,S,NA,NA,NA,NA,S,NA,R,S,NA,NA,NA,S,NA,NA,NA,NA,R,R
1773.31799,ERS3371562,S,NA,NA,S,NA,NA,NA,NA,R,NA,R,S,NA,NA,NA,S,NA,NA,NA,NA,R,R
1773.31913,ERS3371687,S,NA,NA,S,NA,NA,NA,NA,S,NA,R,S,NA,NA,NA,S,NA,NA,NA,NA,R,R
1773.31922,ERS3371689,S,NA,NA,S,NA,NA,NA,NA,S,NA,R,S,NA,NA,NA,S,NA,NA,NA,NA,S,R
1773.31924,ERS3371693,S,NA,NA,S,NA,NA,NA,NA,S,NA,R,S,NA,NA,NA,S,NA,NA,NA,NA,S,R
1773.32149,ERS3371939,S,NA,NA,S,NA,NA,NA,NA,S,NA,R,S,NA,NA,NA,S,NA,NA,NA,NA,R,R
1773.32151,ERS3371942,S,NA,NA,S,NA,NA,NA,NA,S,NA,R,S,NA,NA,NA,S,NA,NA,NA,NA,R,R
1773.32176,ERS3371966,S,NA,NA,S,NA,NA,NA,NA,S,NA,S,S,NA,NA,NA,S,NA,NA,NA,NA,S,R
1773.32192,ERS3371985,S,NA,NA,S,NA,NA,NA,NA,S,NA,R,S,NA,NA,NA,S,NA,NA,NA,NA,R,R
1773.32234,ERS3372034,S,NA,NA,S,NA,NA,NA,NA,S,NA,R,S,NA,NA,NA,S,NA,NA,NA,NA,R,R
1773.32279,ERS3372080,R,NA,NA,R,NA,NA,NA,NA,R,NA,R,R,NA,NA,NA,R,NA,NA,NA,NA,R,R
1773.32287,ERS3372092,S,NA,NA,S,NA,NA,NA,NA,R,NA,S,S,NA,NA,NA,S,NA,NA,NA,NA,R,R
1773.32304,ERS5281199,S,NA,NA,S,NA,NA,NA,NA,S,NA,S,S,NA,NA,NA,S,NA,NA,NA,NA,S,S
1773.34065,ERS5298568,S,NA,NA,S,NA,NA,NA,NA,S,NA,S,S,NA,NA,NA,S,NA,NA,NA,NA,R,R
1773.34261,ERS5298796,S,NA,NA,S,NA,NA,NA,NA,S,NA,S,S,NA,NA,NA,S,NA,NA,NA,NA,R,R
1773.34263,ERS5298800,S,NA,NA,S,NA,NA,NA,NA,S,NA,S,S,NA,NA,NA,S,NA,NA,NA,NA,R,R
1773.34284,ERS5298823,S,NA,NA,S,NA,NA,NA,NA,S,NA,R,S,NA,NA,NA,S,NA,NA,NA,NA,R,R
1773.34341,ERS5300573,S,NA,NA,S,NA,NA,NA,NA,R,NA,R,S,NA,NA,NA,S,NA,NA,NA,NA,R,R
1773.3448,ERS5300744,S,NA,NA,S,NA,NA,NA,NA,S,NA,S,S,NA,NA,NA,S,NA,NA,NA,NA,R,R
1773.34521,ERS5300790,S,NA,NA,R,NA,NA,NA,NA,S,NA,S,S,NA,NA,NA,S,NA,NA,NA,NA,R,R
1773.34655,ERS5301054,R,NA,NA,R,NA,NA,NA,NA,S,NA,S,R,NA,NA,NA,S,NA,NA,NA,NA,R,S
1773.34759,ERS5301324,S,NA,NA,S,NA,NA,NA,NA,S,NA,S,S,NA,NA,NA,S,NA,NA,NA,NA,R,R
1773.34803,ERS5301863,S,NA,NA,S,NA,NA,NA,NA,S,NA,R,S,NA,NA,NA,S,NA,NA,NA,NA,R,R
1773.34816,ERS5301881,S,NA,NA,S,NA,NA,NA,NA,S,NA,S,S,NA,NA,NA,S,NA,NA,NA,NA,R,R
1773.35466,ERS5302722,S,NA,NA,S,NA,NA,NA,NA,R,NA,S,S,NA,NA,NA,S,NA,NA,NA,NA,R,R
1773.36099,ERS5303623,S,NA,NA,S,NA,NA,NA,NA,S,NA,R,S,NA,NA,NA,S,NA,NA,NA,NA,R,R
1773.361,ERS5303626,S,NA,NA,S,NA,NA,NA,NA,S,NA,S,S,NA,NA,NA,S,NA,NA,NA,NA,R,R
1773.36213,ERS5303976,S,NA,NA,S,NA,NA,NA,NA,S,NA,S,S,NA,NA,NA,S,NA,NA,NA,NA,S,R
1773.36526,ERS5312432,S,NA,NA,S,NA,NA,NA,NA,S,NA,S,S,NA,NA,NA,S,NA,NA,NA,NA,S,R
1773.36527,ERS5312434,S,NA,NA,S,NA,NA,NA,NA,R,NA,S,S,NA,NA,NA,S,NA,NA,NA,NA,R,R
1773.36946,ERS5317663,S,NA,NA,S,NA,NA,NA,NA,S,NA,S,S,NA,NA,NA,S,NA,NA,NA,NA,S,R
1773.37756,ERS5319181,S,NA,NA,S,NA,NA,NA,NA,R,NA,R,S,NA,NA,NA,S,NA,NA,NA,NA,R,R
1773.37939,ERS5319670,S,NA,NA,S,NA,NA,NA,NA,R,NA,R,S,NA,NA,NA,S,NA,NA,NA,NA,R,R
1773.3796,ERS5319698,S,NA,NA,S,NA,NA,NA,NA,R,NA,R,S,NA,NA,NA,S,NA,NA,NA,NA,R,R
1773.39325,ERS6403097,S,NA,NA,S,NA,NA,NA,NA,S,NA,S,S,NA,NA,NA,S,NA,NA,NA,NA,S,R
1773.39338,ERS6403111,S,NA,NA,S,NA,NA,NA,NA,S,NA,R,S,NA,NA,NA,S,NA,NA,NA,NA,R,R
1773.39355,ERS6403127,S,NA,NA,S,NA,NA,NA,NA,S,NA,S,S,NA,NA,NA,S,NA,NA,NA,NA,R,R
1773.39361,ERS6403135,S,NA,NA,S,NA,NA,NA,NA,S,NA,R,S,NA,NA,NA,S,NA,NA,NA,NA,S,R
1773.39367,ERS6403142,S,NA,NA,R,NA,NA,NA,NA,S,NA,S,S,NA,NA,NA,S,NA,NA,NA,NA,R,R
1773.39485,ERS6403277,S,NA,NA,S,NA,NA,NA,NA,S,NA,S,S,NA,NA,NA,S,NA,NA,NA,NA,S,R
1773.39968,ERS6421516,S,NA,NA,S,NA,NA,NA,NA,S,NA,S,S,NA,NA,NA,S,NA,NA,NA,NA,R,R
1773.39981,ERS6421528,S,NA,NA,S,NA,NA,NA,NA,S,NA,S,S,NA,NA,NA,S,NA,NA,NA,NA,R,R
1773.40164,ERS6421726,S,NA,NA,S,NA,NA,NA,NA,S,NA,S,S,NA,NA,NA,S,NA,NA,NA,NA,R,R
1773.40176,ERS6421740,S,NA,NA,S,NA,NA,NA,NA,S,NA,S,S,NA,NA,NA,S,NA,NA,NA,NA,R,R
1773.40224,ERS6421786,S,NA,NA,S,NA,NA,NA,NA,S,NA,S,S,NA,NA,NA,S,NA,NA,NA,NA,R,R
1773.40232,ERS6421795,S,NA,NA,S,NA,NA,NA,NA,S,NA,S,S,NA,NA,NA,S,NA,NA,NA,NA,R,R
1773.40234,ERS6421799,S,NA,NA,S,NA,NA,NA,NA,S,NA,S,S,NA,NA,NA,S,NA,NA,NA,NA,R,R
1773.4047,ERS6422169,S,NA,NA,S,NA,NA,NA,NA,S,NA,S,S,NA,NA,NA,S,NA,NA,NA,NA,S,R
1773.40825,ERS5281385,S,NA,S,S,NA,R,NA,S,S,R,S,S,R,S,S,S,S,NA,NA,R,R,R
1773.40873,ERS5281438,S,NA,S,S,NA,S,NA,R,S,S,S,S,R,R,S,S,R,NA,NA,S,R,R
1773.41804,ERS5282481,S,NA,R,S,NA,S,NA,S,S,R,R,S,R,R,R,S,S,NA,NA,R,R,R
1773.42057,ERS5282756,S,NA,S,S,NA,S,NA,S,S,R,S,S,R,S,S,S,S,NA,NA,S,S,S
1773.42166,ERS5282873,S,NA,S,S,NA,S,NA,S,S,S,S,S,S,S,S,S,S,NA,NA,S,S,R
1773.42201,ERS5282903,S,NA,S,S,NA,S,NA,R,S,S,S,S,R,S,S,S,S,NA,NA,S,S,R
1773.42247,ERS5282952,S,NA,S,S,NA,S,NA,S,S,S,S,S,S,S,S,S,R,NA,NA,S,R,R
1773.42376,ERS5283094,S,NA,S,S,NA,S,NA,S,S,R,S,S,S,S,S,S,S,NA,NA,S,S,R
1773.42394,ERS5283111,S,NA,S,S,NA,S,NA,S,S,S,R,S,S,S,S,S,S,NA,NA,S,S,S
1773.42583,ERS5283309,S,NA,S,S,NA,S,NA,S,S,R,S,S,R,S,S,S,S,NA,NA,S,S,S
1773.43571,ERS5317552,S,NA,NA,S,NA,NA,NA,NA,S,NA,S,S,NA,NA,NA,S,NA,NA,NA,NA,R,R
1773.43666,ERS5303947,S,NA,NA,S,NA,NA,NA,NA,S,NA,S,S,NA,NA,NA,S,NA,NA,NA,NA,S,R
1773.43732,ERS5283058,S,NA,S,S,NA,S,NA,S,S,R,S,S,R,S,S,S,S,NA,NA,R,S,S
1773.19894,ERR190385,S,NA,NA,S,NA,NA,NA,NA,S,NA,S,S,NA,NA,NA,S,NA,NA,NA,NA,S,R
1773.2338,ERR1023347,S,NA,NA,S,NA,NA,NA,NA,S,NA,S,S,S,NA,S,S,NA,NA,NA,NA,R,R
1773.32205,ERS3371997,S,NA,NA,S,NA,NA,NA,NA,S,NA,S,S,NA,NA,NA,S,NA,NA,NA,NA,R,R
1773.32277,ERS3372079,R,NA,NA,R,NA,NA,NA,NA,S,NA,R,R,NA,NA,NA,S,NA,NA,NA,NA,R,R
1773.32292,ERS5281189,S,NA,NA,S,NA,NA,NA,NA,S,NA,S,S,NA,NA,NA,S,NA,NA,NA,NA,R,R
1773.33394,ERS5282672,S,NA,NA,S,NA,NA,NA,NA,S,NA,S,S,NA,NA,NA,S,NA,NA,NA,NA,S,S
1773.38524,ERS5320348,R,NA,NA,R,NA,NA,NA,NA,S,NA,R,R,NA,NA,NA,S,NA,NA,NA,NA,R,R
1773.39366,ERS6403140,S,NA,NA,S,NA,NA,NA,NA,S,NA,S,S,NA,NA,NA,S,NA,NA,NA,NA,S,R
1773.3956,ERS6403376,S,NA,NA,S,NA,NA,NA,NA,S,NA,S,S,NA,NA,NA,S,NA,NA,NA,NA,R,R
1773.41759,ERS5282435,S,NA,S,S,NA,S,NA,S,S,S,S,S,R,S,S,S,S,NA,NA,S,S,S
1773.42434,ERS5283159,S,NA,S,S,NA,S,NA,S,S,S,S,S,S,S,S,S,S,NA,NA,S,S,R
1773.42636,ERR6929530,S,NA,NA,S,NA,NA,NA,NA,S,NA,S,S,NA,NA,NA,S,NA,NA,NA,NA,R,S
1773.43596,ERS5317503,S,NA,NA,S,NA,NA,NA,NA,S,NA,S,S,NA,NA,NA,S,NA,NA,NA,NA,R,R
1773.43604,ERS6403591,S,NA,NA,S,NA,NA,NA,NA,S,NA,S,S,NA,NA,NA,S,NA,NA,NA,NA,S,R
1773.19019,ERR161171,S,NA,NA,S,NA,NA,NA,NA,S,NA,S,S,NA,NA,NA,S,NA,NA,NA,NA,S,R
1773.19486,ERR181680,S,NA,NA,S,NA,NA,NA,NA,S,NA,R,S,NA,NA,NA,S,NA,NA,S,NA,S,S
1773.19892,ERR190381,S,NA,NA,S,NA,NA,NA,NA,S,NA,S,S,NA,NA,NA,S,NA,NA,NA,NA,S,R
1773.32156,ERS3371949,S,NA,NA,S,NA,NA,NA,NA,S,NA,S,S,NA,NA,NA,S,NA,NA,NA,NA,R,R
1773.33842,ERS5298172,S,NA,NA,S,NA,NA,NA,NA,S,NA,S,S,NA,NA,NA,S,NA,NA,NA,NA,R,R
1773.34309,ERS5300541,S,NA,NA,S,NA,NA,NA,NA,S,NA,S,S,NA,NA,NA,S,NA,NA,NA,NA,R,R
1773.35296,ERS5302521,S,NA,NA,S,NA,NA,NA,NA,S,NA,S,S,NA,NA,NA,S,NA,NA,NA,NA,R,R
1773.36822,ERS5317264,S,NA,NA,S,NA,NA,NA,NA,S,NA,S,S,NA,NA,NA,S,NA,NA,NA,NA,S,S
1773.39444,ERS6403230,S,NA,NA,S,NA,NA,NA,NA,S,NA,S,S,NA,NA,NA,S,NA,NA,NA,NA,R,R
1773.42127,ERS5282832,S,NA,S,S,NA,S,NA,S,S,R,S,S,S,S,S,S,S,NA,NA,S,S,R
1773.43429,ERS5317303,S,NA,NA,S,NA,NA,NA,NA,S,NA,S,S,NA,NA,NA,S,NA,NA,NA,NA,S,S
1773.43488,ERS5317506,S,NA,NA,S,NA,NA,NA,NA,S,NA,S,S,NA,NA,NA,S,NA,NA,NA,NA,S,S
1773.34752,ERS5301312,S,NA,NA,S,NA,NA,NA,NA,S,NA,S,S,NA,NA,NA,S,NA,NA,NA,NA,R,R
1773.36832,ERS5317277,S,NA,NA,S,NA,NA,NA,NA,S,NA,S,S,NA,NA,NA,S,NA,NA,NA,NA,S,S
1773.36899,ERS5317611,S,NA,NA,S,NA,NA,NA,NA,S,NA,S,S,NA,NA,NA,S,NA,NA,NA,NA,S,S
1773.38644,ERS5320468,S,NA,NA,S,NA,NA,NA,NA,S,NA,S,S,NA,NA,NA,S,NA,NA,NA,NA,R,R
1773.43425,ERS5317262,S,NA,NA,S,NA,NA,NA,NA,S,NA,S,S,NA,NA,NA,S,NA,NA,NA,NA,S,S
1773.43493,ERS5317582,S,NA,NA,S,NA,NA,NA,NA,S,NA,S,S,NA,NA,NA,S,NA,NA,NA,NA,S,S
1773.42407,ERS5283126,S,NA,S,S,NA,R,NA,R,S,R,R,S,R,R,R,S,R,NA,NA,R,S,S
1773.1807,ERS181414,S,NA,NA,S,NA,NA,NA,NA,R,NA,R,NA,NA,NA,S,S,NA,S,S,NA,R,R
1773.1857,ERS181444,S,NA,NA,S,NA,NA,NA,NA,R,NA,R,NA,NA,NA,S,S,NA,R,R,NA,R,S
1773.19483,ERR181679,S,NA,NA,S,NA,NA,NA,NA,S,NA,S,S,NA,NA,NA,S,NA,NA,NA,NA,S,S
1773.20953,ERR3256131,S,NA,NA,S,NA,NA,NA,NA,S,NA,R,S,NA,NA,NA,S,NA,NA,NA,NA,S,R
1773.2592,ERR552795,NA,NA,NA,NA,NA,NA,NA,NA,S,NA,S,NA,NA,NA,NA,NA,NA,NA,S,NA,S,S
1773.31786,ERS3371550,S,NA,NA,S,NA,NA,NA,NA,S,NA,R,S,NA,NA,NA,S,NA,NA,NA,NA,S,R
1773.31811,ERS3371574,S,NA,NA,S,NA,NA,NA,NA,S,NA,S,S,NA,NA,NA,S,NA,NA,NA,NA,S,R
1773.3185,ERS3371614,S,NA,NA,S,NA,NA,NA,NA,S,NA,S,S,NA,NA,NA,S,NA,NA,NA,NA,R,R
1773.32121,ERS3371912,S,NA,NA,S,NA,NA,NA,NA,S,NA,S,S,NA,NA,NA,S,NA,NA,NA,NA,S,R
1773.32145,ERS3371935,S,NA,NA,S,NA,NA,NA,NA,S,NA,S,S,NA,NA,NA,S,NA,NA,NA,NA,R,R
1773.33172,ERS5282390,S,NA,NA,S,NA,NA,NA,NA,S,NA,R,S,NA,NA,NA,S,NA,NA,NA,NA,R,R
1773.33371,ERS5282641,S,NA,NA,S,NA,NA,NA,NA,S,NA,S,S,NA,NA,NA,S,NA,NA,NA,NA,R,R
1773.33392,ERS5282671,S,NA,NA,S,NA,NA,NA,NA,S,NA,S,S,NA,NA,NA,S,NA,NA,NA,NA,R,R
1773.33947,ERS5298288,S,NA,NA,S,NA,NA,NA,NA,S,NA,R,S,NA,NA,NA,S,NA,NA,NA,NA,R,R
1773.34085,ERS5298592,S,NA,NA,S,NA,NA,NA,NA,S,NA,S,S,NA,NA,NA,S,NA,NA,NA,NA,R,R
1773.34101,ERS5298610,S,NA,NA,S,NA,NA,NA,NA,S,NA,S,S,NA,NA,NA,S,NA,NA,NA,NA,R,R
1773.34244,ERS5298780,S,NA,NA,R,NA,NA,NA,NA,S,NA,S,S,NA,NA,NA,S,NA,NA,NA,NA,R,R
1773.34605,ERS5300926,S,NA,NA,S,NA,NA,NA,NA,S,NA,S,S,NA,NA,NA,S,NA,NA,NA,NA,R,R
1773.35127,ERS5302319,S,NA,NA,S,NA,NA,NA,NA,S,NA,S,S,NA,NA,NA,S,NA,NA,NA,NA,S,R
1773.35153,ERS5302345,S,NA,NA,S,NA,NA,NA,NA,S,NA,S,S,NA,NA,NA,S,NA,NA,NA,NA,S,R
1773.35508,ERS5302769,S,NA,NA,S,NA,NA,NA,NA,S,NA,S,S,NA,NA,NA,S,NA,NA,NA,NA,S,R
1773.35609,ERS5302887,S,NA,NA,S,NA,NA,NA,NA,S,NA,R,S,NA,NA,NA,S,NA,NA,NA,NA,R,R
1773.36039,ERS5303561,S,NA,NA,S,NA,NA,NA,NA,S,NA,R,S,NA,NA,NA,S,NA,NA,NA,NA,R,R
1773.36085,ERS5303608,R,NA,NA,R,NA,NA,NA,NA,S,NA,R,R,NA,NA,NA,R,NA,NA,NA,NA,S,R
1773.36166,ERS5303919,S,NA,NA,S,NA,NA,NA,NA,S,NA,R,S,NA,NA,NA,S,NA,NA,NA,NA,R,R
1773.36511,ERS5312414,S,NA,NA,S,NA,NA,NA,NA,S,NA,R,S,NA,NA,NA,S,NA,NA,NA,NA,R,S
1773.37959,ERS5319695,S,NA,NA,S,NA,NA,NA,NA,R,NA,R,S,NA,NA,NA,S,NA,NA,NA,NA,R,R
1773.3947,SRR2100149,NA,NA,NA,NA,S,NA,NA,NA,S,NA,R,NA,NA,NA,NA,NA,NA,NA,NA,NA,S,NA
1773.3969,SRR2100171,NA,NA,NA,NA,NA,NA,NA,NA,S,NA,S,NA,NA,NA,NA,NA,NA,NA,S,NA,S,NA
1773.4001,ERS6421559,S,NA,NA,S,NA,NA,NA,NA,S,NA,S,S,NA,NA,NA,S,NA,NA,NA,NA,R,R
1773.4012,SRR2100213,NA,NA,NA,NA,NA,NA,NA,NA,S,NA,S,NA,NA,NA,NA,NA,NA,NA,S,NA,S,NA
1773.40346,ERS6421948,S,NA,NA,S,NA,NA,NA,NA,S,NA,R,S,NA,NA,NA,S,NA,NA,NA,NA,S,R
1773.40421,ERS6422058,S,NA,NA,S,NA,NA,NA,NA,S,NA,S,S,NA,NA,NA,S,NA,NA,NA,NA,R,R
1773.40428,ERS6422066,S,NA,NA,S,NA,NA,NA,NA,S,NA,S,S,NA,NA,NA,S,NA,NA,NA,NA,S,R
1773.4097,SRR2100299,NA,NA,NA,NA,NA,NA,NA,NA,S,NA,S,NA,NA,NA,NA,NA,NA,NA,S,NA,S,NA
1773.4113,SRR2100316,NA,NA,NA,NA,NA,NA,NA,NA,S,NA,S,NA,NA,NA,NA,NA,NA,NA,S,NA,S,NA
1773.4127,SRR2100330,NA,NA,NA,NA,NA,NA,NA,NA,S,NA,S,NA,NA,NA,NA,NA,NA,NA,S,NA,S,NA
1773.4135,SRR2100339,NA,NA,NA,NA,NA,NA,NA,NA,S,NA,S,NA,NA,NA,NA,NA,NA,NA,S,NA,S,NA
1773.4245,ERS5283177,S,NA,S,S,NA,S,NA,S,S,S,R,S,R,S,S,S,S,NA,NA,R,R,R
1773.42528,ERS5283252,S,NA,S,R,NA,S,NA,R,R,S,S,S,R,S,S,S,S,NA,NA,S,S,R
1773.42532,ERS5283260,S,NA,S,S,NA,S,NA,S,S,R,R,S,R,S,S,S,S,NA,NA,S,S,R
1773.4273,SRR2100474,NA,NA,NA,NA,NA,NA,NA,NA,S,NA,S,NA,NA,NA,NA,NA,NA,NA,S,NA,S,NA
1773.4334,SRR2100535,NA,NA,NA,NA,NA,NA,NA,NA,S,NA,S,NA,NA,NA,NA,NA,NA,NA,S,NA,S,NA
1773.434,SRR2100542,NA,NA,NA,NA,NA,NA,NA,NA,S,NA,S,NA,NA,NA,NA,NA,NA,NA,S,NA,S,NA
1773.43471,ERS5317409,S,NA,NA,S,NA,NA,NA,NA,S,NA,S,S,NA,NA,NA,S,NA,NA,NA,NA,R,R
1773.4357,SRR2100559,NA,NA,NA,NA,NA,NA,NA,NA,S,NA,S,NA,NA,NA,NA,NA,NA,NA,S,NA,S,NA
1773.4377,SRR2100580,NA,NA,NA,NA,NA,NA,NA,NA,S,NA,S,NA,NA,NA,NA,NA,NA,NA,S,NA,S,NA
1773.4469,SRR2100672,NA,NA,NA,NA,NA,NA,NA,NA,S,NA,S,NA,NA,NA,NA,NA,NA,NA,S,NA,S,NA
1773.4472,SRR2100675,NA,NA,NA,NA,NA,NA,NA,NA,S,NA,S,NA,NA,NA,NA,NA,NA,NA,S,NA,S,NA
1773.4496,SRR2100699,NA,NA,NA,NA,NA,NA,NA,NA,S,NA,S,NA,NA,NA,NA,NA,NA,NA,S,NA,S,NA
1773.4531,SRR2100735,NA,NA,NA,NA,S,NA,NA,NA,S,NA,S,NA,NA,NA,NA,NA,NA,NA,S,NA,S,NA
1773.4533,SRR2100737,NA,NA,NA,NA,NA,NA,NA,NA,S,NA,S,NA,NA,NA,NA,NA,NA,NA,S,NA,S,NA
1773.4574,SRR2100783,NA,NA,NA,NA,NA,NA,NA,NA,S,NA,S,NA,NA,NA,NA,NA,NA,NA,S,NA,S,NA
1773.4698,SRR2100912,S,S,NA,S,S,NA,NA,NA,S,NA,R,S,NA,NA,S,NA,NA,NA,S,NA,R,NA
1773.4703,SRR2100917,NA,NA,NA,NA,S,NA,NA,NA,S,NA,R,NA,NA,NA,NA,NA,NA,NA,S,NA,S,NA
1773.4729,SRR2100945,NA,NA,NA,NA,NA,NA,NA,NA,S,NA,S,NA,NA,NA,NA,NA,NA,NA,S,NA,S,NA
1773.4747,SRR2100963,NA,NA,NA,NA,NA,NA,NA,NA,S,NA,S,NA,NA,NA,NA,NA,NA,NA,S,NA,S,NA
1773.4763,SRR2100979,NA,NA,NA,NA,NA,NA,NA,NA,S,NA,S,NA,NA,NA,NA,NA,NA,NA,S,NA,S,NA
1773.4793,SRR2101011,NA,NA,NA,NA,NA,NA,NA,NA,S,NA,S,NA,NA,NA,NA,NA,NA,NA,S,NA,S,NA
1773.4796,SRR2101014,NA,NA,NA,NA,NA,NA,NA,NA,S,NA,S,NA,NA,NA,NA,NA,NA,NA,S,NA,S,NA
1773.4827,SRR2101046,NA,NA,NA,NA,NA,NA,NA,NA,S,NA,S,NA,NA,NA,NA,NA,NA,NA,S,NA,S,NA
1773.4891,SRR2101113,NA,NA,NA,NA,NA,NA,NA,NA,S,NA,S,NA,NA,NA,NA,NA,NA,NA,S,NA,S,NA
1773.4895,SRR2101120,NA,NA,NA,NA,NA,NA,NA,NA,S,NA,S,NA,NA,NA,NA,NA,NA,NA,S,NA,S,NA
1773.4945,SRR2101176,NA,NA,NA,NA,NA,NA,NA,NA,S,NA,S,NA,NA,NA,NA,NA,NA,NA,S,NA,S,NA
1773.5892,SRR2101289,NA,NA,NA,NA,NA,NA,NA,NA,S,NA,S,NA,NA,NA,NA,NA,NA,NA,S,NA,S,S
1773.592,SRR2101817,NA,NA,NA,NA,NA,NA,NA,NA,S,NA,S,NA,NA,NA,NA,NA,NA,NA,S,NA,S,S
1773.31278,ERS1987283,S,NA,NA,S,NA,NA,NA,NA,S,NA,S,S,NA,NA,NA,S,NA,NA,NA,NA,S,R
1773.31294,ERS1987291,S,NA,NA,S,NA,NA,NA,NA,S,NA,R,S,NA,NA,NA,S,NA,NA,NA,NA,S,R
1773.31813,ERS3371577,S,NA,NA,S,NA,NA,NA,NA,S,NA,S,S,NA,NA,NA,S,NA,NA,NA,NA,R,R
1773.31929,ERS3371698,S,NA,NA,S,NA,NA,NA,NA,S,NA,R,S,NA,NA,NA,S,NA,NA,NA,NA,R,R
1773.32069,ERS3371852,S,NA,NA,S,NA,NA,NA,NA,S,NA,R,S,NA,NA,NA,S,NA,NA,NA,NA,S,R
1773.3215,ERS3371940,S,NA,NA,S,NA,NA,NA,NA,S,NA,R,S,NA,NA,NA,S,NA,NA,NA,NA,R,R
1773.32206,ERS3372000,S,NA,NA,S,NA,NA,NA,NA,S,NA,S,S,NA,NA,NA,S,NA,NA,NA,NA,R,R
1773.32231,ERS3372032,R,NA,NA,R,NA,NA,NA,NA,R,NA,R,R,NA,NA,NA,R,NA,NA,NA,NA,R,R
1773.3228,ERS3372083,S,NA,NA,S,NA,NA,NA,NA,S,NA,R,S,NA,NA,NA,S,NA,NA,NA,NA,R,R
1773.32333,ERS5281240,S,NA,NA,S,NA,NA,NA,NA,S,NA,R,S,NA,NA,NA,S,NA,NA,NA,NA,R,S
1773.32379,ERS5281312,S,NA,NA,S,NA,NA,NA,NA,S,NA,S,S,NA,NA,NA,S,NA,NA,NA,NA,S,S
1773.32449,ERS5281435,S,NA,NA,S,NA,NA,NA,NA,S,NA,S,S,NA,NA,NA,S,NA,NA,NA,NA,S,S
1773.33314,ERS5282568,S,NA,NA,S,NA,NA,NA,NA,R,NA,R,S,NA,NA,NA,S,NA,NA,NA,NA,R,R
1773.33496,ERS5282851,S,NA,NA,S,NA,NA,NA,NA,S,NA,S,S,NA,NA,NA,S,NA,NA,NA,NA,R,R
1773.3354,ERS5283084,S,NA,NA,S,NA,NA,NA,NA,S,NA,R,S,NA,NA,NA,S,NA,NA,NA,NA,R,R
1773.33551,ERS5283181,S,NA,NA,S,NA,NA,NA,NA,S,NA,R,S,NA,NA,NA,S,NA,NA,NA,NA,S,R
1773.33597,ERS5297883,R,NA,NA,R,NA,NA,NA,NA,S,NA,R,R,NA,NA,NA,S,NA,NA,NA,NA,R,S
1773.33945,ERS5298286,S,NA,NA,S,NA,NA,NA,NA,S,NA,S,S,NA,NA,NA,S,NA,NA,NA,NA,R,R
1773.34042,ERS5298547,S,NA,NA,S,NA,NA,NA,NA,S,NA,S,S,NA,NA,NA,S,NA,NA,NA,NA,R,R
1773.34084,ERS5298591,S,NA,NA,S,NA,NA,NA,NA,S,NA,S,S,NA,NA,NA,S,NA,NA,NA,NA,R,R
1773.34155,ERS5298671,S,NA,NA,S,NA,NA,NA,NA,S,NA,S,S,NA,NA,NA,S,NA,NA,NA,NA,R,R
1773.34192,ERS5298707,S,NA,NA,S,NA,NA,NA,NA,S,NA,S,S,NA,NA,NA,S,NA,NA,NA,NA,R,R
1773.34228,ERS5298753,S,NA,NA,S,NA,NA,NA,NA,S,NA,S,S,NA,NA,NA,S,NA,NA,NA,NA,R,R
1773.34359,ERS5300585,S,NA,NA,S,NA,NA,NA,NA,S,NA,R,S,NA,NA,NA,S,NA,NA,NA,NA,R,R
1773.34505,ERS5300771,S,NA,NA,S,NA,NA,NA,NA,S,NA,S,S,NA,NA,NA,S,NA,NA,NA,NA,R,R
1773.34557,ERS5300839,S,NA,NA,S,NA,NA,NA,NA,S,NA,S,S,NA,NA,NA,S,NA,NA,NA,NA,R,R
1773.34732,ERS5301258,S,NA,NA,S,NA,NA,NA,NA,S,NA,S,S,NA,NA,NA,S,NA,NA,NA,NA,R,R
1773.34748,ERS5301285,S,NA,NA,S,NA,NA,NA,NA,S,NA,S,S,NA,NA,NA,S,NA,NA,NA,NA,R,R
1773.34846,ERS5301921,S,NA,NA,S,NA,NA,NA,NA,S,NA,S,S,NA,NA,NA,S,NA,NA,NA,NA,R,R
1773.35129,ERS5302320,S,NA,NA,S,NA,NA,NA,NA,S,NA,S,S,NA,NA,NA,S,NA,NA,NA,NA,S,R
1773.35367,ERS5302601,S,NA,NA,S,NA,NA,NA,NA,S,NA,R,S,NA,NA,NA,S,NA,NA,NA,NA,S,R
1773.35424,ERS5302669,S,NA,NA,S,NA,NA,NA,NA,S,NA,S,S,NA,NA,NA,S,NA,NA,NA,NA,R,R
1773.35613,ERS5302899,S,NA,NA,S,NA,NA,NA,NA,S,NA,S,S,NA,NA,NA,S,NA,NA,NA,NA,S,R
1773.35615,ERS5302902,S,NA,NA,S,NA,NA,NA,NA,S,NA,R,S,NA,NA,NA,S,NA,NA,NA,NA,S,R
1773.3562,ERS5302908,S,NA,NA,S,NA,NA,NA,NA,S,NA,R,S,NA,NA,NA,S,NA,NA,NA,NA,R,R
1773.35695,ERS5303049,R,NA,NA,R,NA,NA,NA,NA,S,NA,R,R,NA,NA,NA,S,NA,NA,NA,NA,R,R
1773.35832,ERS5303235,R,NA,NA,R,NA,NA,NA,NA,S,NA,R,R,NA,NA,NA,S,NA,NA,NA,NA,R,R
1773.35858,ERS5303316,S,NA,NA,S,NA,NA,NA,NA,S,NA,R,S,NA,NA,NA,S,NA,NA,NA,NA,S,R
1773.35859,ERS5303269,S,NA,NA,S,NA,NA,NA,NA,S,NA,S,S,NA,NA,NA,S,NA,NA,NA,NA,R,R
1773.3588,ERS5303345,S,NA,NA,S,NA,NA,NA,NA,S,NA,R,S,NA,NA,NA,R,NA,NA,NA,NA,S,S
1773.35885,ERS5303368,S,NA,NA,S,NA,NA,NA,NA,S,NA,R,S,NA,NA,NA,R,NA,NA,NA,NA,R,R
1773.36083,ERS5303606,S,NA,NA,S,NA,NA,NA,NA,S,NA,S,S,NA,NA,NA,S,NA,NA,NA,NA,R,R
1773.36163,ERS5303917,S,NA,NA,S,NA,NA,NA,NA,S,NA,S,S,NA,NA,NA,S,NA,NA,NA,NA,R,R
1773.36176,ERS5303936,S,NA,NA,S,NA,NA,NA,NA,S,NA,S,S,NA,NA,NA,S,NA,NA,NA,NA,R,R
1773.36209,ERS5303970,S,NA,NA,S,NA,NA,NA,NA,S,NA,S,S,NA,NA,NA,S,NA,NA,NA,NA,S,R
1773.36717,ERS5312631,S,NA,NA,S,NA,NA,NA,NA,S,NA,S,S,NA,NA,NA,S,NA,NA,NA,NA,R,R
1773.36834,ERS5317280,S,NA,NA,S,NA,NA,NA,NA,S,NA,S,S,NA,NA,NA,S,NA,NA,NA,NA,R,R
1773.36947,ERS5317664,S,NA,NA,S,NA,NA,NA,NA,S,NA,S,S,NA,NA,NA,S,NA,NA,NA,NA,R,R
1773.36949,ERS5317678,S,NA,NA,S,NA,NA,NA,NA,S,NA,S,S,NA,NA,NA,S,NA,NA,NA,NA,S,S
1773.37927,ERS5319664,S,NA,NA,S,NA,NA,NA,NA,R,NA,R,S,NA,NA,NA,S,NA,NA,NA,NA,R,R
1773.3793,ERS5319665,S,NA,NA,S,NA,NA,NA,NA,S,NA,R,S,NA,NA,NA,S,NA,NA,NA,NA,R,R
1773.3798,ERS5319718,S,NA,NA,S,NA,NA,NA,NA,R,NA,R,S,NA,NA,NA,S,NA,NA,NA,NA,R,R
1773.39309,ERS6403082,S,NA,NA,S,NA,NA,NA,NA,S,NA,R,S,NA,NA,NA,R,NA,NA,NA,NA,R,R
1773.39528,ERS6403326,S,NA,NA,S,NA,NA,NA,NA,S,NA,R,S,NA,NA,NA,S,NA,NA,NA,NA,S,S
1773.39938,ERS6421489,S,NA,NA,S,NA,NA,NA,NA,S,NA,S,S,NA,NA,NA,S,NA,NA,NA,NA,S,R
1773.4002,ERS6421565,S,NA,NA,S,NA,NA,NA,NA,S,NA,S,S,NA,NA,NA,S,NA,NA,NA,NA,R,R
1773.40378,ERS6422013,S,NA,NA,S,NA,NA,NA,NA,S,NA,R,S,NA,NA,NA,S,NA,NA,NA,NA,S,R
1773.4039,ERS6422027,S,NA,NA,S,NA,NA,NA,NA,S,NA,R,S,NA,NA,NA,R,NA,NA,NA,NA,R,R
1773.40406,ERS6422044,S,NA,NA,S,NA,NA,NA,NA,S,NA,S,S,NA,NA,NA,S,NA,NA,NA,NA,S,R
1773.40449,ERS6422140,S,NA,NA,S,NA,NA,NA,NA,S,NA,S,S,NA,NA,NA,S,NA,NA,NA,NA,R,R
1773.40869,ERS5281430,S,NA,S,S,NA,S,NA,S,S,R,S,S,S,S,S,S,S,NA,NA,S,S,R
1773.42054,ERS5282754,S,NA,S,S,NA,S,NA,S,S,S,S,S,R,S,S,S,S,NA,NA,S,S,S
1773.42095,ERS5282797,S,NA,S,S,NA,S,NA,S,S,S,S,S,R,S,S,S,S,NA,NA,S,S,S
1773.42229,ERS5282934,S,NA,S,S,NA,S,NA,S,R,R,R,S,R,S,S,S,R,NA,NA,R,R,R
1773.42328,ERS5283046,S,NA,S,S,NA,S,NA,S,S,S,S,S,S,S,S,S,S,NA,NA,S,S,R
1773.42542,ERS5283265,S,NA,S,S,NA,S,NA,S,S,S,S,S,S,S,S,S,S,NA,NA,S,R,R
1773.42942,ERS5300666,S,NA,NA,S,NA,NA,NA,NA,S,NA,R,S,NA,NA,NA,S,NA,NA,NA,NA,R,R
1773.43049,ERS5301360,S,NA,NA,S,NA,NA,NA,NA,S,NA,S,S,NA,NA,NA,S,NA,NA,NA,NA,R,R
1773.43254,ERS3371561,S,NA,NA,S,NA,NA,NA,NA,R,NA,R,S,NA,NA,NA,S,NA,NA,NA,NA,R,R
1773.19069,ERR163950,S,NA,NA,S,NA,NA,NA,NA,S,NA,S,S,NA,NA,NA,S,NA,NA,NA,NA,S,R
1773.19702,ERR181911,S,NA,NA,S,NA,NA,NA,NA,S,NA,S,S,NA,NA,NA,S,NA,NA,NA,NA,R,R
1773.19853,ERR190353,S,NA,NA,S,NA,NA,NA,NA,S,NA,S,S,NA,NA,NA,S,NA,NA,NA,NA,S,S
1773.19891,ERR190382,S,NA,NA,S,NA,NA,NA,NA,S,NA,S,S,NA,NA,NA,S,NA,NA,NA,NA,S,S
1773.33217,ERS5282448,S,NA,NA,S,NA,NA,NA,NA,S,NA,S,S,NA,NA,NA,S,NA,NA,NA,NA,S,S
1773.33519,ERS5283022,S,NA,NA,S,NA,NA,NA,NA,S,NA,S,S,NA,NA,NA,S,NA,NA,NA,NA,S,S
1773.33552,ERS5283187,S,NA,NA,S,NA,NA,NA,NA,S,NA,S,S,NA,NA,NA,S,NA,NA,NA,NA,S,S
1773.34426,ERS5300678,S,NA,NA,R,NA,NA,NA,NA,R,NA,R,S,NA,NA,NA,S,NA,NA,NA,NA,R,R
1773.34483,ERS5300739,S,NA,NA,S,NA,NA,NA,NA,S,NA,S,S,NA,NA,NA,S,NA,NA,NA,NA,R,R
1773.34596,ERS5300871,S,NA,NA,S,NA,NA,NA,NA,S,NA,S,S,NA,NA,NA,S,NA,NA,NA,NA,R,R
1773.34662,ERS5301065,S,NA,NA,S,NA,NA,NA,NA,S,NA,R,S,NA,NA,NA,S,NA,NA,NA,NA,R,R
1773.36512,ERS5312417,S,NA,NA,S,NA,NA,NA,NA,S,NA,S,S,NA,NA,NA,S,NA,NA,NA,NA,R,R
1773.39376,ERS6403154,S,NA,NA,S,NA,NA,NA,NA,S,NA,S,S,NA,NA,NA,S,NA,NA,NA,NA,S,R
1773.39387,ERS6403164,S,NA,NA,S,NA,NA,NA,NA,S,NA,R,S,NA,NA,NA,S,NA,NA,NA,NA,R,R
1773.39452,ERS6403252,S,NA,NA,S,NA,NA,NA,NA,S,NA,R,S,NA,NA,NA,S,NA,NA,NA,NA,R,R
1773.40331,ERS6421942,S,NA,NA,S,NA,NA,NA,NA,S,NA,S,S,NA,NA,NA,S,NA,NA,NA,NA,S,R
1773.4042,ERS6422057,S,NA,NA,S,NA,NA,NA,NA,S,NA,R,S,NA,NA,NA,S,NA,NA,NA,NA,R,R
1773.41966,ERS5282664,S,NA,S,S,NA,S,NA,S,S,S,R,S,S,S,S,S,S,NA,NA,S,S,R
1773.42623,ERR6929517,S,NA,NA,S,NA,NA,NA,NA,S,NA,S,S,NA,NA,NA,S,NA,NA,NA,NA,R,S
1773.43483,ERS5317412,S,NA,NA,S,NA,NA,NA,NA,S,NA,S,S,NA,NA,NA,S,NA,NA,NA,NA,S,S
1773.4351,ERS5317415,S,NA,NA,S,NA,NA,NA,NA,S,NA,S,S,NA,NA,NA,S,NA,NA,NA,NA,S,S
1773.19042,ERR161195,S,NA,NA,S,NA,NA,NA,NA,S,NA,S,S,NA,NA,NA,S,NA,NA,NA,NA,S,R
1773.19074,ERR163962,S,NA,NA,S,NA,NA,NA,NA,S,NA,R,S,NA,NA,NA,S,NA,NA,S,NA,S,S
1773.19477,ERR176826,S,NA,NA,S,NA,NA,NA,NA,S,NA,S,S,NA,NA,NA,S,NA,NA,S,NA,S,R
1773.195,ERR181692,S,NA,NA,S,NA,NA,NA,NA,S,NA,R,S,NA,NA,NA,S,NA,NA,S,NA,S,S
1773.23388,ERR1023411,S,NA,NA,S,NA,NA,NA,NA,S,NA,R,S,S,NA,NA,S,NA,NA,NA,NA,R,R
1773.199,ERR190394,S,NA,NA,S,NA,NA,NA,NA,S,NA,S,S,NA,NA,NA,S,NA,NA,NA,NA,S,S
1773.2095,ERR3256127,S,NA,NA,S,NA,NA,NA,NA,S,NA,R,S,NA,NA,NA,S,NA,NA,NA,NA,R,R
1773.31812,ERS3371575,S,NA,NA,S,NA,NA,NA,NA,S,NA,R,S,NA,NA,NA,S,NA,NA,NA,NA,S,R
1773.34238,ERS5298773,S,NA,NA,S,NA,NA,NA,NA,S,NA,S,S,NA,NA,NA,S,NA,NA,NA,NA,S,R
1773.34376,ERS5300607,S,NA,NA,S,NA,NA,NA,NA,S,NA,R,S,NA,NA,NA,S,NA,NA,NA,NA,R,R
1773.34754,ERS5301319,S,NA,NA,S,NA,NA,NA,NA,S,NA,S,S,NA,NA,NA,S,NA,NA,NA,NA,R,S
1773.36505,ERS5312410,S,NA,NA,S,NA,NA,NA,NA,S,NA,S,S,NA,NA,NA,S,NA,NA,NA,NA,S,R
1773.43589,ERS5317471,S,NA,NA,S,NA,NA,NA,NA,S,NA,S,S,NA,NA,NA,S,NA,NA,NA,NA,S,S
1773.1053,ERS181366,S,NA,NA,S,NA,NA,NA,NA,R,NA,R,NA,NA,NA,S,S,NA,R,S,NA,S,R
1773.19437,ERR176790,S,NA,NA,S,NA,NA,NA,NA,S,NA,S,S,NA,NA,NA,S,NA,NA,NA,NA,S,R
1773.19663,ERR181873,S,NA,NA,S,NA,NA,NA,NA,S,NA,S,S,NA,NA,NA,S,NA,NA,S,NA,R,S
1773.19708,ERR181909,S,NA,NA,S,NA,NA,NA,NA,S,NA,R,S,NA,NA,NA,S,NA,NA,S,NA,R,S
1773.2555,ERR551163,NA,NA,NA,NA,NA,NA,NA,NA,S,NA,S,NA,NA,NA,NA,NA,NA,NA,S,NA,S,S
1773.31071,ERS1987055,S,NA,NA,S,NA,NA,NA,NA,S,NA,R,S,NA,NA,NA,S,NA,NA,NA,NA,S,R
1773.3128,ERS1987280,S,NA,NA,S,NA,NA,NA,NA,S,NA,S,S,NA,NA,NA,S,NA,NA,NA,NA,S,R
1773.31348,ERS1987363,S,NA,NA,S,NA,NA,NA,NA,S,NA,S,S,NA,NA,NA,S,NA,NA,NA,NA,R,R
1773.31769,ERS3371528,S,NA,NA,S,NA,NA,NA,NA,S,NA,R,S,NA,NA,NA,S,NA,NA,NA,NA,R,R
1773.31884,ERS3371649,S,NA,NA,S,NA,NA,NA,NA,R,NA,R,S,NA,NA,NA,S,NA,NA,NA,NA,R,R
1773.31941,ERS3371711,S,NA,NA,S,NA,NA,NA,NA,S,NA,R,S,NA,NA,NA,S,NA,NA,NA,NA,S,R
1773.3221,ERS3372005,S,NA,NA,S,NA,NA,NA,NA,S,NA,R,S,NA,NA,NA,S,NA,NA,NA,NA,S,R
1773.3307,ERR551158,NA,NA,NA,NA,NA,NA,NA,NA,S,NA,S,NA,NA,NA,NA,NA,NA,NA,S,NA,S,S
1773.33149,ERS5282362,S,NA,NA,S,NA,NA,NA,NA,S,NA,S,S,NA,NA,NA,S,NA,NA,NA,NA,S,R
1773.33481,ERS5282790,S,NA,NA,S,NA,NA,NA,NA,S,NA,S,S,NA,NA,NA,S,NA,NA,NA,NA,S,S
1773.33925,ERS5298262,S,NA,NA,S,NA,NA,NA,NA,S,NA,R,S,NA,NA,NA,S,NA,NA,NA,NA,R,R
1773.33971,ERS5298325,S,NA,NA,S,NA,NA,NA,NA,S,NA,S,S,NA,NA,NA,S,NA,NA,NA,NA,S,R
1773.33995,ERS5298345,S,NA,NA,S,NA,NA,NA,NA,S,NA,R,S,NA,NA,NA,S,NA,NA,NA,NA,R,R
1773.34011,ERS5298512,S,NA,NA,S,NA,NA,NA,NA,S,NA,R,S,NA,NA,NA,S,NA,NA,NA,NA,R,R
1773.34334,ERS5300567,S,NA,NA,S,NA,NA,NA,NA,S,NA,S,S,NA,NA,NA,S,NA,NA,NA,NA,R,R
1773.34455,ERS5300712,S,NA,NA,S,NA,NA,NA,NA,R,NA,R,S,NA,NA,NA,S,NA,NA,NA,NA,R,R
1773.34517,ERS5300783,S,NA,NA,S,NA,NA,NA,NA,S,NA,S,S,NA,NA,NA,S,NA,NA,NA,NA,R,R
1773.34827,ERS5301895,S,NA,NA,S,NA,NA,NA,NA,S,NA,S,S,NA,NA,NA,S,NA,NA,NA,NA,R,R
1773.35175,ERS5302364,S,NA,NA,S,NA,NA,NA,NA,S,NA,S,S,NA,NA,NA,S,NA,NA,NA,NA,S,R
1773.35507,ERS5302767,S,NA,NA,S,NA,NA,NA,NA,S,NA,S,S,NA,NA,NA,S,NA,NA,NA,NA,R,R
1773.35616,ERS5302905,S,NA,NA,S,NA,NA,NA,NA,S,NA,S,S,NA,NA,NA,S,NA,NA,NA,NA,S,R
1773.35721,ERS5303087,S,NA,NA,S,NA,NA,NA,NA,S,NA,R,S,NA,NA,NA,S,NA,NA,NA,NA,S,R
1773.35744,ERS5303114,S,NA,NA,S,NA,NA,NA,NA,S,NA,S,S,NA,NA,NA,S,NA,NA,NA,NA,S,R
1773.36031,ERS5303551,S,NA,NA,S,NA,NA,NA,NA,S,NA,R,S,NA,NA,NA,S,NA,NA,NA,NA,R,R
1773.36054,ERS5303579,S,NA,NA,S,NA,NA,NA,NA,S,NA,R,S,NA,NA,NA,S,NA,NA,NA,NA,R,R
1773.36196,ERS5303966,S,NA,NA,S,NA,NA,NA,NA,S,NA,S,S,NA,NA,NA,S,NA,NA,NA,NA,S,R
1773.36347,ERS5304167,S,NA,NA,S,NA,NA,NA,NA,S,NA,S,S,NA,NA,NA,S,NA,NA,NA,NA,S,R
1773.377,ERS5319120,S,NA,NA,S,NA,NA,NA,NA,S,NA,S,S,NA,NA,NA,S,NA,NA,NA,NA,S,R
1773.37965,ERS5319706,S,NA,NA,S,NA,NA,NA,NA,S,NA,S,S,NA,NA,NA,S,NA,NA,NA,NA,R,R
1773.3797,ERS5319710,R,NA,NA,R,NA,NA,NA,NA,S,NA,R,R,NA,NA,NA,S,NA,NA,NA,NA,R,R
1773.38612,ERS5320434,S,NA,NA,S,NA,NA,NA,NA,S,NA,S,S,NA,NA,NA,S,NA,NA,NA,NA,R,R
1773.3933,ERS6403101,S,NA,NA,S,NA,NA,NA,NA,S,NA,S,S,NA,NA,NA,S,NA,NA,NA,NA,S,R
1773.3951,SRR2100153,NA,NA,NA,NA,NA,NA,NA,NA,S,NA,S,NA,NA,NA,NA,NA,NA,NA,S,NA,S,NA
1773.3952,SRR2100154,NA,NA,NA,NA,NA,NA,NA,NA,S,NA,S,NA,NA,NA,NA,NA,NA,NA,S,NA,S,NA
1773.40013,ERS6421562,S,NA,NA,S,NA,NA,NA,NA,S,NA,S,S,NA,NA,NA,S,NA,NA,NA,NA,S,R
1773.4004,SRR2100205,NA,NA,NA,NA,NA,NA,NA,NA,S,NA,S,NA,NA,NA,NA,NA,NA,NA,S,NA,S,NA
1773.4025,ERS6421816,S,NA,NA,S,NA,NA,NA,NA,S,NA,S,S,NA,NA,NA,S,NA,NA,NA,NA,S,S
1773.40251,ERS6421817,S,NA,NA,S,NA,NA,NA,NA,S,NA,S,S,NA,NA,NA,S,NA,NA,NA,NA,S,S
1773.40334,ERS6421974,S,NA,NA,S,NA,NA,NA,NA,S,NA,S,S,NA,NA,NA,S,NA,NA,NA,NA,R,R
1773.40388,ERS6422025,S,NA,NA,S,NA,NA,NA,NA,S,NA,S,S,NA,NA,NA,S,NA,NA,NA,NA,R,S
1773.40487,ERS6422185,S,NA,NA,S,NA,NA,NA,NA,S,NA,S,S,NA,NA,NA,S,NA,NA,NA,NA,R,R
1773.4052,SRR2100253,NA,NA,NA,NA,NA,NA,NA,NA,S,NA,S,NA,NA,NA,NA,NA,NA,NA,S,NA,S,NA
1773.4061,SRR2100262,NA,NA,NA,NA,NA,NA,NA,NA,S,NA,S,NA,NA,NA,NA,NA,NA,NA,S,NA,S,NA
1773.4081,SRR2100283,NA,NA,NA,NA,S,NA,NA,NA,S,NA,R,NA,NA,NA,NA,NA,NA,NA,S,NA,S,NA
1773.4128,SRR2100331,S,S,NA,S,S,NA,NA,NA,S,NA,R,S,NA,NA,S,NA,NA,NA,R,NA,R,NA
1773.4184,SRR2100239,S,R,NA,S,R,NA,NA,NA,R,NA,S,S,NA,NA,R,NA,NA,NA,NA,NA,R,NA
1773.42108,ERS5282811,S,NA,S,S,NA,S,NA,S,S,S,S,S,R,S,S,S,S,NA,NA,S,S,S
1773.4269,SRR2100470,NA,NA,NA,NA,NA,NA,NA,NA,S,NA,S,NA,NA,NA,NA,NA,NA,NA,S,NA,S,NA
1773.4282,SRR2100483,NA,NA,NA,NA,NA,NA,NA,NA,S,NA,S,NA,NA,NA,NA,NA,NA,NA,S,NA,S,NA
1773.42938,ERS5300660,S,NA,NA,S,NA,NA,NA,NA,R,NA,R,S,NA,NA,NA,S,NA,NA,NA,NA,R,R
1773.42941,ERS5300664,S,NA,NA,S,NA,NA,NA,NA,S,NA,S,S,NA,NA,NA,S,NA,NA,NA,NA,R,R
1773.42988,ERS5301211,S,NA,NA,S,NA,NA,NA,NA,S,NA,S,S,NA,NA,NA,S,NA,NA,NA,NA,R,R
1773.4351,SRR2100553,NA,NA,NA,NA,NA,NA,NA,NA,S,NA,S,NA,NA,NA,NA,NA,NA,NA,S,NA,S,NA
1773.4364,SRR2100566,NA,NA,NA,NA,NA,NA,NA,NA,S,NA,S,NA,NA,NA,NA,NA,NA,NA,S,NA,S,NA
1773.4371,SRR2100573,NA,NA,NA,NA,NA,NA,NA,NA,S,NA,S,NA,NA,NA,NA,NA,NA,NA,S,NA,S,NA
1773.4382,SRR2100585,NA,NA,NA,NA,NA,NA,NA,NA,S,NA,S,NA,NA,NA,NA,NA,NA,NA,S,NA,S,NA
1773.4383,SRR2100586,NA,NA,NA,NA,NA,NA,NA,NA,S,NA,S,NA,NA,NA,NA,NA,NA,NA,S,NA,S,NA
1773.4407,SRR2100610,NA,NA,NA,NA,NA,NA,NA,NA,S,NA,S,NA,NA,NA,NA,NA,NA,NA,S,NA,S,S
1773.4434,SRR2100637,NA,NA,NA,NA,NA,NA,NA,NA,S,NA,S,NA,NA,NA,NA,NA,NA,NA,S,NA,S,NA
1773.4448,SRR2100651,NA,NA,NA,NA,NA,NA,NA,NA,S,NA,S,NA,NA,NA,NA,NA,NA,NA,S,NA,S,NA
1773.4461,SRR2100664,NA,NA,NA,NA,S,NA,NA,NA,S,NA,S,NA,NA,NA,NA,NA,NA,NA,S,NA,S,NA
1773.4492,SRR2100695,NA,NA,NA,NA,NA,NA,NA,NA,S,NA,S,NA,NA,NA,NA,NA,NA,NA,S,NA,S,NA
1773.454,SRR2100746,NA,NA,NA,NA,NA,NA,NA,NA,S,NA,S,NA,NA,NA,NA,NA,NA,NA,S,NA,S,NA
1773.4568,SRR2100777,NA,NA,NA,NA,NA,NA,NA,NA,S,NA,S,NA,NA,NA,NA,NA,NA,NA,S,NA,S,NA
1773.4635,SRR2100846,NA,NA,NA,NA,S,NA,NA,NA,S,NA,R,NA,NA,NA,NA,NA,NA,NA,S,NA,S,NA
1773.4701,SRR2100915,NA,NA,NA,NA,S,NA,NA,NA,S,NA,R,NA,NA,NA,NA,NA,NA,NA,S,NA,S,NA
1773.4707,SRR2100921,S,S,NA,S,S,NA,NA,NA,S,NA,R,S,NA,NA,S,NA,NA,NA,R,NA,R,R
1773.4719,SRR2100935,NA,NA,NA,NA,NA,NA,NA,NA,S,NA,S,NA,NA,NA,NA,NA,NA,NA,S,NA,S,NA
1773.4727,SRR2100943,NA,NA,NA,NA,NA,NA,NA,NA,S,NA,S,NA,NA,NA,NA,NA,NA,NA,S,NA,S,NA
1773.4745,SRR2100961,NA,NA,NA,NA,NA,NA,NA,NA,S,NA,S,NA,NA,NA,NA,NA,NA,NA,S,NA,S,NA
1773.4765,SRR2100981,NA,NA,NA,NA,NA,NA,NA,NA,S,NA,S,NA,NA,NA,NA,NA,NA,NA,S,NA,S,NA
1773.4778,SRR2100995,NA,NA,NA,NA,NA,NA,NA,NA,S,NA,S,NA,NA,NA,NA,NA,NA,NA,S,NA,S,NA
1773.4797,SRR2101015,NA,NA,NA,NA,NA,NA,NA,NA,S,NA,S,NA,NA,NA,NA,NA,NA,NA,S,NA,S,NA
1773.4806,SRR2101024,NA,NA,NA,NA,S,NA,NA,NA,S,NA,R,NA,NA,NA,NA,NA,NA,NA,S,NA,S,NA
1773.4817,SRR2101035,NA,NA,NA,NA,NA,NA,NA,NA,S,NA,S,NA,NA,NA,NA,NA,NA,NA,S,NA,S,NA
1773.4879,SRR2101100,NA,NA,NA,NA,NA,NA,NA,NA,S,NA,S,NA,NA,NA,NA,NA,NA,NA,S,NA,S,NA
1773.4904,SRR2101129,NA,NA,NA,NA,NA,NA,NA,NA,S,NA,S,NA,NA,NA,NA,NA,NA,NA,S,NA,S,NA
1773.4908,SRR2101134,NA,NA,NA,NA,NA,NA,NA,NA,S,NA,S,NA,NA,NA,NA,NA,NA,NA,S,NA,S,NA
1773.4918,SRR2101144,NA,NA,NA,NA,NA,NA,NA,NA,S,NA,S,NA,NA,NA,NA,NA,NA,NA,S,NA,S,NA
1773.5807,SRR2100000,NA,NA,NA,NA,NA,NA,NA,NA,S,NA,S,NA,NA,NA,NA,NA,NA,NA,S,NA,S,NA
1773.582,SRR2100013,NA,NA,NA,NA,NA,NA,NA,NA,S,NA,S,NA,NA,NA,NA,NA,NA,NA,S,NA,S,NA
1773.5902,SRR2101320,NA,NA,NA,NA,NA,NA,NA,NA,S,NA,S,NA,NA,NA,NA,NA,NA,NA,S,NA,S,NA
1773.5906,SRR2101324,NA,NA,NA,NA,NA,NA,NA,NA,S,NA,S,NA,NA,NA,NA,NA,NA,NA,S,NA,S,S
1773.5916,SRR2101349,NA,NA,NA,NA,NA,NA,NA,NA,S,NA,R,NA,NA,NA,NA,NA,NA,NA,S,NA,S,S
1773.18583,ERR1036291,R,NA,NA,R,NA,NA,S,NA,R,R,R,R,NA,NA,NA,S,S,NA,R,NA,R,R
1773.19467,ERR176810,S,NA,NA,R,NA,NA,NA,NA,S,NA,S,S,NA,NA,NA,S,NA,NA,NA,NA,S,R
1773.21697,ERR3256252,S,NA,NA,S,NA,NA,NA,NA,S,NA,R,S,NA,NA,NA,S,NA,NA,NA,NA,R,R
1773.31246,ERS1987250,S,NA,NA,S,NA,NA,NA,NA,S,NA,S,S,NA,NA,NA,S,NA,NA,NA,NA,R,R
1773.3125,ERS1987256,S,NA,NA,S,NA,NA,NA,NA,S,NA,R,S,NA,NA,NA,S,NA,NA,NA,NA,R,R
1773.31939,ERS3371707,S,NA,NA,S,NA,NA,NA,NA,S,NA,R,S,NA,NA,NA,S,NA,NA,NA,NA,R,R
1773.32128,ERS3371917,S,NA,NA,S,NA,NA,NA,NA,R,NA,R,S,NA,NA,NA,S,NA,NA,NA,NA,R,R
1773.32135,ERS3371923,S,NA,NA,S,NA,NA,NA,NA,S,NA,S,S,NA,NA,NA,S,NA,NA,NA,NA,S,R
1773.32327,ERS5281229,S,NA,NA,S,NA,NA,NA,NA,S,NA,S,S,NA,NA,NA,S,NA,NA,NA,NA,R,R
1773.32403,ERS5281344,S,NA,NA,S,NA,NA,NA,NA,S,NA,R,S,NA,NA,NA,S,NA,NA,NA,NA,R,R
1773.33064,ERS5282251,S,NA,NA,S,NA,NA,NA,NA,S,NA,R,S,NA,NA,NA,S,NA,NA,NA,NA,R,S
1773.33125,ERS5282339,S,NA,NA,S,NA,NA,NA,NA,S,NA,S,S,NA,NA,NA,S,NA,NA,NA,NA,S,S
1773.33163,ERS5282380,S,NA,NA,S,NA,NA,NA,NA,S,NA,S,S,NA,NA,NA,S,NA,NA,NA,NA,S,S
1773.33222,ERS5282459,S,NA,NA,S,NA,NA,NA,NA,S,NA,S,S,NA,NA,NA,S,NA,NA,NA,NA,S,S
1773.33245,ERS5282490,S,NA,NA,S,NA,NA,NA,NA,S,NA,S,S,NA,NA,NA,S,NA,NA,NA,NA,S,S
1773.33324,ERS5282580,S,NA,NA,S,NA,NA,NA,NA,S,NA,R,S,NA,NA,NA,R,NA,NA,NA,NA,R,R
1773.3336,ERS5282620,S,NA,NA,S,NA,NA,NA,NA,R,NA,R,S,NA,NA,NA,S,NA,NA,NA,NA,R,R
1773.33531,ERS5283053,S,NA,NA,S,NA,NA,NA,NA,S,NA,S,S,NA,NA,NA,S,NA,NA,NA,NA,S,S
1773.33899,ERS5298237,S,NA,NA,S,NA,NA,NA,NA,S,NA,S,S,NA,NA,NA,S,NA,NA,NA,NA,S,R
1773.33909,ERS5298247,S,NA,NA,S,NA,NA,NA,NA,S,NA,S,S,NA,NA,NA,S,NA,NA,NA,NA,R,S
1773.33987,ERS5298338,S,NA,NA,S,NA,NA,NA,NA,S,NA,S,S,NA,NA,NA,S,NA,NA,NA,NA,R,S
1773.34013,ERS5298517,S,NA,NA,S,NA,NA,NA,NA,S,NA,S,S,NA,NA,NA,S,NA,NA,NA,NA,R,R
1773.34178,ERS5298696,S,NA,NA,S,NA,NA,NA,NA,S,NA,S,S,NA,NA,NA,S,NA,NA,NA,NA,R,R
1773.34301,ERS5300533,S,NA,NA,S,NA,NA,NA,NA,S,NA,S,S,NA,NA,NA,S,NA,NA,NA,NA,R,R
1773.34307,ERS5300539,S,NA,NA,S,NA,NA,NA,NA,S,NA,S,S,NA,NA,NA,S,NA,NA,NA,NA,R,R
1773.34313,ERS5300549,S,NA,NA,R,NA,NA,NA,NA,R,NA,R,S,NA,NA,NA,S,NA,NA,NA,NA,R,R
1773.34318,ERS5300555,S,NA,NA,S,NA,NA,NA,NA,S,NA,S,S,NA,NA,NA,S,NA,NA,NA,NA,R,R
1773.34326,ERS5300560,S,NA,NA,S,NA,NA,NA,NA,S,NA,S,S,NA,NA,NA,S,NA,NA,NA,NA,R,R
1773.34327,ERS5300557,S,NA,NA,S,NA,NA,NA,NA,S,NA,S,S,NA,NA,NA,S,NA,NA,NA,NA,R,R
1773.34374,ERS5300605,S,NA,NA,S,NA,NA,NA,NA,S,NA,S,S,NA,NA,NA,S,NA,NA,NA,NA,R,R
1773.34421,ERS5300656,S,NA,NA,S,NA,NA,NA,NA,S,NA,S,S,NA,NA,NA,S,NA,NA,NA,NA,R,R
1773.34422,ERS5300655,S,NA,NA,S,NA,NA,NA,NA,R,NA,R,S,NA,NA,NA,S,NA,NA,NA,NA,R,R
1773.3444,ERS5300692,S,NA,NA,S,NA,NA,NA,NA,R,NA,R,S,NA,NA,NA,S,NA,NA,NA,NA,S,R
1773.34444,ERS5300699,S,NA,NA,R,NA,NA,NA,NA,R,NA,S,S,NA,NA,NA,S,NA,NA,NA,NA,R,R
1773.34591,ERS5300881,S,NA,NA,S,NA,NA,NA,NA,S,NA,R,S,NA,NA,NA,S,NA,NA,NA,NA,R,S
1773.34657,ERS5301057,R,NA,NA,R,NA,NA,NA,NA,S,NA,R,R,NA,NA,NA,R,NA,NA,NA,NA,R,R
1773.34722,ERS5301246,S,NA,NA,S,NA,NA,NA,NA,S,NA,S,S,NA,NA,NA,S,NA,NA,NA,NA,R,R
1773.3481,ERS5301872,S,NA,NA,S,NA,NA,NA,NA,S,NA,S,S,NA,NA,NA,S,NA,NA,NA,NA,R,R
1773.35162,ERS5302351,S,NA,NA,S,NA,NA,NA,NA,S,NA,S,S,NA,NA,NA,S,NA,NA,NA,NA,S,R
1773.35488,ERS5302747,S,NA,NA,S,NA,NA,NA,NA,S,NA,S,S,NA,NA,NA,S,NA,NA,NA,NA,S,R
1773.35703,ERS5303056,S,NA,NA,S,NA,NA,NA,NA,S,NA,R,S,NA,NA,NA,S,NA,NA,NA,NA,R,R
1773.35705,ERS5303058,S,NA,NA,S,NA,NA,NA,NA,S,NA,R,S,NA,NA,NA,S,NA,NA,NA,NA,R,R
1773.35732,ERS5303100,S,NA,NA,S,NA,NA,NA,NA,S,NA,R,S,NA,NA,NA,S,NA,NA,NA,NA,R,R
1773.35846,ERS5303249,S,NA,NA,S,NA,NA,NA,NA,S,NA,S,S,NA,NA,NA,S,NA,NA,NA,NA,S,R
1773.36053,ERS5303575,S,NA,NA,S,NA,NA,NA,NA,S,NA,R,S,NA,NA,NA,S,NA,NA,NA,NA,R,R
1773.36055,ERS5303571,S,NA,NA,S,NA,NA,NA,NA,S,NA,R,S,NA,NA,NA,S,NA,NA,NA,NA,R,R
1773.36077,ERS5303599,S,NA,NA,S,NA,NA,NA,NA,S,NA,R,S,NA,NA,NA,S,NA,NA,NA,NA,R,R
1773.36306,ERS5304111,S,NA,NA,S,NA,NA,NA,NA,S,NA,S,S,NA,NA,NA,S,NA,NA,NA,NA,S,R
1773.3637,ERS5304189,S,NA,NA,S,NA,NA,NA,NA,S,NA,S,S,NA,NA,NA,S,NA,NA,NA,NA,S,R
1773.3648,ERS5312380,S,NA,NA,S,NA,NA,NA,NA,S,NA,S,S,NA,NA,NA,S,NA,NA,NA,NA,R,R
1773.36508,ERS5312413,S,NA,NA,S,NA,NA,NA,NA,R,NA,S,S,NA,NA,NA,S,NA,NA,NA,NA,R,R
1773.36625,ERS5312534,S,NA,NA,S,NA,NA,NA,NA,S,NA,S,S,NA,NA,NA,S,NA,NA,NA,NA,S,R
1773.36657,ERS5312568,S,NA,NA,S,NA,NA,NA,NA,S,NA,S,S,NA,NA,NA,S,NA,NA,NA,NA,R,R
1773.36799,ERS5317234,S,NA,NA,S,NA,NA,NA,NA,S,NA,S,S,NA,NA,NA,S,NA,NA,NA,NA,S,S
1773.36909,ERS5317626,S,NA,NA,S,NA,NA,NA,NA,S,NA,S,S,NA,NA,NA,S,NA,NA,NA,NA,R,R
1773.36964,ERS5317686,S,NA,NA,S,NA,NA,NA,NA,S,NA,S,S,NA,NA,NA,S,NA,NA,NA,NA,R,R
1773.36968,ERS5317690,S,NA,NA,R,NA,NA,NA,NA,S,NA,S,S,NA,NA,NA,S,NA,NA,NA,NA,R,R
1773.37825,ERS5319444,S,NA,NA,S,NA,NA,NA,NA,R,NA,R,S,NA,NA,NA,S,NA,NA,NA,NA,S,R
1773.37923,ERS5319659,S,NA,NA,S,NA,NA,NA,NA,R,NA,R,S,NA,NA,NA,S,NA,NA,NA,NA,R,R
1773.3859,ERS5320410,S,NA,NA,S,NA,NA,NA,NA,S,NA,S,S,NA,NA,NA,S,NA,NA,NA,NA,S,R
1773.38647,ERS5320471,S,NA,NA,S,NA,NA,NA,NA,S,NA,S,S,NA,NA,NA,S,NA,NA,NA,NA,S,R
1773.39007,ERS6402723,S,NA,NA,S,NA,NA,NA,NA,S,NA,R,S,NA,NA,NA,S,NA,NA,NA,NA,R,R
1773.39153,ERS6402904,S,NA,NA,S,NA,NA,NA,NA,S,NA,R,S,NA,NA,NA,S,NA,NA,NA,NA,R,R
1773.39177,ERS6402925,S,NA,NA,S,NA,NA,NA,NA,S,NA,S,S,NA,NA,NA,S,NA,NA,NA,NA,R,R
1773.39288,ERS6403056,S,NA,NA,S,NA,NA,NA,NA,S,NA,R,S,NA,NA,NA,S,NA,NA,NA,NA,R,R
1773.39317,ERS6403089,S,NA,NA,S,NA,NA,NA,NA,S,NA,R,S,NA,NA,NA,S,NA,NA,NA,NA,R,S
1773.39465,ERS6403259,S,NA,NA,S,NA,NA,NA,NA,S,NA,R,S,NA,NA,NA,S,NA,NA,NA,NA,R,R
1773.39537,ERS6403350,S,NA,NA,S,NA,NA,NA,NA,S,NA,R,S,NA,NA,NA,S,NA,NA,NA,NA,S,S
1773.39705,ERS6403526,S,NA,NA,S,NA,NA,NA,NA,S,NA,S,S,NA,NA,NA,S,NA,NA,NA,NA,R,R
1773.39736,ERS6403562,S,NA,NA,S,NA,NA,NA,NA,S,NA,S,S,NA,NA,NA,S,NA,NA,NA,NA,S,R
1773.40016,ERS6421564,S,NA,NA,S,NA,NA,NA,NA,S,NA,S,S,NA,NA,NA,S,NA,NA,NA,NA,S,R
1773.40422,ERS6422056,S,NA,NA,S,NA,NA,NA,NA,S,NA,R,S,NA,NA,NA,S,NA,NA,NA,NA,R,R
1773.40533,ERS6422226,S,NA,NA,S,NA,NA,NA,NA,S,NA,S,S,NA,NA,NA,S,NA,NA,NA,NA,R,R
1773.40908,ERS5281468,S,NA,S,S,NA,S,NA,S,S,S,S,S,S,S,S,S,S,NA,NA,S,S,R
1773.42392,ERS5283110,S,NA,S,S,NA,S,NA,S,S,R,S,S,S,S,S,S,S,NA,NA,S,S,R
1773.42521,ERS5283246,S,NA,S,S,NA,S,NA,S,S,S,S,S,R,S,S,S,S,NA,NA,S,R,R
1773.42656,ERR7361928,S,NA,NA,S,NA,NA,NA,NA,S,NA,S,S,NA,NA,NA,S,NA,NA,NA,NA,R,R
1773.42947,ERS5300671,S,NA,NA,S,NA,NA,NA,NA,S,NA,R,S,NA,NA,NA,S,NA,NA,NA,NA,R,R
1773.43156,ERS5302139,S,NA,NA,S,NA,NA,NA,NA,S,NA,R,S,NA,NA,NA,S,NA,NA,NA,NA,R,R
1773.43191,ERS5303332,R,NA,NA,R,NA,NA,NA,NA,S,NA,R,R,NA,NA,NA,S,NA,NA,NA,NA,R,R
1773.43726,ERS5283027,S,NA,S,S,NA,S,NA,R,S,S,S,S,R,S,S,S,S,NA,NA,S,S,R
1773.18998,ERR161141,S,NA,NA,S,NA,NA,NA,NA,S,NA,S,S,NA,NA,NA,S,NA,NA,S,NA,S,R
1773.18999,ERR161142,S,NA,NA,S,NA,NA,NA,NA,S,NA,S,S,NA,NA,NA,S,NA,NA,S,NA,S,S
1773.19498,ERR181684,S,NA,NA,S,NA,NA,NA,NA,S,NA,S,S,NA,NA,NA,S,NA,NA,NA,NA,S,R
1773.31912,ERS3371688,S,NA,NA,S,NA,NA,NA,NA,S,NA,R,S,NA,NA,NA,S,NA,NA,NA,NA,S,R
1773.32211,ERS3372004,S,NA,NA,S,NA,NA,NA,NA,S,NA,R,S,NA,NA,NA,S,NA,NA,NA,NA,R,R
1773.33435,ERS5282722,S,NA,NA,S,NA,NA,NA,NA,S,NA,R,S,NA,NA,NA,S,NA,NA,NA,NA,R,R
1773.3386,ERS5298196,S,NA,NA,S,NA,NA,NA,NA,S,NA,S,S,NA,NA,NA,S,NA,NA,NA,NA,S,R
1773.34616,ERS5300968,S,NA,NA,S,NA,NA,NA,NA,S,NA,S,S,NA,NA,NA,S,NA,NA,NA,NA,R,R
1773.3575,ERS5303124,S,NA,NA,S,NA,NA,NA,NA,S,NA,R,S,NA,NA,NA,S,NA,NA,NA,NA,R,R
1773.36721,ERS5312638,S,NA,NA,S,NA,NA,NA,NA,S,NA,S,S,NA,NA,NA,S,NA,NA,NA,NA,R,R
1773.37863,ERS5319493,S,NA,NA,S,NA,NA,NA,NA,S,NA,S,S,NA,NA,NA,S,NA,NA,NA,NA,S,R
1773.38706,ERS5320607,S,NA,NA,S,NA,NA,NA,NA,S,NA,R,S,NA,NA,NA,S,NA,NA,NA,NA,R,R
1773.39313,ERS6403085,S,NA,NA,S,NA,NA,NA,NA,S,NA,R,S,NA,NA,NA,S,NA,NA,NA,NA,R,R
1773.42997,ERS5301225,S,NA,NA,S,NA,NA,NA,NA,S,NA,S,S,NA,NA,NA,S,NA,NA,NA,NA,R,R
1773.18997,ERR161145,S,NA,NA,S,NA,NA,NA,NA,S,NA,S,S,NA,NA,NA,S,NA,NA,S,NA,S,R
1773.19073,ERR163958,S,NA,NA,S,NA,NA,NA,NA,S,NA,R,S,NA,NA,NA,S,NA,NA,R,NA,R,R
1773.21704,ERR3256244,S,NA,NA,S,NA,NA,NA,NA,S,NA,R,S,NA,NA,NA,S,NA,NA,NA,NA,R,R
1773.19055,ERR163931,S,NA,NA,S,NA,NA,NA,NA,S,NA,S,S,NA,NA,NA,S,NA,NA,NA,NA,S,R
1773.19887,ERR190391,S,NA,NA,S,NA,NA,NA,NA,S,NA,S,S,NA,NA,NA,S,NA,NA,NA,NA,S,S
1773.31237,ERS1987237,S,NA,NA,S,NA,NA,NA,NA,S,NA,S,S,NA,NA,NA,S,NA,NA,NA,NA,S,R
1773.33368,ERS5282638,S,NA,NA,S,NA,NA,NA,NA,S,NA,R,S,NA,NA,NA,R,NA,NA,NA,NA,R,S
1773.34008,ERS5298505,S,NA,NA,S,NA,NA,NA,NA,S,NA,R,S,NA,NA,NA,S,NA,NA,NA,NA,R,R
1773.34493,ERS5300759,S,NA,NA,S,NA,NA,NA,NA,S,NA,S,S,NA,NA,NA,S,NA,NA,NA,NA,R,R
1773.34561,ERS5300832,S,NA,NA,S,NA,NA,NA,NA,S,NA,S,S,NA,NA,NA,S,NA,NA,NA,NA,R,R
1773.3462,ERS5300997,S,NA,NA,S,NA,NA,NA,NA,S,NA,S,S,NA,NA,NA,S,NA,NA,NA,NA,R,R
1773.34773,ERS5301365,S,NA,NA,S,NA,NA,NA,NA,S,NA,S,R,NA,NA,NA,S,NA,NA,NA,NA,R,R
1773.3541,ERS5302653,S,NA,NA,S,NA,NA,NA,NA,S,NA,S,S,NA,NA,NA,S,NA,NA,NA,NA,R,R
1773.36189,ERS5303957,S,NA,NA,S,NA,NA,NA,NA,S,NA,S,S,NA,NA,NA,S,NA,NA,NA,NA,S,R
1773.36817,ERS5317255,S,NA,NA,S,NA,NA,NA,NA,S,NA,S,S,NA,NA,NA,S,NA,NA,NA,NA,S,S
1773.38595,ERS5320415,S,NA,NA,S,NA,NA,NA,NA,S,NA,S,S,NA,NA,NA,S,NA,NA,NA,NA,R,R
1773.40368,ERS6422001,S,NA,NA,S,NA,NA,NA,NA,S,NA,S,S,NA,NA,NA,S,NA,NA,NA,NA,S,R
1773.4051,ERS6422212,S,NA,NA,S,NA,NA,NA,NA,S,NA,S,S,NA,NA,NA,S,NA,NA,NA,NA,S,R
1773.1859,ERR1035251,S,NA,NA,S,NA,NA,NA,NA,S,NA,R,S,NA,NA,NA,S,NA,NA,NA,NA,S,R
1773.19495,ERR181693,S,NA,NA,S,NA,NA,NA,NA,S,NA,S,S,NA,NA,NA,S,NA,NA,NA,NA,S,R
1773.3457,ERS5300844,S,NA,NA,S,NA,NA,NA,NA,S,NA,S,S,NA,NA,NA,S,NA,NA,NA,NA,R,R
1773.34613,ERS5300951,S,NA,NA,S,NA,NA,NA,NA,S,NA,S,S,NA,NA,NA,S,NA,NA,NA,NA,R,S
1773.35196,ERS5302387,S,NA,NA,S,NA,NA,NA,NA,S,NA,S,S,NA,NA,NA,S,NA,NA,NA,NA,R,R
1773.36338,ERS5304153,S,NA,NA,S,NA,NA,NA,NA,S,NA,S,S,NA,NA,NA,S,NA,NA,NA,NA,S,R
1773.36634,ERS5312544,S,NA,NA,S,NA,NA,NA,NA,S,NA,S,S,NA,NA,NA,S,NA,NA,NA,NA,R,R
1773.37099,ERS5317834,S,NA,NA,S,NA,NA,NA,NA,S,NA,S,S,NA,NA,NA,S,NA,NA,NA,NA,S,R
1773.39497,ERS6403290,S,NA,NA,S,NA,NA,NA,NA,S,NA,R,S,NA,NA,NA,S,NA,NA,NA,NA,R,R
1773.43551,ERS5317486,S,NA,NA,S,NA,NA,NA,NA,S,NA,S,S,NA,NA,NA,S,NA,NA,NA,NA,S,S
1773.176,ERS181572,NA,NA,NA,NA,NA,NA,NA,NA,S,NA,S,NA,NA,NA,NA,NA,NA,NA,S,NA,S,S
1773.19883,ERR190369,S,NA,NA,S,NA,NA,NA,NA,S,NA,S,S,NA,NA,NA,S,NA,NA,NA,NA,R,R
1773.2544,ERR552852,NA,NA,NA,NA,NA,NA,NA,NA,S,NA,S,NA,NA,NA,NA,NA,NA,NA,S,NA,S,S
1773.2582,ERR552438,NA,NA,NA,NA,NA,NA,NA,NA,S,NA,S,NA,NA,NA,NA,NA,NA,NA,S,NA,S,S
1773.2747,ERR551072,NA,NA,NA,NA,NA,NA,NA,NA,S,NA,S,NA,NA,NA,NA,NA,NA,NA,S,NA,S,S
1773.3123,ERR551883,NA,NA,NA,NA,NA,NA,NA,NA,S,NA,S,NA,NA,NA,NA,NA,NA,NA,S,NA,S,S
1773.31238,ERS1987249,S,NA,NA,S,NA,NA,NA,NA,S,NA,S,S,NA,NA,NA,S,NA,NA,NA,NA,R,R
1773.31255,ERS1987258,S,NA,NA,S,NA,NA,NA,NA,S,NA,S,S,NA,NA,NA,S,NA,NA,NA,NA,S,R
1773.31267,ERS1987271,S,NA,NA,S,NA,NA,NA,NA,S,NA,S,S,NA,NA,NA,S,NA,NA,NA,NA,S,R
1773.31802,ERS3371564,S,NA,NA,S,NA,NA,NA,NA,S,NA,R,S,NA,NA,NA,S,NA,NA,NA,NA,R,R
1773.31822,ERS3371585,R,NA,NA,R,NA,NA,NA,NA,S,NA,R,R,NA,NA,NA,R,NA,NA,NA,NA,S,R
1773.31826,ERS3371588,S,NA,NA,S,NA,NA,NA,NA,S,NA,S,S,NA,NA,NA,S,NA,NA,NA,NA,S,R
1773.31855,ERS3371617,S,NA,NA,S,NA,NA,NA,NA,S,NA,R,S,NA,NA,NA,S,NA,NA,NA,NA,R,R
1773.31879,ERS3371646,S,NA,NA,S,NA,NA,NA,NA,S,NA,R,S,NA,NA,NA,S,NA,NA,NA,NA,S,R
1773.32214,ERS3372008,S,NA,NA,S,NA,NA,NA,NA,S,NA,R,S,NA,NA,NA,S,NA,NA,NA,NA,S,R
1773.33177,ERS5282398,S,NA,NA,S,NA,NA,NA,NA,S,NA,S,S,NA,NA,NA,S,NA,NA,NA,NA,R,R
1773.33586,ERS5297870,S,NA,NA,S,NA,NA,NA,NA,S,NA,R,S,NA,NA,NA,S,NA,NA,NA,NA,S,R
1773.34389,ERS5300622,S,NA,NA,S,NA,NA,NA,NA,S,NA,S,S,NA,NA,NA,S,NA,NA,NA,NA,S,R
1773.34412,ERS5300646,R,NA,NA,R,NA,NA,NA,NA,S,NA,R,R,NA,NA,NA,S,NA,NA,NA,NA,R,R
1773.34439,ERS5300695,S,NA,NA,S,NA,NA,NA,NA,S,NA,S,S,NA,NA,NA,R,NA,NA,NA,NA,R,R
1773.34574,ERS5300856,S,NA,NA,S,NA,NA,NA,NA,S,NA,S,S,NA,NA,NA,S,NA,NA,NA,NA,R,R
1773.3514,ERS5302327,S,NA,NA,S,NA,NA,NA,NA,S,NA,S,S,NA,NA,NA,S,NA,NA,NA,NA,S,R
1773.35163,ERS5302352,S,NA,NA,S,NA,NA,NA,NA,S,NA,S,S,NA,NA,NA,S,NA,NA,NA,NA,R,R
1773.35171,ERS5302359,S,NA,NA,S,NA,NA,NA,NA,S,NA,S,S,NA,NA,NA,S,NA,NA,NA,NA,S,R
1773.35317,ERS5302547,S,NA,NA,S,NA,NA,NA,NA,S,NA,S,S,NA,NA,NA,S,NA,NA,NA,NA,S,R
1773.35409,ERS5302648,S,NA,NA,S,NA,NA,NA,NA,S,NA,S,S,NA,NA,NA,S,NA,NA,NA,NA,R,R
1773.35414,ERS5302657,S,NA,NA,S,NA,NA,NA,NA,S,NA,S,S,NA,NA,NA,S,NA,NA,NA,NA,S,R
1773.35892,ERS5303361,S,NA,NA,S,NA,NA,NA,NA,S,NA,R,S,NA,NA,NA,R,NA,NA,NA,NA,S,R
1773.35896,ERS5303372,S,NA,NA,S,NA,NA,NA,NA,S,NA,R,S,NA,NA,NA,S,NA,NA,NA,NA,R,R
1773.36181,ERS5303945,S,NA,NA,S,NA,NA,NA,NA,S,NA,R,S,NA,NA,NA,S,NA,NA,NA,NA,S,R
1773.36193,ERS5303955,S,NA,NA,S,NA,NA,NA,NA,S,NA,S,S,NA,NA,NA,S,NA,NA,NA,NA,S,R
1773.36484,ERS5312378,S,NA,NA,S,NA,NA,NA,NA,R,NA,R,S,NA,NA,NA,S,NA,NA,NA,NA,R,R
1773.37949,ERS5319678,S,NA,NA,S,NA,NA,NA,NA,S,NA,R,S,NA,NA,NA,S,NA,NA,NA,NA,R,R
1773.3795,ERS5319694,S,NA,NA,S,NA,NA,NA,NA,R,NA,R,S,NA,NA,NA,S,NA,NA,NA,NA,R,R
1773.37955,ERS5319687,S,NA,NA,S,NA,NA,NA,NA,R,NA,R,S,NA,NA,NA,S,NA,NA,NA,NA,R,R
1773.37971,ERS5319709,S,NA,NA,S,NA,NA,NA,NA,S,NA,R,S,NA,NA,NA,S,NA,NA,NA,NA,R,R
1773.38632,ERS5320455,S,NA,NA,R,NA,NA,NA,NA,S,NA,S,S,NA,NA,NA,S,NA,NA,NA,NA,S,R
1773.39197,ERS6402953,S,NA,NA,S,NA,NA,NA,NA,S,NA,S,S,NA,NA,NA,S,NA,NA,NA,NA,S,R
1773.39223,ERS6402978,S,NA,NA,S,NA,NA,NA,NA,S,NA,S,S,NA,NA,NA,S,NA,NA,NA,NA,S,R
1773.39439,ERS6403227,S,NA,NA,S,NA,NA,NA,NA,S,NA,R,S,NA,NA,NA,R,NA,NA,NA,NA,R,R
1773.39557,ERS6403368,S,NA,NA,S,NA,NA,NA,NA,S,NA,S,S,NA,NA,NA,S,NA,NA,NA,NA,S,R
1773.397,SRR2100172,NA,NA,NA,NA,NA,NA,NA,NA,S,NA,S,NA,NA,NA,NA,NA,NA,NA,S,NA,S,NA
1773.39724,ERS6403557,S,NA,NA,S,NA,NA,NA,NA,S,NA,S,S,NA,NA,NA,S,NA,NA,NA,NA,R,R
1773.3977,SRR2100179,NA,NA,NA,NA,S,NA,NA,NA,S,NA,R,NA,NA,NA,NA,NA,NA,NA,S,NA,S,NA
1773.3979,SRR2100181,NA,NA,NA,NA,NA,NA,NA,NA,S,NA,S,NA,NA,NA,NA,NA,NA,NA,S,NA,S,NA
1773.4074,SRR2100276,NA,NA,NA,NA,NA,NA,NA,NA,S,NA,S,NA,NA,NA,NA,NA,NA,NA,S,NA,S,NA
1773.4107,SRR2100309,NA,NA,NA,NA,NA,NA,NA,NA,S,NA,S,NA,NA,NA,NA,NA,NA,NA,S,NA,S,NA
1773.413,SRR2100333,NA,NA,NA,NA,NA,NA,NA,NA,S,NA,S,NA,NA,NA,NA,NA,NA,NA,S,NA,S,NA
1773.42217,ERS5282923,S,NA,S,S,NA,S,NA,S,S,R,R,S,R,S,R,R,S,NA,NA,R,R,R
1773.42302,ERS5283019,S,NA,S,S,NA,S,NA,S,S,R,S,S,R,S,S,S,S,NA,NA,S,S,S
1773.42331,ERS5283049,S,NA,S,S,NA,S,NA,S,R,R,R,S,S,S,S,S,S,NA,NA,R,R,R
1773.42357,ERS5283078,S,NA,S,S,NA,R,NA,R,S,S,S,S,R,S,S,S,S,NA,NA,S,S,S
1773.4278,SRR2100479,NA,NA,NA,NA,NA,NA,NA,NA,S,NA,S,NA,NA,NA,NA,NA,NA,NA,S,NA,S,NA
1773.4279,SRR2100480,NA,NA,NA,NA,NA,NA,NA,NA,S,NA,S,NA,NA,NA,NA,NA,NA,NA,S,NA,S,NA
1773.43023,ERS5301308,S,NA,NA,S,NA,NA,NA,NA,S,NA,S,S,NA,NA,NA,S,NA,NA,NA,NA,R,S
1773.43025,ERS5301314,S,NA,NA,R,NA,NA,NA,NA,S,NA,S,S,NA,NA,NA,S,NA,NA,NA,NA,R,R
1773.43235,ERS3371933,S,NA,NA,S,NA,NA,NA,NA,S,NA,S,S,NA,NA,NA,S,NA,NA,NA,NA,S,R
1773.43249,ERS3371532,S,NA,NA,S,NA,NA,NA,NA,S,NA,R,S,NA,NA,NA,S,NA,NA,NA,NA,S,R
1773.4327,SRR2100527,NA,NA,NA,NA,NA,NA,NA,NA,S,NA,S,NA,NA,NA,NA,NA,NA,NA,S,NA,S,NA
1773.4333,SRR2100534,NA,NA,NA,NA,NA,NA,NA,NA,S,NA,S,NA,NA,NA,NA,NA,NA,NA,S,NA,S,NA
1773.4341,SRR2100543,NA,NA,NA,NA,NA,NA,NA,NA,S,NA,S,NA,NA,NA,NA,NA,NA,NA,S,NA,S,NA
1773.4348,SRR2100550,NA,NA,NA,NA,NA,NA,NA,NA,S,NA,S,NA,NA,NA,NA,NA,NA,NA,S,NA,S,NA
1773.43667,ERS5303933,S,NA,NA,S,NA,NA,NA,NA,S,NA,R,S,NA,NA,NA,S,NA,NA,NA,NA,S,R
1773.43737,ERS5283055,S,NA,S,S,NA,S,NA,S,S,S,R,S,S,S,S,S,S,NA,NA,S,S,R
1773.4376,SRR2100579,NA,NA,NA,NA,NA,NA,NA,NA,S,NA,S,NA,NA,NA,NA,NA,NA,NA,S,NA,S,NA
1773.4378,SRR2100581,NA,NA,NA,NA,NA,NA,NA,NA,S,NA,S,NA,NA,NA,NA,NA,NA,NA,S,NA,S,NA
1773.4409,SRR2100612,NA,NA,NA,NA,NA,NA,NA,NA,S,NA,S,NA,NA,NA,NA,NA,NA,NA,S,NA,S,NA
1773.4417,SRR2100620,NA,NA,NA,NA,NA,NA,NA,NA,S,NA,S,NA,NA,NA,NA,NA,NA,NA,S,NA,S,NA
1773.4519,SRR2100723,NA,NA,NA,NA,NA,NA,NA,NA,S,NA,S,NA,NA,NA,NA,NA,NA,NA,S,NA,S,NA
1773.4523,SRR2100727,NA,NA,NA,NA,S,NA,NA,NA,S,NA,S,NA,NA,NA,NA,NA,NA,NA,S,NA,S,NA
1773.4769,SRR2100985,NA,NA,NA,NA,NA,NA,NA,NA,S,NA,S,NA,NA,NA,NA,NA,NA,NA,S,NA,S,NA
1773.4774,SRR2100991,NA,NA,NA,NA,NA,NA,NA,NA,S,NA,S,NA,NA,NA,NA,NA,NA,NA,S,NA,S,NA
1773.4785,SRR2101003,NA,NA,NA,NA,NA,NA,NA,NA,S,NA,S,NA,NA,NA,NA,NA,NA,NA,S,NA,S,NA
1773.4794,SRR2101012,NA,NA,NA,NA,NA,NA,NA,NA,S,NA,S,NA,NA,NA,NA,NA,NA,NA,S,NA,S,NA
1773.482,SRR2101039,NA,NA,NA,NA,R,NA,NA,NA,NA,NA,S,NA,NA,NA,NA,NA,NA,NA,R,NA,S,NA
1773.4872,SRR2101092,NA,NA,NA,NA,NA,NA,NA,NA,S,NA,S,NA,NA,NA,NA,NA,NA,NA,S,NA,S,NA
1773.4882,SRR2101103,NA,NA,NA,NA,NA,NA,NA,NA,S,NA,S,NA,NA,NA,NA,NA,NA,NA,S,NA,S,NA
1773.4896,SRR2101121,NA,NA,NA,NA,NA,NA,NA,NA,S,NA,S,NA,NA,NA,NA,NA,NA,NA,S,NA,S,NA
1773.49,SRR2101125,NA,NA,NA,NA,NA,NA,NA,NA,S,NA,S,NA,NA,NA,NA,NA,NA,NA,S,NA,S,NA
1773.4938,SRR2101167,NA,NA,NA,NA,NA,NA,NA,NA,S,NA,S,NA,NA,NA,NA,NA,NA,NA,S,NA,S,NA
1773.4979,SRR2101256,NA,NA,NA,NA,NA,NA,NA,NA,S,NA,S,NA,NA,NA,NA,NA,NA,NA,S,NA,S,NA
1773.4981,SRR2101261,NA,NA,NA,NA,R,NA,NA,NA,R,NA,S,NA,NA,NA,NA,NA,NA,NA,R,NA,R,NA
1773.5891,SRR2101288,NA,NA,NA,NA,NA,NA,NA,NA,S,NA,S,NA,NA,NA,NA,NA,NA,NA,S,NA,S,S
1773.591,SRR2101328,NA,NA,NA,NA,NA,NA,NA,NA,S,NA,S,NA,NA,NA,NA,NA,NA,NA,S,NA,S,S
1773.1986,ERR190345,S,NA,NA,S,NA,NA,NA,NA,S,NA,S,S,NA,NA,NA,S,NA,NA,S,NA,S,S
1773.19862,ERR190349,S,NA,NA,S,NA,NA,NA,NA,S,NA,S,S,NA,NA,NA,S,NA,NA,NA,NA,S,S
1773.19876,ERR190373,S,NA,NA,S,NA,NA,NA,NA,S,NA,S,S,NA,NA,NA,S,NA,NA,NA,NA,S,R
1773.21705,ERR3256255,R,NA,NA,R,NA,NA,NA,NA,S,NA,R,R,NA,NA,NA,S,NA,NA,NA,NA,R,R
1773.31792,ERS3371553,S,NA,NA,S,NA,NA,NA,NA,S,NA,S,S,NA,NA,NA,S,NA,NA,NA,NA,R,R
1773.31837,ERS3371600,S,NA,NA,S,NA,NA,NA,NA,S,NA,S,S,NA,NA,NA,S,NA,NA,NA,NA,R,R
1773.32293,ERS3372098,R,NA,NA,R,NA,NA,NA,NA,S,NA,R,R,NA,NA,NA,S,NA,NA,NA,NA,R,R
1773.3308,ERS5282272,S,NA,NA,S,NA,NA,NA,NA,S,NA,S,S,NA,NA,NA,S,NA,NA,NA,NA,S,S
1773.33114,ERS5282322,S,NA,NA,S,NA,NA,NA,NA,S,NA,S,S,NA,NA,NA,S,NA,NA,NA,NA,R,R
1773.33263,ERS5282511,S,NA,NA,S,NA,NA,NA,NA,S,NA,S,S,NA,NA,NA,S,NA,NA,NA,NA,S,S
1773.33447,ERS5282739,S,NA,NA,S,NA,NA,NA,NA,S,NA,R,S,NA,NA,NA,S,NA,NA,NA,NA,S,R
1773.3349,ERS5282808,S,NA,NA,S,NA,NA,NA,NA,S,NA,S,S,NA,NA,NA,S,NA,NA,NA,NA,S,S
1773.33729,ERS5298055,S,NA,NA,S,NA,NA,NA,NA,R,NA,R,S,NA,NA,NA,S,NA,NA,NA,NA,R,R
1773.33907,ERS5298249,R,NA,NA,R,NA,NA,NA,NA,S,NA,R,R,NA,NA,NA,S,NA,NA,NA,NA,R,S
1773.33984,ERS5298335,S,NA,NA,S,NA,NA,NA,NA,S,NA,S,S,NA,NA,NA,S,NA,NA,NA,NA,R,R
1773.33986,ERS5298337,S,NA,NA,S,NA,NA,NA,NA,S,NA,R,S,NA,NA,NA,S,NA,NA,NA,NA,R,R
1773.34033,ERS5298540,S,NA,NA,S,NA,NA,NA,NA,S,NA,S,S,NA,NA,NA,S,NA,NA,NA,NA,R,R
1773.3412,ERS5298635,S,NA,NA,S,NA,NA,NA,NA,S,NA,S,S,NA,NA,NA,S,NA,NA,NA,NA,R,R
1773.34133,ERS5298639,S,NA,NA,S,NA,NA,NA,NA,S,NA,S,S,NA,NA,NA,S,NA,NA,NA,NA,R,R
1773.34141,ERS5298653,S,NA,NA,S,NA,NA,NA,NA,S,NA,S,S,NA,NA,NA,S,NA,NA,NA,NA,R,R
1773.34176,ERS5298688,S,NA,NA,R,NA,NA,NA,NA,S,NA,S,S,NA,NA,NA,S,NA,NA,NA,NA,R,R
1773.34205,ERS5298719,S,NA,NA,S,NA,NA,NA,NA,S,NA,S,S,NA,NA,NA,S,NA,NA,NA,NA,R,R
1773.34625,ERS5301010,S,NA,NA,S,NA,NA,NA,NA,S,NA,R,S,NA,NA,NA,S,NA,NA,NA,NA,R,R
1773.34668,ERS5301078,S,NA,NA,S,NA,NA,NA,NA,S,NA,R,S,NA,NA,NA,S,NA,NA,NA,NA,R,R
1773.34723,ERS5301249,S,NA,NA,S,NA,NA,NA,NA,S,NA,S,S,NA,NA,NA,S,NA,NA,NA,NA,R,R
1773.34735,ERS5301266,S,NA,NA,S,NA,NA,NA,NA,S,NA,S,S,NA,NA,NA,S,NA,NA,NA,NA,R,R
1773.3476,ERS5301331,S,NA,NA,S,NA,NA,NA,NA,S,NA,S,S,NA,NA,NA,S,NA,NA,NA,NA,R,R
1773.34767,ERS5301344,S,NA,NA,S,NA,NA,NA,NA,S,NA,S,S,NA,NA,NA,S,NA,NA,NA,NA,R,R
1773.348,ERS5301859,S,NA,NA,S,NA,NA,NA,NA,S,NA,S,S,NA,NA,NA,S,NA,NA,NA,NA,R,R
1773.35027,ERS5302177,S,NA,NA,S,NA,NA,NA,NA,S,NA,S,S,NA,NA,NA,S,NA,NA,NA,NA,S,R
1773.35147,ERS5302335,S,NA,NA,S,NA,NA,NA,NA,S,NA,R,S,NA,NA,NA,S,NA,NA,NA,NA,R,R
1773.35305,ERS5302535,S,NA,NA,S,NA,NA,NA,NA,R,NA,R,S,NA,NA,NA,S,NA,NA,NA,NA,R,R
1773.35387,ERS5302627,S,NA,NA,S,NA,NA,NA,NA,S,NA,S,S,NA,NA,NA,S,NA,NA,NA,NA,S,R
1773.35595,ERS5302875,S,NA,NA,S,NA,NA,NA,NA,S,NA,S,S,NA,NA,NA,S,NA,NA,NA,NA,S,R
1773.35622,ERS5302912,S,NA,NA,S,NA,NA,NA,NA,S,NA,R,S,NA,NA,NA,S,NA,NA,NA,NA,R,R
1773.35734,ERS5303106,S,NA,NA,S,NA,NA,NA,NA,S,NA,R,S,NA,NA,NA,S,NA,NA,NA,NA,R,R
1773.35844,ERS5303248,S,NA,NA,S,NA,NA,NA,NA,S,NA,S,S,NA,NA,NA,S,NA,NA,NA,NA,S,R
1773.35888,ERS5303357,R,NA,NA,R,NA,NA,NA,NA,R,NA,R,R,NA,NA,NA,R,NA,NA,NA,NA,R,R
1773.3589,ERS5303359,R,NA,NA,R,NA,NA,NA,NA,S,NA,R,R,NA,NA,NA,R,NA,NA,NA,NA,R,R
1773.36072,ERS5303593,S,NA,NA,S,NA,NA,NA,NA,S,NA,R,S,NA,NA,NA,S,NA,NA,NA,NA,R,R
1773.3609,ERS5303614,S,NA,NA,S,NA,NA,NA,NA,S,NA,R,S,NA,NA,NA,S,NA,NA,NA,NA,R,R
1773.36092,ERS5303616,S,NA,NA,S,NA,NA,NA,NA,S,NA,R,S,NA,NA,NA,S,NA,NA,NA,NA,R,R
1773.36159,ERS5303911,S,NA,NA,S,NA,NA,NA,NA,S,NA,R,S,NA,NA,NA,S,NA,NA,NA,NA,R,R
1773.363,ERS5304109,S,NA,NA,S,NA,NA,NA,NA,S,NA,R,S,NA,NA,NA,S,NA,NA,NA,NA,R,R
1773.36352,ERS5304171,S,NA,NA,S,NA,NA,NA,NA,S,NA,S,S,NA,NA,NA,S,NA,NA,NA,NA,S,R
1773.3636,ERS5304174,S,NA,NA,S,NA,NA,NA,NA,S,NA,S,S,NA,NA,NA,S,NA,NA,NA,NA,R,R
1773.36501,ERS5312407,S,NA,NA,S,NA,NA,NA,NA,R,NA,R,S,NA,NA,NA,S,NA,NA,NA,NA,R,R
1773.36503,ERS5312406,S,NA,NA,S,NA,NA,NA,NA,S,NA,S,S,NA,NA,NA,S,NA,NA,NA,NA,R,S
1773.36891,ERS5317596,S,NA,NA,S,NA,NA,NA,NA,S,NA,S,S,NA,NA,NA,S,NA,NA,NA,NA,S,R
1773.37723,ERS5319145,S,NA,NA,S,NA,NA,NA,NA,S,NA,R,S,NA,NA,NA,S,NA,NA,NA,NA,R,R
1773.37916,ERS5319649,S,NA,NA,S,NA,NA,NA,NA,R,NA,R,S,NA,NA,NA,S,NA,NA,NA,NA,R,R
1773.37943,ERS5319683,S,NA,NA,S,NA,NA,NA,NA,R,NA,R,S,NA,NA,NA,S,NA,NA,NA,NA,R,R
1773.3829,ERS5320079,R,NA,NA,R,NA,NA,NA,NA,S,NA,R,R,NA,NA,NA,R,NA,NA,NA,NA,R,R
1773.3867,ERS5320493,S,NA,NA,S,NA,NA,NA,NA,S,NA,S,S,NA,NA,NA,S,NA,NA,NA,NA,R,R
1773.39348,ERS6403122,S,NA,NA,S,NA,NA,NA,NA,S,NA,S,S,NA,NA,NA,S,NA,NA,NA,NA,S,R
1773.39509,ERS6403304,S,NA,NA,S,NA,NA,NA,NA,S,NA,S,S,NA,NA,NA,S,NA,NA,NA,NA,R,R
1773.3997,ERS6421518,S,NA,NA,S,NA,NA,NA,NA,S,NA,S,S,NA,NA,NA,S,NA,NA,NA,NA,S,R
1773.39984,ERS6421532,S,NA,NA,S,NA,NA,NA,NA,S,NA,S,S,NA,NA,NA,S,NA,NA,NA,NA,S,R
1773.39995,ERS6421543,S,NA,NA,S,NA,NA,NA,NA,S,NA,S,S,NA,NA,NA,S,NA,NA,NA,NA,S,R
1773.40166,ERS6421727,S,NA,NA,S,NA,NA,NA,NA,S,NA,S,S,NA,NA,NA,S,NA,NA,NA,NA,R,R
1773.40475,ERS6422166,S,NA,NA,S,NA,NA,NA,NA,S,NA,S,S,NA,NA,NA,S,NA,NA,NA,NA,R,R
1773.40528,ERS6422224,S,NA,NA,S,NA,NA,NA,NA,S,NA,S,S,NA,NA,NA,S,NA,NA,NA,NA,S,R
1773.42515,ERS5283243,S,NA,S,S,NA,S,NA,R,S,S,S,S,R,R,S,S,S,NA,NA,S,R,R
1773.42984,ERS5301189,S,NA,NA,S,NA,NA,NA,NA,S,NA,S,S,NA,NA,NA,S,NA,NA,NA,NA,R,R
1773.43034,ERS5301334,S,NA,NA,S,NA,NA,NA,NA,S,NA,S,S,NA,NA,NA,S,NA,NA,NA,NA,R,R
1773.43056,ERS5319720,S,NA,NA,S,NA,NA,NA,NA,S,NA,R,S,NA,NA,NA,S,NA,NA,NA,NA,R,R
1773.43151,ERS5301901,S,NA,NA,S,NA,NA,NA,NA,S,NA,S,S,NA,NA,NA,S,NA,NA,NA,NA,R,R
1773.43233,ERS3371992,S,NA,NA,S,NA,NA,NA,NA,S,NA,R,S,NA,NA,NA,S,NA,NA,NA,NA,R,R
1773.43246,ERS3371876,S,NA,NA,S,NA,NA,NA,NA,S,NA,R,S,NA,NA,NA,S,NA,NA,NA,NA,S,R
1773.43716,ERS5282784,S,NA,S,S,NA,S,NA,R,R,R,R,S,R,S,R,S,R,NA,NA,R,R,S
1773.4373,ERS5282995,R,NA,S,S,NA,S,NA,S,R,R,R,R,R,S,R,S,R,NA,NA,R,R,S
1773.32452,ERS5281441,S,NA,NA,S,NA,NA,NA,NA,S,NA,S,S,NA,NA,NA,S,NA,NA,NA,NA,S,S
1773.34109,ERS5298617,S,NA,NA,S,NA,NA,NA,NA,S,NA,S,S,NA,NA,NA,S,NA,NA,NA,NA,R,R
1773.34496,ERS5300761,S,NA,NA,S,NA,NA,NA,NA,S,NA,S,S,NA,NA,NA,S,NA,NA,NA,NA,R,R
1773.35831,ERS5303233,S,NA,NA,S,NA,NA,NA,NA,S,NA,R,S,NA,NA,NA,S,NA,NA,NA,NA,R,R
1773.35895,ERS5303371,S,NA,NA,S,NA,NA,NA,NA,R,NA,S,S,NA,NA,NA,S,NA,NA,NA,NA,R,R
1773.36705,ERS5312618,S,NA,NA,S,NA,NA,NA,NA,S,NA,S,S,NA,NA,NA,S,NA,NA,NA,NA,S,R
1773.36969,ERS5317689,S,NA,NA,S,NA,NA,NA,NA,S,NA,S,S,NA,NA,NA,S,NA,NA,NA,NA,S,S
1773.37844,ERS5319472,S,NA,NA,S,NA,NA,NA,NA,S,NA,S,S,NA,NA,NA,S,NA,NA,NA,NA,S,S
1773.39395,ERS6403174,S,NA,NA,S,NA,NA,NA,NA,S,NA,S,S,NA,NA,NA,S,NA,NA,NA,NA,S,S
1773.42292,ERS5283003,S,NA,S,S,NA,S,NA,S,S,S,S,S,R,S,S,S,S,NA,NA,S,S,R
1773.42977,ERS5301035,S,NA,NA,S,NA,NA,NA,NA,S,NA,R,S,NA,NA,NA,S,NA,NA,NA,NA,R,R
1773.4345,ERS5317320,S,NA,NA,S,NA,NA,NA,NA,S,NA,S,S,NA,NA,NA,S,NA,NA,NA,NA,S,R
1773.43552,ERS5317498,S,NA,NA,S,NA,NA,NA,NA,S,NA,S,S,NA,NA,NA,S,NA,NA,NA,NA,S,S
1773.43704,ERS5282538,S,NA,S,S,NA,S,NA,S,S,R,R,S,R,S,S,S,S,NA,NA,R,R,R
1773.19064,ERR163941,S,NA,NA,S,NA,NA,NA,NA,S,NA,S,S,NA,NA,NA,S,NA,NA,NA,NA,S,R
1773.19466,ERR176815,S,NA,NA,S,NA,NA,NA,NA,S,NA,S,S,NA,NA,NA,S,NA,NA,NA,NA,S,S
1773.19837,ERR190329,S,NA,NA,S,NA,NA,NA,NA,S,NA,S,S,NA,NA,NA,S,NA,NA,NA,NA,S,R
1773.31272,ERS1987274,S,NA,NA,S,NA,NA,NA,NA,S,NA,R,S,NA,NA,NA,S,NA,NA,NA,NA,R,R
1773.32183,ERS3371977,S,NA,NA,S,NA,NA,NA,NA,S,NA,S,S,NA,NA,NA,S,NA,NA,NA,NA,R,R
1773.34073,ERS5298579,S,NA,NA,S,NA,NA,NA,NA,S,NA,S,S,NA,NA,NA,S,NA,NA,NA,NA,R,R
1773.34387,ERS5300616,S,NA,NA,S,NA,NA,NA,NA,S,NA,R,S,NA,NA,NA,S,NA,NA,NA,NA,R,R
1773.35854,ERS5303264,S,NA,NA,S,NA,NA,NA,NA,R,NA,R,S,NA,NA,NA,S,NA,NA,NA,NA,S,R
1773.36295,ERS5304107,S,NA,NA,S,NA,NA,NA,NA,S,NA,S,S,NA,NA,NA,S,NA,NA,NA,NA,S,R
1773.36362,ERS5304173,S,NA,NA,S,NA,NA,NA,NA,S,NA,S,S,NA,NA,NA,S,NA,NA,NA,NA,S,R
1773.36963,ERS5317685,S,NA,NA,S,NA,NA,NA,NA,S,NA,S,S,NA,NA,NA,S,NA,NA,NA,NA,S,S
1773.39567,ERS6403383,S,NA,NA,S,NA,NA,NA,NA,S,NA,S,S,NA,NA,NA,S,NA,NA,NA,NA,R,R
1773.37026,ERS5317745,S,NA,NA,S,NA,NA,NA,NA,S,NA,R,S,NA,NA,NA,S,NA,NA,NA,NA,S,S
1773.37105,ERS5317841,S,NA,NA,S,NA,NA,NA,NA,S,NA,S,S,NA,NA,NA,S,NA,NA,NA,NA,S,S
1773.40175,ERS6421738,S,NA,NA,S,NA,NA,NA,NA,S,NA,S,S,NA,NA,NA,S,NA,NA,NA,NA,R,R
1773.20983,ERR3256154,S,NA,NA,S,NA,NA,NA,NA,S,NA,R,S,NA,NA,NA,S,NA,NA,NA,NA,S,R
1773.21037,ERR3256218,S,NA,NA,S,NA,NA,NA,NA,S,NA,S,S,NA,NA,NA,S,NA,NA,NA,NA,R,S
1773.29376,ERR2041936,S,NA,NA,S,NA,NA,NA,NA,R,NA,R,S,NA,NA,NA,S,NA,S,S,NA,R,R
1773.31086,ERS1987072,S,NA,NA,S,NA,NA,NA,NA,S,NA,R,S,NA,NA,NA,S,NA,NA,NA,NA,S,R
1773.31265,ERS1987266,S,NA,NA,S,NA,NA,NA,NA,S,NA,S,S,NA,NA,NA,S,NA,NA,NA,NA,R,R
1773.31266,ERS1987263,S,NA,NA,S,NA,NA,NA,NA,S,NA,S,S,NA,NA,NA,S,NA,NA,NA,NA,R,R
1773.31283,ERS1987288,S,NA,NA,S,NA,NA,NA,NA,S,NA,S,S,NA,NA,NA,S,NA,NA,NA,NA,S,R
1773.3169,ERR551684,NA,NA,NA,NA,NA,NA,NA,NA,S,NA,S,NA,NA,NA,NA,NA,NA,NA,S,NA,S,S
1773.32446,ERS5281427,R,NA,NA,R,NA,NA,NA,NA,S,NA,S,R,NA,NA,NA,S,NA,NA,NA,NA,S,S
1773.33259,ERS5282504,S,NA,NA,S,NA,NA,NA,NA,S,NA,S,S,NA,NA,NA,S,NA,NA,NA,NA,S,S
1773.33771,ERS5298102,S,NA,NA,S,NA,NA,NA,NA,S,NA,R,S,NA,NA,NA,S,NA,NA,NA,NA,R,R
1773.33818,ERS5298151,S,NA,NA,S,NA,NA,NA,NA,S,NA,S,S,NA,NA,NA,S,NA,NA,NA,NA,S,R
1773.34121,ERS5298632,S,NA,NA,R,NA,NA,NA,NA,S,NA,S,S,NA,NA,NA,S,NA,NA,NA,NA,S,R
1773.34131,ERS5298643,S,NA,NA,S,NA,NA,NA,NA,S,NA,S,S,NA,NA,NA,S,NA,NA,NA,NA,S,R
1773.34337,ERS5300570,S,NA,NA,R,NA,NA,NA,NA,S,NA,R,S,NA,NA,NA,S,NA,NA,NA,NA,R,R
1773.34356,ERS5300581,S,NA,NA,S,NA,NA,NA,NA,S,NA,S,S,NA,NA,NA,S,NA,NA,NA,NA,S,R
1773.34565,ERS5300848,S,NA,NA,S,NA,NA,NA,NA,S,NA,S,S,NA,NA,NA,S,NA,NA,NA,NA,R,R
1773.34709,ERS5301233,S,NA,NA,S,NA,NA,NA,NA,S,NA,S,S,NA,NA,NA,S,NA,NA,NA,NA,R,R
1773.34746,ERS5301277,S,NA,NA,S,NA,NA,NA,NA,S,NA,S,S,NA,NA,NA,S,NA,NA,NA,NA,R,R
1773.34785,ERS5301827,S,NA,NA,S,NA,NA,NA,NA,S,NA,S,S,NA,NA,NA,S,NA,NA,NA,NA,S,R
1773.35026,ERS5302187,S,NA,NA,S,NA,NA,NA,NA,S,NA,S,S,NA,NA,NA,S,NA,NA,NA,NA,S,R
1773.35451,ERS5302706,S,NA,NA,R,NA,NA,NA,NA,S,NA,S,S,NA,NA,NA,S,NA,NA,NA,NA,S,R
1773.35471,ERS5302727,S,NA,NA,S,NA,NA,NA,NA,S,NA,S,S,NA,NA,NA,S,NA,NA,NA,NA,R,R
1773.35513,ERS5302770,S,NA,NA,S,NA,NA,NA,NA,S,NA,S,S,NA,NA,NA,S,NA,NA,NA,NA,S,R
1773.35598,ERS5302881,S,NA,NA,S,NA,NA,NA,NA,S,NA,S,S,NA,NA,NA,S,NA,NA,NA,NA,S,R
1773.3561,ERS5302893,S,NA,NA,S,NA,NA,NA,NA,S,NA,R,S,NA,NA,NA,S,NA,NA,NA,NA,R,R
1773.35638,ERS5302940,S,NA,NA,R,NA,NA,NA,NA,S,NA,S,S,NA,NA,NA,S,NA,NA,NA,NA,S,R
1773.35871,ERS5303329,S,NA,NA,S,NA,NA,NA,NA,S,NA,R,S,NA,NA,NA,R,NA,NA,NA,NA,S,S
1773.35882,ERS5303349,S,NA,NA,S,NA,NA,NA,NA,S,NA,R,S,NA,NA,NA,S,NA,NA,NA,NA,S,R
1773.36046,ERS5303573,S,NA,NA,S,NA,NA,NA,NA,S,NA,S,S,NA,NA,NA,S,NA,NA,NA,NA,S,R
1773.36078,ERS5303596,S,NA,NA,S,NA,NA,NA,NA,S,NA,R,S,NA,NA,NA,S,NA,NA,NA,NA,R,R
1773.36084,ERS5303607,S,NA,NA,S,NA,NA,NA,NA,S,NA,R,S,NA,NA,NA,S,NA,NA,NA,NA,S,R
1773.36185,ERS5303943,S,NA,NA,S,NA,NA,NA,NA,S,NA,S,S,NA,NA,NA,S,NA,NA,NA,NA,R,R
1773.36197,ERS5303969,S,NA,NA,S,NA,NA,NA,NA,S,NA,R,S,NA,NA,NA,S,NA,NA,NA,NA,R,R
1773.36203,ERS5303963,S,NA,NA,S,NA,NA,NA,NA,S,NA,S,S,NA,NA,NA,S,NA,NA,NA,NA,S,R
1773.36328,ERS5304147,S,NA,NA,S,NA,NA,NA,NA,S,NA,S,S,NA,NA,NA,S,NA,NA,NA,NA,S,R
1773.36332,ERS5304144,S,NA,NA,S,NA,NA,NA,NA,S,NA,S,S,NA,NA,NA,S,NA,NA,NA,NA,S,R
1773.36691,ERS5312604,S,NA,NA,S,NA,NA,NA,NA,S,NA,S,S,NA,NA,NA,S,NA,NA,NA,NA,R,R
1773.37928,ERS5319663,S,NA,NA,S,NA,NA,NA,NA,R,NA,R,S,NA,NA,NA,S,NA,NA,NA,NA,R,R
1773.37936,ERS5319673,S,NA,NA,S,NA,NA,NA,NA,R,NA,R,S,NA,NA,NA,S,NA,NA,NA,NA,R,R
1773.37954,ERS5319690,R,NA,NA,R,NA,NA,NA,NA,S,NA,R,R,NA,NA,NA,S,NA,NA,NA,NA,R,R
1773.38601,ERS5320429,S,NA,NA,S,NA,NA,NA,NA,S,NA,S,S,NA,NA,NA,S,NA,NA,NA,NA,S,S
1773.39185,ERS6402940,S,NA,NA,S,NA,NA,NA,NA,S,NA,S,S,NA,NA,NA,S,NA,NA,NA,NA,S,R
1773.39198,ERS6402951,S,NA,NA,S,NA,NA,NA,NA,S,NA,S,S,NA,NA,NA,S,NA,NA,NA,NA,S,R
1773.39345,ERS6403120,S,NA,NA,S,NA,NA,NA,NA,S,NA,S,S,NA,NA,NA,S,NA,NA,NA,NA,S,R
1773.39951,ERS6421500,S,NA,NA,S,NA,NA,NA,NA,S,NA,S,S,NA,NA,NA,S,NA,NA,NA,NA,S,R
1773.39983,ERS6421529,S,NA,NA,S,NA,NA,NA,NA,S,NA,S,S,NA,NA,NA,S,NA,NA,NA,NA,R,R
1773.4051,SRR2100252,NA,NA,NA,NA,NA,NA,NA,NA,S,NA,S,NA,NA,NA,NA,NA,NA,NA,S,NA,S,NA
1773.40529,ERS6422225,S,NA,NA,R,NA,NA,NA,NA,S,NA,S,S,NA,NA,NA,S,NA,NA,NA,NA,R,R
1773.4072,SRR2100274,NA,NA,NA,NA,NA,NA,NA,NA,S,NA,S,NA,NA,NA,NA,NA,NA,NA,S,NA,S,NA
1773.40785,ERS5281341,S,NA,S,S,NA,S,NA,S,S,S,S,S,S,S,S,S,S,NA,NA,S,S,R
1773.4099,SRR2100301,S,S,NA,S,S,NA,NA,NA,S,NA,R,S,NA,NA,S,NA,NA,NA,S,NA,R,NA
1773.4117,SRR2100320,NA,NA,NA,NA,S,NA,NA,NA,S,NA,R,NA,NA,NA,NA,NA,NA,NA,S,NA,S,NA
1773.4141,SRR2100345,NA,NA,NA,NA,NA,NA,NA,NA,S,NA,S,NA,NA,NA,NA,NA,NA,NA,S,NA,S,NA
1773.42154,ERS5282856,S,NA,S,S,NA,S,NA,S,R,R,R,S,R,S,R,S,S,NA,NA,R,R,R
1773.42944,ERS5300667,R,NA,NA,R,NA,NA,NA,NA,S,NA,R,R,NA,NA,NA,S,NA,NA,NA,NA,R,R
1773.42948,ERS5300672,S,NA,NA,S,NA,NA,NA,NA,S,NA,S,S,NA,NA,NA,S,NA,NA,NA,NA,R,R
1773.4302,SRR2100502,NA,NA,NA,NA,NA,NA,NA,NA,S,NA,S,NA,NA,NA,NA,NA,NA,NA,S,NA,S,NA
1773.43118,ERS5301851,S,NA,NA,S,NA,NA,NA,NA,S,NA,S,S,NA,NA,NA,S,NA,NA,NA,NA,R,R
1773.43239,ERS3372017,S,NA,NA,S,NA,NA,NA,NA,S,NA,S,S,NA,NA,NA,S,NA,NA,NA,NA,R,R
1773.4326,SRR2100526,NA,NA,NA,NA,NA,NA,NA,NA,S,NA,S,NA,NA,NA,NA,NA,NA,NA,S,NA,S,NA
1773.433,SRR2100530,NA,NA,NA,NA,NA,NA,NA,NA,S,NA,S,NA,NA,NA,NA,NA,NA,NA,S,NA,S,NA
1773.4342,SRR2100544,NA,NA,NA,NA,NA,NA,NA,NA,S,NA,S,NA,NA,NA,NA,NA,NA,NA,S,NA,S,NA
1773.4356,SRR2100558,NA,NA,NA,NA,NA,NA,NA,NA,S,NA,S,NA,NA,NA,NA,NA,NA,NA,S,NA,S,NA
1773.43672,ERS6422198,S,NA,NA,R,NA,NA,NA,NA,S,NA,S,S,NA,NA,NA,S,NA,NA,NA,NA,R,R
1773.4373,SRR2100575,NA,NA,NA,NA,NA,NA,NA,NA,S,NA,S,NA,NA,NA,NA,NA,NA,NA,S,NA,S,NA
1773.4392,SRR2100595,NA,NA,NA,NA,NA,NA,NA,NA,S,NA,S,NA,NA,NA,NA,NA,NA,NA,S,NA,S,NA
1773.4467,SRR2100670,NA,NA,NA,NA,NA,NA,NA,NA,S,NA,S,NA,NA,NA,NA,NA,NA,NA,S,NA,S,NA
1773.4682,SRR2100895,NA,NA,NA,NA,S,NA,NA,NA,S,NA,S,NA,NA,NA,NA,NA,NA,NA,S,NA,R,NA
1773.4686,SRR2100899,NA,NA,NA,NA,NA,NA,NA,NA,S,NA,S,NA,NA,NA,NA,NA,NA,NA,S,NA,S,NA
1773.4736,SRR2100952,NA,NA,NA,NA,NA,NA,NA,NA,S,NA,S,NA,NA,NA,NA,NA,NA,NA,S,NA,S,NA
1773.4746,SRR2100962,NA,NA,NA,NA,NA,NA,NA,NA,S,NA,S,NA,NA,NA,NA,NA,NA,NA,S,NA,S,NA
1773.4795,SRR2101013,NA,NA,NA,NA,NA,NA,NA,NA,S,NA,S,NA,NA,NA,NA,NA,NA,NA,S,NA,S,NA
1773.4805,SRR2101023,S,R,NA,S,R,NA,NA,NA,S,NA,R,S,NA,NA,R,NA,NA,NA,R,NA,R,NA
1773.4809,SRR2101027,NA,NA,NA,NA,NA,NA,NA,NA,S,NA,S,NA,NA,NA,NA,NA,NA,NA,S,NA,S,NA
1773.4871,SRR2101091,NA,NA,NA,NA,NA,NA,NA,NA,S,NA,S,NA,NA,NA,NA,NA,NA,NA,S,NA,S,NA
1773.4876,SRR2101096,NA,NA,NA,NA,NA,NA,NA,NA,S,NA,S,NA,NA,NA,NA,NA,NA,NA,S,NA,S,NA
1773.4893,SRR2101116,NA,NA,NA,NA,NA,NA,NA,NA,S,NA,S,NA,NA,NA,NA,NA,NA,NA,S,NA,S,NA
1773.4897,SRR2101122,NA,NA,NA,NA,NA,NA,NA,NA,S,NA,S,NA,NA,NA,NA,NA,NA,NA,S,NA,S,NA
1773.4922,SRR2101148,NA,NA,NA,NA,NA,NA,NA,NA,S,NA,S,NA,NA,NA,NA,NA,NA,NA,S,NA,S,NA
1773.4955,SRR2101190,NA,NA,NA,NA,NA,NA,NA,NA,S,NA,S,NA,NA,NA,NA,NA,NA,NA,S,NA,S,NA
1773.5819,SRR2100012,NA,NA,NA,NA,NA,NA,NA,NA,S,NA,S,NA,NA,NA,NA,NA,NA,NA,S,NA,S,NA
1773.5885,SRR2101282,NA,NA,NA,NA,NA,NA,NA,NA,S,NA,S,NA,NA,NA,NA,NA,NA,NA,S,NA,S,S
1773.5889,SRR2101286,NA,NA,NA,NA,NA,NA,NA,NA,S,NA,S,NA,NA,NA,NA,NA,NA,NA,S,NA,S,S
1773.5899,SRR2101296,NA,NA,NA,NA,NA,NA,NA,NA,S,NA,S,NA,NA,NA,NA,NA,NA,NA,S,NA,S,S
1773.5909,SRR2101327,NA,NA,NA,NA,NA,NA,NA,NA,S,NA,S,NA,NA,NA,NA,NA,NA,NA,S,NA,S,S
1773.5913,SRR2101346,NA,NA,NA,NA,NA,NA,NA,NA,S,NA,S,NA,NA,NA,NA,NA,NA,NA,S,NA,S,S
1773.976,ERS094227,NA,NA,NA,NA,NA,NA,NA,NA,S,NA,S,NA,NA,NA,NA,NA,NA,NA,S,NA,S,S
1773.19081,ERR163955,S,NA,NA,S,NA,NA,NA,NA,S,NA,S,S,NA,NA,NA,S,NA,NA,NA,NA,S,R
1773.1947,ERR176825,S,NA,NA,S,NA,NA,NA,NA,S,NA,S,S,NA,NA,NA,S,NA,NA,S,NA,S,S
1773.19834,ERR182054,S,NA,NA,S,NA,NA,NA,NA,S,NA,S,S,NA,NA,NA,S,NA,NA,NA,NA,S,S
1773.31287,ERS1987286,S,NA,NA,S,NA,NA,NA,NA,S,NA,S,S,NA,NA,NA,S,NA,NA,NA,NA,S,R
1773.31909,ERS3371679,S,NA,NA,S,NA,NA,NA,NA,S,NA,R,S,NA,NA,NA,S,NA,NA,NA,NA,R,R
1773.32289,ERS3372091,S,NA,NA,S,NA,NA,NA,NA,S,NA,S,S,NA,NA,NA,S,NA,NA,NA,NA,S,R
1773.32324,ERS5281227,S,NA,NA,S,NA,NA,NA,NA,S,NA,S,S,NA,NA,NA,S,NA,NA,NA,NA,R,R
1773.32341,ERS5281249,S,NA,NA,S,NA,NA,NA,NA,S,NA,S,S,NA,NA,NA,S,NA,NA,NA,NA,R,R
1773.32531,ERS5281553,S,NA,NA,S,NA,NA,NA,NA,S,NA,R,S,NA,NA,NA,S,NA,NA,NA,NA,R,R
1773.33104,ERS5282311,S,NA,NA,S,NA,NA,NA,NA,R,NA,R,S,NA,NA,NA,S,NA,NA,NA,NA,R,R
1773.33109,ERS5282316,S,NA,NA,S,NA,NA,NA,NA,S,NA,S,S,NA,NA,NA,S,NA,NA,NA,NA,R,R
1773.3319,ERS5282428,S,NA,NA,S,NA,NA,NA,NA,S,NA,S,S,NA,NA,NA,S,NA,NA,NA,NA,S,S
1773.33311,ERS5282565,S,NA,NA,S,NA,NA,NA,NA,S,NA,S,S,NA,NA,NA,S,NA,NA,NA,NA,R,R
1773.33322,ERS5282575,S,NA,NA,S,NA,NA,NA,NA,R,NA,R,S,NA,NA,NA,S,NA,NA,NA,NA,R,R
1773.33387,ERS5282666,S,NA,NA,S,NA,NA,NA,NA,S,NA,S,S,NA,NA,NA,S,NA,NA,NA,NA,R,R
1773.33502,ERS5282861,S,NA,NA,S,NA,NA,NA,NA,S,NA,S,S,NA,NA,NA,S,NA,NA,NA,NA,R,R
1773.33562,ERS5283399,S,NA,NA,S,NA,NA,NA,NA,S,NA,S,S,NA,NA,NA,S,NA,NA,NA,NA,S,S
1773.3373,ERS5298063,S,NA,NA,S,NA,NA,NA,NA,R,NA,R,S,NA,NA,NA,S,NA,NA,NA,NA,R,R
1773.33747,ERS5298077,S,NA,NA,S,NA,NA,NA,NA,S,NA,R,S,NA,NA,NA,S,NA,NA,NA,NA,R,R
1773.33835,ERS5298162,S,NA,NA,S,NA,NA,NA,NA,R,NA,R,S,NA,NA,NA,S,NA,NA,NA,NA,R,R
1773.33855,ERS5298190,S,NA,NA,S,NA,NA,NA,NA,S,NA,R,S,NA,NA,NA,S,NA,NA,NA,NA,R,R
1773.3387,ERS5298205,S,NA,NA,S,NA,NA,NA,NA,S,NA,S,S,NA,NA,NA,S,NA,NA,NA,NA,S,R
1773.34174,ERS5298687,S,NA,NA,R,NA,NA,NA,NA,S,NA,S,S,NA,NA,NA,S,NA,NA,NA,NA,R,R
1773.34279,ERS5298816,S,NA,NA,S,NA,NA,NA,NA,R,NA,R,S,NA,NA,NA,S,NA,NA,NA,NA,R,R
1773.34349,ERS5298818,S,NA,NA,S,NA,NA,NA,NA,S,NA,R,S,NA,NA,NA,S,NA,NA,NA,NA,S,R
1773.34366,ERS5300588,S,NA,NA,S,NA,NA,NA,NA,S,NA,S,S,NA,NA,NA,S,NA,NA,NA,NA,R,R
1773.34402,ERS5300629,S,NA,NA,S,NA,NA,NA,NA,S,NA,S,S,NA,NA,NA,S,NA,NA,NA,NA,R,R
1773.34415,ERS5300648,S,NA,NA,S,NA,NA,NA,NA,S,NA,R,S,NA,NA,NA,S,NA,NA,NA,NA,R,R
1773.34449,ERS5300703,S,NA,NA,S,NA,NA,NA,NA,S,NA,R,S,NA,NA,NA,S,NA,NA,NA,NA,S,R
1773.34469,ERS5300726,S,NA,NA,S,NA,NA,NA,NA,S,NA,S,S,NA,NA,NA,S,NA,NA,NA,NA,R,R
1773.34478,ERS5300732,S,NA,NA,R,NA,NA,NA,NA,S,NA,S,S,NA,NA,NA,S,NA,NA,NA,NA,S,R
1773.34621,ERS5301008,S,NA,NA,S,NA,NA,NA,NA,S,NA,R,S,NA,NA,NA,S,NA,NA,NA,NA,R,R
1773.34706,ERS5301215,S,NA,NA,S,NA,NA,NA,NA,S,NA,S,S,NA,NA,NA,S,NA,NA,NA,NA,S,R
1773.34745,ERS5301284,S,NA,NA,S,NA,NA,NA,NA,S,NA,R,S,NA,NA,NA,S,NA,NA,NA,NA,S,R
1773.34809,ERS5301873,S,NA,NA,R,NA,NA,NA,NA,S,NA,S,S,NA,NA,NA,S,NA,NA,NA,NA,R,R
1773.35011,ERS5302158,S,NA,NA,S,NA,NA,NA,NA,S,NA,S,S,NA,NA,NA,S,NA,NA,NA,NA,S,R
1773.35458,ERS5302715,S,NA,NA,S,NA,NA,NA,NA,S,NA,S,S,NA,NA,NA,S,NA,NA,NA,NA,S,R
1773.3548,ERS5302738,S,NA,NA,R,NA,NA,NA,NA,S,NA,S,S,NA,NA,NA,S,NA,NA,NA,NA,S,R
1773.35619,ERS5302903,S,NA,NA,S,NA,NA,NA,NA,S,NA,R,S,NA,NA,NA,S,NA,NA,NA,NA,R,R
1773.3572,ERS5303084,S,NA,NA,S,NA,NA,NA,NA,S,NA,R,S,NA,NA,NA,S,NA,NA,NA,NA,R,R
1773.35838,ERS5303241,S,NA,NA,S,NA,NA,NA,NA,S,NA,R,S,NA,NA,NA,S,NA,NA,NA,NA,R,R
1773.36019,ERS5303546,S,NA,NA,S,NA,NA,NA,NA,S,NA,R,S,NA,NA,NA,S,NA,NA,NA,NA,R,R
1773.36088,ERS5303611,S,NA,NA,S,NA,NA,NA,NA,R,NA,R,S,NA,NA,NA,S,NA,NA,NA,NA,R,R
1773.36152,ERS5303905,S,NA,NA,S,NA,NA,NA,NA,S,NA,S,S,NA,NA,NA,S,NA,NA,NA,NA,S,R
1773.36173,ERS5303932,S,NA,NA,S,NA,NA,NA,NA,S,NA,R,S,NA,NA,NA,S,NA,NA,NA,NA,S,R
1773.36342,ERS5304158,S,NA,NA,S,NA,NA,NA,NA,S,NA,S,S,NA,NA,NA,S,NA,NA,NA,NA,S,R
1773.36516,ERS5312423,S,NA,NA,S,NA,NA,NA,NA,S,NA,S,S,NA,NA,NA,S,NA,NA,NA,NA,S,R
1773.36524,ERS5312431,S,NA,NA,S,NA,NA,NA,NA,S,NA,S,S,NA,NA,NA,S,NA,NA,NA,NA,S,R
1773.36613,ERS5312519,S,NA,NA,R,NA,NA,NA,NA,S,NA,S,S,NA,NA,NA,S,NA,NA,NA,NA,R,R
1773.36994,ERS5317719,S,NA,NA,S,NA,NA,NA,NA,S,NA,S,S,NA,NA,NA,S,NA,NA,NA,NA,R,S
1773.37899,ERS5319529,S,NA,NA,S,NA,NA,NA,NA,S,NA,S,S,NA,NA,NA,S,NA,NA,NA,NA,S,R
1773.37915,ERS5319652,S,NA,NA,S,NA,NA,NA,NA,S,NA,S,S,NA,NA,NA,S,NA,NA,NA,NA,S,R
1773.37944,ERS5319684,R,NA,NA,R,NA,NA,NA,NA,S,NA,R,R,NA,NA,NA,R,NA,NA,NA,NA,R,R
1773.37975,ERS5319711,R,NA,NA,R,NA,NA,NA,NA,S,NA,S,R,NA,NA,NA,S,NA,NA,NA,NA,R,R
1773.3799,ERS5319724,R,NA,NA,R,NA,NA,NA,NA,R,NA,R,R,NA,NA,NA,S,NA,NA,NA,NA,R,R
1773.38622,ERS5320444,S,NA,NA,S,NA,NA,NA,NA,S,NA,S,S,NA,NA,NA,S,NA,NA,NA,NA,R,R
1773.39266,ERS6403032,S,NA,NA,S,NA,NA,NA,NA,S,NA,S,S,NA,NA,NA,S,NA,NA,NA,NA,S,R
1773.3934,ERS6403113,S,NA,NA,S,NA,NA,NA,NA,S,NA,S,S,NA,NA,NA,S,NA,NA,NA,NA,R,R
1773.39343,ERS6403118,S,NA,NA,S,NA,NA,NA,NA,S,NA,S,S,NA,NA,NA,S,NA,NA,NA,NA,R,R
1773.39354,ERS6403129,S,NA,NA,S,NA,NA,NA,NA,S,NA,S,S,NA,NA,NA,S,NA,NA,NA,NA,S,R
1773.3939,ERS6403169,S,NA,NA,S,NA,NA,NA,NA,S,NA,S,S,NA,NA,NA,S,NA,NA,NA,NA,R,R
1773.39589,ERS6403406,S,NA,NA,S,NA,NA,NA,NA,S,NA,R,S,NA,NA,NA,S,NA,NA,NA,NA,R,R
1773.39689,ERS6403516,S,NA,NA,S,NA,NA,NA,NA,S,NA,R,S,NA,NA,NA,S,NA,NA,NA,NA,R,R
1773.39976,ERS6421523,S,NA,NA,S,NA,NA,NA,NA,S,NA,S,S,NA,NA,NA,S,NA,NA,NA,NA,R,R
1773.39989,ERS6421537,S,NA,NA,S,NA,NA,NA,NA,S,NA,S,S,NA,NA,NA,S,NA,NA,NA,NA,R,R
1773.40197,ERS6421761,S,NA,NA,S,NA,NA,NA,NA,S,NA,S,S,NA,NA,NA,S,NA,NA,NA,NA,S,R
1773.40386,ERS6422023,S,NA,NA,S,NA,NA,NA,NA,S,NA,R,S,NA,NA,NA,S,NA,NA,NA,NA,R,R
1773.40411,ERS6422047,S,NA,NA,S,NA,NA,NA,NA,S,NA,S,S,NA,NA,NA,S,NA,NA,NA,NA,S,R
1773.40464,ERS6422158,S,NA,NA,S,NA,NA,NA,NA,S,NA,S,S,NA,NA,NA,S,NA,NA,NA,NA,R,R
1773.42192,ERS5282900,S,NA,S,S,NA,S,NA,S,S,S,S,S,S,S,S,S,S,NA,NA,S,R,R
1773.42221,ERS5282926,S,NA,S,S,NA,S,NA,S,S,R,S,S,R,S,S,S,S,NA,NA,S,S,S
1773.4232,ERS5283037,S,NA,S,S,NA,S,NA,S,S,S,S,S,S,S,S,S,S,NA,NA,S,S,R
1773.42341,ERS5283062,S,NA,S,S,NA,S,NA,S,S,S,S,S,R,S,R,S,S,NA,NA,S,S,R
1773.42361,ERS5283081,S,NA,S,S,NA,S,NA,S,S,S,S,S,S,S,S,S,S,NA,NA,S,R,S
1773.42438,ERS5283168,S,NA,S,S,NA,S,NA,S,S,S,S,S,R,S,S,S,S,NA,NA,S,S,R
1773.42564,ERS5283290,S,NA,S,S,NA,S,NA,S,R,R,R,S,R,S,R,S,S,NA,NA,R,R,R
1773.42627,ERR6929520,S,NA,NA,S,NA,NA,NA,NA,S,NA,S,S,NA,NA,NA,S,NA,NA,NA,NA,R,S
1773.43398,ERS5317349,S,NA,NA,S,NA,NA,NA,NA,S,NA,S,S,NA,NA,NA,S,NA,NA,NA,NA,R,R
1773.43516,ERS5317414,S,NA,NA,S,NA,NA,NA,NA,S,NA,S,S,NA,NA,NA,S,NA,NA,NA,NA,S,S
1773.19077,ERR163956,S,NA,NA,S,NA,NA,NA,NA,S,NA,S,S,NA,NA,NA,S,NA,NA,NA,NA,S,R
1773.31304,ERS1987306,S,NA,NA,S,NA,NA,NA,NA,S,NA,S,S,NA,NA,NA,S,NA,NA,NA,NA,S,R
1773.31787,ERS3371552,S,NA,NA,S,NA,NA,NA,NA,S,NA,S,S,NA,NA,NA,S,NA,NA,NA,NA,R,R
1773.31901,ERS3371671,S,NA,NA,S,NA,NA,NA,NA,S,NA,R,S,NA,NA,NA,S,NA,NA,NA,NA,S,R
1773.33513,ERS5283011,S,NA,NA,S,NA,NA,NA,NA,S,NA,S,S,NA,NA,NA,S,NA,NA,NA,NA,R,R
1773.33538,ERS5283076,S,NA,NA,S,NA,NA,NA,NA,S,NA,S,S,NA,NA,NA,S,NA,NA,NA,NA,R,R
1773.33554,ERS5283350,S,NA,NA,S,NA,NA,NA,NA,S,NA,S,S,NA,NA,NA,S,NA,NA,NA,NA,R,R
1773.34052,ERS5298556,S,NA,NA,S,NA,NA,NA,NA,S,NA,S,S,NA,NA,NA,S,NA,NA,NA,NA,R,R
1773.34189,ERS5298703,S,NA,NA,S,NA,NA,NA,NA,S,NA,S,S,NA,NA,NA,S,NA,NA,NA,NA,R,R
1773.34344,ERS5300576,S,NA,NA,S,NA,NA,NA,NA,S,NA,S,S,NA,NA,NA,S,NA,NA,NA,NA,R,R
1773.34392,ERS5300628,S,NA,NA,S,NA,NA,NA,NA,S,NA,S,S,NA,NA,NA,S,NA,NA,NA,NA,R,R
1773.34513,ERS5300781,S,NA,NA,S,NA,NA,NA,NA,S,NA,S,S,NA,NA,NA,S,NA,NA,NA,NA,R,S
1773.34534,ERS5300807,S,NA,NA,S,NA,NA,NA,NA,S,NA,S,S,NA,NA,NA,S,NA,NA,NA,NA,R,R
1773.34549,ERS5300826,S,NA,NA,S,NA,NA,NA,NA,S,NA,S,S,NA,NA,NA,S,NA,NA,NA,NA,R,R
1773.35284,ERS5302510,S,NA,NA,S,NA,NA,NA,NA,S,NA,S,S,NA,NA,NA,S,NA,NA,NA,NA,R,R
1773.36792,ERS5317226,S,NA,NA,S,NA,NA,NA,NA,S,NA,S,S,NA,NA,NA,S,NA,NA,NA,NA,S,S
1773.37083,ERS5317814,S,NA,NA,S,NA,NA,NA,NA,S,NA,S,S,NA,NA,NA,S,NA,NA,NA,NA,S,S
1773.37989,ERS5319728,S,NA,NA,S,NA,NA,NA,NA,S,NA,S,S,NA,NA,NA,S,NA,NA,NA,NA,S,R
1773.395,ERS6403296,S,NA,NA,R,NA,NA,NA,NA,S,NA,R,S,NA,NA,NA,S,NA,NA,NA,NA,R,R
1773.42194,ERS5282897,S,NA,S,S,NA,S,NA,S,S,R,R,S,R,S,R,S,S,NA,NA,R,R,S
1773.42624,ERR6929519,S,NA,NA,S,NA,NA,NA,NA,S,NA,S,S,NA,NA,NA,S,NA,NA,NA,NA,R,S
1773.43001,ERS5301278,S,NA,NA,S,NA,NA,NA,NA,S,NA,S,S,NA,NA,NA,S,NA,NA,NA,NA,R,R
1773.43037,ERS5301339,S,NA,NA,S,NA,NA,NA,NA,S,NA,S,S,NA,NA,NA,S,NA,NA,NA,NA,R,R
1773.43402,ERS5317368,S,NA,NA,S,NA,NA,NA,NA,S,NA,S,S,NA,NA,NA,S,NA,NA,NA,NA,S,S
1773.19414,ERR176761,S,NA,NA,S,NA,NA,NA,NA,S,NA,S,S,NA,NA,NA,S,NA,NA,S,NA,S,S
1773.19875,ERR190372,S,NA,NA,S,NA,NA,NA,NA,S,NA,S,S,NA,NA,NA,S,NA,NA,S,NA,S,R
1773.20951,ERR3256128,S,NA,NA,S,NA,NA,NA,NA,S,NA,R,S,NA,NA,NA,S,NA,NA,NA,NA,R,R
1773.36478,ERS5312374,S,NA,NA,S,NA,NA,NA,NA,R,NA,R,S,NA,NA,NA,S,NA,NA,NA,NA,R,S
1773.36801,ERS5317238,S,NA,NA,S,NA,NA,NA,NA,S,NA,S,S,NA,NA,NA,S,NA,NA,NA,NA,R,R
1773.40129,ERS6421688,S,NA,NA,S,NA,NA,NA,NA,S,NA,S,S,NA,NA,NA,S,NA,NA,NA,NA,S,S
1773.40717,ERS5281280,S,NA,S,S,NA,S,NA,S,S,S,R,S,R,S,S,S,S,NA,NA,R,R,S
1773.43418,ERS5317335,S,NA,NA,S,NA,NA,NA,NA,S,NA,S,S,NA,NA,NA,S,NA,NA,NA,NA,S,S
1773.43434,ERS5317336,S,NA,NA,S,NA,NA,NA,NA,S,NA,S,S,NA,NA,NA,S,NA,NA,NA,NA,R,S
1773.36933,ERS5317638,S,NA,NA,S,NA,NA,NA,NA,S,NA,S,S,NA,NA,NA,S,NA,NA,NA,NA,S,S
1773.36993,ERS5317718,S,NA,NA,S,NA,NA,NA,NA,S,NA,S,S,NA,NA,NA,S,NA,NA,NA,NA,S,S
1773.4473,SRR2100676,NA,NA,NA,NA,NA,NA,NA,NA,S,NA,S,NA,NA,NA,NA,NA,NA,NA,S,NA,S,NA
1773.1763,ERS181322,NA,NA,NA,NA,NA,NA,NA,NA,R,NA,R,NA,NA,NA,NA,NA,NA,NA,S,NA,S,S
1773.19866,ERR190358,S,NA,NA,S,NA,NA,NA,NA,S,NA,R,S,NA,NA,NA,S,NA,NA,S,NA,S,R
1773.2497,ERR552886,NA,NA,NA,NA,NA,NA,NA,NA,S,NA,S,NA,NA,NA,NA,NA,NA,NA,S,NA,S,S
1773.2576,ERR551046,NA,NA,NA,NA,NA,NA,NA,NA,S,NA,S,NA,NA,NA,NA,NA,NA,NA,S,NA,S,S
1773.2757,ERR551116,NA,NA,NA,NA,NA,NA,NA,NA,S,NA,S,NA,NA,NA,NA,NA,NA,NA,S,NA,S,S
1773.2807,ERR551236,R,NA,NA,NA,NA,NA,NA,NA,R,NA,R,R,NA,NA,NA,NA,NA,NA,R,NA,R,R
1773.3165,ERR498375,NA,NA,NA,NA,NA,NA,NA,NA,S,NA,S,NA,NA,NA,NA,NA,NA,NA,S,NA,S,S
1773.31928,ERS3371697,S,NA,NA,S,NA,NA,NA,NA,S,NA,S,S,NA,NA,NA,S,NA,NA,NA,NA,R,R
1773.32202,ERS3371991,S,NA,NA,S,NA,NA,NA,NA,S,NA,R,S,NA,NA,NA,S,NA,NA,NA,NA,R,R
1773.331,ERR550845,NA,NA,NA,NA,NA,NA,NA,NA,S,NA,S,NA,NA,NA,NA,NA,NA,NA,S,NA,S,S
1773.33121,ERS5282329,S,NA,NA,S,NA,NA,NA,NA,S,NA,S,S,NA,NA,NA,S,NA,NA,NA,NA,S,S
1773.33468,ERS5282772,S,NA,NA,S,NA,NA,NA,NA,S,NA,S,S,NA,NA,NA,S,NA,NA,NA,NA,R,R
1773.34161,ERS5298675,S,NA,NA,S,NA,NA,NA,NA,S,NA,S,S,NA,NA,NA,S,NA,NA,NA,NA,R,R
1773.34242,ERS5298777,S,NA,NA,S,NA,NA,NA,NA,S,NA,R,S,NA,NA,NA,S,NA,NA,NA,NA,R,R
1773.34265,ERS5298801,S,NA,NA,S,NA,NA,NA,NA,S,NA,S,S,NA,NA,NA,S,NA,NA,NA,NA,S,R
1773.34331,ERS5300562,S,NA,NA,S,NA,NA,NA,NA,S,NA,S,S,NA,NA,NA,S,NA,NA,NA,NA,S,R
1773.34354,ERS5300593,S,NA,NA,S,NA,NA,NA,NA,S,NA,S,S,NA,NA,NA,S,NA,NA,NA,NA,R,R
1773.34427,ERS5300677,S,NA,NA,S,NA,NA,NA,NA,S,NA,R,S,NA,NA,NA,S,NA,NA,NA,NA,R,R
1773.3513,ERS5302318,S,NA,NA,S,NA,NA,NA,NA,S,NA,S,S,NA,NA,NA,S,NA,NA,NA,NA,S,R
1773.35149,ERS5302337,S,NA,NA,S,NA,NA,NA,NA,S,NA,R,S,NA,NA,NA,S,NA,NA,NA,NA,S,R
1773.35151,ERS5302338,S,NA,NA,S,NA,NA,NA,NA,S,NA,R,S,NA,NA,NA,S,NA,NA,NA,NA,R,R
1773.35182,ERS5302373,S,NA,NA,S,NA,NA,NA,NA,S,NA,S,S,NA,NA,NA,S,NA,NA,NA,NA,S,R
1773.35728,ERS5303093,S,NA,NA,S,NA,NA,NA,NA,S,NA,S,S,NA,NA,NA,S,NA,NA,NA,NA,R,R
1773.36036,ERS5303554,S,NA,NA,S,NA,NA,NA,NA,S,NA,R,S,NA,NA,NA,S,NA,NA,NA,NA,R,R
1773.36044,ERS5303565,R,NA,NA,R,NA,NA,NA,NA,S,NA,R,R,NA,NA,NA,S,NA,NA,NA,NA,R,R
1773.36162,ERS5303915,S,NA,NA,S,NA,NA,NA,NA,S,NA,S,S,NA,NA,NA,S,NA,NA,NA,NA,S,R
1773.36344,ERS5304159,S,NA,NA,S,NA,NA,NA,NA,S,NA,S,S,NA,NA,NA,S,NA,NA,NA,NA,S,R
1773.36363,ERS5304182,S,NA,NA,S,NA,NA,NA,NA,S,NA,S,S,NA,NA,NA,S,NA,NA,NA,NA,R,R
1773.36482,ERS5312376,S,NA,NA,S,NA,NA,NA,NA,S,NA,R,S,NA,NA,NA,S,NA,NA,NA,NA,S,R
1773.36847,ERS5317381,S,NA,NA,S,NA,NA,NA,NA,S,NA,S,S,NA,NA,NA,S,NA,NA,NA,NA,R,R
1773.39165,ERS6402916,S,NA,NA,S,NA,NA,NA,NA,S,NA,S,S,NA,NA,NA,S,NA,NA,NA,NA,S,R
1773.39176,ERS6402928,S,NA,NA,S,NA,NA,NA,NA,S,NA,S,S,NA,NA,NA,S,NA,NA,NA,NA,R,R
1773.39335,ERS6403110,S,NA,NA,S,NA,NA,NA,NA,S,NA,S,S,NA,NA,NA,S,NA,NA,NA,NA,S,R
1773.39386,ERS6403168,S,NA,NA,S,NA,NA,NA,NA,S,NA,S,S,NA,NA,NA,S,NA,NA,NA,NA,R,R
1773.3949,SRR2100151,NA,NA,NA,NA,S,NA,NA,NA,S,NA,S,NA,NA,NA,NA,NA,NA,NA,S,NA,S,NA
1773.39827,ERS6403683,S,NA,NA,S,NA,NA,NA,NA,S,NA,S,S,NA,NA,NA,S,NA,NA,NA,NA,S,R
1773.3989,SRR2100191,NA,NA,NA,NA,NA,NA,NA,NA,S,NA,S,NA,NA,NA,NA,NA,NA,NA,S,NA,S,NA
1773.39963,ERS6421508,S,NA,NA,S,NA,NA,NA,NA,S,NA,S,S,NA,NA,NA,S,NA,NA,NA,NA,S,R
1773.40022,ERS6421569,S,NA,NA,S,NA,NA,NA,NA,S,NA,S,S,NA,NA,NA,S,NA,NA,NA,NA,R,R
1773.4016,SRR2100216,NA,NA,NA,NA,S,NA,NA,NA,S,NA,R,NA,NA,NA,NA,NA,NA,NA,S,NA,S,NA
1773.40203,ERS6421766,S,NA,NA,S,NA,NA,NA,NA,S,NA,S,S,NA,NA,NA,S,NA,NA,NA,NA,R,R
1773.4024,SRR2100224,NA,NA,NA,NA,NA,NA,NA,NA,S,NA,S,NA,NA,NA,NA,NA,NA,NA,S,NA,S,NA
1773.40308,ERS6421919,S,NA,NA,S,NA,NA,NA,NA,S,NA,S,S,NA,NA,NA,S,NA,NA,NA,NA,S,R
1773.4042,SRR2100243,NA,NA,NA,NA,NA,NA,NA,NA,S,NA,S,NA,NA,NA,NA,NA,NA,NA,S,NA,S,NA
1773.40497,ERS6422189,S,NA,NA,S,NA,NA,NA,NA,S,NA,S,S,NA,NA,NA,S,NA,NA,NA,NA,R,R
1773.4059,SRR2100260,NA,NA,NA,NA,S,NA,NA,NA,S,NA,R,NA,NA,NA,NA,NA,NA,NA,S,NA,S,NA
1773.40694,ERS5281246,S,NA,S,S,NA,S,NA,S,S,S,R,S,R,S,S,S,S,NA,NA,R,R,S
1773.4089,SRR2100291,NA,NA,NA,NA,NA,NA,NA,NA,S,NA,S,NA,NA,NA,NA,NA,NA,NA,S,NA,S,NA
1773.4104,SRR2100306,S,S,NA,S,S,NA,NA,NA,R,NA,R,S,NA,NA,S,NA,NA,NA,R,NA,R,R
1773.4149,SRR2100353,NA,NA,NA,NA,S,NA,NA,NA,S,NA,R,NA,NA,NA,NA,NA,NA,NA,S,NA,S,NA
1773.4163,SRR2100367,S,S,NA,S,NA,NA,NA,NA,S,NA,R,S,NA,NA,S,NA,NA,NA,S,NA,R,R
1773.42113,ERS5282816,S,NA,S,S,NA,S,NA,S,S,R,S,S,R,S,S,S,S,NA,NA,S,S,R
1773.42306,ERS5283028,S,NA,S,S,NA,S,NA,S,S,S,S,S,R,S,S,S,S,NA,NA,S,R,R
1773.4285,SRR2100486,NA,NA,NA,NA,NA,NA,NA,NA,S,NA,S,NA,NA,NA,NA,NA,NA,NA,S,NA,S,NA
1773.42943,ERS5300665,S,NA,NA,S,NA,NA,NA,NA,S,NA,S,S,NA,NA,NA,R,NA,NA,NA,NA,R,R
1773.4322,ERS5302659,S,NA,NA,S,NA,NA,NA,NA,S,NA,S,S,NA,NA,NA,S,NA,NA,NA,NA,S,R
1773.4359,SRR2100560,NA,NA,NA,NA,NA,NA,NA,NA,S,NA,S,NA,NA,NA,NA,NA,NA,NA,S,NA,S,NA
1773.43602,ERS6403586,S,NA,NA,S,NA,NA,NA,NA,S,NA,S,S,NA,NA,NA,S,NA,NA,NA,NA,S,R
1773.43677,ERS6422124,S,NA,NA,S,NA,NA,NA,NA,S,NA,S,S,NA,NA,NA,S,NA,NA,NA,NA,S,R
1773.437,SRR2100572,NA,NA,NA,NA,NA,NA,NA,NA,S,NA,S,NA,NA,NA,NA,NA,NA,NA,S,NA,S,NA
1773.4403,SRR2100606,NA,NA,NA,NA,NA,NA,NA,NA,S,NA,S,NA,NA,NA,NA,NA,NA,NA,S,NA,S,NA
1773.441,SRR2100613,NA,NA,NA,NA,NA,NA,NA,NA,S,NA,S,NA,NA,NA,NA,NA,NA,NA,S,NA,S,NA
1773.4414,SRR2100617,NA,NA,NA,NA,NA,NA,NA,NA,S,NA,S,NA,NA,NA,NA,NA,NA,NA,S,NA,S,NA
1773.4418,SRR2100621,NA,NA,NA,NA,NA,NA,NA,NA,S,NA,S,NA,NA,NA,NA,NA,NA,NA,S,NA,S,NA
1773.4468,SRR2100671,NA,NA,NA,NA,NA,NA,NA,NA,S,NA,S,NA,NA,NA,NA,NA,NA,NA,S,NA,S,NA
1773.4581,SRR2100790,NA,NA,NA,NA,NA,NA,NA,NA,S,NA,S,NA,NA,NA,NA,NA,NA,NA,S,NA,S,NA
1773.4594,SRR2100804,NA,NA,NA,NA,S,NA,NA,NA,S,NA,S,NA,NA,NA,NA,NA,NA,NA,S,NA,S,NA
1773.4697,SRR2100911,R,S,NA,R,S,NA,NA,NA,R,NA,R,R,NA,NA,S,NA,NA,NA,S,NA,R,R
1773.4702,SRR2100916,NA,NA,NA,NA,S,NA,NA,NA,S,NA,R,NA,NA,NA,NA,NA,NA,NA,S,NA,S,NA
1773.4712,SRR2100928,NA,NA,NA,NA,NA,NA,NA,NA,S,NA,S,NA,NA,NA,NA,NA,NA,NA,S,NA,S,NA
1773.4714,SRR2100930,NA,NA,NA,NA,NA,NA,NA,NA,S,NA,S,NA,NA,NA,NA,NA,NA,NA,S,NA,S,NA
1773.4718,SRR2100934,NA,NA,NA,NA,NA,NA,NA,NA,S,NA,S,NA,NA,NA,NA,NA,NA,NA,S,NA,S,NA
1773.4734,SRR2100950,S,S,NA,S,S,NA,NA,NA,R,NA,R,S,NA,NA,S,NA,NA,NA,R,NA,R,NA
1773.4752,SRR2100968,NA,NA,NA,NA,NA,NA,NA,NA,S,NA,S,NA,NA,NA,NA,NA,NA,NA,S,NA,S,NA
1773.4767,SRR2100983,NA,NA,NA,NA,NA,NA,NA,NA,S,NA,S,NA,NA,NA,NA,NA,NA,NA,S,NA,S,NA
1773.4776,SRR2100993,NA,NA,NA,NA,NA,NA,NA,NA,S,NA,S,NA,NA,NA,NA,NA,NA,NA,S,NA,S,NA
1773.4783,SRR2101001,NA,NA,NA,NA,NA,NA,NA,NA,S,NA,S,NA,NA,NA,NA,NA,NA,NA,S,NA,S,NA
1773.4812,SRR2101030,NA,NA,NA,NA,NA,NA,NA,NA,S,NA,S,NA,NA,NA,NA,NA,NA,NA,S,NA,S,NA
1773.488,SRR2101101,NA,NA,NA,NA,NA,NA,NA,NA,S,NA,S,NA,NA,NA,NA,NA,NA,NA,S,NA,S,NA
1773.4881,SRR2101102,NA,NA,NA,NA,NA,NA,NA,NA,S,NA,S,NA,NA,NA,NA,NA,NA,NA,S,NA,S,NA
1773.4924,SRR2101150,NA,NA,NA,NA,NA,NA,NA,NA,S,NA,S,NA,NA,NA,NA,NA,NA,NA,S,NA,S,NA
1773.4927,SRR2101153,NA,NA,NA,NA,NA,NA,NA,NA,S,NA,S,NA,NA,NA,NA,NA,NA,NA,S,NA,S,NA
1773.4929,SRR2101155,NA,NA,NA,NA,NA,NA,NA,NA,S,NA,S,NA,NA,NA,NA,NA,NA,NA,S,NA,S,NA
1773.4943,SRR2101175,NA,NA,NA,NA,NA,NA,NA,NA,S,NA,S,NA,NA,NA,NA,NA,NA,NA,S,NA,S,NA
1773.4968,SRR2101230,NA,NA,NA,NA,NA,NA,NA,NA,S,NA,S,NA,NA,NA,NA,NA,NA,NA,S,NA,S,NA
1773.5784,SRR2099977,NA,NA,NA,NA,NA,NA,NA,NA,S,NA,R,NA,NA,NA,NA,NA,NA,NA,S,NA,S,NA
1773.5786,SRR2099979,NA,NA,NA,NA,NA,NA,NA,NA,S,NA,R,NA,NA,NA,NA,NA,NA,NA,S,NA,S,NA
1773.5788,SRR2099981,NA,NA,NA,NA,NA,NA,NA,NA,S,NA,R,NA,NA,NA,NA,NA,NA,NA,S,NA,S,NA
1773.58,SRR2099993,NA,NA,NA,NA,NA,NA,NA,NA,S,NA,S,NA,NA,NA,NA,NA,NA,NA,S,NA,S,NA
1773.5844,SRR2100037,NA,NA,NA,NA,NA,NA,NA,NA,S,NA,S,NA,NA,NA,NA,NA,NA,NA,S,NA,S,NA
1773.5887,SRR2101284,NA,NA,NA,NA,NA,NA,NA,NA,S,NA,S,NA,NA,NA,NA,NA,NA,NA,S,NA,S,S
1773.5895,SRR2101292,NA,NA,NA,NA,NA,NA,NA,NA,S,NA,S,NA,NA,NA,NA,NA,NA,NA,S,NA,S,NA
1773.19416,ERR176759,S,NA,NA,S,NA,NA,NA,NA,S,NA,S,S,NA,NA,NA,S,NA,NA,S,NA,S,R
1773.19428,ERR176775,S,NA,NA,S,NA,NA,NA,NA,S,NA,S,S,NA,NA,NA,S,NA,NA,S,NA,S,S
1773.20974,ERR3256146,S,NA,NA,S,NA,NA,NA,NA,S,NA,R,S,NA,NA,NA,S,NA,NA,NA,NA,S,S
1773.21013,ERR3256189,S,NA,NA,S,NA,NA,NA,NA,S,NA,R,S,NA,NA,NA,S,NA,NA,NA,NA,R,R
1773.31276,ERS1987279,S,NA,NA,S,NA,NA,NA,NA,S,NA,S,S,NA,NA,NA,S,NA,NA,NA,NA,S,R
1773.31285,ERS1987290,S,NA,NA,S,NA,NA,NA,NA,S,NA,S,S,NA,NA,NA,S,NA,NA,NA,NA,S,R
1773.31797,ERS3371559,S,NA,NA,S,NA,NA,NA,NA,S,NA,S,S,NA,NA,NA,S,NA,NA,NA,NA,R,R
1773.3191,ERS3371678,S,NA,NA,S,NA,NA,NA,NA,S,NA,R,S,NA,NA,NA,S,NA,NA,NA,NA,R,R
1773.32374,ERS5281300,S,NA,NA,S,NA,NA,NA,NA,S,NA,R,S,NA,NA,NA,S,NA,NA,NA,NA,S,S
1773.32417,ERS5281375,S,NA,NA,S,NA,NA,NA,NA,R,NA,R,S,NA,NA,NA,S,NA,NA,NA,NA,R,R
1773.33088,ERS5282290,S,NA,NA,S,NA,NA,NA,NA,S,NA,S,S,NA,NA,NA,S,NA,NA,NA,NA,S,S
1773.33179,ERS5282406,S,NA,NA,S,NA,NA,NA,NA,S,NA,S,S,NA,NA,NA,S,NA,NA,NA,NA,S,S
1773.33258,ERS5282508,S,NA,NA,S,NA,NA,NA,NA,S,NA,S,S,NA,NA,NA,S,NA,NA,NA,NA,R,R
1773.33325,ERS5282579,S,NA,NA,S,NA,NA,NA,NA,R,NA,R,S,NA,NA,NA,S,NA,NA,NA,NA,R,R
1773.33443,ERS5282732,S,NA,NA,S,NA,NA,NA,NA,S,NA,S,S,NA,NA,NA,S,NA,NA,NA,NA,R,R
1773.33483,ERS5282789,S,NA,NA,S,NA,NA,NA,NA,R,NA,R,S,NA,NA,NA,S,NA,NA,NA,NA,R,R
1773.33777,ERS5298108,S,NA,NA,S,NA,NA,NA,NA,S,NA,S,S,NA,NA,NA,S,NA,NA,NA,NA,R,R
1773.33781,ERS5298111,S,NA,NA,S,NA,NA,NA,NA,S,NA,S,S,NA,NA,NA,S,NA,NA,NA,NA,R,R
1773.33914,ERS5298251,S,NA,NA,S,NA,NA,NA,NA,S,NA,S,S,NA,NA,NA,S,NA,NA,NA,NA,R,R
1773.33956,ERS5298297,S,NA,NA,S,NA,NA,NA,NA,S,NA,S,S,NA,NA,NA,S,NA,NA,NA,NA,R,R
1773.34051,ERS5298555,S,NA,NA,S,NA,NA,NA,NA,S,NA,S,S,NA,NA,NA,S,NA,NA,NA,NA,S,R
1773.34124,ERS5298633,S,NA,NA,R,NA,NA,NA,NA,S,NA,S,S,NA,NA,NA,S,NA,NA,NA,NA,R,R
1773.34166,ERS5298679,S,NA,NA,S,NA,NA,NA,NA,S,NA,S,S,NA,NA,NA,S,NA,NA,NA,NA,R,R
1773.34269,ERS5298804,S,NA,NA,S,NA,NA,NA,NA,S,NA,S,S,NA,NA,NA,S,NA,NA,NA,NA,S,R
1773.34275,ERS5298811,S,NA,NA,S,NA,NA,NA,NA,S,NA,S,S,NA,NA,NA,S,NA,NA,NA,NA,R,R
1773.34278,ERS5298822,S,NA,NA,S,NA,NA,NA,NA,R,NA,S,S,NA,NA,NA,S,NA,NA,NA,NA,R,R
1773.34291,ERS5298832,S,NA,NA,S,NA,NA,NA,NA,S,NA,S,S,NA,NA,NA,S,NA,NA,NA,NA,R,S
1773.34438,ERS5300689,S,NA,NA,S,NA,NA,NA,NA,S,NA,S,S,NA,NA,NA,S,NA,NA,NA,NA,R,R
1773.34443,ERS5300696,S,NA,NA,S,NA,NA,NA,NA,S,NA,R,S,NA,NA,NA,S,NA,NA,NA,NA,R,S
1773.34474,ERS5300737,S,NA,NA,S,NA,NA,NA,NA,S,NA,S,S,NA,NA,NA,S,NA,NA,NA,NA,R,R
1773.34507,ERS5300773,S,NA,NA,S,NA,NA,NA,NA,S,NA,S,S,NA,NA,NA,S,NA,NA,NA,NA,R,R
1773.34614,ERS5300946,S,NA,NA,S,NA,NA,NA,NA,S,NA,S,S,NA,NA,NA,S,NA,NA,NA,NA,R,R
1773.3468,ERS5301178,S,NA,NA,S,NA,NA,NA,NA,S,NA,R,S,NA,NA,NA,S,NA,NA,NA,NA,R,R
1773.34721,ERS5301251,S,NA,NA,S,NA,NA,NA,NA,R,NA,S,S,NA,NA,NA,S,NA,NA,NA,NA,R,R
1773.34743,ERS5301272,S,NA,NA,S,NA,NA,NA,NA,S,NA,R,S,NA,NA,NA,S,NA,NA,NA,NA,R,R
1773.34771,ERS5301358,S,NA,NA,S,NA,NA,NA,NA,S,NA,S,S,NA,NA,NA,S,NA,NA,NA,NA,R,R
1773.34987,ERS5302116,S,NA,NA,S,NA,NA,NA,NA,S,NA,R,S,NA,NA,NA,S,NA,NA,NA,NA,R,R
1773.35017,ERS5302169,S,NA,NA,S,NA,NA,NA,NA,S,NA,S,S,NA,NA,NA,S,NA,NA,NA,NA,S,R
1773.35322,ERS5302553,S,NA,NA,S,NA,NA,NA,NA,S,NA,S,S,NA,NA,NA,S,NA,NA,NA,NA,S,R
1773.35363,ERS5302597,S,NA,NA,S,NA,NA,NA,NA,S,NA,S,S,NA,NA,NA,S,NA,NA,NA,NA,S,R
1773.35442,ERS5302689,S,NA,NA,S,NA,NA,NA,NA,S,NA,S,S,NA,NA,NA,S,NA,NA,NA,NA,R,R
1773.35497,ERS5302756,S,NA,NA,S,NA,NA,NA,NA,S,NA,R,S,NA,NA,NA,S,NA,NA,NA,NA,R,R
1773.35753,ERS5303121,S,NA,NA,S,NA,NA,NA,NA,S,NA,R,S,NA,NA,NA,S,NA,NA,NA,NA,R,R
1773.36161,ERS5303916,S,NA,NA,S,NA,NA,NA,NA,S,NA,R,S,NA,NA,NA,S,NA,NA,NA,NA,R,R
1773.36168,ERS5303926,S,NA,NA,S,NA,NA,NA,NA,S,NA,R,S,NA,NA,NA,S,NA,NA,NA,NA,R,R
1773.36172,ERS5303931,S,NA,NA,S,NA,NA,NA,NA,S,NA,R,S,NA,NA,NA,S,NA,NA,NA,NA,R,R
1773.36183,ERS5303948,S,NA,NA,S,NA,NA,NA,NA,S,NA,R,S,NA,NA,NA,S,NA,NA,NA,NA,R,R
1773.36324,ERS5304137,S,NA,NA,S,NA,NA,NA,NA,R,NA,R,S,NA,NA,NA,S,NA,NA,NA,NA,R,R
1773.36343,ERS5304160,S,NA,NA,S,NA,NA,NA,NA,S,NA,S,S,NA,NA,NA,S,NA,NA,NA,NA,S,R
1773.36461,ERS5312359,S,NA,NA,S,NA,NA,NA,NA,R,NA,R,S,NA,NA,NA,S,NA,NA,NA,NA,R,R
1773.36602,ERS5312512,S,NA,NA,S,NA,NA,NA,NA,S,NA,S,S,NA,NA,NA,S,NA,NA,NA,NA,R,R
1773.36614,ERS5312520,S,NA,NA,S,NA,NA,NA,NA,S,NA,S,S,NA,NA,NA,S,NA,NA,NA,NA,R,R
1773.36752,ERS5312675,S,NA,NA,S,NA,NA,NA,NA,S,NA,S,S,NA,NA,NA,S,NA,NA,NA,NA,R,R
1773.368,ERS5317237,S,NA,NA,S,NA,NA,NA,NA,S,NA,S,S,NA,NA,NA,S,NA,NA,NA,NA,R,R
1773.36901,ERS5317614,S,NA,NA,S,NA,NA,NA,NA,S,NA,S,S,NA,NA,NA,S,NA,NA,NA,NA,R,R
1773.36905,ERS5317618,S,NA,NA,S,NA,NA,NA,NA,S,NA,S,S,NA,NA,NA,S,NA,NA,NA,NA,R,R
1773.36911,ERS5317622,S,NA,NA,S,NA,NA,NA,NA,S,NA,S,S,NA,NA,NA,S,NA,NA,NA,NA,R,R
1773.3693,ERS5317642,S,NA,NA,S,NA,NA,NA,NA,S,NA,S,S,NA,NA,NA,S,NA,NA,NA,NA,S,R
1773.37003,ERS5317665,S,NA,NA,S,NA,NA,NA,NA,S,NA,S,S,NA,NA,NA,S,NA,NA,NA,NA,R,R
1773.37104,ERS5317842,S,NA,NA,S,NA,NA,NA,NA,S,NA,S,S,NA,NA,NA,S,NA,NA,NA,NA,R,R
1773.37797,ERS5319235,S,NA,NA,S,NA,NA,NA,NA,S,NA,R,S,NA,NA,NA,S,NA,NA,NA,NA,R,R
1773.37821,ERS5319443,S,NA,NA,S,NA,NA,NA,NA,S,NA,R,S,NA,NA,NA,S,NA,NA,NA,NA,S,R
1773.37958,ERS5319697,S,NA,NA,S,NA,NA,NA,NA,S,NA,S,S,NA,NA,NA,S,NA,NA,NA,NA,S,R
1773.37961,ERS5319699,S,NA,NA,S,NA,NA,NA,NA,R,NA,R,S,NA,NA,NA,S,NA,NA,NA,NA,R,R
1773.37966,ERS5319705,S,NA,NA,S,NA,NA,NA,NA,S,NA,R,S,NA,NA,NA,S,NA,NA,NA,NA,R,R
1773.37993,ERS5319733,S,NA,NA,S,NA,NA,NA,NA,R,NA,R,S,NA,NA,NA,S,NA,NA,NA,NA,R,R
1773.38608,ERS5320426,S,NA,NA,S,NA,NA,NA,NA,S,NA,S,S,NA,NA,NA,S,NA,NA,NA,NA,R,R
1773.39175,ERS6402927,S,NA,NA,S,NA,NA,NA,NA,S,NA,S,S,NA,NA,NA,S,NA,NA,NA,NA,S,R
1773.39381,ERS6403162,S,NA,NA,S,NA,NA,NA,NA,S,NA,R,S,NA,NA,NA,S,NA,NA,NA,NA,S,R
1773.39555,ERS6403362,R,NA,NA,R,NA,NA,NA,NA,S,NA,R,R,NA,NA,NA,S,NA,NA,NA,NA,R,S
1773.39573,ERS6403384,S,NA,NA,S,NA,NA,NA,NA,S,NA,S,S,NA,NA,NA,S,NA,NA,NA,NA,R,R
1773.39588,ERS6403404,S,NA,NA,S,NA,NA,NA,NA,S,NA,S,S,NA,NA,NA,S,NA,NA,NA,NA,S,R
1773.39713,ERS6403540,S,NA,NA,S,NA,NA,NA,NA,S,NA,S,S,NA,NA,NA,S,NA,NA,NA,NA,R,R
1773.39714,ERS6403541,S,NA,NA,S,NA,NA,NA,NA,S,NA,S,S,NA,NA,NA,S,NA,NA,NA,NA,S,R
1773.40162,ERS6421725,S,NA,NA,S,NA,NA,NA,NA,S,NA,S,S,NA,NA,NA,S,NA,NA,NA,NA,R,R
1773.40216,ERS6421778,S,NA,NA,S,NA,NA,NA,NA,S,NA,S,S,NA,NA,NA,S,NA,NA,NA,NA,S,R
1773.40295,ERS6421904,R,NA,NA,R,NA,NA,NA,NA,S,NA,R,R,NA,NA,NA,S,NA,NA,NA,NA,R,S
1773.40359,ERS6421993,S,NA,NA,S,NA,NA,NA,NA,S,NA,S,S,NA,NA,NA,S,NA,NA,NA,NA,R,R
1773.40385,ERS6422021,S,NA,NA,S,NA,NA,NA,NA,S,NA,S,S,NA,NA,NA,S,NA,NA,NA,NA,S,R
1773.40394,ERS6422028,R,NA,NA,R,NA,NA,NA,NA,S,NA,R,R,NA,NA,NA,S,NA,NA,NA,NA,S,S
1773.40396,ERS6422034,S,NA,NA,S,NA,NA,NA,NA,S,NA,S,S,NA,NA,NA,S,NA,NA,NA,NA,S,R
1773.40851,ERS5281416,S,NA,S,S,NA,S,NA,S,S,S,S,S,S,S,S,S,S,NA,NA,S,S,R
1773.41777,ERS5282455,S,NA,S,S,NA,S,NA,S,S,S,S,S,S,S,S,S,S,NA,NA,S,S,S
1773.41959,ERS5282658,S,NA,S,S,NA,S,NA,R,R,S,R,S,S,S,S,S,S,NA,NA,R,R,R
1773.41965,ERS5282662,S,NA,S,S,NA,S,NA,S,S,S,R,S,S,S,S,S,S,NA,NA,R,R,R
1773.42184,ERS5282889,S,NA,S,S,NA,S,NA,R,R,S,S,S,R,S,S,S,S,NA,NA,S,S,R
1773.42356,ERS5283077,S,NA,S,S,NA,S,NA,R,S,S,R,S,R,S,S,S,S,NA,NA,S,S,R
1773.42365,ERS5283087,S,NA,S,S,NA,S,NA,S,S,S,S,S,S,S,S,S,S,NA,NA,S,S,S
1773.42517,ERS5283242,S,NA,S,S,NA,S,NA,R,S,S,S,S,R,S,S,S,S,NA,NA,S,S,R
1773.42936,ERS5300658,S,NA,NA,S,NA,NA,NA,NA,S,NA,S,S,NA,NA,NA,S,NA,NA,NA,NA,R,S
1773.42955,ERS5300782,S,NA,NA,S,NA,NA,NA,NA,S,NA,S,S,NA,NA,NA,S,NA,NA,NA,NA,R,R
1773.4313,ERS5301930,S,NA,NA,S,NA,NA,NA,NA,S,NA,S,S,NA,NA,NA,S,NA,NA,NA,NA,S,R
1773.43406,ERS5317392,S,NA,NA,S,NA,NA,NA,NA,S,NA,R,S,NA,NA,NA,S,NA,NA,NA,NA,R,R
1773.43615,ERS6403370,R,NA,NA,R,NA,NA,NA,NA,S,NA,R,R,NA,NA,NA,R,NA,NA,NA,NA,R,S
1773.19051,ERR163936,S,NA,NA,S,NA,NA,NA,NA,S,NA,S,S,NA,NA,NA,S,NA,NA,NA,NA,S,S
1773.1945,ERR176805,S,NA,NA,S,NA,NA,NA,NA,S,NA,S,S,NA,NA,NA,S,NA,NA,NA,NA,S,R
1773.19503,ERR181696,S,NA,NA,S,NA,NA,NA,NA,S,NA,S,S,NA,NA,NA,S,NA,NA,NA,NA,S,R
1773.19865,ERR190363,S,NA,NA,S,NA,NA,NA,NA,S,NA,S,S,NA,NA,NA,S,NA,NA,NA,NA,R,R
1773.21718,ERR3256269,S,NA,NA,S,NA,NA,NA,NA,S,NA,S,S,NA,NA,NA,S,NA,NA,NA,NA,S,S
1773.23381,ERR1023325,S,NA,NA,S,S,NA,NA,NA,S,NA,R,S,S,NA,S,S,NA,NA,NA,NA,R,R
1773.23395,ERR2120250,S,NA,NA,R,NA,NA,NA,NA,R,NA,R,S,NA,NA,S,S,NA,NA,R,NA,R,S
1773.31342,ERS1987356,S,NA,NA,S,NA,NA,NA,NA,S,NA,S,S,NA,NA,NA,S,NA,NA,NA,NA,S,R
1773.33106,ERS5282313,S,NA,NA,S,NA,NA,NA,NA,S,NA,S,S,NA,NA,NA,S,NA,NA,NA,NA,S,R
1773.3318,ERS5282404,S,NA,NA,S,NA,NA,NA,NA,S,NA,S,S,NA,NA,NA,S,NA,NA,NA,NA,R,R
1773.33733,ERS5298061,S,NA,NA,S,NA,NA,NA,NA,S,NA,R,S,NA,NA,NA,S,NA,NA,NA,NA,R,R
1773.34486,ERS5300745,S,NA,NA,S,NA,NA,NA,NA,S,NA,S,S,NA,NA,NA,S,NA,NA,NA,NA,S,R
1773.34757,ERS5301323,S,NA,NA,S,NA,NA,NA,NA,S,NA,S,S,NA,NA,NA,S,NA,NA,NA,NA,R,R
1773.36212,ERS5303977,S,NA,NA,S,NA,NA,NA,NA,S,NA,S,S,NA,NA,NA,S,NA,NA,NA,NA,S,R
1773.36311,ERS5304122,S,NA,NA,S,NA,NA,NA,NA,R,NA,S,S,NA,NA,NA,S,NA,NA,NA,NA,S,R
1773.36327,ERS5304139,S,NA,NA,S,NA,NA,NA,NA,S,NA,S,S,NA,NA,NA,S,NA,NA,NA,NA,R,R
1773.36648,ERS5312559,S,NA,NA,S,NA,NA,NA,NA,S,NA,S,S,NA,NA,NA,S,NA,NA,NA,NA,S,R
1773.36673,ERS5312585,S,NA,NA,S,NA,NA,NA,NA,S,NA,S,S,NA,NA,NA,S,NA,NA,NA,NA,R,R
1773.36772,ERS5312692,S,NA,NA,S,NA,NA,NA,NA,S,NA,S,S,NA,NA,NA,S,NA,NA,NA,NA,R,R
1773.38642,ERS5320464,S,NA,NA,S,NA,NA,NA,NA,S,NA,S,S,NA,NA,NA,S,NA,NA,NA,NA,S,S
1773.39364,ERS6403137,S,NA,NA,S,NA,NA,NA,NA,S,NA,S,S,NA,NA,NA,S,NA,NA,NA,NA,R,R
1773.39559,ERS6403367,S,NA,NA,S,NA,NA,NA,NA,R,NA,S,S,NA,NA,NA,S,NA,NA,NA,NA,S,R
1773.40336,ERS6421976,S,NA,NA,S,NA,NA,NA,NA,S,NA,S,S,NA,NA,NA,S,NA,NA,NA,NA,S,R
1773.42317,ERS5283034,S,NA,S,S,NA,S,NA,S,S,R,R,S,R,S,S,S,S,NA,NA,S,R,R
1773.42329,ERS5283047,S,NA,S,S,NA,S,NA,S,S,S,S,S,S,S,S,S,S,NA,NA,S,S,R
1773.42989,ERS5301206,S,NA,NA,S,NA,NA,NA,NA,S,NA,S,S,NA,NA,NA,S,NA,NA,NA,NA,R,R
1773.19025,ERR161167,S,NA,NA,S,NA,NA,NA,NA,S,NA,S,S,NA,NA,NA,S,NA,NA,NA,NA,S,R
1773.21058,ERR3256238,S,NA,NA,S,NA,NA,NA,NA,S,NA,R,S,NA,NA,NA,S,NA,NA,NA,NA,R,R
1773.33261,ERS5282506,S,NA,NA,S,NA,NA,NA,NA,S,NA,S,S,NA,NA,NA,S,NA,NA,NA,NA,R,R
1773.33471,ERS5282775,S,NA,NA,S,NA,NA,NA,NA,S,NA,S,S,NA,NA,NA,S,NA,NA,NA,NA,S,S
1773.34183,ERS5298698,S,NA,NA,S,NA,NA,NA,NA,S,NA,S,S,NA,NA,NA,S,NA,NA,NA,NA,S,S
1773.34602,ERS5300920,S,NA,NA,S,NA,NA,NA,NA,S,NA,S,S,NA,NA,NA,S,NA,NA,NA,NA,R,R
1773.34659,ERS5301060,S,NA,NA,S,NA,NA,NA,NA,S,NA,S,S,NA,NA,NA,S,NA,NA,NA,NA,R,R
1773.34683,ERS5301185,S,NA,NA,S,NA,NA,NA,NA,S,NA,R,S,NA,NA,NA,S,NA,NA,NA,NA,R,R
1773.36927,ERS5317637,S,NA,NA,S,NA,NA,NA,NA,S,NA,S,S,NA,NA,NA,S,NA,NA,NA,NA,R,R
1773.36938,ERS5317660,S,NA,NA,S,NA,NA,NA,NA,S,NA,S,S,NA,NA,NA,S,NA,NA,NA,NA,R,R
1773.39365,ERS6403139,S,NA,NA,S,NA,NA,NA,NA,S,NA,S,S,NA,NA,NA,S,NA,NA,NA,NA,S,S
1773.3937,ERS6403144,S,NA,NA,S,NA,NA,NA,NA,S,NA,S,S,NA,NA,NA,S,NA,NA,NA,NA,S,R
1773.3945,ERS6403243,S,NA,NA,S,NA,NA,NA,NA,S,NA,S,S,NA,NA,NA,S,NA,NA,NA,NA,R,R
1773.40395,ERS6422032,R,NA,NA,R,NA,NA,NA,NA,S,NA,R,R,NA,NA,NA,S,NA,NA,NA,NA,R,S
1773.43423,ERS5317350,S,NA,NA,S,NA,NA,NA,NA,S,NA,S,S,NA,NA,NA,S,NA,NA,NA,NA,S,S
1773.4353,ERS5317446,S,NA,NA,S,NA,NA,NA,NA,S,NA,S,S,NA,NA,NA,S,NA,NA,NA,NA,S,S
1773.33982,ERS5298330,S,NA,NA,R,NA,NA,NA,NA,S,NA,R,S,NA,NA,NA,S,NA,NA,NA,NA,R,R
1773.36951,ERS5317669,S,NA,NA,S,NA,NA,NA,NA,S,NA,S,S,NA,NA,NA,S,NA,NA,NA,NA,S,S
1773.3699,ERS5317714,S,NA,NA,S,NA,NA,NA,NA,S,NA,S,S,NA,NA,NA,S,NA,NA,NA,NA,S,S
1773.39181,ERS6402932,S,NA,NA,S,NA,NA,NA,NA,S,NA,S,S,NA,NA,NA,S,NA,NA,NA,NA,S,S
1773.40432,ERS6422064,S,NA,NA,S,NA,NA,NA,NA,S,NA,S,S,NA,NA,NA,S,NA,NA,NA,NA,S,R
1773.19082,ERR163953,S,NA,NA,S,NA,NA,NA,NA,S,NA,R,S,NA,NA,NA,S,NA,NA,S,NA,S,S
1773.1863,ERS181446,NA,NA,NA,NA,NA,NA,NA,NA,S,NA,S,NA,NA,NA,NA,NA,NA,NA,S,NA,S,S
1773.1869,ERS181448,S,NA,NA,S,NA,NA,NA,NA,R,NA,R,NA,NA,NA,S,S,NA,S,S,NA,R,R
1773.19039,ERR161194,S,NA,NA,S,NA,NA,NA,NA,S,NA,S,S,NA,NA,NA,S,NA,NA,NA,NA,S,R
1773.2467,ERR552371,NA,NA,NA,NA,NA,NA,NA,NA,S,NA,S,NA,NA,NA,NA,NA,NA,NA,S,NA,S,S
1773.2543,ERR550742,NA,NA,NA,NA,NA,NA,NA,NA,S,NA,S,NA,NA,NA,NA,NA,NA,NA,S,NA,S,S
1773.2665,ERR550840,NA,NA,NA,NA,NA,NA,NA,NA,S,NA,S,NA,NA,NA,NA,NA,NA,NA,S,NA,S,S
1773.2804,ERR552269,NA,NA,NA,NA,NA,NA,NA,NA,S,NA,S,NA,NA,NA,NA,NA,NA,NA,S,NA,S,S
1773.2831,ERR552804,NA,NA,NA,NA,NA,NA,NA,NA,S,NA,S,NA,NA,NA,NA,NA,NA,NA,S,NA,S,S
1773.2839,ERR552178,NA,NA,NA,NA,NA,NA,NA,NA,S,NA,S,NA,NA,NA,NA,NA,NA,NA,S,NA,S,S
1773.29367,ERR2041931,R,NA,NA,R,NA,NA,NA,NA,R,NA,R,R,NA,NA,NA,S,NA,S,R,NA,R,R
1773.2987,ERR552263,NA,NA,NA,NA,NA,NA,NA,NA,S,NA,S,NA,NA,NA,NA,NA,NA,NA,S,NA,S,S
1773.31066,ERS1987048,S,NA,NA,S,NA,NA,NA,NA,S,NA,S,S,NA,NA,NA,S,NA,NA,NA,NA,S,R
1773.31217,ERS1987224,S,NA,NA,S,NA,NA,NA,NA,S,NA,S,S,NA,NA,NA,S,NA,NA,NA,NA,S,R
1773.31242,ERS1987244,S,NA,NA,S,NA,NA,NA,NA,S,NA,S,S,NA,NA,NA,S,NA,NA,NA,NA,S,R
1773.31243,ERS1987248,S,NA,NA,S,NA,NA,NA,NA,S,NA,R,S,NA,NA,NA,S,NA,NA,NA,NA,S,R
1773.31766,ERS3371526,S,NA,NA,S,NA,NA,NA,NA,S,NA,R,S,NA,NA,NA,S,NA,NA,NA,NA,R,R
1773.31866,ERS3371631,S,NA,NA,S,NA,NA,NA,NA,S,NA,R,S,NA,NA,NA,S,NA,NA,NA,NA,R,R
1773.31945,ERS3371714,S,NA,NA,S,NA,NA,NA,NA,S,NA,R,S,NA,NA,NA,S,NA,NA,NA,NA,S,R
1773.3213,ERS3371918,S,NA,NA,S,NA,NA,NA,NA,S,NA,R,S,NA,NA,NA,S,NA,NA,NA,NA,S,R
1773.32131,ERS3371920,S,NA,NA,S,NA,NA,NA,NA,S,NA,R,S,NA,NA,NA,S,NA,NA,NA,NA,S,R
1773.3229,ERR551821,S,S,NA,S,NA,NA,S,NA,R,NA,R,NA,NA,NA,NA,S,S,S,S,NA,R,R
1773.32358,ERS5281274,S,NA,NA,S,NA,NA,NA,NA,S,NA,R,S,NA,NA,NA,S,NA,NA,NA,NA,R,S
1773.33237,ERS5282487,S,NA,NA,S,NA,NA,NA,NA,S,NA,S,S,NA,NA,NA,S,NA,NA,NA,NA,R,R
1773.33619,ERS5297920,S,NA,NA,S,NA,NA,NA,NA,S,NA,S,S,NA,NA,NA,S,NA,NA,NA,NA,S,R
1773.3375,ERS5298081,S,NA,NA,S,NA,NA,NA,NA,S,NA,S,S,NA,NA,NA,S,NA,NA,NA,NA,R,R
1773.33826,ERS5298157,S,NA,NA,S,NA,NA,NA,NA,S,NA,S,S,NA,NA,NA,S,NA,NA,NA,NA,S,R
1773.34398,ERS5300634,S,NA,NA,S,NA,NA,NA,NA,S,NA,S,S,NA,NA,NA,S,NA,NA,NA,NA,R,R
1773.3461,ERS5300925,S,NA,NA,R,NA,NA,NA,NA,S,NA,S,S,NA,NA,NA,S,NA,NA,NA,NA,R,R
1773.34807,ERS5301867,S,NA,NA,S,NA,NA,NA,NA,S,NA,S,S,NA,NA,NA,S,NA,NA,NA,NA,S,R
1773.34845,ERS5301915,S,NA,NA,S,NA,NA,NA,NA,S,NA,R,S,NA,NA,NA,S,NA,NA,NA,NA,S,R
1773.35037,ERS5302197,S,NA,NA,S,NA,NA,NA,NA,S,NA,S,S,NA,NA,NA,S,NA,NA,NA,NA,S,R
1773.35316,ERS5302546,S,NA,NA,S,NA,NA,NA,NA,S,NA,R,S,NA,NA,NA,S,NA,NA,NA,NA,S,R
1773.35357,ERS5302592,S,NA,NA,S,NA,NA,NA,NA,S,NA,S,S,NA,NA,NA,S,NA,NA,NA,NA,S,R
1773.3537,ERS5302606,S,NA,NA,S,NA,NA,NA,NA,S,NA,R,S,NA,NA,NA,S,NA,NA,NA,NA,S,R
1773.35374,ERS5302610,S,NA,NA,S,NA,NA,NA,NA,S,NA,S,S,NA,NA,NA,S,NA,NA,NA,NA,S,R
1773.35697,ERS5303046,S,NA,NA,S,NA,NA,NA,NA,S,NA,R,S,NA,NA,NA,S,NA,NA,NA,NA,S,R
1773.35704,ERS5303059,S,NA,NA,S,NA,NA,NA,NA,S,NA,R,S,NA,NA,NA,S,NA,NA,NA,NA,S,R
1773.35716,ERS5303075,S,NA,NA,S,NA,NA,NA,NA,S,NA,R,S,NA,NA,NA,S,NA,NA,NA,NA,R,R
1773.35727,ERS5303095,S,NA,NA,S,NA,NA,NA,NA,S,NA,S,S,NA,NA,NA,S,NA,NA,NA,NA,R,R
1773.36048,ERS5303576,S,NA,NA,S,NA,NA,NA,NA,S,NA,R,S,NA,NA,NA,S,NA,NA,NA,NA,S,R
1773.36184,ERS5303946,S,NA,NA,S,NA,NA,NA,NA,S,NA,S,S,NA,NA,NA,S,NA,NA,NA,NA,S,R
1773.36321,ERS5304131,S,NA,NA,S,NA,NA,NA,NA,S,NA,R,S,NA,NA,NA,S,NA,NA,NA,NA,R,R
1773.3633,ERS5304146,S,NA,NA,S,NA,NA,NA,NA,S,NA,S,S,NA,NA,NA,S,NA,NA,NA,NA,S,R
1773.36335,ERS5304150,S,NA,NA,S,NA,NA,NA,NA,S,NA,S,S,NA,NA,NA,S,NA,NA,NA,NA,S,R
1773.36349,ERS5304164,S,NA,NA,S,NA,NA,NA,NA,S,NA,S,S,NA,NA,NA,S,NA,NA,NA,NA,S,R
1773.36659,ERS5312569,S,NA,NA,S,NA,NA,NA,NA,S,NA,S,S,NA,NA,NA,S,NA,NA,NA,NA,R,R
1773.37045,ERS5317762,S,NA,NA,S,NA,NA,NA,NA,S,NA,S,S,NA,NA,NA,S,NA,NA,NA,NA,S,S
1773.37922,ERS5319657,S,NA,NA,S,NA,NA,NA,NA,R,NA,R,S,NA,NA,NA,S,NA,NA,NA,NA,R,R
1773.38599,ERS5320419,S,NA,NA,S,NA,NA,NA,NA,S,NA,S,S,NA,NA,NA,S,NA,NA,NA,NA,R,R
1773.395,SRR2100152,NA,NA,NA,NA,NA,NA,NA,NA,S,NA,S,NA,NA,NA,NA,NA,NA,NA,S,NA,S,NA
1773.39525,ERS6403329,S,NA,NA,S,NA,NA,NA,NA,S,NA,R,S,NA,NA,NA,S,NA,NA,NA,NA,S,R
1773.3957,SRR2100159,NA,NA,NA,NA,S,NA,NA,NA,S,NA,R,NA,NA,NA,NA,NA,NA,NA,S,NA,S,NA
1773.39979,ERS6421527,S,NA,NA,S,NA,NA,NA,NA,S,NA,S,S,NA,NA,NA,S,NA,NA,NA,NA,S,R
1773.40011,ERS6421558,S,NA,NA,S,NA,NA,NA,NA,S,NA,S,S,NA,NA,NA,S,NA,NA,NA,NA,R,R
1773.4002,SRR2100204,NA,NA,NA,NA,NA,NA,NA,NA,S,NA,S,NA,NA,NA,NA,NA,NA,NA,S,NA,S,NA
1773.40126,ERS6421682,S,NA,NA,S,NA,NA,NA,NA,S,NA,S,S,NA,NA,NA,S,NA,NA,NA,NA,R,R
1773.40408,ERS6422045,S,NA,NA,S,NA,NA,NA,NA,S,NA,S,S,NA,NA,NA,S,NA,NA,NA,NA,S,R
1773.408,SRR2100282,S,S,NA,S,S,NA,NA,NA,S,NA,R,S,NA,NA,S,NA,NA,NA,S,NA,R,NA
1773.4106,SRR2100308,NA,NA,NA,NA,NA,NA,NA,NA,S,NA,S,NA,NA,NA,NA,NA,NA,NA,S,NA,S,NA
1773.4153,SRR2100357,NA,NA,NA,NA,NA,NA,NA,NA,S,NA,S,NA,NA,NA,NA,NA,NA,NA,S,NA,S,NA
1773.4189,SRR2100335,S,S,NA,S,S,NA,NA,NA,R,NA,R,S,NA,NA,S,NA,NA,NA,S,NA,R,R
1773.42222,ERS5282927,S,NA,S,R,NA,S,NA,S,S,S,S,S,S,S,S,S,S,NA,NA,S,S,R
1773.42404,ERS5283125,S,NA,S,S,NA,S,NA,R,S,S,R,S,R,S,S,S,S,NA,NA,S,S,R
1773.425,ERS5283227,S,NA,S,S,NA,S,NA,R,R,S,S,S,R,S,S,S,S,NA,NA,S,S,R
1773.42555,ERS5283283,S,NA,S,S,NA,S,NA,S,R,S,S,S,S,S,S,S,S,NA,NA,S,S,R
1773.4267,SRR2100468,NA,NA,NA,NA,NA,NA,NA,NA,S,NA,S,NA,NA,NA,NA,NA,NA,NA,S,NA,S,NA
1773.42937,ERS5300661,S,NA,NA,R,NA,NA,NA,NA,R,NA,R,S,NA,NA,NA,S,NA,NA,NA,NA,R,R
1773.4337,SRR2100538,NA,NA,NA,NA,NA,NA,NA,NA,S,NA,S,NA,NA,NA,NA,NA,NA,NA,S,NA,S,NA
1773.4363,SRR2100565,NA,NA,NA,NA,NA,NA,NA,NA,S,NA,S,NA,NA,NA,NA,NA,NA,NA,S,NA,S,NA
1773.43736,ERS5283039,S,NA,S,S,NA,R,NA,R,S,R,S,S,R,S,R,S,S,NA,NA,S,R,R
1773.4402,SRR2100605,NA,NA,NA,NA,NA,NA,NA,NA,S,NA,S,NA,NA,NA,NA,NA,NA,NA,S,NA,S,NA
1773.4428,SRR2100631,NA,NA,NA,NA,NA,NA,NA,NA,S,NA,S,NA,NA,NA,NA,NA,NA,NA,S,NA,S,NA
1773.4447,SRR2100650,NA,NA,NA,NA,NA,NA,NA,NA,S,NA,S,NA,NA,NA,NA,NA,NA,NA,S,NA,S,NA
1773.4546,SRR2100752,NA,NA,NA,NA,NA,NA,NA,NA,S,NA,S,NA,NA,NA,NA,NA,NA,NA,S,NA,S,NA
1773.4551,SRR2100758,NA,NA,NA,NA,NA,NA,NA,NA,S,NA,S,NA,NA,NA,NA,NA,NA,NA,S,NA,S,NA
1773.4592,SRR2100801,NA,NA,NA,NA,NA,NA,NA,NA,S,NA,S,NA,NA,NA,NA,NA,NA,NA,S,NA,S,NA
1773.46,SRR2100810,NA,NA,NA,NA,NA,NA,NA,NA,S,NA,S,NA,NA,NA,NA,NA,NA,NA,S,NA,S,NA
1773.4603,SRR2100813,NA,NA,NA,NA,NA,NA,NA,NA,S,NA,S,NA,NA,NA,NA,NA,NA,NA,S,NA,S,NA
1773.4764,SRR2100980,NA,NA,NA,NA,NA,NA,NA,NA,S,NA,S,NA,NA,NA,NA,NA,NA,NA,S,NA,S,NA
1773.4786,SRR2101004,NA,NA,NA,NA,NA,NA,NA,NA,S,NA,S,NA,NA,NA,NA,NA,NA,NA,S,NA,S,NA
1773.479,SRR2101008,NA,NA,NA,NA,NA,NA,NA,NA,S,NA,S,NA,NA,NA,NA,NA,NA,NA,S,NA,S,NA
1773.4824,SRR2101043,NA,NA,NA,NA,NA,NA,NA,NA,S,NA,S,NA,NA,NA,NA,NA,NA,NA,S,NA,S,NA
1773.4826,SRR2101045,NA,NA,NA,NA,NA,NA,NA,NA,S,NA,S,NA,NA,NA,NA,NA,NA,NA,S,NA,S,NA
1773.4832,SRR2101051,NA,NA,NA,NA,NA,NA,NA,NA,S,NA,S,NA,NA,NA,NA,NA,NA,NA,S,NA,S,NA
1773.4868,SRR2101088,NA,NA,NA,NA,NA,NA,NA,NA,S,NA,S,NA,NA,NA,NA,NA,NA,NA,S,NA,S,NA
1773.4899,SRR2101124,NA,NA,NA,NA,NA,NA,NA,NA,S,NA,S,NA,NA,NA,NA,NA,NA,NA,S,NA,S,NA
1773.4925,SRR2101151,NA,NA,NA,NA,NA,NA,NA,NA,S,NA,S,NA,NA,NA,NA,NA,NA,NA,S,NA,S,NA
1773.5886,SRR2101283,NA,NA,NA,NA,NA,NA,NA,NA,S,NA,S,NA,NA,NA,NA,NA,NA,NA,S,NA,S,NA
1773.5898,SRR2101295,NA,NA,NA,NA,NA,NA,NA,NA,S,NA,S,NA,NA,NA,NA,NA,NA,NA,S,NA,S,NA
1773.19441,ERR176786,S,NA,NA,R,NA,NA,NA,NA,S,NA,S,S,NA,NA,NA,S,NA,NA,NA,NA,S,R
1773.19505,ERR181704,S,NA,NA,S,NA,NA,NA,NA,S,NA,S,S,NA,NA,NA,S,NA,NA,NA,NA,R,R
1773.20982,ERR3256153,S,NA,NA,S,NA,NA,NA,NA,S,NA,R,S,NA,NA,NA,S,NA,NA,NA,NA,S,S
1773.23442,ERR2120295,S,NA,NA,S,NA,NA,NA,NA,S,NA,S,S,NA,NA,NA,S,NA,NA,S,NA,R,R
1773.31221,ERS1987221,S,NA,NA,S,NA,NA,NA,NA,S,NA,S,S,NA,NA,NA,S,NA,NA,NA,NA,S,R
1773.32196,ERS3371986,S,NA,NA,S,NA,NA,NA,NA,S,NA,R,S,NA,NA,NA,S,NA,NA,NA,NA,R,R
1773.32294,ERS3372096,R,NA,NA,R,NA,NA,NA,NA,R,NA,R,R,NA,NA,NA,S,NA,NA,NA,NA,R,R
1773.32392,ERS5281334,S,NA,NA,S,NA,NA,NA,NA,S,NA,S,S,NA,NA,NA,S,NA,NA,NA,NA,S,S
1773.3242,ERS5281381,S,NA,NA,S,NA,NA,NA,NA,R,NA,R,S,NA,NA,NA,S,NA,NA,NA,NA,R,R
1773.32425,ERS5281393,S,NA,NA,S,NA,NA,NA,NA,S,NA,R,S,NA,NA,NA,S,NA,NA,NA,NA,R,R
1773.32431,ERS5281408,S,NA,NA,S,NA,NA,NA,NA,S,NA,S,S,NA,NA,NA,S,NA,NA,NA,NA,S,S
1773.33122,ERS5282332,S,NA,NA,S,NA,NA,NA,NA,S,NA,S,S,NA,NA,NA,S,NA,NA,NA,NA,S,R
1773.33396,ERS5282675,S,NA,NA,R,NA,NA,NA,NA,S,NA,S,S,NA,NA,NA,S,NA,NA,NA,NA,R,R
1773.33397,ERS5282680,S,NA,NA,S,NA,NA,NA,NA,S,NA,S,S,NA,NA,NA,S,NA,NA,NA,NA,R,R
1773.33417,ERS5282701,S,NA,NA,S,NA,NA,NA,NA,S,NA,S,S,NA,NA,NA,S,NA,NA,NA,NA,R,R
1773.33438,ERS5282723,S,NA,NA,S,NA,NA,NA,NA,S,NA,R,S,NA,NA,NA,S,NA,NA,NA,NA,R,R
1773.33448,ERS5282736,S,NA,NA,S,NA,NA,NA,NA,S,NA,R,S,NA,NA,NA,S,NA,NA,NA,NA,R,R
1773.33507,ERS5282863,S,NA,NA,S,NA,NA,NA,NA,S,NA,S,S,NA,NA,NA,S,NA,NA,NA,NA,R,R
1773.3361,ERS5297907,S,NA,NA,S,NA,NA,NA,NA,S,NA,S,S,NA,NA,NA,S,NA,NA,NA,NA,S,R
1773.33614,ERS5297913,S,NA,NA,S,NA,NA,NA,NA,S,NA,S,S,NA,NA,NA,S,NA,NA,NA,NA,R,R
1773.33804,ERS5298134,S,NA,NA,S,NA,NA,NA,NA,S,NA,S,S,NA,NA,NA,S,NA,NA,NA,NA,R,R
1773.33935,ERS5298275,S,NA,NA,S,NA,NA,NA,NA,S,NA,R,S,NA,NA,NA,S,NA,NA,NA,NA,R,R
1773.34002,ERS5298508,S,NA,NA,S,NA,NA,NA,NA,R,NA,R,S,NA,NA,NA,S,NA,NA,NA,NA,R,R
1773.34007,ERS5298506,S,NA,NA,S,NA,NA,NA,NA,R,NA,R,S,NA,NA,NA,S,NA,NA,NA,NA,S,R
1773.34066,ERS5298569,S,NA,NA,S,NA,NA,NA,NA,S,NA,S,S,NA,NA,NA,S,NA,NA,NA,NA,S,R
1773.3408,ERS5298588,S,NA,NA,S,NA,NA,NA,NA,S,NA,R,S,NA,NA,NA,S,NA,NA,NA,NA,R,R
1773.34137,ERS5298648,S,NA,NA,S,NA,NA,NA,NA,S,NA,S,S,NA,NA,NA,S,NA,NA,NA,NA,S,R
1773.34162,ERS5298676,S,NA,NA,S,NA,NA,NA,NA,S,NA,S,S,NA,NA,NA,S,NA,NA,NA,NA,S,R
1773.34273,ERS5298808,S,NA,NA,S,NA,NA,NA,NA,S,NA,S,S,NA,NA,NA,S,NA,NA,NA,NA,S,R
1773.34345,ERS5300575,S,NA,NA,S,NA,NA,NA,NA,S,NA,S,S,NA,NA,NA,S,NA,NA,NA,NA,R,R
1773.34348,ERS5300578,S,NA,NA,S,NA,NA,NA,NA,S,NA,S,S,NA,NA,NA,S,NA,NA,NA,NA,R,R
1773.34418,ERS5300652,S,NA,NA,S,NA,NA,NA,NA,S,NA,R,S,NA,NA,NA,S,NA,NA,NA,NA,R,R
1773.34446,ERS5300698,S,NA,NA,S,NA,NA,NA,NA,R,NA,R,S,NA,NA,NA,S,NA,NA,NA,NA,R,R
1773.34464,ERS5300731,S,NA,NA,S,NA,NA,NA,NA,S,NA,S,S,NA,NA,NA,S,NA,NA,NA,NA,S,R
1773.34475,ERS5300736,S,NA,NA,S,NA,NA,NA,NA,S,NA,S,S,NA,NA,NA,S,NA,NA,NA,NA,R,R
1773.3449,ERS5300754,S,NA,NA,S,NA,NA,NA,NA,S,NA,S,S,NA,NA,NA,S,NA,NA,NA,NA,R,R
1773.3451,ERS5300776,S,NA,NA,S,NA,NA,NA,NA,S,NA,S,S,NA,NA,NA,S,NA,NA,NA,NA,R,R
1773.34519,ERS5300787,S,NA,NA,S,NA,NA,NA,NA,S,NA,S,S,NA,NA,NA,S,NA,NA,NA,NA,R,R
1773.34711,ERS5301231,S,NA,NA,S,NA,NA,NA,NA,S,NA,S,S,NA,NA,NA,S,NA,NA,NA,NA,S,R
1773.34744,ERS5301286,S,NA,NA,S,NA,NA,NA,NA,S,NA,S,S,NA,NA,NA,S,NA,NA,NA,NA,R,R
1773.34988,ERS5302126,S,NA,NA,S,NA,NA,NA,NA,S,NA,S,S,NA,NA,NA,S,NA,NA,NA,NA,S,R
1773.3501,ERS5302155,S,NA,NA,S,NA,NA,NA,NA,S,NA,S,S,NA,NA,NA,S,NA,NA,NA,NA,R,R
1773.35456,ERS5302703,S,NA,NA,S,NA,NA,NA,NA,S,NA,S,S,NA,NA,NA,S,NA,NA,NA,NA,S,R
1773.35588,ERS5302869,S,NA,NA,S,NA,NA,NA,NA,S,NA,S,S,NA,NA,NA,S,NA,NA,NA,NA,R,R
1773.35694,ERS5303050,S,NA,NA,S,NA,NA,NA,NA,S,NA,R,S,NA,NA,NA,S,NA,NA,NA,NA,R,R
1773.35722,ERS5303089,S,NA,NA,S,NA,NA,NA,NA,S,NA,S,S,NA,NA,NA,S,NA,NA,NA,NA,R,R
1773.3573,ERS5303096,S,NA,NA,S,NA,NA,NA,NA,S,NA,S,S,NA,NA,NA,S,NA,NA,NA,NA,R,R
1773.35743,ERS5303112,S,NA,NA,S,NA,NA,NA,NA,S,NA,R,S,NA,NA,NA,S,NA,NA,NA,NA,S,R
1773.35867,ERS5303320,S,NA,NA,S,NA,NA,NA,NA,S,NA,R,S,NA,NA,NA,R,NA,NA,NA,NA,S,R
1773.36045,ERS5303563,S,NA,NA,S,NA,NA,NA,NA,S,NA,R,S,NA,NA,NA,S,NA,NA,NA,NA,R,R
1773.36093,ERS5303618,S,NA,NA,S,NA,NA,NA,NA,S,NA,R,S,NA,NA,NA,S,NA,NA,NA,NA,R,R
1773.36108,ERS5303635,S,NA,NA,S,NA,NA,NA,NA,S,NA,R,S,NA,NA,NA,R,NA,NA,NA,NA,R,R
1773.36198,ERS5303968,S,NA,NA,S,NA,NA,NA,NA,S,NA,R,S,NA,NA,NA,S,NA,NA,NA,NA,R,R
1773.36341,ERS5304161,S,NA,NA,S,NA,NA,NA,NA,S,NA,S,S,NA,NA,NA,S,NA,NA,NA,NA,S,R
1773.36645,ERS5312555,S,NA,NA,S,NA,NA,NA,NA,S,NA,S,S,NA,NA,NA,S,NA,NA,NA,NA,S,R
1773.3666,ERS5312571,S,NA,NA,S,NA,NA,NA,NA,S,NA,S,S,NA,NA,NA,S,NA,NA,NA,NA,R,S
1773.37077,ERS5317810,S,NA,NA,S,NA,NA,NA,NA,S,NA,R,S,NA,NA,NA,S,NA,NA,NA,NA,R,R
1773.3768,ERS5319093,S,NA,NA,S,NA,NA,NA,NA,S,NA,S,S,NA,NA,NA,S,NA,NA,NA,NA,S,R
1773.37748,ERS5319172,S,NA,NA,S,NA,NA,NA,NA,S,NA,R,S,NA,NA,NA,S,NA,NA,NA,NA,R,R
1773.37841,ERS5319471,S,NA,NA,S,NA,NA,NA,NA,S,NA,S,S,NA,NA,NA,S,NA,NA,NA,NA,R,R
1773.3844,ERS5320245,S,NA,NA,S,NA,NA,NA,NA,S,NA,S,S,NA,NA,NA,S,NA,NA,NA,NA,R,R
1773.38561,ERS5320385,S,NA,NA,S,NA,NA,NA,NA,S,NA,S,S,NA,NA,NA,S,NA,NA,NA,NA,R,S
1773.38634,ERS5320461,S,NA,NA,S,NA,NA,NA,NA,S,NA,S,S,NA,NA,NA,S,NA,NA,NA,NA,S,R
1773.39003,ERS6402721,S,NA,NA,S,NA,NA,NA,NA,S,NA,S,S,NA,NA,NA,S,NA,NA,NA,NA,R,R
1773.39029,ERS6402755,S,NA,NA,S,NA,NA,NA,NA,S,NA,S,S,NA,NA,NA,S,NA,NA,NA,NA,S,R
1773.39178,ERS6402926,S,NA,NA,S,NA,NA,NA,NA,S,NA,S,S,NA,NA,NA,S,NA,NA,NA,NA,R,R
1773.39296,ERS6403064,S,NA,NA,S,NA,NA,NA,NA,S,NA,S,S,NA,NA,NA,S,NA,NA,NA,NA,R,R
1773.39359,ERS6403134,S,NA,NA,S,NA,NA,NA,NA,S,NA,S,S,NA,NA,NA,S,NA,NA,NA,NA,S,R
1773.39819,ERS6403668,S,NA,NA,S,NA,NA,NA,NA,S,NA,S,S,NA,NA,NA,S,NA,NA,NA,NA,S,R
1773.39952,ERS6421502,S,NA,NA,S,NA,NA,NA,NA,S,NA,S,S,NA,NA,NA,S,NA,NA,NA,NA,S,R
1773.40028,ERS6421579,S,NA,NA,S,NA,NA,NA,NA,S,NA,S,S,NA,NA,NA,S,NA,NA,NA,NA,R,R
1773.40035,ERS6421589,S,NA,NA,S,NA,NA,NA,NA,S,NA,S,S,NA,NA,NA,S,NA,NA,NA,NA,R,R
1773.40177,ERS6421739,S,NA,NA,S,NA,NA,NA,NA,S,NA,S,S,NA,NA,NA,S,NA,NA,NA,NA,S,R
1773.40249,ERS6421815,S,NA,NA,S,NA,NA,NA,NA,S,NA,S,S,NA,NA,NA,S,NA,NA,NA,NA,S,R
1773.40261,ERS6421868,S,NA,NA,S,NA,NA,NA,NA,S,NA,R,S,NA,NA,NA,S,NA,NA,NA,NA,R,R
1773.40307,ERS6421918,S,NA,NA,S,NA,NA,NA,NA,S,NA,S,S,NA,NA,NA,S,NA,NA,NA,NA,R,R
1773.40339,ERS6421973,S,NA,NA,S,NA,NA,NA,NA,S,NA,R,S,NA,NA,NA,S,NA,NA,NA,NA,R,R
1773.40381,ERS6422018,S,NA,NA,S,NA,NA,NA,NA,S,NA,S,S,NA,NA,NA,S,NA,NA,NA,NA,S,R
1773.40459,ERS6422150,S,NA,NA,S,NA,NA,NA,NA,S,NA,S,S,NA,NA,NA,S,NA,NA,NA,NA,R,R
1773.40478,ERS6422171,S,NA,NA,S,NA,NA,NA,NA,S,NA,S,S,NA,NA,NA,S,NA,NA,NA,NA,R,R
1773.40498,ERS6422188,S,NA,NA,S,NA,NA,NA,NA,S,NA,S,S,NA,NA,NA,S,NA,NA,NA,NA,R,R
1773.41634,ERS5282300,S,NA,S,S,NA,S,NA,R,R,R,R,S,R,S,S,S,S,NA,NA,R,R,R
1773.41986,ERS5282683,S,NA,S,S,NA,S,NA,R,S,S,R,S,R,S,R,S,S,NA,NA,R,R,R
1773.42163,ERS5282869,S,NA,S,S,NA,S,NA,S,R,S,R,S,R,S,R,S,S,NA,NA,R,R,R
1773.42191,ERS5282895,S,NA,S,S,NA,S,NA,S,R,R,S,S,R,S,R,R,S,NA,NA,R,R,S
1773.42384,ERS5283107,R,NA,S,R,NA,S,NA,S,S,R,R,R,R,S,R,S,R,NA,NA,R,R,R
1773.42476,ERS5283201,S,NA,S,R,NA,S,NA,S,R,R,R,R,S,S,S,S,R,NA,NA,R,R,R
1773.42658,ERR7361927,S,NA,NA,S,NA,NA,NA,NA,S,NA,S,S,NA,NA,NA,S,NA,NA,NA,NA,R,R
1773.4297,ERS5301007,S,NA,NA,S,NA,NA,NA,NA,S,NA,S,S,NA,NA,NA,S,NA,NA,NA,NA,R,R
1773.43008,ERS5301290,S,NA,NA,S,NA,NA,NA,NA,S,NA,S,S,NA,NA,NA,S,NA,NA,NA,NA,R,S
1773.43038,ERS5301341,S,NA,NA,S,NA,NA,NA,NA,S,NA,S,S,NA,NA,NA,S,NA,NA,NA,NA,R,R
1773.43048,ERS5301359,S,NA,NA,R,NA,NA,NA,NA,S,NA,R,S,NA,NA,NA,S,NA,NA,NA,NA,R,R
1773.43069,ERS5320292,S,NA,NA,S,NA,NA,NA,NA,S,NA,S,S,NA,NA,NA,S,NA,NA,NA,NA,S,R
1773.43369,ERS5317375,S,NA,NA,R,NA,NA,NA,NA,S,NA,R,S,NA,NA,NA,S,NA,NA,NA,NA,R,R
1773.43521,ERS5317441,S,NA,NA,S,NA,NA,NA,NA,S,NA,S,S,NA,NA,NA,S,NA,NA,NA,NA,R,R
1773.43636,ERS6403149,S,NA,NA,S,NA,NA,NA,NA,S,NA,S,S,NA,NA,NA,S,NA,NA,NA,NA,S,R
1773.18965,ERR161104,S,NA,NA,S,NA,NA,NA,NA,S,NA,S,S,NA,NA,NA,S,NA,NA,NA,NA,S,R
1773.1989,ERR190386,S,NA,NA,S,NA,NA,NA,NA,S,NA,S,S,NA,NA,NA,S,NA,NA,NA,NA,R,R
1773.21056,ERR3256236,S,NA,NA,S,NA,NA,NA,NA,S,NA,S,S,NA,NA,NA,S,NA,NA,NA,NA,R,S
1773.21707,ERR3256263,S,NA,NA,S,NA,NA,NA,NA,S,NA,R,S,NA,NA,NA,S,NA,NA,NA,NA,R,R
1773.31896,ERS3371661,S,NA,NA,S,NA,NA,NA,NA,S,NA,R,S,NA,NA,NA,S,NA,NA,NA,NA,S,R
1773.3343,ERS5282716,S,NA,NA,S,NA,NA,NA,NA,S,NA,S,S,NA,NA,NA,S,NA,NA,NA,NA,R,S
1773.33436,ERS5282727,S,NA,NA,S,NA,NA,NA,NA,S,NA,S,S,NA,NA,NA,S,NA,NA,NA,NA,S,R
1773.3421,ERS5298729,S,NA,NA,S,NA,NA,NA,NA,S,NA,S,S,NA,NA,NA,S,NA,NA,NA,NA,R,R
1773.34385,ERS5300619,S,NA,NA,S,NA,NA,NA,NA,S,NA,S,S,NA,NA,NA,S,NA,NA,NA,NA,S,R
1773.34391,ERS5300627,S,NA,NA,S,NA,NA,NA,NA,S,NA,S,S,NA,NA,NA,S,NA,NA,NA,NA,R,R
1773.34413,ERS5300643,S,NA,NA,S,NA,NA,NA,NA,S,NA,R,S,NA,NA,NA,S,NA,NA,NA,NA,S,R
1773.34725,ERS5301242,S,NA,NA,S,NA,NA,NA,NA,S,NA,S,S,NA,NA,NA,S,NA,NA,NA,NA,R,R
1773.35018,ERS5302170,S,NA,NA,S,NA,NA,NA,NA,S,NA,S,S,NA,NA,NA,S,NA,NA,NA,NA,S,R
1773.35164,ERS5302353,S,NA,NA,S,NA,NA,NA,NA,S,NA,S,S,NA,NA,NA,S,NA,NA,NA,NA,R,R
1773.36592,ERS5312499,S,NA,NA,S,NA,NA,NA,NA,S,NA,S,S,NA,NA,NA,S,NA,NA,NA,NA,R,R
1773.36623,ERS5312535,S,NA,NA,S,NA,NA,NA,NA,S,NA,S,S,NA,NA,NA,S,NA,NA,NA,NA,S,S
1773.36795,ERS5317231,S,NA,NA,S,NA,NA,NA,NA,S,NA,S,S,NA,NA,NA,S,NA,NA,NA,NA,S,S
1773.36828,ERS5317267,S,NA,NA,S,NA,NA,NA,NA,S,NA,S,S,NA,NA,NA,S,NA,NA,NA,NA,R,R
1773.36979,ERS5317704,S,NA,NA,S,NA,NA,NA,NA,S,NA,R,S,NA,NA,NA,S,NA,NA,NA,NA,R,R
1773.38704,ERS5320603,S,NA,NA,S,NA,NA,NA,NA,S,NA,S,S,NA,NA,NA,S,NA,NA,NA,NA,R,R
1773.39575,ERS6403389,S,NA,NA,S,NA,NA,NA,NA,S,NA,R,S,NA,NA,NA,R,NA,NA,NA,NA,R,S
1773.3959,ERS6403410,S,NA,NA,S,NA,NA,NA,NA,S,NA,S,S,NA,NA,NA,S,NA,NA,NA,NA,S,R
1773.40042,ERS6421596,S,NA,NA,S,NA,NA,NA,NA,S,NA,R,S,NA,NA,NA,S,NA,NA,NA,NA,R,R
1773.40318,ERS6421930,S,NA,NA,S,NA,NA,NA,NA,S,NA,S,S,NA,NA,NA,S,NA,NA,NA,NA,S,R
1773.41908,ERS5282602,S,NA,S,S,NA,S,NA,S,R,S,R,S,R,S,R,S,S,NA,NA,R,R,R
1773.4205,ERS5282745,S,NA,S,S,NA,S,NA,S,R,R,R,S,R,S,R,S,S,NA,NA,R,R,R
1773.42578,ERS5283303,S,NA,S,S,NA,S,NA,S,S,R,R,S,R,S,R,S,S,NA,NA,R,R,R
1773.43722,ERS5282992,S,NA,S,S,NA,S,NA,S,S,S,S,S,S,S,S,S,S,NA,NA,S,R,R
1773.19842,ERR190341,S,NA,NA,S,NA,NA,NA,NA,S,NA,S,S,NA,NA,NA,S,NA,NA,NA,NA,S,R
1773.19854,ERR190347,S,NA,NA,S,NA,NA,NA,NA,S,NA,R,S,NA,NA,NA,S,NA,NA,S,NA,S,R
1773.19953,ERR212045,S,NA,NA,S,NA,NA,NA,NA,S,NA,S,S,NA,NA,NA,S,NA,NA,NA,NA,R,R
1773.3177,ERS3371531,S,NA,NA,S,NA,NA,NA,NA,S,NA,S,S,NA,NA,NA,S,NA,NA,NA,NA,R,R
1773.3342,ERS5282703,S,NA,NA,S,NA,NA,NA,NA,S,NA,S,S,NA,NA,NA,S,NA,NA,NA,NA,S,S
1773.34358,ERS5300583,S,NA,NA,S,NA,NA,NA,NA,S,NA,R,S,NA,NA,NA,S,NA,NA,NA,NA,R,R
1773.34523,ERS5300792,S,NA,NA,S,NA,NA,NA,NA,S,NA,R,S,NA,NA,NA,S,NA,NA,NA,NA,R,R
1773.36954,ERS5317671,S,NA,NA,S,NA,NA,NA,NA,S,NA,S,S,NA,NA,NA,S,NA,NA,NA,NA,R,R
1773.37868,ERS5319498,S,NA,NA,S,NA,NA,NA,NA,S,NA,S,S,NA,NA,NA,S,NA,NA,NA,NA,S,S
1773.38589,ERS5320404,S,NA,NA,S,NA,NA,NA,NA,S,NA,S,S,NA,NA,NA,S,NA,NA,NA,NA,R,R
1773.43451,ERS5317356,S,NA,NA,S,NA,NA,NA,NA,S,NA,S,S,NA,NA,NA,S,NA,NA,NA,NA,S,S
1773.19462,ERR176808,S,NA,NA,S,NA,NA,NA,NA,S,NA,S,S,NA,NA,NA,S,NA,NA,NA,NA,S,S
1773.34171,ERS5298683,S,NA,NA,S,NA,NA,NA,NA,S,NA,S,S,NA,NA,NA,S,NA,NA,NA,NA,R,R
1773.34339,ERS5300568,S,NA,NA,S,NA,NA,NA,NA,S,NA,R,S,NA,NA,NA,S,NA,NA,NA,NA,R,R
1773.36848,ERS5317347,S,NA,NA,S,NA,NA,NA,NA,S,NA,S,S,NA,NA,NA,S,NA,NA,NA,NA,S,S
1773.4206,ERS5282759,S,NA,S,S,NA,S,NA,R,S,S,S,S,R,S,R,S,S,NA,NA,S,S,S
1773.4236,ERS5283082,S,NA,S,S,NA,S,NA,S,S,S,S,S,S,S,S,S,S,NA,NA,R,R,R
1773.43383,ERS5317326,S,NA,NA,S,NA,NA,NA,NA,S,NA,S,S,NA,NA,NA,S,NA,NA,NA,NA,S,S
1773.43401,ERS5317363,S,NA,NA,S,NA,NA,NA,NA,S,NA,S,S,NA,NA,NA,S,NA,NA,NA,NA,S,S
1773.43412,ERS5317319,S,NA,NA,S,NA,NA,NA,NA,S,NA,S,S,NA,NA,NA,S,NA,NA,NA,NA,S,S
1773.18301,ERR1035284,S,NA,NA,S,NA,NA,NA,NA,S,NA,R,S,NA,NA,NA,R,NA,NA,NA,NA,R,R
1773.3691,ERS5317627,S,NA,NA,S,NA,NA,NA,NA,S,NA,S,S,NA,NA,NA,S,NA,NA,NA,NA,R,R
1773.43581,ERS5317465,S,NA,NA,S,NA,NA,NA,NA,S,NA,S,S,NA,NA,NA,S,NA,NA,NA,NA,S,S
1773.19447,ERR176799,S,NA,NA,R,NA,NA,NA,NA,S,NA,S,S,NA,NA,NA,S,NA,NA,NA,NA,S,S
1773.2098,ERR3256159,S,NA,NA,S,NA,NA,NA,NA,S,NA,S,S,NA,NA,NA,S,NA,NA,NA,NA,S,S
1773.21023,ERR3256197,S,NA,NA,S,NA,NA,NA,NA,S,NA,R,S,NA,NA,NA,S,NA,NA,NA,NA,R,S
1773.2645,ERR550986,NA,NA,NA,NA,NA,NA,NA,NA,S,NA,S,NA,NA,NA,NA,NA,NA,NA,S,NA,S,S
1773.2923,ERR551627,NA,NA,NA,NA,NA,NA,NA,NA,S,NA,S,NA,NA,NA,NA,NA,NA,NA,S,NA,S,S
1773.2936,ERR550947,NA,NA,NA,NA,NA,NA,NA,NA,S,NA,R,NA,NA,NA,NA,NA,NA,NA,S,NA,S,R
1773.3096,ERR551096,NA,NA,NA,NA,NA,NA,NA,NA,S,NA,S,NA,NA,NA,NA,NA,NA,NA,S,NA,S,S
1773.31225,ERS1987230,S,NA,NA,S,NA,NA,NA,NA,S,NA,S,S,NA,NA,NA,S,NA,NA,NA,NA,S,R
1773.31245,ERS1987247,S,NA,NA,S,NA,NA,NA,NA,S,NA,S,S,NA,NA,NA,S,NA,NA,NA,NA,R,R
1773.3126,ERS1987262,S,NA,NA,S,NA,NA,NA,NA,S,NA,S,S,NA,NA,NA,S,NA,NA,NA,NA,R,R
1773.31877,ERS3371645,S,NA,NA,S,NA,NA,NA,NA,S,NA,R,S,NA,NA,NA,S,NA,NA,NA,NA,R,R
1773.31891,ERS3371655,S,NA,NA,S,NA,NA,NA,NA,S,NA,R,S,NA,NA,NA,S,NA,NA,NA,NA,R,R
1773.31936,ERS3371706,S,NA,NA,S,NA,NA,NA,NA,S,NA,R,S,NA,NA,NA,S,NA,NA,NA,NA,S,R
1773.3268,ERR552663,NA,NA,NA,NA,NA,NA,NA,NA,S,NA,S,NA,NA,NA,NA,NA,NA,NA,S,NA,S,S
1773.3313,ERS5282342,S,NA,NA,S,NA,NA,NA,NA,R,NA,S,S,NA,NA,NA,S,NA,NA,NA,NA,S,S
1773.33345,ERS5282609,S,NA,NA,S,NA,NA,NA,NA,S,NA,S,S,NA,NA,NA,S,NA,NA,NA,NA,S,S
1773.33353,ERS5282615,S,NA,NA,S,NA,NA,NA,NA,S,NA,R,S,NA,NA,NA,S,NA,NA,NA,NA,S,R
1773.33466,ERS5282769,S,NA,NA,S,NA,NA,NA,NA,S,NA,S,S,NA,NA,NA,S,NA,NA,NA,NA,R,R
1773.33505,ERS5282858,S,NA,NA,S,NA,NA,NA,NA,S,NA,S,S,NA,NA,NA,S,NA,NA,NA,NA,S,R
1773.3351,ERR553299,NA,NA,NA,NA,NA,NA,NA,NA,S,NA,S,NA,NA,NA,NA,NA,NA,NA,S,NA,S,S
1773.3369,ERS5298015,S,NA,NA,S,NA,NA,NA,NA,S,NA,S,S,NA,NA,NA,S,NA,NA,NA,NA,S,R
1773.33825,ERS5298156,S,NA,NA,S,NA,NA,NA,NA,S,NA,S,S,NA,NA,NA,S,NA,NA,NA,NA,S,R
1773.33948,ERS5298289,S,NA,NA,S,NA,NA,NA,NA,R,NA,R,S,NA,NA,NA,S,NA,NA,NA,NA,S,R
1773.33962,ERS5298303,S,NA,NA,S,NA,NA,NA,NA,S,NA,R,S,NA,NA,NA,S,NA,NA,NA,NA,S,R
1773.34102,ERS5298612,S,NA,NA,R,NA,NA,NA,NA,S,NA,S,S,NA,NA,NA,S,NA,NA,NA,NA,R,R
1773.34231,ERS5298760,S,NA,NA,S,NA,NA,NA,NA,S,NA,S,S,NA,NA,NA,S,NA,NA,NA,NA,R,R
1773.34253,ERS5298789,S,NA,NA,S,NA,NA,NA,NA,S,NA,S,S,NA,NA,NA,S,NA,NA,NA,NA,R,R
1773.344,ERS5300638,S,NA,NA,S,NA,NA,NA,NA,S,NA,S,S,NA,NA,NA,S,NA,NA,NA,NA,R,R
1773.34844,ERS5301917,S,NA,NA,S,NA,NA,NA,NA,S,NA,S,S,NA,NA,NA,S,NA,NA,NA,NA,S,R
1773.34997,ERS5302131,S,NA,NA,S,NA,NA,NA,NA,S,NA,S,S,NA,NA,NA,S,NA,NA,NA,NA,S,R
1773.3513,ERR551954,NA,NA,NA,NA,NA,NA,NA,NA,S,NA,S,NA,NA,NA,NA,NA,NA,NA,S,NA,S,S
1773.35185,ERS5302377,S,NA,NA,S,NA,NA,NA,NA,S,NA,S,S,NA,NA,NA,S,NA,NA,NA,NA,S,R
1773.35195,ERS5302389,S,NA,NA,S,NA,NA,NA,NA,S,NA,S,S,NA,NA,NA,S,NA,NA,NA,NA,S,R
1773.35204,ERS5302395,S,NA,NA,S,NA,NA,NA,NA,S,NA,S,S,NA,NA,NA,S,NA,NA,NA,NA,S,R
1773.35312,ERS5302541,S,NA,NA,S,NA,NA,NA,NA,S,NA,S,S,NA,NA,NA,S,NA,NA,NA,NA,R,R
1773.35407,ERS5302646,S,NA,NA,S,NA,NA,NA,NA,S,NA,S,S,NA,NA,NA,S,NA,NA,NA,NA,S,R
1773.35857,ERS5303274,S,NA,NA,S,NA,NA,NA,NA,S,NA,S,S,NA,NA,NA,S,NA,NA,NA,NA,S,R
1773.36066,ERS5303586,S,NA,NA,S,NA,NA,NA,NA,S,NA,R,S,NA,NA,NA,S,NA,NA,NA,NA,R,R
1773.3608,ERS5303598,S,NA,NA,S,NA,NA,NA,NA,S,NA,R,S,NA,NA,NA,S,NA,NA,NA,NA,R,R
1773.36081,ERS5303602,S,NA,NA,S,NA,NA,NA,NA,S,NA,R,S,NA,NA,NA,S,NA,NA,NA,NA,S,R
1773.36319,ERS5304130,S,NA,NA,S,NA,NA,NA,NA,S,NA,S,S,NA,NA,NA,S,NA,NA,NA,NA,S,R
1773.36326,ERS5304138,S,NA,NA,S,NA,NA,NA,NA,S,NA,S,S,NA,NA,NA,S,NA,NA,NA,NA,R,R
1773.36368,ERS5304188,S,NA,NA,S,NA,NA,NA,NA,S,NA,S,S,NA,NA,NA,S,NA,NA,NA,NA,S,R
1773.37911,ERS5319648,S,NA,NA,S,NA,NA,NA,NA,R,NA,R,S,NA,NA,NA,S,NA,NA,NA,NA,R,R
1773.37941,ERS5319685,S,NA,NA,S,NA,NA,NA,NA,S,NA,R,S,NA,NA,NA,S,NA,NA,NA,NA,R,R
1773.38403,ERS5320212,S,NA,NA,R,NA,NA,NA,NA,S,NA,S,S,NA,NA,NA,S,NA,NA,NA,NA,S,R
1773.38478,ERS5320285,S,NA,NA,S,NA,NA,NA,NA,S,NA,S,S,NA,NA,NA,S,NA,NA,NA,NA,S,R
1773.38483,ERS5320295,S,NA,NA,S,NA,NA,NA,NA,S,NA,S,S,NA,NA,NA,S,NA,NA,NA,NA,R,R
1773.38631,ERS5320453,S,NA,NA,S,NA,NA,NA,NA,S,NA,S,S,NA,NA,NA,S,NA,NA,NA,NA,S,R
1773.3928,ERS6403048,S,NA,NA,S,NA,NA,NA,NA,S,NA,S,S,NA,NA,NA,S,NA,NA,NA,NA,S,R
1773.39326,ERS6403098,S,NA,NA,S,NA,NA,NA,NA,S,NA,S,S,NA,NA,NA,S,NA,NA,NA,NA,R,R
1773.3996,SRR2100198,NA,NA,NA,NA,S,NA,NA,NA,S,NA,R,NA,NA,NA,NA,NA,NA,NA,S,NA,S,NA
1773.40014,ERS6421561,S,NA,NA,S,NA,NA,NA,NA,S,NA,S,S,NA,NA,NA,S,NA,NA,NA,NA,S,R
1773.4005,SRR2100206,S,S,NA,S,S,NA,NA,NA,S,NA,S,S,NA,NA,S,NA,NA,NA,S,NA,R,NA
1773.4008,SRR2100209,NA,NA,NA,NA,S,NA,NA,NA,S,NA,R,NA,NA,NA,NA,NA,NA,NA,S,NA,S,NA
1773.40169,ERS6421734,S,NA,NA,S,NA,NA,NA,NA,S,NA,S,S,NA,NA,NA,S,NA,NA,NA,NA,S,R
1773.40218,ERS6421780,S,NA,NA,S,NA,NA,NA,NA,S,NA,S,S,NA,NA,NA,S,NA,NA,NA,NA,S,R
1773.4025,SRR2100225,NA,NA,NA,NA,S,NA,NA,NA,S,NA,R,NA,NA,NA,NA,NA,NA,NA,S,NA,S,NA
1773.4027,SRR2100227,S,NA,NA,S,R,NA,NA,NA,R,NA,R,R,NA,NA,R,NA,NA,NA,S,NA,R,NA
1773.4053,SRR2100254,NA,NA,NA,NA,NA,NA,NA,NA,S,NA,S,NA,NA,NA,NA,NA,NA,NA,S,NA,S,NA
1773.40559,ERR275229,S,NA,NA,S,NA,NA,NA,NA,S,NA,R,S,NA,NA,NA,S,NA,NA,NA,NA,R,S
1773.4064,SRR2100265,NA,NA,NA,NA,NA,NA,NA,NA,S,NA,S,NA,NA,NA,NA,NA,NA,NA,S,NA,S,NA
1773.4065,SRR2100266,NA,NA,NA,NA,NA,NA,NA,NA,S,NA,S,NA,NA,NA,NA,NA,NA,NA,S,NA,S,NA
1773.4073,SRR2100275,NA,NA,NA,NA,NA,NA,NA,NA,S,NA,S,NA,NA,NA,NA,NA,NA,NA,S,NA,S,NA
1773.4076,SRR2100278,NA,NA,NA,NA,S,NA,NA,NA,S,NA,R,NA,NA,NA,NA,NA,NA,NA,S,NA,S,NA
1773.4176,SRR2100380,NA,NA,NA,NA,NA,NA,NA,NA,S,NA,S,NA,NA,NA,NA,NA,NA,NA,S,NA,S,NA
1773.42324,ERS5283042,S,NA,S,S,NA,S,NA,S,R,S,R,S,S,S,S,S,S,NA,NA,S,S,R
1773.42358,ERS5283080,S,NA,S,S,NA,S,NA,R,S,S,S,S,R,S,S,S,S,NA,NA,S,S,R
1773.43104,ERS5283354,S,NA,NA,S,NA,NA,NA,NA,S,NA,R,S,NA,NA,NA,S,NA,NA,NA,NA,S,R
1773.4312,SRR2100512,NA,NA,NA,NA,NA,NA,NA,NA,S,NA,S,NA,NA,NA,NA,NA,NA,NA,S,NA,S,NA
1773.43164,ERS5302180,S,NA,NA,S,NA,NA,NA,NA,S,NA,S,S,NA,NA,NA,S,NA,NA,NA,NA,S,R
1773.43269,ERS1987240,S,NA,NA,S,NA,NA,NA,NA,S,NA,S,S,NA,NA,NA,S,NA,NA,NA,NA,S,R
1773.4347,ERS5317406,S,NA,NA,S,NA,NA,NA,NA,S,NA,S,S,NA,NA,NA,S,NA,NA,NA,NA,R,R
1773.4361,SRR2100563,NA,NA,NA,NA,NA,NA,NA,NA,S,NA,S,NA,NA,NA,NA,NA,NA,NA,S,NA,S,NA
1773.43725,ERS5283012,S,NA,S,S,NA,S,NA,S,S,S,R,S,R,S,R,S,S,NA,NA,S,S,R
1773.4404,SRR2100607,NA,NA,NA,NA,NA,NA,NA,NA,S,NA,S,NA,NA,NA,NA,NA,NA,NA,S,NA,S,NA
1773.4432,SRR2100635,NA,NA,NA,NA,NA,NA,NA,NA,S,NA,S,NA,NA,NA,NA,NA,NA,NA,S,NA,S,NA
1773.4457,SRR2100660,NA,NA,NA,NA,NA,NA,NA,NA,S,NA,S,NA,NA,NA,NA,NA,NA,NA,S,NA,S,NA
1773.4513,SRR2100717,NA,NA,NA,NA,NA,NA,NA,NA,S,NA,S,NA,NA,NA,NA,NA,NA,NA,S,NA,S,NA
1773.4589,SRR2100798,NA,NA,NA,NA,NA,NA,NA,NA,S,NA,S,NA,NA,NA,NA,NA,NA,NA,S,NA,S,NA
1773.4695,SRR2100909,S,S,NA,S,NA,NA,NA,NA,R,NA,R,S,NA,NA,S,NA,NA,NA,R,NA,R,R
1773.4735,SRR2100951,NA,NA,NA,NA,NA,NA,NA,NA,S,NA,S,NA,NA,NA,NA,NA,NA,NA,S,NA,S,NA
1773.475,SRR2100966,NA,NA,NA,NA,NA,NA,NA,NA,S,NA,S,NA,NA,NA,NA,NA,NA,NA,S,NA,S,NA
1773.4753,SRR2100969,NA,NA,NA,NA,NA,NA,NA,NA,S,NA,S,NA,NA,NA,NA,NA,NA,NA,S,NA,S,NA
1773.476,SRR2100976,NA,NA,NA,NA,NA,NA,NA,NA,S,NA,S,NA,NA,NA,NA,NA,NA,NA,S,NA,S,NA
1773.4779,SRR2100996,NA,NA,NA,NA,S,NA,NA,NA,S,NA,S,NA,NA,NA,NA,NA,NA,NA,S,NA,S,NA
1773.4818,SRR2101037,NA,NA,NA,NA,S,NA,NA,NA,R,NA,S,NA,NA,NA,NA,NA,NA,NA,S,NA,S,NA
1773.4883,SRR2101104,NA,NA,NA,NA,NA,NA,NA,NA,S,NA,S,NA,NA,NA,NA,NA,NA,NA,S,NA,S,NA
1773.4887,SRR2101108,NA,NA,NA,NA,NA,NA,NA,NA,S,NA,S,NA,NA,NA,NA,NA,NA,NA,S,NA,S,NA
1773.4911,SRR2101137,NA,NA,NA,NA,NA,NA,NA,NA,S,NA,S,NA,NA,NA,NA,NA,NA,NA,S,NA,S,NA
1773.4954,SRR2101187,NA,NA,NA,NA,NA,NA,NA,NA,S,NA,S,NA,NA,NA,NA,NA,NA,NA,S,NA,S,NA
1773.4962,SRR2101210,NA,NA,NA,NA,NA,NA,NA,NA,S,NA,S,NA,NA,NA,NA,NA,NA,NA,S,NA,S,NA
1773.5821,SRR2100014,NA,NA,NA,NA,NA,NA,NA,NA,S,NA,S,NA,NA,NA,NA,NA,NA,NA,S,NA,S,NA
1773.5901,SRR2101298,NA,NA,NA,NA,NA,NA,NA,NA,S,NA,S,NA,NA,NA,NA,NA,NA,NA,S,NA,S,S
1773.5908,SRR2101326,NA,NA,NA,NA,NA,NA,NA,NA,S,NA,S,NA,NA,NA,NA,NA,NA,NA,S,NA,S,S
1773.5914,SRR2101347,NA,NA,NA,NA,NA,NA,NA,NA,S,NA,S,NA,NA,NA,NA,NA,NA,NA,S,NA,S,S
1773.19488,ERR181682,S,NA,NA,S,NA,NA,NA,NA,S,NA,S,S,NA,NA,NA,S,NA,NA,NA,NA,S,S
1773.20975,ERR3256152,S,NA,NA,S,NA,NA,NA,NA,S,NA,R,S,NA,NA,NA,S,NA,NA,NA,NA,S,S
1773.21054,ERR3256234,S,NA,NA,S,NA,NA,NA,NA,S,NA,R,S,NA,NA,NA,S,NA,NA,NA,NA,R,S
1773.31268,ERS1987269,S,NA,NA,S,NA,NA,NA,NA,S,NA,S,S,NA,NA,NA,S,NA,NA,NA,NA,S,R
1773.3179,ERS3371547,S,NA,NA,S,NA,NA,NA,NA,S,NA,S,S,NA,NA,NA,S,NA,NA,NA,NA,R,R
1773.31875,ERS3371640,S,NA,NA,S,NA,NA,NA,NA,S,NA,R,S,NA,NA,NA,S,NA,NA,NA,NA,R,R
1773.32083,ERS3371868,S,NA,NA,S,NA,NA,NA,NA,S,NA,R,S,NA,NA,NA,S,NA,NA,NA,NA,R,R
1773.32141,ERS3371931,S,NA,NA,S,NA,NA,NA,NA,S,NA,R,S,NA,NA,NA,S,NA,NA,NA,NA,R,R
1773.32227,ERS3372022,S,NA,NA,S,NA,NA,NA,NA,R,NA,R,S,NA,NA,NA,S,NA,NA,NA,NA,R,R
1773.32273,ERS3372070,S,NA,NA,S,NA,NA,NA,NA,S,NA,S,S,NA,NA,NA,S,NA,NA,NA,NA,R,R
1773.32291,ERS3372097,R,NA,NA,R,NA,NA,NA,NA,R,NA,R,R,NA,NA,NA,R,NA,NA,NA,NA,R,R
1773.32335,ERS5281241,S,NA,NA,S,NA,NA,NA,NA,S,NA,S,S,NA,NA,NA,S,NA,NA,NA,NA,S,S
1773.32361,ERS5281276,S,NA,NA,S,NA,NA,NA,NA,S,NA,S,S,NA,NA,NA,S,NA,NA,NA,NA,S,R
1773.32364,ERS5281284,S,NA,NA,S,NA,NA,NA,NA,S,NA,R,S,NA,NA,NA,R,NA,NA,NA,NA,R,R
1773.33091,ERS5282289,S,NA,NA,S,NA,NA,NA,NA,R,NA,R,S,NA,NA,NA,S,NA,NA,NA,NA,R,R
1773.33315,ERS5282569,S,NA,NA,S,NA,NA,NA,NA,S,NA,R,S,NA,NA,NA,S,NA,NA,NA,NA,R,R
1773.33399,ERS5282676,S,NA,NA,S,NA,NA,NA,NA,R,NA,R,S,NA,NA,NA,S,NA,NA,NA,NA,R,R
1773.33511,ERS5282880,S,NA,NA,S,NA,NA,NA,NA,S,NA,R,S,NA,NA,NA,S,NA,NA,NA,NA,R,R
1773.33525,ERS5283035,S,NA,NA,S,NA,NA,NA,NA,S,NA,S,S,NA,NA,NA,S,NA,NA,NA,NA,R,R
1773.33579,ERS5297866,S,NA,NA,S,NA,NA,NA,NA,R,NA,R,S,NA,NA,NA,R,NA,NA,NA,NA,R,R
1773.33593,ERS5297881,S,NA,NA,S,NA,NA,NA,NA,S,NA,R,S,NA,NA,NA,S,NA,NA,NA,NA,R,S
1773.33754,ERS5298086,S,NA,NA,S,NA,NA,NA,NA,S,NA,S,S,NA,NA,NA,S,NA,NA,NA,NA,R,R
1773.33761,ERS5298091,S,NA,NA,S,NA,NA,NA,NA,S,NA,R,S,NA,NA,NA,S,NA,NA,NA,NA,R,R
1773.33847,ERS5298181,S,NA,NA,S,NA,NA,NA,NA,R,NA,S,S,NA,NA,NA,S,NA,NA,NA,NA,S,S
1773.33881,ERS5298218,S,NA,NA,S,NA,NA,NA,NA,S,NA,S,S,NA,NA,NA,S,NA,NA,NA,NA,R,R
1773.33912,ERS5298252,R,NA,NA,R,NA,NA,NA,NA,S,NA,R,R,NA,NA,NA,S,NA,NA,NA,NA,S,R
1773.33915,ERS5298253,S,NA,NA,S,NA,NA,NA,NA,S,NA,R,S,NA,NA,NA,S,NA,NA,NA,NA,R,R
1773.33934,ERS5298271,R,NA,NA,R,NA,NA,NA,NA,S,NA,R,R,NA,NA,NA,S,NA,NA,NA,NA,R,R
1773.33989,ERS5298340,S,NA,NA,S,NA,NA,NA,NA,S,NA,S,S,NA,NA,NA,S,NA,NA,NA,NA,R,S
1773.3399,ERS5298342,R,NA,NA,R,NA,NA,NA,NA,S,NA,R,R,NA,NA,NA,S,NA,NA,NA,NA,R,S
1773.33996,ERS5298347,R,NA,NA,R,NA,NA,NA,NA,S,NA,R,R,NA,NA,NA,S,NA,NA,NA,NA,R,S
1773.34029,ERS5298531,S,NA,NA,S,NA,NA,NA,NA,S,NA,S,S,NA,NA,NA,S,NA,NA,NA,NA,R,R
1773.34031,ERS5298536,S,NA,NA,S,NA,NA,NA,NA,S,NA,S,S,NA,NA,NA,S,NA,NA,NA,NA,R,R
1773.34103,ERS5298611,S,NA,NA,S,NA,NA,NA,NA,S,NA,S,S,NA,NA,NA,S,NA,NA,NA,NA,R,R
1773.34156,ERS5298667,S,NA,NA,S,NA,NA,NA,NA,S,NA,S,S,NA,NA,NA,S,NA,NA,NA,NA,S,R
1773.34217,ERS5298739,S,NA,NA,R,NA,NA,NA,NA,S,NA,S,S,NA,NA,NA,S,NA,NA,NA,NA,R,R
1773.34306,ERS5300537,S,NA,NA,S,NA,NA,NA,NA,S,NA,S,S,NA,NA,NA,S,NA,NA,NA,NA,R,R
1773.34346,ERS5300580,S,NA,NA,S,NA,NA,NA,NA,S,NA,S,S,NA,NA,NA,S,NA,NA,NA,NA,R,R
1773.34381,ERS5300611,S,NA,NA,S,NA,NA,NA,NA,S,NA,R,S,NA,NA,NA,S,NA,NA,NA,NA,R,R
1773.34386,ERS5300615,S,NA,NA,S,NA,NA,NA,NA,S,NA,S,S,NA,NA,NA,S,NA,NA,NA,NA,R,R
1773.3441,ERS5300644,S,NA,NA,S,NA,NA,NA,NA,R,NA,R,S,NA,NA,NA,S,NA,NA,NA,NA,R,R
1773.34441,ERS5300693,S,NA,NA,S,NA,NA,NA,NA,S,NA,R,S,NA,NA,NA,S,NA,NA,NA,NA,R,R
1773.34585,ERS5300868,S,NA,NA,S,NA,NA,NA,NA,S,NA,S,S,NA,NA,NA,S,NA,NA,NA,NA,R,R
1773.34612,ERS5300947,S,NA,NA,S,NA,NA,NA,NA,S,NA,S,S,NA,NA,NA,S,NA,NA,NA,NA,R,R
1773.34661,ERS5301061,S,NA,NA,S,NA,NA,NA,NA,S,NA,S,S,NA,NA,NA,S,NA,NA,NA,NA,R,R
1773.3471,ERS5301232,S,NA,NA,S,NA,NA,NA,NA,S,NA,S,S,NA,NA,NA,S,NA,NA,NA,NA,R,R
1773.34713,ERS5301235,S,NA,NA,S,NA,NA,NA,NA,S,NA,S,S,NA,NA,NA,S,NA,NA,NA,NA,R,R
1773.35144,ERS5302334,S,NA,NA,S,NA,NA,NA,NA,S,NA,S,S,NA,NA,NA,S,NA,NA,NA,NA,S,R
1773.35194,ERS5302388,S,NA,NA,S,NA,NA,NA,NA,S,NA,R,S,NA,NA,NA,S,NA,NA,NA,NA,S,R
1773.35329,ERS5302560,S,NA,NA,S,NA,NA,NA,NA,S,NA,S,S,NA,NA,NA,S,NA,NA,NA,NA,R,R
1773.35396,ERS5302636,S,NA,NA,S,NA,NA,NA,NA,S,NA,R,S,NA,NA,NA,S,NA,NA,NA,NA,R,R
1773.35742,ERS5303113,S,NA,NA,S,NA,NA,NA,NA,S,NA,R,S,NA,NA,NA,S,NA,NA,NA,NA,R,R
1773.35833,ERS5303237,S,NA,NA,S,NA,NA,NA,NA,S,NA,R,S,NA,NA,NA,S,NA,NA,NA,NA,S,R
1773.35852,ERS5303263,R,NA,NA,R,NA,NA,NA,NA,S,NA,R,R,NA,NA,NA,S,NA,NA,NA,NA,R,R
1773.35879,ERS5303348,R,NA,NA,R,NA,NA,NA,NA,S,NA,R,R,NA,NA,NA,S,NA,NA,NA,NA,R,R
1773.36043,ERS5303564,S,NA,NA,S,NA,NA,NA,NA,S,NA,R,S,NA,NA,NA,S,NA,NA,NA,NA,R,R
1773.36056,ERS5303566,S,NA,NA,S,NA,NA,NA,NA,S,NA,S,S,NA,NA,NA,S,NA,NA,NA,NA,S,R
1773.36195,ERS5303952,S,NA,NA,S,NA,NA,NA,NA,S,NA,R,S,NA,NA,NA,S,NA,NA,NA,NA,S,S
1773.36308,ERS5304118,S,NA,NA,S,NA,NA,NA,NA,S,NA,S,S,NA,NA,NA,S,NA,NA,NA,NA,S,R
1773.36317,ERS5304128,S,NA,NA,S,NA,NA,NA,NA,S,NA,S,S,NA,NA,NA,S,NA,NA,NA,NA,R,R
1773.36329,ERS5304145,S,NA,NA,S,NA,NA,NA,NA,S,NA,S,S,NA,NA,NA,S,NA,NA,NA,NA,S,R
1773.36521,ERS5312428,S,NA,NA,S,NA,NA,NA,NA,S,NA,R,S,NA,NA,NA,S,NA,NA,NA,NA,R,R
1773.36585,ERS5312496,S,NA,NA,S,NA,NA,NA,NA,S,NA,S,S,NA,NA,NA,S,NA,NA,NA,NA,S,R
1773.36666,ERS5312582,S,NA,NA,S,NA,NA,NA,NA,S,NA,S,S,NA,NA,NA,S,NA,NA,NA,NA,S,S
1773.36704,ERS5312617,S,NA,NA,S,NA,NA,NA,NA,S,NA,S,S,NA,NA,NA,S,NA,NA,NA,NA,R,R
1773.36845,ERS5317315,S,NA,NA,S,NA,NA,NA,NA,S,NA,S,S,NA,NA,NA,S,NA,NA,NA,NA,R,R
1773.36956,ERS5317674,S,NA,NA,S,NA,NA,NA,NA,S,NA,S,S,NA,NA,NA,S,NA,NA,NA,NA,S,S
1773.3709,ERS5317824,S,NA,NA,S,NA,NA,NA,NA,S,NA,S,S,NA,NA,NA,S,NA,NA,NA,NA,S,S
1773.37937,ERS5319671,S,NA,NA,R,NA,NA,NA,NA,R,NA,R,S,NA,NA,NA,S,NA,NA,NA,NA,R,R
1773.3794,ERS5319674,S,NA,NA,S,NA,NA,NA,NA,S,NA,R,S,NA,NA,NA,S,NA,NA,NA,NA,R,R
1773.37956,ERS5319691,S,NA,NA,S,NA,NA,NA,NA,S,NA,S,S,NA,NA,NA,S,NA,NA,NA,NA,S,R
1773.37996,ERS5319736,S,NA,NA,S,NA,NA,NA,NA,S,NA,R,S,NA,NA,NA,S,NA,NA,NA,NA,R,R
1773.38481,ERS5320289,S,NA,NA,S,NA,NA,NA,NA,S,NA,S,S,NA,NA,NA,S,NA,NA,NA,NA,S,R
1773.38532,ERS5320351,S,NA,NA,R,NA,NA,NA,NA,S,NA,S,S,NA,NA,NA,S,NA,NA,NA,NA,S,S
1773.38592,ERS5320411,S,NA,NA,S,NA,NA,NA,NA,S,NA,S,S,NA,NA,NA,S,NA,NA,NA,NA,R,R
1773.39241,ERS6403003,S,NA,NA,S,NA,NA,NA,NA,S,NA,S,S,NA,NA,NA,S,NA,NA,NA,NA,S,R
1773.39368,ERS6403141,S,NA,NA,S,NA,NA,NA,NA,S,NA,R,S,NA,NA,NA,S,NA,NA,NA,NA,R,R
1773.39403,ERS6403183,S,NA,NA,S,NA,NA,NA,NA,S,NA,S,S,NA,NA,NA,S,NA,NA,NA,NA,R,R
1773.39756,ERS6403585,S,NA,NA,S,NA,NA,NA,NA,S,NA,S,S,NA,NA,NA,S,NA,NA,NA,NA,S,R
1773.40154,ERS6421716,S,NA,NA,S,NA,NA,NA,NA,S,NA,S,S,NA,NA,NA,S,NA,NA,NA,NA,R,R
1773.4024,ERS6421803,S,NA,NA,S,NA,NA,NA,NA,S,NA,S,S,NA,NA,NA,S,NA,NA,NA,NA,R,R
1773.40347,ERS6421979,S,NA,NA,S,NA,NA,NA,NA,S,NA,R,S,NA,NA,NA,S,NA,NA,NA,NA,R,R
1773.40427,ERS6422019,S,NA,NA,S,NA,NA,NA,NA,S,NA,S,S,NA,NA,NA,S,NA,NA,NA,NA,R,R
1773.40511,ERS6422213,S,NA,NA,S,NA,NA,NA,NA,S,NA,S,S,NA,NA,NA,S,NA,NA,NA,NA,R,R
1773.40716,ERS5281273,S,NA,S,S,NA,S,NA,S,S,S,R,S,R,S,R,S,S,NA,NA,R,R,R
1773.40793,ERS5281352,S,NA,S,S,NA,S,NA,S,R,R,R,S,S,S,S,S,S,NA,NA,R,R,R
1773.40868,ERS5281350,S,NA,S,S,NA,S,NA,S,S,S,S,S,R,S,S,S,S,NA,NA,S,S,S
1773.41949,ERS5282644,S,NA,S,S,NA,R,NA,R,S,S,S,S,R,S,S,S,S,NA,NA,S,S,S
1773.42122,ERS5282824,S,NA,S,S,NA,S,NA,S,R,S,R,S,R,S,R,S,S,NA,NA,R,S,R
1773.42218,ERS5282922,S,NA,S,S,NA,S,NA,S,S,R,R,S,S,S,S,S,R,NA,NA,R,R,R
1773.42375,ERS5283091,S,NA,S,S,NA,R,NA,R,R,R,R,S,R,R,S,S,S,NA,NA,R,R,R
1773.42995,ERS5301241,S,NA,NA,S,NA,NA,NA,NA,S,NA,S,S,NA,NA,NA,S,NA,NA,NA,NA,R,R
1773.43035,ERS5301335,S,NA,NA,S,NA,NA,NA,NA,S,NA,S,S,NA,NA,NA,S,NA,NA,NA,NA,S,R
1773.43121,ERS5301870,S,NA,NA,S,NA,NA,NA,NA,S,NA,S,S,NA,NA,NA,S,NA,NA,NA,NA,R,R
1773.4341,ERS5317398,S,NA,NA,S,NA,NA,NA,NA,S,NA,S,S,NA,NA,NA,S,NA,NA,NA,NA,R,R
1773.43678,ERS6421483,S,NA,NA,S,NA,NA,NA,NA,S,NA,S,S,NA,NA,NA,S,NA,NA,NA,NA,S,R
1773.19882,ERR190368,S,NA,NA,R,NA,NA,NA,NA,S,NA,S,S,NA,NA,NA,S,NA,NA,S,NA,R,R
1773.23398,ERR2120254,S,NA,NA,R,NA,NA,NA,NA,R,NA,R,S,NA,NA,S,S,NA,NA,R,NA,R,R
1773.33128,ERS5282340,S,NA,NA,S,NA,NA,NA,NA,R,NA,R,S,NA,NA,NA,R,NA,NA,NA,NA,R,R
1773.33536,ERS5283074,S,NA,NA,S,NA,NA,NA,NA,S,NA,S,S,NA,NA,NA,S,NA,NA,NA,NA,R,R
1773.34038,ERS5298543,S,NA,NA,S,NA,NA,NA,NA,S,NA,S,S,NA,NA,NA,S,NA,NA,NA,NA,R,S
1773.34055,ERS5298559,S,NA,NA,S,NA,NA,NA,NA,S,NA,S,S,NA,NA,NA,S,NA,NA,NA,NA,S,R
1773.3406,ERS5298563,S,NA,NA,S,NA,NA,NA,NA,S,NA,S,S,NA,NA,NA,S,NA,NA,NA,NA,S,R
1773.34184,ERS5298697,S,NA,NA,S,NA,NA,NA,NA,S,NA,S,S,NA,NA,NA,S,NA,NA,NA,NA,S,R
1773.34417,ERS5300650,R,NA,NA,R,NA,NA,NA,NA,R,NA,R,R,NA,NA,NA,S,NA,NA,NA,NA,R,R
1773.3464,ERS5301026,R,NA,NA,R,NA,NA,NA,NA,R,NA,R,R,NA,NA,NA,S,NA,NA,NA,NA,S,R
1773.34682,ERS5301183,S,NA,NA,S,NA,NA,NA,NA,S,NA,R,S,NA,NA,NA,S,NA,NA,NA,NA,R,R
1773.34733,ERS5301262,S,NA,NA,S,NA,NA,NA,NA,S,NA,S,S,NA,NA,NA,S,NA,NA,NA,NA,R,R
1773.35341,ERS5302575,S,NA,NA,S,NA,NA,NA,NA,S,NA,S,S,NA,NA,NA,S,NA,NA,NA,NA,R,R
1773.36518,ERS5312426,S,NA,NA,S,NA,NA,NA,NA,S,NA,R,S,NA,NA,NA,S,NA,NA,NA,NA,S,S
1773.36791,ERS5317225,S,NA,NA,S,NA,NA,NA,NA,S,NA,S,S,NA,NA,NA,S,NA,NA,NA,NA,S,S
1773.36876,ERS5317576,S,NA,NA,S,NA,NA,NA,NA,S,NA,S,S,NA,NA,NA,S,NA,NA,NA,NA,S,R
1773.36896,ERS5317604,S,NA,NA,S,NA,NA,NA,NA,S,NA,R,S,NA,NA,NA,S,NA,NA,NA,NA,R,R
1773.39545,ERS6403352,R,NA,NA,R,NA,NA,NA,NA,S,NA,R,R,NA,NA,NA,S,NA,NA,NA,NA,R,R
1773.39569,ERS6403390,S,NA,NA,S,NA,NA,NA,NA,R,NA,R,S,NA,NA,NA,S,NA,NA,NA,NA,R,S
1773.40311,ERS6421921,S,NA,NA,S,NA,NA,NA,NA,S,NA,S,S,NA,NA,NA,S,NA,NA,NA,NA,S,R
1773.4227,ERS5282977,S,NA,S,S,NA,S,NA,S,R,R,S,S,S,S,S,S,S,NA,NA,S,S,R
1773.4348,ERS5317508,S,NA,NA,S,NA,NA,NA,NA,S,NA,S,S,NA,NA,NA,S,NA,NA,NA,NA,S,S
1773.43616,ERS6403375,S,NA,NA,S,NA,NA,NA,NA,S,NA,R,S,NA,NA,NA,S,NA,NA,NA,NA,R,R
1773.1907,ERR163949,S,NA,NA,S,NA,NA,NA,NA,S,NA,S,S,NA,NA,NA,S,NA,NA,NA,NA,S,R
1773.32515,ERS5281529,S,NA,NA,S,NA,NA,NA,NA,S,NA,S,S,NA,NA,NA,S,NA,NA,NA,NA,S,S
1773.33453,ERS5282743,S,NA,NA,S,NA,NA,NA,NA,R,NA,R,S,NA,NA,NA,S,NA,NA,NA,NA,R,R
1773.34016,ERS5298519,S,NA,NA,S,NA,NA,NA,NA,S,NA,S,S,NA,NA,NA,S,NA,NA,NA,NA,R,R
1773.34606,ERS5300922,S,NA,NA,S,NA,NA,NA,NA,S,NA,S,S,NA,NA,NA,S,NA,NA,NA,NA,R,R
1773.3564,ERS5302932,S,NA,NA,S,NA,NA,NA,NA,S,NA,R,S,NA,NA,NA,S,NA,NA,NA,NA,R,R
1773.36692,ERS5312603,S,NA,NA,S,NA,NA,NA,NA,S,NA,S,S,NA,NA,NA,S,NA,NA,NA,NA,R,R
1773.3946,ERS6403253,S,NA,NA,S,NA,NA,NA,NA,R,NA,R,S,NA,NA,NA,S,NA,NA,NA,NA,R,S
1773.3949,ERS6403287,S,NA,NA,S,NA,NA,NA,NA,S,NA,S,S,NA,NA,NA,S,NA,NA,NA,NA,R,R
1773.40452,ERS6422144,S,NA,NA,S,NA,NA,NA,NA,S,NA,S,S,NA,NA,NA,S,NA,NA,NA,NA,R,R
1773.42396,ERS5283112,S,NA,S,S,NA,S,NA,S,R,R,R,S,S,S,S,S,S,NA,NA,S,S,S
1773.42954,ERS5300813,S,NA,NA,S,NA,NA,NA,NA,S,NA,S,S,NA,NA,NA,S,NA,NA,NA,NA,R,R
1773.34463,ERS5300718,S,NA,NA,S,NA,NA,NA,NA,S,NA,R,S,NA,NA,NA,S,NA,NA,NA,NA,S,R
1773.36805,ERS5317244,S,NA,NA,S,NA,NA,NA,NA,S,NA,S,S,NA,NA,NA,S,NA,NA,NA,NA,S,S
1773.3689,ERS5317597,S,NA,NA,S,NA,NA,NA,NA,S,NA,S,S,NA,NA,NA,S,NA,NA,NA,NA,S,S
1773.36997,ERS5317723,S,NA,NA,S,NA,NA,NA,NA,S,NA,S,S,NA,NA,NA,S,NA,NA,NA,NA,S,R
1773.36924,ERS5317649,S,NA,NA,S,NA,NA,NA,NA,S,NA,S,S,NA,NA,NA,S,NA,NA,NA,NA,R,R
1773.40669,ERS5281223,S,NA,S,S,NA,S,NA,S,S,S,S,S,R,S,S,S,S,NA,NA,S,R,R
1773.19715,ERR181922,S,NA,NA,S,NA,NA,NA,NA,S,NA,S,S,NA,NA,NA,S,NA,NA,NA,NA,R,R
1773.2442,ERR552505,NA,NA,NA,NA,NA,NA,NA,NA,S,NA,S,NA,NA,NA,NA,NA,NA,NA,S,NA,S,S
1773.2498,ERR552898,NA,NA,NA,NA,NA,NA,NA,NA,S,NA,S,NA,NA,NA,NA,NA,NA,NA,S,NA,S,S
1773.2575,ERR551002,NA,NA,NA,NA,NA,NA,NA,NA,S,NA,S,NA,NA,NA,NA,NA,NA,NA,S,NA,S,S
1773.2646,ERR552175,NA,NA,NA,NA,NA,NA,NA,NA,S,NA,S,NA,NA,NA,NA,NA,NA,NA,S,NA,S,S
1773.2739,ERR553112,NA,NA,NA,NA,NA,NA,NA,NA,S,NA,S,NA,NA,NA,NA,NA,NA,NA,S,NA,S,S
1773.2763,ERR550835,NA,NA,NA,NA,NA,NA,NA,NA,S,NA,S,NA,NA,NA,NA,NA,NA,NA,S,NA,S,S
1773.282,ERR551065,NA,NA,NA,NA,NA,NA,NA,NA,S,NA,S,NA,NA,NA,NA,NA,NA,NA,S,NA,S,S
1773.29363,ERR2041932,R,NA,NA,R,NA,NA,NA,NA,R,NA,R,R,NA,NA,NA,S,NA,S,R,NA,R,R
1773.2937,ERR2041944,R,NA,NA,R,NA,NA,NA,NA,R,NA,R,R,NA,NA,NA,S,NA,R,R,NA,S,R
1773.3058,ERR552020,NA,NA,NA,NA,NA,NA,NA,NA,S,NA,R,NA,NA,NA,NA,NA,NA,NA,S,NA,S,S
1773.31228,ERS1987233,S,NA,NA,S,NA,NA,NA,NA,S,NA,S,S,NA,NA,NA,S,NA,NA,NA,NA,S,R
1773.31258,ERS1987261,S,NA,NA,S,NA,NA,NA,NA,S,NA,R,S,NA,NA,NA,S,NA,NA,NA,NA,R,R
1773.31341,ERS1987347,S,NA,NA,S,NA,NA,NA,NA,S,NA,R,S,NA,NA,NA,S,NA,NA,NA,NA,S,R
1773.32164,ERS3371953,S,NA,NA,S,NA,NA,NA,NA,R,NA,R,S,NA,NA,NA,S,NA,NA,NA,NA,R,R
1773.32199,ERS3371996,S,NA,NA,S,NA,NA,NA,NA,S,NA,R,S,NA,NA,NA,S,NA,NA,NA,NA,S,R
1773.3232,ERS5281224,S,NA,NA,S,NA,NA,NA,NA,S,NA,S,S,NA,NA,NA,S,NA,NA,NA,NA,S,S
1773.32412,ERS5281359,S,NA,NA,S,NA,NA,NA,NA,S,NA,S,S,NA,NA,NA,S,NA,NA,NA,NA,S,R
1773.33098,ERS5282295,S,NA,NA,S,NA,NA,NA,NA,R,NA,R,S,NA,NA,NA,S,NA,NA,NA,NA,R,R
1773.33175,ERS5282393,S,NA,NA,S,NA,NA,NA,NA,S,NA,R,S,NA,NA,NA,S,NA,NA,NA,NA,S,R
1773.33897,ERS5298235,S,NA,NA,S,NA,NA,NA,NA,S,NA,S,S,NA,NA,NA,S,NA,NA,NA,NA,R,R
1773.34022,ERS5298525,S,NA,NA,S,NA,NA,NA,NA,S,NA,S,S,NA,NA,NA,S,NA,NA,NA,NA,R,R
1773.34115,ERS5298625,S,NA,NA,S,NA,NA,NA,NA,S,NA,S,S,NA,NA,NA,S,NA,NA,NA,NA,S,R
1773.3414,ERS5298654,S,NA,NA,S,NA,NA,NA,NA,S,NA,S,S,NA,NA,NA,S,NA,NA,NA,NA,R,R
1773.34165,ERS5298677,S,NA,NA,S,NA,NA,NA,NA,S,NA,S,S,NA,NA,NA,S,NA,NA,NA,NA,R,R
1773.34382,ERS5300614,S,NA,NA,R,NA,NA,NA,NA,S,NA,S,S,NA,NA,NA,S,NA,NA,NA,NA,S,R
1773.34434,ERS5300686,S,NA,NA,S,NA,NA,NA,NA,R,NA,R,S,NA,NA,NA,S,NA,NA,NA,NA,S,R
1773.34488,ERS5300756,S,NA,NA,S,NA,NA,NA,NA,S,NA,R,S,NA,NA,NA,S,NA,NA,NA,NA,R,R
1773.34601,ERS5300886,S,NA,NA,S,NA,NA,NA,NA,S,NA,S,S,NA,NA,NA,S,NA,NA,NA,NA,R,R
1773.34774,ERS5301366,S,NA,NA,S,NA,NA,NA,NA,S,NA,S,S,NA,NA,NA,S,NA,NA,NA,NA,R,R
1773.34815,ERS5301880,S,NA,NA,S,NA,NA,NA,NA,S,NA,S,S,NA,NA,NA,S,NA,NA,NA,NA,R,R
1773.34948,ERS5302068,S,NA,NA,S,NA,NA,NA,NA,S,NA,S,S,NA,NA,NA,S,NA,NA,NA,NA,R,R
1773.35148,ERS5302339,S,NA,NA,S,NA,NA,NA,NA,S,NA,S,S,NA,NA,NA,S,NA,NA,NA,NA,S,R
1773.35321,ERS5302550,S,NA,NA,S,NA,NA,NA,NA,S,NA,S,S,NA,NA,NA,S,NA,NA,NA,NA,S,R
1773.35403,ERS5302642,S,NA,NA,S,NA,NA,NA,NA,S,NA,R,S,NA,NA,NA,S,NA,NA,NA,NA,R,R
1773.35463,ERS5302720,S,NA,NA,S,NA,NA,NA,NA,S,NA,S,S,NA,NA,NA,S,NA,NA,NA,NA,R,R
1773.3586,ERS5303272,S,NA,NA,S,NA,NA,NA,NA,S,NA,R,S,NA,NA,NA,S,NA,NA,NA,NA,S,R
1773.36017,ERS5303547,S,NA,NA,S,NA,NA,NA,NA,S,NA,R,S,NA,NA,NA,S,NA,NA,NA,NA,S,R
1773.36047,ERS5303574,S,NA,NA,S,NA,NA,NA,NA,S,NA,S,S,NA,NA,NA,S,NA,NA,NA,NA,S,R
1773.3606,ERS5303581,S,NA,NA,S,NA,NA,NA,NA,S,NA,R,S,NA,NA,NA,S,NA,NA,NA,NA,S,R
1773.3619,ERS5303954,S,NA,NA,S,NA,NA,NA,NA,S,NA,R,S,NA,NA,NA,S,NA,NA,NA,NA,R,R
1773.36191,ERS5303950,S,NA,NA,S,NA,NA,NA,NA,S,NA,R,S,NA,NA,NA,S,NA,NA,NA,NA,R,R
1773.36309,ERS5304119,S,NA,NA,S,NA,NA,NA,NA,S,NA,S,S,NA,NA,NA,S,NA,NA,NA,NA,S,R
1773.36337,ERS5304152,S,NA,NA,S,NA,NA,NA,NA,S,NA,S,S,NA,NA,NA,S,NA,NA,NA,NA,S,R
1773.36346,ERS5304162,S,NA,NA,S,NA,NA,NA,NA,S,NA,S,S,NA,NA,NA,S,NA,NA,NA,NA,S,R
1773.36487,ERS5312402,S,NA,NA,S,NA,NA,NA,NA,R,NA,R,S,NA,NA,NA,S,NA,NA,NA,NA,R,R
1773.36713,ERS5312628,S,NA,NA,S,NA,NA,NA,NA,S,NA,S,S,NA,NA,NA,S,NA,NA,NA,NA,R,R
1773.36913,ERS5317625,S,NA,NA,S,NA,NA,NA,NA,S,NA,S,S,NA,NA,NA,S,NA,NA,NA,NA,R,R
1773.37025,ERS5317750,S,NA,NA,S,NA,NA,NA,NA,S,NA,R,S,NA,NA,NA,S,NA,NA,NA,NA,R,R
1773.37926,ERS5319662,S,NA,NA,S,NA,NA,NA,NA,R,NA,R,S,NA,NA,NA,S,NA,NA,NA,NA,R,R
1773.37963,ERS5319701,S,NA,NA,S,NA,NA,NA,NA,S,NA,S,S,NA,NA,NA,S,NA,NA,NA,NA,S,R
1773.39279,ERS6403046,S,NA,NA,S,NA,NA,NA,NA,S,NA,R,S,NA,NA,NA,S,NA,NA,NA,NA,R,R
1773.3966,SRR2100168,NA,NA,NA,NA,S,NA,NA,NA,S,NA,R,NA,NA,NA,NA,NA,NA,NA,S,NA,S,NA
1773.3998,SRR2100200,NA,NA,NA,NA,NA,NA,NA,NA,S,NA,S,NA,NA,NA,NA,NA,NA,NA,S,NA,S,NA
1773.40241,ERS6421805,S,NA,NA,S,NA,NA,NA,NA,S,NA,S,S,NA,NA,NA,S,NA,NA,NA,NA,S,R
1773.40351,ERS6421983,S,NA,NA,S,NA,NA,NA,NA,S,NA,S,S,NA,NA,NA,S,NA,NA,NA,NA,S,R
1773.40398,ERS6422035,S,NA,NA,S,NA,NA,NA,NA,S,NA,S,S,NA,NA,NA,S,NA,NA,NA,NA,S,R
1773.4066,SRR2100267,S,S,NA,S,S,NA,NA,NA,R,NA,R,S,NA,NA,S,NA,NA,NA,S,NA,R,NA
1773.4096,SRR2100298,NA,NA,NA,NA,NA,NA,NA,NA,S,NA,S,NA,NA,NA,NA,NA,NA,NA,S,NA,S,NA
1773.4114,SRR2100317,NA,NA,NA,NA,NA,NA,NA,NA,S,NA,S,NA,NA,NA,NA,NA,NA,NA,S,NA,S,NA
1773.4121,SRR2100324,S,S,NA,S,S,NA,NA,NA,S,NA,R,S,NA,NA,S,NA,NA,NA,S,NA,R,NA
1773.4168,SRR2100372,NA,NA,NA,NA,NA,NA,NA,NA,S,NA,S,NA,NA,NA,NA,NA,NA,NA,S,NA,S,NA
1773.4172,SRR2100376,S,R,NA,S,R,NA,NA,NA,S,NA,R,S,NA,NA,R,NA,NA,NA,R,NA,R,S
1773.42124,ERS5282823,S,NA,S,S,NA,S,NA,S,S,S,S,S,S,S,S,S,S,NA,NA,S,S,R
1773.42347,ERS5283068,S,NA,S,S,NA,S,NA,S,R,S,S,S,R,S,S,S,S,NA,NA,S,S,R
1773.42628,ERR6929522,S,NA,NA,S,NA,NA,NA,NA,S,NA,S,S,NA,NA,NA,S,NA,NA,NA,NA,R,S
1773.42957,ERS5300836,S,NA,NA,S,NA,NA,NA,NA,S,NA,S,S,NA,NA,NA,S,NA,NA,NA,NA,S,R
1773.42985,ERS5301194,S,NA,NA,R,NA,NA,NA,NA,S,NA,S,S,NA,NA,NA,S,NA,NA,NA,NA,R,R
1773.43107,ERS5301819,S,NA,NA,S,NA,NA,NA,NA,S,NA,S,S,NA,NA,NA,S,NA,NA,NA,NA,S,R
1773.4323,SRR2100523,NA,NA,NA,NA,NA,NA,NA,NA,S,NA,S,NA,NA,NA,NA,NA,NA,NA,S,NA,S,NA
1773.4335,SRR2100536,NA,NA,NA,NA,NA,NA,NA,NA,S,NA,S,NA,NA,NA,NA,NA,NA,NA,S,NA,S,NA
1773.43378,ERS5317293,S,NA,NA,S,NA,NA,NA,NA,S,NA,S,S,NA,NA,NA,S,NA,NA,NA,NA,R,R
1773.4338,SRR2100540,NA,NA,NA,NA,NA,NA,NA,NA,S,NA,S,NA,NA,NA,NA,NA,NA,NA,S,NA,S,NA
1773.4347,SRR2100549,NA,NA,NA,NA,NA,NA,NA,NA,NA,NA,NA,NA,NA,NA,NA,NA,NA,NA,S,NA,NA,NA
1773.4396,SRR2100599,NA,NA,NA,NA,NA,NA,NA,NA,S,NA,S,NA,NA,NA,NA,NA,NA,NA,S,NA,S,NA
1773.4422,SRR2100625,NA,NA,NA,NA,NA,NA,NA,NA,S,NA,S,NA,NA,NA,NA,NA,NA,NA,S,NA,S,NA
1773.4431,SRR2100634,NA,NA,NA,NA,NA,NA,NA,NA,S,NA,S,NA,NA,NA,NA,NA,NA,NA,S,NA,S,NA
1773.4509,SRR2100712,NA,NA,NA,NA,NA,NA,NA,NA,S,NA,S,NA,NA,NA,NA,NA,NA,NA,S,NA,S,NA
1773.4515,SRR2100719,NA,NA,NA,NA,NA,NA,NA,NA,S,NA,S,NA,NA,NA,NA,NA,NA,NA,S,NA,S,NA
1773.4516,SRR2100720,NA,NA,NA,NA,NA,NA,NA,NA,S,NA,S,NA,NA,NA,NA,NA,NA,NA,S,NA,S,NA
1773.4527,SRR2100731,NA,NA,NA,NA,NA,NA,NA,NA,S,NA,S,NA,NA,NA,NA,NA,NA,NA,S,NA,S,NA
1773.4545,SRR2100753,NA,NA,NA,NA,NA,NA,NA,NA,S,NA,S,NA,NA,NA,NA,NA,NA,NA,S,NA,S,NA
1773.4548,SRR2100755,NA,NA,NA,NA,NA,NA,NA,NA,S,NA,S,NA,NA,NA,NA,NA,NA,NA,S,NA,S,NA
1773.4557,SRR2100765,NA,NA,NA,NA,NA,NA,NA,NA,S,NA,S,NA,NA,NA,NA,NA,NA,NA,S,NA,S,NA
1773.4558,SRR2100766,NA,NA,NA,NA,NA,NA,NA,NA,S,NA,S,NA,NA,NA,NA,NA,NA,NA,S,NA,S,NA
1773.4791,SRR2101009,NA,NA,NA,NA,NA,NA,NA,NA,S,NA,S,NA,NA,NA,NA,NA,NA,NA,S,NA,S,NA
1773.4835,SRR2101054,NA,NA,NA,NA,NA,NA,NA,NA,S,NA,S,NA,NA,NA,NA,NA,NA,NA,S,NA,S,NA
1773.4889,SRR2101110,NA,NA,NA,NA,NA,NA,NA,NA,S,NA,S,NA,NA,NA,NA,NA,NA,NA,S,NA,S,NA
1773.4923,SRR2101149,NA,NA,NA,NA,NA,NA,NA,NA,S,NA,S,NA,NA,NA,NA,NA,NA,NA,S,NA,S,NA
1773.4966,SRR2101219,NA,NA,NA,NA,NA,NA,NA,NA,S,NA,S,NA,NA,NA,NA,NA,NA,NA,S,NA,S,NA
1773.4967,SRR2101228,NA,NA,NA,NA,NA,NA,NA,NA,S,NA,S,NA,NA,NA,NA,NA,NA,NA,S,NA,S,NA
1773.497,SRR2101233,NA,NA,NA,NA,NA,NA,NA,NA,S,NA,S,NA,NA,NA,NA,NA,NA,NA,S,NA,S,NA
1773.498,SRR2101257,NA,NA,NA,NA,NA,NA,NA,NA,S,NA,S,NA,NA,NA,NA,NA,NA,NA,S,NA,S,NA
1773.4987,SRR2101276,NA,NA,NA,NA,NA,NA,NA,NA,S,NA,S,NA,NA,NA,NA,NA,NA,NA,S,NA,S,NA
1773.5745,SRR2099937,NA,NA,NA,NA,NA,NA,NA,NA,S,NA,S,NA,NA,NA,NA,NA,NA,NA,S,NA,S,NA
1773.5775,SRR2099968,NA,NA,NA,NA,NA,NA,NA,NA,S,NA,R,NA,NA,NA,NA,NA,NA,NA,S,NA,S,NA
1773.5805,SRR2099998,NA,NA,NA,NA,NA,NA,NA,NA,S,NA,S,NA,NA,NA,NA,NA,NA,NA,S,NA,S,NA
1773.581,SRR2100003,NA,NA,NA,NA,NA,NA,NA,NA,S,NA,S,NA,NA,NA,NA,NA,NA,NA,S,NA,S,NA
1773.5836,SRR2100029,NA,NA,NA,NA,NA,NA,NA,NA,S,NA,S,NA,NA,NA,NA,NA,NA,NA,S,NA,S,NA
1773.588,SRR2100739,NA,NA,NA,NA,NA,NA,NA,NA,S,NA,R,NA,NA,NA,NA,NA,NA,NA,S,NA,S,NA
1773.5883,SRR2101280,NA,NA,NA,NA,NA,NA,NA,NA,S,NA,S,NA,NA,NA,NA,NA,NA,NA,S,NA,S,S
1773.5904,SRR2101321,NA,NA,NA,NA,NA,NA,NA,NA,S,NA,S,NA,NA,NA,NA,NA,NA,NA,S,NA,S,NA
1773.5905,SRR2101323,NA,NA,NA,NA,NA,NA,NA,NA,S,NA,S,NA,NA,NA,NA,NA,NA,NA,S,NA,S,NA
1773.1897,ERR161102,S,NA,NA,S,NA,NA,NA,NA,S,NA,S,S,NA,NA,NA,S,NA,NA,NA,NA,R,R
1773.19008,ERR161161,S,NA,NA,S,NA,NA,NA,NA,S,NA,S,S,NA,NA,NA,S,NA,NA,NA,NA,S,S
1773.19041,ERR161190,S,NA,NA,S,NA,NA,NA,NA,S,NA,S,S,NA,NA,NA,S,NA,NA,NA,NA,S,S
1773.19071,ERR163946,S,NA,NA,S,NA,NA,NA,NA,S,NA,S,S,NA,NA,NA,S,NA,NA,NA,NA,S,R
1773.19852,ERR190344,S,NA,NA,S,NA,NA,NA,NA,S,NA,S,S,NA,NA,NA,S,NA,NA,NA,NA,S,S
1773.21036,ERR3256217,S,NA,NA,S,NA,NA,NA,NA,S,NA,S,S,NA,NA,NA,S,NA,NA,NA,NA,S,R
1773.21057,ERR3256239,S,NA,NA,S,NA,NA,NA,NA,S,NA,R,S,NA,NA,NA,S,NA,NA,NA,NA,R,S
1773.21701,ERR3256246,S,NA,NA,S,NA,NA,NA,NA,S,NA,R,S,NA,NA,NA,S,NA,NA,NA,NA,R,S
1773.23427,ERR2120280,S,NA,NA,S,NA,NA,NA,NA,S,NA,S,S,NA,NA,NA,S,NA,NA,S,NA,S,R
1773.29364,ERR2041933,S,NA,NA,S,NA,NA,NA,NA,S,NA,R,S,NA,NA,NA,R,R,R,R,NA,R,R
1773.31079,ERS1987062,S,NA,NA,S,NA,NA,NA,NA,S,NA,S,S,NA,NA,NA,S,NA,NA,NA,NA,S,R
1773.31212,ERS1987213,S,NA,NA,S,NA,NA,NA,NA,S,NA,S,S,NA,NA,NA,S,NA,NA,NA,NA,S,R
1773.31344,ERS1987352,S,NA,NA,S,NA,NA,NA,NA,S,NA,S,S,NA,NA,NA,S,NA,NA,NA,NA,S,R
1773.31906,ERS3371672,S,NA,NA,S,NA,NA,NA,NA,S,NA,R,S,NA,NA,NA,S,NA,NA,NA,NA,R,R
1773.31925,ERS3371692,S,NA,NA,S,NA,NA,NA,NA,S,NA,S,S,NA,NA,NA,S,NA,NA,NA,NA,R,R
1773.32078,ERS3371862,S,NA,NA,S,NA,NA,NA,NA,S,NA,R,S,NA,NA,NA,S,NA,NA,NA,NA,R,R
1773.32188,ERS3371972,S,NA,NA,S,NA,NA,NA,NA,R,NA,R,S,NA,NA,NA,S,NA,NA,NA,NA,R,R
1773.32215,ERS3372009,R,NA,NA,R,NA,NA,NA,NA,R,NA,R,R,NA,NA,NA,R,NA,NA,NA,NA,R,R
1773.32311,ERS5281209,S,NA,NA,S,NA,NA,NA,NA,S,NA,S,S,NA,NA,NA,S,NA,NA,NA,NA,S,R
1773.32325,ERS5281230,S,NA,NA,S,NA,NA,NA,NA,S,NA,S,S,NA,NA,NA,S,NA,NA,NA,NA,R,R
1773.32501,ERS5281516,S,NA,NA,S,NA,NA,NA,NA,R,NA,R,S,NA,NA,NA,S,NA,NA,NA,NA,R,R
1773.33062,ERS5282252,S,NA,NA,S,NA,NA,NA,NA,S,NA,S,S,NA,NA,NA,S,NA,NA,NA,NA,R,R
1773.33094,ERS5282297,S,NA,NA,S,NA,NA,NA,NA,S,NA,R,S,NA,NA,NA,S,NA,NA,NA,NA,R,R
1773.33119,ERS5282328,S,NA,NA,S,NA,NA,NA,NA,S,NA,R,S,NA,NA,NA,S,NA,NA,NA,NA,S,R
1773.3322,ERS5282460,S,NA,NA,R,NA,NA,NA,NA,S,NA,S,S,NA,NA,NA,S,NA,NA,NA,NA,R,R
1773.33344,ERS5282608,S,NA,NA,S,NA,NA,NA,NA,S,NA,S,S,NA,NA,NA,S,NA,NA,NA,NA,S,R
1773.33451,ERS5282741,S,NA,NA,S,NA,NA,NA,NA,R,NA,R,S,NA,NA,NA,S,NA,NA,NA,NA,R,R
1773.33492,ERS5282846,S,NA,NA,S,NA,NA,NA,NA,R,NA,R,S,NA,NA,NA,S,NA,NA,NA,NA,R,R
1773.33493,ERS5282845,S,NA,NA,S,NA,NA,NA,NA,S,NA,S,S,NA,NA,NA,S,NA,NA,NA,NA,S,S
1773.33561,ERS5283388,S,NA,NA,S,NA,NA,NA,NA,R,NA,R,S,NA,NA,NA,R,NA,NA,NA,NA,R,R
1773.33628,ERS5297932,S,NA,NA,S,NA,NA,NA,NA,S,NA,R,S,NA,NA,NA,S,NA,NA,NA,NA,R,R
1773.33745,ERS5298075,S,NA,NA,S,NA,NA,NA,NA,S,NA,S,S,NA,NA,NA,S,NA,NA,NA,NA,R,R
1773.33746,ERS5298076,S,NA,NA,S,NA,NA,NA,NA,S,NA,S,S,NA,NA,NA,S,NA,NA,NA,NA,R,R
1773.33764,ERS5298094,S,NA,NA,S,NA,NA,NA,NA,S,NA,S,S,NA,NA,NA,S,NA,NA,NA,NA,S,R
1773.33911,ERS5298248,R,NA,NA,R,NA,NA,NA,NA,S,NA,R,R,NA,NA,NA,S,NA,NA,NA,NA,R,R
1773.33944,ERS5298284,S,NA,NA,S,NA,NA,NA,NA,S,NA,S,S,NA,NA,NA,S,NA,NA,NA,NA,R,R
1773.33961,ERS5298302,S,NA,NA,S,NA,NA,NA,NA,S,NA,S,S,NA,NA,NA,S,NA,NA,NA,NA,S,R
1773.33964,ERS5298304,S,NA,NA,S,NA,NA,NA,NA,S,NA,R,S,NA,NA,NA,S,NA,NA,NA,NA,R,R
1773.34067,ERS5298573,S,NA,NA,R,NA,NA,NA,NA,S,NA,S,S,NA,NA,NA,S,NA,NA,NA,NA,R,R
1773.3407,ERS5298575,S,NA,NA,S,NA,NA,NA,NA,S,NA,S,S,NA,NA,NA,S,NA,NA,NA,NA,S,R
1773.34078,ERS5298585,S,NA,NA,S,NA,NA,NA,NA,S,NA,S,S,NA,NA,NA,S,NA,NA,NA,NA,S,R
1773.34095,ERS5298601,S,NA,NA,S,NA,NA,NA,NA,S,NA,S,S,NA,NA,NA,S,NA,NA,NA,NA,R,R
1773.34146,ERS5298664,S,NA,NA,S,NA,NA,NA,NA,R,NA,R,S,NA,NA,NA,S,NA,NA,NA,NA,R,R
1773.34167,ERS5298678,S,NA,NA,S,NA,NA,NA,NA,S,NA,S,S,NA,NA,NA,S,NA,NA,NA,NA,R,R
1773.34185,ERS5298699,S,NA,NA,S,NA,NA,NA,NA,S,NA,S,S,NA,NA,NA,S,NA,NA,NA,NA,S,R
1773.34222,ERS5298746,S,NA,NA,S,NA,NA,NA,NA,S,NA,S,S,NA,NA,NA,S,NA,NA,NA,NA,S,R
1773.34223,ERS5298747,S,NA,NA,S,NA,NA,NA,NA,S,NA,S,S,NA,NA,NA,S,NA,NA,NA,NA,R,R
1773.34268,ERS5298805,S,NA,NA,S,NA,NA,NA,NA,S,NA,S,S,NA,NA,NA,S,NA,NA,NA,NA,R,R
1773.34312,ERS5300547,S,NA,NA,S,NA,NA,NA,NA,S,NA,S,S,NA,NA,NA,S,NA,NA,NA,NA,R,R
1773.3438,ERS5300612,S,NA,NA,S,NA,NA,NA,NA,S,NA,S,S,NA,NA,NA,S,NA,NA,NA,NA,R,R
1773.34456,ERS5300711,S,NA,NA,R,NA,NA,NA,NA,R,NA,R,S,NA,NA,NA,S,NA,NA,NA,NA,R,R
1773.34509,ERS5300774,S,NA,NA,S,NA,NA,NA,NA,S,NA,S,S,NA,NA,NA,S,NA,NA,NA,NA,R,R
1773.3465,ERS5301045,S,NA,NA,S,NA,NA,NA,NA,S,NA,S,S,NA,NA,NA,S,NA,NA,NA,NA,S,R
1773.34656,ERS5301055,S,NA,NA,S,NA,NA,NA,NA,S,NA,R,S,NA,NA,NA,S,NA,NA,NA,NA,S,R
1773.34994,ERS5302130,S,NA,NA,S,NA,NA,NA,NA,S,NA,S,S,NA,NA,NA,S,NA,NA,NA,NA,S,R
1773.35023,ERS5302185,S,NA,NA,S,NA,NA,NA,NA,S,NA,S,S,NA,NA,NA,S,NA,NA,NA,NA,R,R
1773.35141,ERS5302330,S,NA,NA,S,NA,NA,NA,NA,S,NA,S,S,NA,NA,NA,S,NA,NA,NA,NA,R,R
1773.35159,ERS5302349,S,NA,NA,S,NA,NA,NA,NA,S,NA,S,S,NA,NA,NA,S,NA,NA,NA,NA,S,R
1773.35301,ERS5302531,S,NA,NA,S,NA,NA,NA,NA,S,NA,S,S,NA,NA,NA,S,NA,NA,NA,NA,S,R
1773.35491,ERS5302751,S,NA,NA,S,NA,NA,NA,NA,S,NA,S,S,NA,NA,NA,S,NA,NA,NA,NA,R,R
1773.35709,ERS5303061,S,NA,NA,S,NA,NA,NA,NA,S,NA,S,S,NA,NA,NA,S,NA,NA,NA,NA,R,R
1773.35837,ERS5303239,S,NA,NA,S,NA,NA,NA,NA,R,NA,R,S,NA,NA,NA,S,NA,NA,NA,NA,R,R
1773.35883,ERS5303351,R,NA,NA,R,NA,NA,NA,NA,R,NA,R,R,NA,NA,NA,R,NA,NA,NA,NA,R,R
1773.35931,ERS5303425,S,NA,NA,S,NA,NA,NA,NA,S,NA,S,S,NA,NA,NA,S,NA,NA,NA,NA,S,R
1773.36103,ERS5303630,S,NA,NA,S,NA,NA,NA,NA,S,NA,R,S,NA,NA,NA,S,NA,NA,NA,NA,R,R
1773.36155,ERS5303909,S,NA,NA,S,NA,NA,NA,NA,S,NA,R,S,NA,NA,NA,S,NA,NA,NA,NA,S,R
1773.36291,ERS5304101,S,NA,NA,S,NA,NA,NA,NA,S,NA,S,S,NA,NA,NA,S,NA,NA,NA,NA,S,R
1773.36313,ERS5304124,S,NA,NA,S,NA,NA,NA,NA,S,NA,S,S,NA,NA,NA,S,NA,NA,NA,NA,R,R
1773.36609,ERS5312518,S,NA,NA,S,NA,NA,NA,NA,S,NA,S,S,NA,NA,NA,S,NA,NA,NA,NA,S,R
1773.36649,ERS5312561,S,NA,NA,R,NA,NA,NA,NA,S,NA,R,S,NA,NA,NA,S,NA,NA,NA,NA,R,R
1773.36825,ERS5317268,S,NA,NA,S,NA,NA,NA,NA,S,NA,R,S,NA,NA,NA,S,NA,NA,NA,NA,R,R
1773.37023,ERS5317739,S,NA,NA,S,NA,NA,NA,NA,S,NA,S,S,NA,NA,NA,S,NA,NA,NA,NA,R,R
1773.37755,ERS5319180,S,NA,NA,S,NA,NA,NA,NA,S,NA,R,S,NA,NA,NA,S,NA,NA,NA,NA,R,R
1773.37904,ERS5319534,S,NA,NA,S,NA,NA,NA,NA,S,NA,S,S,NA,NA,NA,S,NA,NA,NA,NA,S,S
1773.37976,ERS5319714,R,NA,NA,R,NA,NA,NA,NA,R,NA,R,R,NA,NA,NA,S,NA,NA,NA,NA,R,R
1773.38602,ERS5320431,S,NA,NA,S,NA,NA,NA,NA,S,NA,S,S,NA,NA,NA,S,NA,NA,NA,NA,S,R
1773.38607,ERS5320423,S,NA,NA,S,NA,NA,NA,NA,S,NA,S,S,NA,NA,NA,S,NA,NA,NA,NA,R,R
1773.38623,ERS5320448,S,NA,NA,S,NA,NA,NA,NA,S,NA,S,S,NA,NA,NA,S,NA,NA,NA,NA,R,R
1773.3865,ERS5320472,S,NA,NA,S,NA,NA,NA,NA,S,NA,S,S,NA,NA,NA,S,NA,NA,NA,NA,S,R
1773.38698,ERS5320598,S,NA,NA,S,NA,NA,NA,NA,S,NA,R,S,NA,NA,NA,S,NA,NA,NA,NA,R,R
1773.39275,ERS6403040,S,NA,NA,S,NA,NA,NA,NA,S,NA,S,S,NA,NA,NA,S,NA,NA,NA,NA,S,R
1773.39352,ERS6403126,S,NA,NA,R,NA,NA,NA,NA,S,NA,S,S,NA,NA,NA,S,NA,NA,NA,NA,S,R
1773.39474,ERS6403274,S,NA,NA,S,NA,NA,NA,NA,S,NA,S,S,NA,NA,NA,S,NA,NA,NA,NA,R,R
1773.39531,ERS6403337,R,NA,NA,R,NA,NA,NA,NA,R,NA,S,R,NA,NA,NA,S,NA,NA,NA,NA,R,R
1773.39564,ERS6403382,R,NA,NA,R,NA,NA,NA,NA,S,NA,R,R,NA,NA,NA,S,NA,NA,NA,NA,S,S
1773.39591,ERS6403411,S,NA,NA,S,NA,NA,NA,NA,S,NA,S,S,NA,NA,NA,S,NA,NA,NA,NA,R,R
1773.39592,ERS6403412,S,NA,NA,S,NA,NA,NA,NA,S,NA,S,S,NA,NA,NA,S,NA,NA,NA,NA,S,R
1773.39726,ERS6403554,S,NA,NA,S,NA,NA,NA,NA,S,NA,S,S,NA,NA,NA,S,NA,NA,NA,NA,S,S
1773.39733,ERS6403559,S,NA,NA,S,NA,NA,NA,NA,S,NA,S,S,NA,NA,NA,S,NA,NA,NA,NA,S,R
1773.39816,ERS6403667,S,NA,NA,S,NA,NA,NA,NA,S,NA,S,S,NA,NA,NA,S,NA,NA,NA,NA,S,R
1773.40246,ERS6421812,S,NA,NA,S,NA,NA,NA,NA,S,NA,S,S,NA,NA,NA,S,NA,NA,NA,NA,R,R
1773.40256,ERS6421820,S,NA,NA,S,NA,NA,NA,NA,S,NA,S,S,NA,NA,NA,S,NA,NA,NA,NA,R,R
1773.40325,ERS6421936,S,NA,NA,S,NA,NA,NA,NA,R,NA,R,S,NA,NA,NA,S,NA,NA,NA,NA,S,S
1773.40332,ERS6421941,S,NA,NA,S,NA,NA,NA,NA,S,NA,S,S,NA,NA,NA,S,NA,NA,NA,NA,S,R
1773.40474,ERS6422164,S,NA,NA,S,NA,NA,NA,NA,S,NA,S,S,NA,NA,NA,S,NA,NA,NA,NA,R,R
1773.4059,ERR3323727,S,NA,NA,S,NA,NA,NA,NA,S,NA,S,S,NA,NA,NA,S,NA,NA,NA,NA,S,R
1773.40746,ERS5281310,S,NA,S,S,NA,S,NA,S,S,S,R,S,R,S,S,S,S,NA,NA,S,S,R
1773.40899,ERS5281459,S,NA,S,S,NA,S,NA,S,R,R,R,S,R,S,R,S,S,NA,NA,R,R,R
1773.41703,ERS5282376,S,NA,S,S,NA,S,NA,R,S,S,R,S,R,S,S,S,S,NA,NA,R,R,R
1773.42055,ERS5282752,S,NA,S,S,NA,S,NA,S,R,R,R,S,R,S,S,S,S,NA,NA,S,R,R
1773.42193,ERS5282901,S,NA,S,S,NA,S,NA,R,R,S,R,R,R,R,S,S,S,NA,NA,S,S,R
1773.4223,ERS5282935,S,NA,S,S,NA,S,NA,S,R,S,S,S,S,S,S,S,S,NA,NA,S,S,R
1773.42393,ERS5283113,S,NA,S,S,NA,S,NA,S,S,R,S,S,S,S,S,S,S,NA,NA,S,S,S
1773.42967,ERS5301002,S,NA,NA,S,NA,NA,NA,NA,S,NA,S,S,NA,NA,NA,S,NA,NA,NA,NA,R,R
1773.43067,ERS5319732,S,NA,NA,S,NA,NA,NA,NA,R,NA,R,S,NA,NA,NA,R,NA,NA,NA,NA,R,R
1773.43124,ERS5301882,S,NA,NA,S,NA,NA,NA,NA,S,NA,S,S,NA,NA,NA,S,NA,NA,NA,NA,S,R
1773.43354,ERS5317300,S,NA,NA,S,NA,NA,NA,NA,R,NA,R,S,NA,NA,NA,S,NA,NA,NA,NA,R,R
1773.43422,ERS5317334,S,NA,NA,S,NA,NA,NA,NA,S,NA,S,S,NA,NA,NA,S,NA,NA,NA,NA,R,R
1773.43683,ERS5281287,S,NA,S,S,NA,S,NA,R,R,S,S,S,R,S,S,S,S,NA,NA,S,R,R
1773.20041,ERR212141,S,NA,NA,S,NA,NA,NA,NA,S,NA,S,S,NA,NA,NA,S,NA,NA,NA,NA,R,R
1773.31918,ERS3371683,S,NA,NA,S,NA,NA,NA,NA,S,NA,R,S,NA,NA,NA,S,NA,NA,NA,NA,S,R
1773.3219,ERS3371975,S,NA,NA,S,NA,NA,NA,NA,S,NA,S,S,NA,NA,NA,S,NA,NA,NA,NA,R,R
1773.33181,ERS5282402,S,NA,NA,S,NA,NA,NA,NA,S,NA,S,S,NA,NA,NA,S,NA,NA,NA,NA,S,S
1773.33529,ERS5283065,S,NA,NA,S,NA,NA,NA,NA,S,NA,S,S,NA,NA,NA,S,NA,NA,NA,NA,R,R
1773.34014,ERS5298513,S,NA,NA,R,NA,NA,NA,NA,S,NA,R,S,NA,NA,NA,S,NA,NA,NA,NA,R,R
1773.34113,ERS5298622,S,NA,NA,S,NA,NA,NA,NA,S,NA,S,S,NA,NA,NA,S,NA,NA,NA,NA,R,R
1773.35155,ERS5302340,S,NA,NA,S,NA,NA,NA,NA,S,NA,S,S,NA,NA,NA,S,NA,NA,NA,NA,S,S
1773.36087,ERS5303604,S,NA,NA,S,NA,NA,NA,NA,R,NA,R,S,NA,NA,NA,S,NA,NA,NA,NA,S,R
1773.36515,ERS5312424,R,NA,NA,R,NA,NA,NA,NA,S,NA,S,R,NA,NA,NA,S,NA,NA,NA,NA,R,R
1773.3664,ERS5312549,S,NA,NA,S,NA,NA,NA,NA,S,NA,S,S,NA,NA,NA,S,NA,NA,NA,NA,S,R
1773.36827,ERS5317272,S,NA,NA,S,NA,NA,NA,NA,S,NA,R,S,NA,NA,NA,S,NA,NA,NA,NA,R,R
1773.37001,ERS5317706,S,NA,NA,S,NA,NA,NA,NA,S,NA,R,S,NA,NA,NA,S,NA,NA,NA,NA,R,R
1773.37037,ERS5317766,S,NA,NA,S,NA,NA,NA,NA,S,NA,R,S,NA,NA,NA,S,NA,NA,NA,NA,R,S
1773.37951,ERS5319692,S,NA,NA,S,NA,NA,NA,NA,S,NA,R,S,NA,NA,NA,S,NA,NA,NA,NA,R,R
1773.38422,ERS5320229,S,NA,NA,S,NA,NA,NA,NA,S,NA,S,S,NA,NA,NA,S,NA,NA,NA,NA,R,R
1773.38638,ERS5320462,S,NA,NA,S,NA,NA,NA,NA,S,NA,S,S,NA,NA,NA,S,NA,NA,NA,NA,R,R
1773.38712,ERS5320615,S,NA,NA,S,NA,NA,NA,NA,S,NA,S,S,NA,NA,NA,S,NA,NA,NA,NA,S,R
1773.39385,ERS6403167,S,NA,NA,S,NA,NA,NA,NA,S,NA,S,S,NA,NA,NA,S,NA,NA,NA,NA,S,R
1773.39436,ERS6403223,S,NA,NA,S,NA,NA,NA,NA,S,NA,R,S,NA,NA,NA,S,NA,NA,NA,NA,R,R
1773.39563,ERS6403377,S,NA,NA,S,NA,NA,NA,NA,R,NA,R,S,NA,NA,NA,S,NA,NA,NA,NA,R,R
1773.3994,ERS6421486,S,NA,NA,S,NA,NA,NA,NA,S,NA,S,S,NA,NA,NA,S,NA,NA,NA,NA,S,R
1773.39988,ERS6421538,S,NA,NA,R,NA,NA,NA,NA,S,NA,S,S,NA,NA,NA,S,NA,NA,NA,NA,S,R
1773.40238,ERS6421802,S,NA,NA,S,NA,NA,NA,NA,S,NA,S,S,NA,NA,NA,S,NA,NA,NA,NA,R,R
1773.40413,ERS6422050,S,NA,NA,S,NA,NA,NA,NA,S,NA,S,S,NA,NA,NA,S,NA,NA,NA,NA,R,R
1773.40503,ERS6422199,S,NA,NA,S,NA,NA,NA,NA,R,NA,R,S,NA,NA,NA,S,NA,NA,NA,NA,R,R
1773.42336,ERS5283060,S,NA,S,S,NA,S,NA,S,S,S,S,S,S,S,S,S,R,NA,NA,S,R,R
1773.42631,ERR6929527,S,NA,NA,S,NA,NA,NA,NA,S,NA,S,S,NA,NA,NA,S,NA,NA,NA,NA,R,S
1773.18292,ERR1035271,S,NA,NA,S,NA,NA,NA,NA,R,NA,R,S,NA,NA,NA,R,NA,NA,NA,NA,R,S
1773.18576,ERR1036290,S,NA,NA,S,NA,NA,S,NA,S,R,R,S,NA,NA,NA,S,S,NA,R,NA,R,R
1773.1905,ERR163930,S,NA,NA,S,NA,NA,NA,NA,S,NA,S,S,NA,NA,NA,S,NA,NA,NA,NA,S,R
1773.19424,ERR176770,S,NA,NA,S,NA,NA,NA,NA,S,NA,S,S,NA,NA,NA,S,NA,NA,NA,NA,S,S
1773.19444,ERR176791,S,NA,NA,S,NA,NA,NA,NA,S,NA,S,S,NA,NA,NA,S,NA,NA,NA,NA,S,S
1773.19846,ERR190333,S,NA,NA,S,NA,NA,NA,NA,S,NA,S,S,NA,NA,NA,S,NA,NA,NA,NA,S,S
1773.34276,ERS5298809,S,NA,NA,R,NA,NA,NA,NA,S,NA,S,S,NA,NA,NA,S,NA,NA,NA,NA,R,R
1773.34672,ERS5301083,S,NA,NA,S,NA,NA,NA,NA,S,NA,R,S,NA,NA,NA,S,NA,NA,NA,NA,R,R
1773.37,ERS5317726,S,NA,NA,S,NA,NA,NA,NA,S,NA,S,S,NA,NA,NA,S,NA,NA,NA,NA,S,S
1773.37866,ERS5319496,S,NA,NA,S,NA,NA,NA,NA,S,NA,S,S,NA,NA,NA,S,NA,NA,NA,NA,R,R
1773.38633,ERS5320456,S,NA,NA,S,NA,NA,NA,NA,S,NA,S,S,NA,NA,NA,S,NA,NA,NA,NA,R,R
1773.38652,ERS5320476,S,NA,NA,S,NA,NA,NA,NA,S,NA,S,S,NA,NA,NA,S,NA,NA,NA,NA,R,R
1773.42099,ERS5282802,S,NA,S,S,NA,S,NA,S,R,R,R,S,R,S,R,S,S,NA,NA,R,R,R
1773.42265,ERS5282960,R,NA,S,S,NA,R,NA,R,R,R,R,S,R,S,R,S,R,NA,NA,R,R,R
1773.42268,ERS5282961,S,NA,S,S,NA,S,NA,S,S,R,R,S,R,S,S,S,S,NA,NA,S,S,R
1773.4298,ERS5301068,S,NA,NA,S,NA,NA,NA,NA,R,NA,S,S,NA,NA,NA,S,NA,NA,NA,NA,R,R
1773.43427,ERS5317271,S,NA,NA,S,NA,NA,NA,NA,S,NA,S,S,NA,NA,NA,S,NA,NA,NA,NA,S,S
1773.43453,ERS5317364,S,NA,NA,S,NA,NA,NA,NA,S,NA,S,S,NA,NA,NA,S,NA,NA,NA,NA,S,R
1773.43572,ERS5317526,S,NA,NA,S,NA,NA,NA,NA,S,NA,S,S,NA,NA,NA,S,NA,NA,NA,NA,R,R
1773.19065,ERR163938,S,NA,NA,S,NA,NA,NA,NA,S,NA,S,S,NA,NA,NA,S,NA,NA,NA,NA,S,R
1773.36907,ERS5317619,S,NA,NA,S,NA,NA,NA,NA,S,NA,S,S,NA,NA,NA,S,NA,NA,NA,NA,R,R
1773.38668,ERS5320490,S,NA,NA,S,NA,NA,NA,NA,S,NA,S,S,NA,NA,NA,S,NA,NA,NA,NA,R,R
1773.43458,ERS5317410,S,NA,NA,S,NA,NA,NA,NA,S,NA,R,S,NA,NA,NA,S,NA,NA,NA,NA,R,R
1773.19499,ERR181683,S,NA,NA,S,NA,NA,NA,NA,S,NA,S,S,NA,NA,NA,S,NA,NA,NA,NA,S,S
1773.37014,ERS5317753,S,NA,NA,S,NA,NA,NA,NA,S,NA,S,S,NA,NA,NA,S,NA,NA,NA,NA,S,S
1773.38598,ERS5320418,S,NA,NA,R,NA,NA,NA,NA,S,NA,S,S,NA,NA,NA,S,NA,NA,NA,NA,S,S
1773.21105,ERR3256284,S,NA,NA,S,NA,NA,NA,NA,S,NA,S,S,NA,NA,NA,S,NA,NA,NA,NA,S,S
1773.2473,ERR550653,NA,NA,NA,NA,NA,NA,NA,NA,S,NA,S,NA,NA,NA,NA,NA,NA,NA,S,NA,S,S
1773.2549,ERR552334,NA,NA,NA,NA,NA,NA,NA,NA,S,NA,S,NA,NA,NA,NA,NA,NA,NA,S,NA,S,R
1773.2563,ERR551402,NA,NA,NA,NA,NA,NA,NA,NA,S,NA,S,NA,NA,NA,NA,NA,NA,NA,S,NA,S,S
1773.2681,ERR551420,NA,NA,NA,NA,NA,NA,NA,NA,S,NA,S,NA,NA,NA,NA,NA,NA,NA,S,NA,S,S
1773.2745,ERR552280,NA,NA,NA,NA,NA,NA,NA,NA,S,NA,S,NA,NA,NA,NA,NA,NA,NA,S,NA,S,S
1773.2854,ERR552335,NA,NA,NA,NA,NA,NA,NA,NA,S,NA,S,NA,NA,NA,NA,NA,NA,NA,S,NA,S,S
1773.2912,ERR551458,NA,NA,NA,NA,NA,NA,NA,NA,S,NA,S,NA,NA,NA,NA,NA,NA,NA,S,NA,S,S
1773.2932,ERR551612,NA,NA,NA,NA,NA,NA,NA,NA,S,NA,S,NA,NA,NA,NA,NA,NA,NA,S,NA,S,S
1773.2978,ERR551030,NA,NA,NA,NA,NA,NA,NA,NA,S,NA,R,NA,NA,NA,NA,NA,NA,NA,S,NA,S,R
1773.309,ERR553266,NA,NA,NA,NA,NA,NA,NA,NA,S,NA,S,NA,NA,NA,NA,NA,NA,NA,S,NA,S,S
1773.31823,ERS3371586,S,NA,NA,S,NA,NA,NA,NA,S,NA,R,S,NA,NA,NA,S,NA,NA,NA,NA,R,R
1773.31871,ERS3371633,S,NA,NA,S,NA,NA,NA,NA,S,NA,R,S,NA,NA,NA,S,NA,NA,NA,NA,R,R
1773.3218,ERS3371969,S,NA,NA,S,NA,NA,NA,NA,S,NA,R,S,NA,NA,NA,S,NA,NA,NA,NA,R,R
1773.32189,ERS3371973,S,NA,NA,S,NA,NA,NA,NA,S,NA,R,S,NA,NA,NA,S,NA,NA,NA,NA,R,R
1773.3242,ERR551340,NA,NA,NA,NA,NA,NA,NA,NA,S,NA,S,NA,NA,NA,NA,NA,NA,NA,S,NA,S,S
1773.33267,ERS5282515,R,NA,NA,R,NA,NA,NA,NA,S,NA,R,R,NA,NA,NA,S,NA,NA,NA,NA,R,R
1773.33568,ERS5297851,S,NA,NA,S,NA,NA,NA,NA,S,NA,S,S,NA,NA,NA,S,NA,NA,NA,NA,S,R
1773.33762,ERS5298092,S,NA,NA,S,NA,NA,NA,NA,S,NA,S,S,NA,NA,NA,S,NA,NA,NA,NA,S,R
1773.33828,ERS5298160,S,NA,NA,S,NA,NA,NA,NA,S,NA,R,S,NA,NA,NA,S,NA,NA,NA,NA,S,R
1773.33893,ERS5298233,S,NA,NA,S,NA,NA,NA,NA,S,NA,S,S,NA,NA,NA,S,NA,NA,NA,NA,R,R
1773.33903,ERS5298241,R,NA,NA,R,NA,NA,NA,NA,S,NA,S,R,NA,NA,NA,S,NA,NA,NA,NA,R,R
1773.3413,ERS5298640,S,NA,NA,S,NA,NA,NA,NA,S,NA,R,S,NA,NA,NA,S,NA,NA,NA,NA,R,R
1773.34153,ERS5298666,S,NA,NA,S,NA,NA,NA,NA,S,NA,S,S,NA,NA,NA,S,NA,NA,NA,NA,R,R
1773.34299,ERS5300526,S,NA,NA,S,NA,NA,NA,NA,S,NA,S,S,NA,NA,NA,S,NA,NA,NA,NA,R,R
1773.3444,ERR552649,NA,NA,NA,NA,NA,NA,NA,NA,S,NA,S,NA,NA,NA,NA,NA,NA,NA,S,NA,S,S
1773.34502,ERS5300763,S,NA,NA,S,NA,NA,NA,NA,S,NA,R,S,NA,NA,NA,S,NA,NA,NA,NA,R,R
1773.34524,ERS5300795,S,NA,NA,S,NA,NA,NA,NA,S,NA,S,S,NA,NA,NA,S,NA,NA,NA,NA,S,R
1773.34665,ERS5301072,S,NA,NA,S,NA,NA,NA,NA,R,NA,R,S,NA,NA,NA,S,NA,NA,NA,NA,R,R
1773.34731,ERS5301261,S,NA,NA,S,NA,NA,NA,NA,S,NA,S,S,NA,NA,NA,S,NA,NA,NA,NA,R,R
1773.34766,ERS5301346,S,NA,NA,S,NA,NA,NA,NA,S,NA,S,S,NA,NA,NA,S,NA,NA,NA,NA,R,R
1773.34777,ERS5301820,S,NA,NA,S,NA,NA,NA,NA,S,NA,S,S,NA,NA,NA,S,NA,NA,NA,NA,S,R
1773.34796,ERS5301852,S,NA,NA,S,NA,NA,NA,NA,S,NA,S,S,NA,NA,NA,S,NA,NA,NA,NA,R,R
1773.35025,ERS5302174,S,NA,NA,S,NA,NA,NA,NA,S,NA,S,S,NA,NA,NA,S,NA,NA,NA,NA,S,R
1773.35124,ERS5302306,S,NA,NA,S,NA,NA,NA,NA,S,NA,S,S,NA,NA,NA,S,NA,NA,NA,NA,S,R
1773.35158,ERS5302344,S,NA,NA,S,NA,NA,NA,NA,S,NA,S,S,NA,NA,NA,S,NA,NA,NA,NA,S,R
1773.3518,ERS5302369,S,NA,NA,S,NA,NA,NA,NA,S,NA,S,S,NA,NA,NA,S,NA,NA,NA,NA,S,R
1773.35428,ERS5302675,S,NA,NA,S,NA,NA,NA,NA,S,NA,S,S,NA,NA,NA,S,NA,NA,NA,NA,S,R
1773.35737,ERS5303102,S,NA,NA,S,NA,NA,NA,NA,S,NA,R,S,NA,NA,NA,R,NA,NA,NA,NA,R,S
1773.35936,ERS5303430,S,NA,NA,S,NA,NA,NA,NA,S,NA,S,S,NA,NA,NA,S,NA,NA,NA,NA,S,R
1773.35938,ERS5303432,S,NA,NA,S,NA,NA,NA,NA,S,NA,S,S,NA,NA,NA,S,NA,NA,NA,NA,S,R
1773.3605,ERS5303568,S,NA,NA,S,NA,NA,NA,NA,S,NA,R,S,NA,NA,NA,S,NA,NA,NA,NA,R,R
1773.36105,ERS5303631,S,NA,NA,S,NA,NA,NA,NA,R,NA,R,S,NA,NA,NA,S,NA,NA,NA,NA,R,R
1773.36364,ERS5304184,S,NA,NA,S,NA,NA,NA,NA,S,NA,S,S,NA,NA,NA,S,NA,NA,NA,NA,R,R
1773.36514,ERS5312419,R,NA,NA,R,NA,NA,NA,NA,S,NA,R,R,NA,NA,NA,S,NA,NA,NA,NA,R,R
1773.36647,ERS5312558,S,NA,NA,S,NA,NA,NA,NA,S,NA,S,S,NA,NA,NA,S,NA,NA,NA,NA,R,R
1773.36708,ERS5312622,S,NA,NA,S,NA,NA,NA,NA,S,NA,S,S,NA,NA,NA,S,NA,NA,NA,NA,R,R
1773.37973,ERS5319713,S,NA,NA,S,NA,NA,NA,NA,S,NA,S,S,NA,NA,NA,S,NA,NA,NA,NA,R,R
1773.39045,ERS6402766,S,NA,NA,S,NA,NA,NA,NA,S,NA,S,S,NA,NA,NA,S,NA,NA,NA,NA,S,R
1773.39261,ERS6403027,S,NA,NA,S,NA,NA,NA,NA,S,NA,S,S,NA,NA,NA,S,NA,NA,NA,NA,S,R
1773.39594,ERS6403413,S,NA,NA,S,NA,NA,NA,NA,S,NA,S,S,NA,NA,NA,S,NA,NA,NA,NA,S,R
1773.39732,ERS6403560,S,NA,NA,S,NA,NA,NA,NA,S,NA,S,S,NA,NA,NA,S,NA,NA,NA,NA,S,R
1773.3975,SRR2100177,NA,NA,NA,NA,S,NA,NA,NA,S,NA,R,NA,NA,NA,NA,NA,NA,NA,S,NA,S,NA
1773.39957,ERS6421504,S,NA,NA,S,NA,NA,NA,NA,S,NA,S,S,NA,NA,NA,S,NA,NA,NA,NA,S,R
1773.40012,ERS6421560,S,NA,NA,S,NA,NA,NA,NA,S,NA,S,S,NA,NA,NA,S,NA,NA,NA,NA,R,R
1773.40223,ERS6421782,S,NA,NA,S,NA,NA,NA,NA,S,NA,S,S,NA,NA,NA,S,NA,NA,NA,NA,R,R
1773.40424,ERS6422061,S,NA,NA,S,NA,NA,NA,NA,S,NA,S,S,NA,NA,NA,S,NA,NA,NA,NA,S,R
1773.40526,ERS6422219,S,NA,NA,R,NA,NA,NA,NA,S,NA,S,S,NA,NA,NA,S,NA,NA,NA,NA,S,R
1773.4091,SRR2100293,NA,NA,NA,NA,NA,NA,NA,NA,S,NA,S,NA,NA,NA,NA,NA,NA,NA,S,NA,S,NA
1773.4173,SRR2100377,NA,NA,NA,NA,S,NA,NA,NA,S,NA,R,NA,NA,NA,NA,NA,NA,NA,S,NA,S,NA
1773.42133,ERS5282836,S,NA,S,S,NA,S,NA,S,R,S,S,S,S,S,S,S,S,NA,NA,S,S,S
1773.4215,ERS5282849,R,NA,S,R,NA,S,NA,S,R,R,R,R,R,S,R,S,S,NA,NA,R,R,R
1773.42513,ERS5283238,S,NA,S,S,NA,S,NA,S,R,S,R,S,R,S,S,S,S,NA,NA,S,R,R
1773.43088,ERS5319088,S,NA,NA,S,NA,NA,NA,NA,S,NA,R,S,NA,NA,NA,S,NA,NA,NA,NA,R,R
1773.431,SRR2100510,NA,NA,NA,NA,NA,NA,NA,NA,S,NA,S,NA,NA,NA,NA,NA,NA,NA,S,NA,S,NA
1773.4312,ERS5301869,S,NA,NA,S,NA,NA,NA,NA,S,NA,S,S,NA,NA,NA,S,NA,NA,NA,NA,R,R
1773.4316,SRR2100516,NA,NA,NA,NA,NA,NA,NA,NA,S,NA,S,NA,NA,NA,NA,NA,NA,NA,S,NA,S,NA
1773.43345,ERS5319463,S,NA,NA,S,NA,NA,NA,NA,S,NA,R,S,NA,NA,NA,S,NA,NA,NA,NA,S,R
1773.435,SRR2100552,NA,NA,NA,NA,NA,NA,NA,NA,S,NA,S,NA,NA,NA,NA,NA,NA,NA,S,NA,S,NA
1773.4366,SRR2100568,NA,NA,NA,NA,NA,NA,NA,NA,S,NA,S,NA,NA,NA,NA,NA,NA,NA,S,NA,S,NA
1773.4399,SRR2100602,NA,NA,NA,NA,NA,NA,NA,NA,S,NA,S,NA,NA,NA,NA,NA,NA,NA,S,NA,S,NA
1773.4487,SRR2100690,NA,NA,NA,NA,S,NA,NA,NA,S,NA,S,NA,NA,NA,NA,NA,NA,NA,S,NA,S,NA
1773.449,SRR2100693,NA,NA,NA,NA,NA,NA,NA,NA,S,NA,S,NA,NA,NA,NA,NA,NA,NA,S,NA,S,NA
1773.4493,SRR2100696,NA,NA,NA,NA,NA,NA,NA,NA,S,NA,S,NA,NA,NA,NA,NA,NA,NA,S,NA,S,NA
1773.4501,SRR2100704,NA,NA,NA,NA,NA,NA,NA,NA,S,NA,S,NA,NA,NA,NA,NA,NA,NA,S,NA,S,NA
1773.4544,SRR2100751,NA,NA,NA,NA,NA,NA,NA,NA,S,NA,S,NA,NA,NA,NA,NA,NA,NA,S,NA,S,NA
1773.4571,SRR2100780,NA,NA,NA,NA,NA,NA,NA,NA,S,NA,S,NA,NA,NA,NA,NA,NA,NA,S,NA,S,NA
1773.4726,SRR2100942,NA,NA,NA,NA,NA,NA,NA,NA,S,NA,S,NA,NA,NA,NA,NA,NA,NA,S,NA,S,NA
1773.4744,SRR2100960,NA,NA,NA,NA,NA,NA,NA,NA,S,NA,S,NA,NA,NA,NA,NA,NA,NA,S,NA,S,NA
1773.4771,SRR2100987,NA,NA,NA,NA,NA,NA,NA,NA,S,NA,S,NA,NA,NA,NA,NA,NA,NA,S,NA,S,NA
1773.478,SRR2100997,NA,NA,NA,NA,S,NA,NA,NA,S,NA,S,NA,NA,NA,NA,NA,NA,NA,S,NA,S,NA
1773.4834,SRR2101053,NA,NA,NA,NA,S,NA,NA,NA,NA,NA,R,NA,NA,NA,NA,NA,NA,NA,R,NA,R,NA
1773.4919,SRR2101145,NA,NA,NA,NA,NA,NA,NA,NA,S,NA,S,NA,NA,NA,NA,NA,NA,NA,S,NA,S,NA
1773.494,SRR2101171,NA,NA,NA,NA,NA,NA,NA,NA,S,NA,S,NA,NA,NA,NA,NA,NA,NA,S,NA,S,NA
1773.4985,SRR2101268,NA,NA,NA,NA,NA,NA,NA,NA,S,NA,S,NA,NA,NA,NA,NA,NA,NA,S,NA,S,NA
1773.5806,SRR2099999,NA,NA,NA,NA,NA,NA,NA,NA,S,NA,S,NA,NA,NA,NA,NA,NA,NA,S,NA,S,NA
1773.5866,SRR2100059,NA,NA,NA,NA,NA,NA,NA,NA,S,NA,S,NA,NA,NA,NA,NA,NA,NA,S,NA,S,NA
1773.19667,ERR181875,S,NA,NA,S,NA,NA,NA,NA,S,NA,S,S,NA,NA,NA,S,NA,NA,S,NA,R,S
1773.20937,ERR3256115,S,NA,NA,S,NA,NA,NA,NA,S,NA,R,S,NA,NA,NA,S,NA,NA,NA,NA,R,S
1773.21713,ERR3256259,S,NA,NA,S,NA,NA,NA,NA,S,NA,R,S,NA,NA,NA,S,NA,NA,NA,NA,R,R
1773.31252,ERS1987242,S,NA,NA,S,NA,NA,NA,NA,S,NA,S,S,NA,NA,NA,S,NA,NA,NA,NA,S,R
1773.31779,ERS3371539,S,NA,NA,S,NA,NA,NA,NA,S,NA,S,S,NA,NA,NA,S,NA,NA,NA,NA,S,R
1773.31817,ERS3371580,S,NA,NA,S,NA,NA,NA,NA,S,NA,S,S,NA,NA,NA,S,NA,NA,NA,NA,S,R
1773.31827,ERS3371592,S,NA,NA,S,NA,NA,NA,NA,S,NA,S,S,NA,NA,NA,S,NA,NA,NA,NA,R,R
1773.31893,ERS3371657,S,NA,NA,S,NA,NA,NA,NA,S,NA,R,S,NA,NA,NA,S,NA,NA,NA,NA,R,R
1773.31905,ERS3371675,S,NA,NA,S,NA,NA,NA,NA,S,NA,R,S,NA,NA,NA,S,NA,NA,NA,NA,S,R
1773.32204,ERS3371994,R,NA,NA,R,NA,NA,NA,NA,R,NA,R,R,NA,NA,NA,S,NA,NA,NA,NA,R,R
1773.32216,ERS3372010,S,NA,NA,S,NA,NA,NA,NA,S,NA,R,S,NA,NA,NA,S,NA,NA,NA,NA,R,R
1773.32298,ERS5281194,S,NA,NA,S,NA,NA,NA,NA,R,NA,R,S,NA,NA,NA,S,NA,NA,NA,NA,R,R
1773.33111,ERS5282321,S,NA,NA,S,NA,NA,NA,NA,S,NA,S,S,NA,NA,NA,S,NA,NA,NA,NA,S,S
1773.33187,ERS5282413,S,NA,NA,S,NA,NA,NA,NA,S,NA,R,S,NA,NA,NA,S,NA,NA,NA,NA,R,R
1773.33332,ERS5282586,S,NA,NA,S,NA,NA,NA,NA,S,NA,R,S,NA,NA,NA,S,NA,NA,NA,NA,R,R
1773.33473,ERS5282777,S,NA,NA,S,NA,NA,NA,NA,R,NA,R,S,NA,NA,NA,S,NA,NA,NA,NA,R,R
1773.33545,ERS5283097,S,NA,NA,S,NA,NA,NA,NA,R,NA,R,S,NA,NA,NA,S,NA,NA,NA,NA,R,R
1773.3359,ERS5297875,R,NA,NA,R,NA,NA,NA,NA,S,NA,R,R,NA,NA,NA,R,NA,NA,NA,NA,R,S
1773.33758,ERS5298087,S,NA,NA,S,NA,NA,NA,NA,S,NA,S,S,NA,NA,NA,S,NA,NA,NA,NA,R,R
1773.3377,ERS5298103,S,NA,NA,S,NA,NA,NA,NA,S,NA,S,S,NA,NA,NA,S,NA,NA,NA,NA,S,R
1773.3388,ERS5298220,S,NA,NA,S,NA,NA,NA,NA,S,NA,S,S,NA,NA,NA,S,NA,NA,NA,NA,S,R
1773.34054,ERS5298561,S,NA,NA,S,NA,NA,NA,NA,S,NA,S,S,NA,NA,NA,S,NA,NA,NA,NA,S,R
1773.34112,ERS5298619,S,NA,NA,S,NA,NA,NA,NA,S,NA,S,S,NA,NA,NA,S,NA,NA,NA,NA,R,R
1773.34186,ERS5298702,S,NA,NA,S,NA,NA,NA,NA,S,NA,S,S,NA,NA,NA,S,NA,NA,NA,NA,R,R
1773.34237,ERS5298771,S,NA,NA,S,NA,NA,NA,NA,S,NA,S,S,NA,NA,NA,S,NA,NA,NA,NA,R,R
1773.34311,ERS5300548,S,NA,NA,S,NA,NA,NA,NA,S,NA,S,S,NA,NA,NA,S,NA,NA,NA,NA,R,R
1773.34321,ERS5300553,S,NA,NA,S,NA,NA,NA,NA,S,NA,S,S,NA,NA,NA,S,NA,NA,NA,NA,S,R
1773.34365,ERS5300587,S,NA,NA,S,NA,NA,NA,NA,S,NA,S,S,NA,NA,NA,S,NA,NA,NA,NA,R,R
1773.34368,ERS5300599,S,NA,NA,S,NA,NA,NA,NA,S,NA,S,S,NA,NA,NA,S,NA,NA,NA,NA,S,R
1773.34447,ERS5300701,R,NA,NA,R,NA,NA,NA,NA,R,NA,R,R,NA,NA,NA,R,NA,NA,NA,NA,R,R
1773.34692,ERS5301200,S,NA,NA,R,NA,NA,NA,NA,S,NA,S,S,NA,NA,NA,S,NA,NA,NA,NA,R,R
1773.34716,ERS5301237,S,NA,NA,S,NA,NA,NA,NA,S,NA,S,S,NA,NA,NA,S,NA,NA,NA,NA,R,S
1773.34741,ERS5301273,S,NA,NA,R,NA,NA,NA,NA,S,NA,S,S,NA,NA,NA,S,NA,NA,NA,NA,R,R
1773.34808,ERS5301871,S,NA,NA,R,NA,NA,NA,NA,S,NA,S,S,NA,NA,NA,S,NA,NA,NA,NA,R,R
1773.34822,ERS5301886,S,NA,NA,S,NA,NA,NA,NA,S,NA,S,S,NA,NA,NA,S,NA,NA,NA,NA,R,R
1773.34835,ERS5301891,S,NA,NA,S,NA,NA,NA,NA,S,NA,S,S,NA,NA,NA,S,NA,NA,NA,NA,R,R
1773.34853,ERS5301928,S,NA,NA,S,NA,NA,NA,NA,S,NA,R,S,NA,NA,NA,S,NA,NA,NA,NA,R,R
1773.34951,ERS5302074,S,NA,NA,S,NA,NA,NA,NA,S,NA,S,S,NA,NA,NA,S,NA,NA,NA,NA,S,R
1773.34992,ERS5302117,S,NA,NA,S,NA,NA,NA,NA,S,NA,S,S,NA,NA,NA,S,NA,NA,NA,NA,S,R
1773.35073,ERS5302161,S,NA,NA,S,NA,NA,NA,NA,S,NA,S,S,NA,NA,NA,S,NA,NA,NA,NA,S,R
1773.35138,ERS5302325,S,NA,NA,S,NA,NA,NA,NA,S,NA,R,S,NA,NA,NA,S,NA,NA,NA,NA,R,R
1773.35308,ERS5302536,S,NA,NA,S,NA,NA,NA,NA,S,NA,S,S,NA,NA,NA,S,NA,NA,NA,NA,S,R
1773.354,ERS5302639,S,NA,NA,S,NA,NA,NA,NA,S,NA,S,S,NA,NA,NA,S,NA,NA,NA,NA,R,R
1773.3545,ERS5302709,S,NA,NA,S,NA,NA,NA,NA,S,NA,S,S,NA,NA,NA,S,NA,NA,NA,NA,R,R
1773.35599,ERS5302879,S,NA,NA,S,NA,NA,NA,NA,S,NA,S,S,NA,NA,NA,S,NA,NA,NA,NA,R,R
1773.35701,ERS5303054,S,NA,NA,S,NA,NA,NA,NA,S,NA,R,S,NA,NA,NA,S,NA,NA,NA,NA,R,R
1773.35825,ERS5303227,S,NA,NA,S,NA,NA,NA,NA,S,NA,R,S,NA,NA,NA,S,NA,NA,NA,NA,R,R
1773.35868,ERS5303319,R,NA,NA,R,NA,NA,NA,NA,R,NA,R,R,NA,NA,NA,S,NA,NA,NA,NA,R,R
1773.35875,ERS5303334,R,NA,NA,R,NA,NA,NA,NA,S,NA,R,R,NA,NA,NA,R,NA,NA,NA,NA,R,R
1773.35889,ERS5303356,R,NA,NA,R,NA,NA,NA,NA,R,NA,R,R,NA,NA,NA,R,NA,NA,NA,NA,R,R
1773.36032,ERS5303552,S,NA,NA,S,NA,NA,NA,NA,S,NA,R,S,NA,NA,NA,S,NA,NA,NA,NA,R,R
1773.36037,ERS5303557,S,NA,NA,S,NA,NA,NA,NA,S,NA,R,S,NA,NA,NA,S,NA,NA,NA,NA,R,R
1773.36156,ERS5303910,S,NA,NA,S,NA,NA,NA,NA,S,NA,R,S,NA,NA,NA,S,NA,NA,NA,NA,S,R
1773.36187,ERS5303944,S,NA,NA,S,NA,NA,NA,NA,S,NA,R,S,NA,NA,NA,S,NA,NA,NA,NA,R,R
1773.36372,ERS5304193,S,NA,NA,S,NA,NA,NA,NA,S,NA,S,S,NA,NA,NA,S,NA,NA,NA,NA,S,R
1773.36499,ERS5312400,S,NA,NA,S,NA,NA,NA,NA,S,NA,R,S,NA,NA,NA,S,NA,NA,NA,NA,R,R
1773.36507,ERS5312412,S,NA,NA,S,NA,NA,NA,NA,S,NA,R,S,NA,NA,NA,S,NA,NA,NA,NA,R,S
1773.36612,ERS5312521,S,NA,NA,S,NA,NA,NA,NA,S,NA,S,S,NA,NA,NA,S,NA,NA,NA,NA,S,R
1773.36624,ERS5312531,S,NA,NA,S,NA,NA,NA,NA,S,NA,S,S,NA,NA,NA,S,NA,NA,NA,NA,R,R
1773.36688,ERS5312599,S,NA,NA,S,NA,NA,NA,NA,S,NA,S,S,NA,NA,NA,S,NA,NA,NA,NA,S,R
1773.37054,ERS5317784,S,NA,NA,S,NA,NA,NA,NA,S,NA,R,S,NA,NA,NA,S,NA,NA,NA,NA,R,R
1773.37935,ERS5319675,S,NA,NA,S,NA,NA,NA,NA,S,NA,R,S,NA,NA,NA,S,NA,NA,NA,NA,R,R
1773.37938,ERS5319676,S,NA,NA,S,NA,NA,NA,NA,R,NA,R,S,NA,NA,NA,S,NA,NA,NA,NA,R,R
1773.37962,ERS5319700,S,NA,NA,S,NA,NA,NA,NA,S,NA,R,S,NA,NA,NA,S,NA,NA,NA,NA,R,R
1773.37969,ERS5319702,S,NA,NA,S,NA,NA,NA,NA,R,NA,R,S,NA,NA,NA,S,NA,NA,NA,NA,R,R
1773.37981,ERS5319721,S,NA,NA,S,NA,NA,NA,NA,S,NA,S,S,NA,NA,NA,S,NA,NA,NA,NA,R,R
1773.37991,ERS5319730,S,NA,NA,R,NA,NA,NA,NA,R,NA,R,S,NA,NA,NA,S,NA,NA,NA,NA,R,R
1773.37995,ERS5319735,S,NA,NA,S,NA,NA,NA,NA,S,NA,R,S,NA,NA,NA,S,NA,NA,NA,NA,R,R
1773.38613,ERS5320438,S,NA,NA,S,NA,NA,NA,NA,S,NA,S,S,NA,NA,NA,S,NA,NA,NA,NA,S,R
1773.38619,ERS5320439,S,NA,NA,R,NA,NA,NA,NA,S,NA,S,S,NA,NA,NA,S,NA,NA,NA,NA,S,R
1773.3864,ERS5320466,S,NA,NA,S,NA,NA,NA,NA,S,NA,S,S,NA,NA,NA,S,NA,NA,NA,NA,S,R
1773.39046,ERS6402771,S,NA,NA,S,NA,NA,NA,NA,S,NA,S,S,NA,NA,NA,S,NA,NA,NA,NA,R,R
1773.39058,ERS6402786,S,NA,NA,S,NA,NA,NA,NA,S,NA,S,S,NA,NA,NA,S,NA,NA,NA,NA,R,R
1773.3924,ERS6403002,S,NA,NA,S,NA,NA,NA,NA,S,NA,S,S,NA,NA,NA,S,NA,NA,NA,NA,S,R
1773.39328,ERS6403100,S,NA,NA,S,NA,NA,NA,NA,S,NA,S,S,NA,NA,NA,S,NA,NA,NA,NA,S,R
1773.39409,ERS6403191,S,NA,NA,S,NA,NA,NA,NA,S,NA,R,S,NA,NA,NA,S,NA,NA,NA,NA,R,R
1773.39448,ERS6403245,S,NA,NA,S,NA,NA,NA,NA,S,NA,R,S,NA,NA,NA,S,NA,NA,NA,NA,R,R
1773.39562,ERS6403378,R,NA,NA,R,NA,NA,NA,NA,S,NA,R,R,NA,NA,NA,S,NA,NA,NA,NA,R,R
1773.39738,ERS6403568,R,NA,NA,R,NA,NA,NA,NA,S,NA,R,R,NA,NA,NA,S,NA,NA,NA,NA,S,S
1773.39741,ERS6403570,R,NA,NA,R,NA,NA,NA,NA,S,NA,R,R,NA,NA,NA,R,NA,NA,NA,NA,R,S
1773.40015,ERS6421563,S,NA,NA,S,NA,NA,NA,NA,S,NA,S,S,NA,NA,NA,S,NA,NA,NA,NA,S,R
1773.4018,ERS6421744,S,NA,NA,S,NA,NA,NA,NA,S,NA,S,S,NA,NA,NA,S,NA,NA,NA,NA,R,R
1773.40284,ERS6421898,S,NA,NA,S,NA,NA,NA,NA,S,NA,R,S,NA,NA,NA,R,NA,NA,NA,NA,R,S
1773.4034,ERS6421978,S,NA,NA,S,NA,NA,NA,NA,S,NA,R,S,NA,NA,NA,S,NA,NA,NA,NA,S,R
1773.40349,ERS6421981,S,NA,NA,S,NA,NA,NA,NA,S,NA,S,S,NA,NA,NA,S,NA,NA,NA,NA,S,R
1773.40403,ERS6422040,S,NA,NA,S,NA,NA,NA,NA,S,NA,S,S,NA,NA,NA,S,NA,NA,NA,NA,S,R
1773.40605,ERR4050137,S,NA,NA,S,NA,NA,NA,NA,S,NA,S,S,NA,NA,NA,S,NA,NA,NA,NA,S,S
1773.4079,ERS5281338,S,NA,S,S,NA,S,NA,R,S,R,S,S,S,S,S,S,S,NA,NA,S,S,S
1773.41745,ERS5282426,S,NA,S,S,NA,S,NA,S,S,R,R,R,R,S,R,S,R,NA,NA,R,R,R
1773.42138,ERS5282840,R,NA,S,R,NA,S,NA,S,S,R,R,R,R,S,R,R,S,NA,NA,R,R,R
1773.42139,ERS5282841,S,NA,S,S,NA,S,NA,S,R,R,R,S,R,S,R,S,S,NA,NA,R,R,S
1773.42252,ERS5282954,S,NA,S,S,NA,S,NA,S,R,S,R,S,R,S,S,S,S,NA,NA,R,R,R
1773.42389,ERS5283108,S,NA,S,S,NA,S,NA,R,S,S,S,S,R,S,S,S,S,NA,NA,R,R,R
1773.42427,ERS5283152,S,NA,S,S,NA,S,NA,S,S,S,S,S,S,S,S,S,S,NA,NA,S,S,S
1773.42428,ERS5283093,S,NA,S,S,NA,S,NA,S,S,S,S,S,S,S,S,S,S,NA,NA,S,S,R
1773.42533,ERS5283257,S,NA,S,S,NA,S,NA,S,S,S,S,S,S,S,S,S,S,NA,NA,S,S,S
1773.42996,ERS5301230,S,NA,NA,S,NA,NA,NA,NA,S,NA,S,S,NA,NA,NA,S,NA,NA,NA,NA,S,R
1773.4302,ERS5301305,S,NA,NA,S,NA,NA,NA,NA,S,NA,S,S,NA,NA,NA,S,NA,NA,NA,NA,S,R
1773.43363,ERS5317331,S,NA,NA,S,NA,NA,NA,NA,S,NA,R,S,NA,NA,NA,S,NA,NA,NA,NA,R,R
1773.43562,ERS5317521,S,NA,NA,S,NA,NA,NA,NA,S,NA,S,S,NA,NA,NA,S,NA,NA,NA,NA,S,S
1773.43687,ERS5281394,S,NA,S,S,NA,S,NA,S,S,R,S,S,R,R,S,S,S,NA,NA,S,R,R
1773.43727,ERS5282996,S,NA,S,S,NA,S,NA,S,S,S,S,S,R,S,S,S,S,NA,NA,S,S,S
1773.18967,ERR161101,S,NA,NA,S,NA,NA,NA,NA,S,NA,S,S,NA,NA,NA,S,NA,NA,NA,NA,R,S
1773.21021,ERR3256199,S,NA,NA,S,NA,NA,NA,NA,S,NA,S,S,NA,NA,NA,S,NA,NA,NA,NA,R,S
1773.29371,ERR2041934,S,NA,NA,R,NA,NA,NA,NA,S,NA,R,S,NA,NA,NA,R,R,R,S,NA,R,R
1773.33988,ERS5298339,S,NA,NA,S,NA,NA,NA,NA,R,NA,R,S,NA,NA,NA,S,NA,NA,NA,NA,R,R
1773.34021,ERS5298524,S,NA,NA,S,NA,NA,NA,NA,S,NA,S,S,NA,NA,NA,S,NA,NA,NA,NA,R,R
1773.34062,ERS5298565,S,NA,NA,S,NA,NA,NA,NA,S,NA,S,S,NA,NA,NA,S,NA,NA,NA,NA,R,R
1773.34122,ERS5298630,S,NA,NA,S,NA,NA,NA,NA,S,NA,S,S,NA,NA,NA,S,NA,NA,NA,NA,R,R
1773.34504,ERS5300770,S,NA,NA,S,NA,NA,NA,NA,S,NA,S,S,NA,NA,NA,S,NA,NA,NA,NA,S,R
1773.34572,ERS5300850,S,NA,NA,S,NA,NA,NA,NA,S,NA,R,S,NA,NA,NA,S,NA,NA,NA,NA,R,R
1773.34579,ERS5300859,S,NA,NA,S,NA,NA,NA,NA,S,NA,S,S,NA,NA,NA,S,NA,NA,NA,NA,S,R
1773.34763,ERS5301325,S,NA,NA,R,NA,NA,NA,NA,S,NA,S,S,NA,NA,NA,S,NA,NA,NA,NA,R,R
1773.35624,ERS5302916,S,NA,NA,S,NA,NA,NA,NA,S,NA,R,S,NA,NA,NA,S,NA,NA,NA,NA,R,R
1773.35641,ERS5302935,S,NA,NA,S,NA,NA,NA,NA,S,NA,R,S,NA,NA,NA,S,NA,NA,NA,NA,S,R
1773.36926,ERS5317647,S,NA,NA,S,NA,NA,NA,NA,S,NA,R,S,NA,NA,NA,S,NA,NA,NA,NA,R,R
1773.37908,ERS5319541,S,NA,NA,S,NA,NA,NA,NA,S,NA,S,S,NA,NA,NA,S,NA,NA,NA,NA,S,S
1773.37932,ERS5319668,S,NA,NA,S,NA,NA,NA,NA,R,NA,R,S,NA,NA,NA,S,NA,NA,NA,NA,S,R
1773.42225,ERS5282929,S,NA,S,S,NA,R,NA,R,R,R,R,S,R,S,S,S,R,NA,NA,R,R,R
1773.43017,ERS5301298,S,NA,NA,S,NA,NA,NA,NA,S,NA,S,S,NA,NA,NA,S,NA,NA,NA,NA,S,R
1773.43076,ERS5320424,S,NA,NA,S,NA,NA,NA,NA,S,NA,S,S,NA,NA,NA,S,NA,NA,NA,NA,R,R
1773.43431,ERS5317312,S,NA,NA,S,NA,NA,NA,NA,S,NA,R,S,NA,NA,NA,S,NA,NA,NA,NA,S,R
1773.43595,ERS5317577,S,NA,NA,S,NA,NA,NA,NA,S,NA,R,S,NA,NA,NA,S,NA,NA,NA,NA,R,R
1773.18291,ERR1035281,S,NA,NA,S,NA,NA,NA,NA,S,NA,R,S,NA,NA,NA,S,NA,NA,NA,NA,R,S
1773.19044,ERR161200,S,NA,NA,S,NA,NA,NA,NA,S,NA,S,S,NA,NA,NA,S,NA,NA,NA,NA,S,S
1773.19977,ERR212063,S,NA,NA,S,NA,NA,NA,NA,S,NA,S,S,NA,NA,NA,S,NA,NA,NA,NA,S,R
1773.19017,ERR161169,S,NA,NA,S,NA,NA,NA,NA,S,NA,S,S,NA,NA,NA,S,NA,NA,NA,NA,S,R
1773.19033,ERR161181,S,NA,NA,S,NA,NA,NA,NA,S,NA,S,S,NA,NA,NA,S,NA,NA,NA,NA,S,S
1773.19049,ERR161199,S,NA,NA,S,NA,NA,NA,NA,S,NA,S,S,NA,NA,NA,S,NA,NA,NA,NA,S,S
1773.19056,ERR163937,S,NA,NA,S,NA,NA,NA,NA,S,NA,S,S,NA,NA,NA,S,NA,NA,NA,NA,S,R
1773.33336,ERS5282604,S,NA,NA,S,NA,NA,NA,NA,R,NA,R,S,NA,NA,NA,S,NA,NA,NA,NA,R,R
1773.33433,ERS5282720,S,NA,NA,S,NA,NA,NA,NA,S,NA,S,S,NA,NA,NA,S,NA,NA,NA,NA,R,R
1773.34148,ERS5298659,S,NA,NA,S,NA,NA,NA,NA,S,NA,S,S,NA,NA,NA,S,NA,NA,NA,NA,S,R
1773.35406,ERS5302645,S,NA,NA,S,NA,NA,NA,NA,S,NA,R,S,NA,NA,NA,R,NA,NA,NA,NA,R,R
1773.38374,ERS5320178,S,NA,NA,S,NA,NA,NA,NA,S,NA,S,S,NA,NA,NA,S,NA,NA,NA,NA,S,R
1773.38453,ERS5320203,S,NA,NA,S,NA,NA,NA,NA,S,NA,S,S,NA,NA,NA,S,NA,NA,NA,NA,R,R
1773.39202,ERS6402958,S,NA,NA,S,NA,NA,NA,NA,S,NA,S,S,NA,NA,NA,S,NA,NA,NA,NA,R,R
1773.39208,ERS6402964,S,NA,NA,S,NA,NA,NA,NA,S,NA,S,S,NA,NA,NA,S,NA,NA,NA,NA,R,R
1773.39429,ERS6403218,S,NA,NA,S,NA,NA,NA,NA,S,NA,R,S,NA,NA,NA,S,NA,NA,NA,NA,R,R
1773.40303,ERS6421911,S,NA,NA,S,NA,NA,NA,NA,S,NA,S,S,NA,NA,NA,S,NA,NA,NA,NA,S,R
1773.40515,ERS6422211,S,NA,NA,S,NA,NA,NA,NA,S,NA,S,S,NA,NA,NA,S,NA,NA,NA,NA,S,R
1773.43029,ERS5301318,S,NA,NA,S,NA,NA,NA,NA,S,NA,S,S,NA,NA,NA,S,NA,NA,NA,NA,R,R
1773.19057,ERR163928,S,NA,NA,S,NA,NA,NA,NA,S,NA,S,S,NA,NA,NA,S,NA,NA,NA,NA,S,R
1773.33514,ERS5282957,S,NA,NA,S,NA,NA,NA,NA,S,NA,S,S,NA,NA,NA,S,NA,NA,NA,NA,R,R
1773.36366,ERS5304185,S,NA,NA,S,NA,NA,NA,NA,S,NA,S,S,NA,NA,NA,S,NA,NA,NA,NA,R,R
1773.37039,ERS5317763,S,NA,NA,S,NA,NA,NA,NA,S,NA,R,S,NA,NA,NA,S,NA,NA,NA,NA,R,R
1773.37098,ERS5317835,S,NA,NA,S,NA,NA,NA,NA,S,NA,S,S,NA,NA,NA,S,NA,NA,NA,NA,S,S
1773.38407,ERS5320214,S,NA,NA,S,NA,NA,NA,NA,S,NA,S,S,NA,NA,NA,S,NA,NA,NA,NA,R,R
1773.43393,ERS5317394,S,NA,NA,S,NA,NA,NA,NA,S,NA,S,S,NA,NA,NA,S,NA,NA,NA,NA,S,S
1773.43411,ERS5317301,S,NA,NA,S,NA,NA,NA,NA,S,NA,S,S,NA,NA,NA,S,NA,NA,NA,NA,S,S
1773.19974,ERR212064,S,NA,NA,S,NA,NA,NA,NA,S,NA,S,S,NA,NA,NA,S,NA,NA,NA,NA,R,S
1773.21722,ERR3256271,S,NA,NA,S,NA,NA,NA,NA,S,NA,S,S,NA,NA,NA,S,NA,NA,NA,NA,S,S
1773.2448,ERR498374,NA,NA,NA,NA,NA,NA,NA,NA,S,NA,S,NA,NA,NA,NA,NA,NA,NA,S,NA,S,S
1773.2509,ERR551900,NA,NA,NA,NA,NA,NA,NA,NA,S,NA,S,NA,NA,NA,NA,NA,NA,NA,S,NA,S,S
1773.2633,ERR553336,NA,NA,NA,NA,NA,NA,NA,NA,S,NA,S,NA,NA,NA,NA,NA,NA,NA,S,NA,S,S
1773.2663,ERR551243,NA,NA,NA,NA,NA,NA,NA,NA,S,NA,S,NA,NA,NA,NA,NA,NA,NA,S,NA,S,S
1773.2691,ERR551357,NA,NA,NA,NA,NA,NA,NA,NA,S,NA,S,NA,NA,NA,NA,NA,NA,NA,S,NA,S,S
1773.2755,ERR552353,NA,NA,NA,NA,NA,NA,NA,NA,S,NA,S,NA,NA,NA,NA,NA,NA,NA,S,NA,S,S
1773.2821,ERR551110,NA,NA,NA,NA,NA,NA,NA,NA,S,NA,S,NA,NA,NA,NA,NA,NA,NA,S,NA,S,S
1773.2859,ERR552126,NA,NA,NA,NA,NA,NA,NA,NA,S,NA,S,NA,NA,NA,NA,NA,NA,NA,S,NA,S,S
1773.2979,ERR551968,NA,NA,NA,NA,NA,NA,NA,NA,S,NA,S,NA,NA,NA,NA,NA,NA,NA,S,NA,S,S
1773.31084,ERS1987071,S,NA,NA,S,NA,NA,NA,NA,S,NA,S,S,NA,NA,NA,S,NA,NA,NA,NA,S,R
1773.31296,ERS1987302,S,NA,NA,S,NA,NA,NA,NA,S,NA,S,S,NA,NA,NA,S,NA,NA,NA,NA,S,R
1773.3148,ERR552597,NA,NA,NA,NA,NA,NA,NA,NA,S,NA,S,NA,NA,NA,NA,NA,NA,NA,S,NA,S,S
1773.3172,ERR550802,NA,NA,NA,NA,NA,NA,NA,NA,S,NA,S,NA,NA,NA,NA,NA,NA,NA,S,NA,S,R
1773.31904,ERS3371676,S,NA,NA,S,NA,NA,NA,NA,S,NA,R,S,NA,NA,NA,S,NA,NA,NA,NA,S,R
1773.3193,ERS3371699,S,NA,NA,S,NA,NA,NA,NA,S,NA,R,S,NA,NA,NA,S,NA,NA,NA,NA,S,R
1773.31944,ERS3371713,S,NA,NA,S,NA,NA,NA,NA,S,NA,R,S,NA,NA,NA,S,NA,NA,NA,NA,R,R
1773.3203,ERR550821,NA,NA,NA,NA,NA,NA,NA,NA,S,NA,S,NA,NA,NA,NA,NA,NA,NA,S,NA,S,S
1773.32201,ERS3371993,S,NA,NA,S,NA,NA,NA,NA,S,NA,R,S,NA,NA,NA,S,NA,NA,NA,NA,S,R
1773.32326,ERS5281233,S,NA,NA,S,NA,NA,NA,NA,S,NA,S,S,NA,NA,NA,S,NA,NA,NA,NA,S,S
1773.3238,ERR551245,NA,NA,NA,NA,NA,NA,NA,NA,S,NA,S,NA,NA,NA,NA,NA,NA,NA,S,NA,S,S
1773.32599,ERS5281626,S,NA,NA,S,NA,NA,NA,NA,S,NA,S,S,NA,NA,NA,S,NA,NA,NA,NA,R,S
1773.3271,ERR552166,NA,NA,NA,NA,NA,NA,NA,NA,S,NA,S,NA,NA,NA,NA,NA,NA,NA,S,NA,S,S
1773.3284,ERR552100,NA,NA,NA,NA,NA,NA,NA,NA,S,NA,S,NA,NA,NA,NA,NA,NA,NA,S,NA,S,S
1773.33405,ERS5282687,S,NA,NA,S,NA,NA,NA,NA,S,NA,R,S,NA,NA,NA,S,NA,NA,NA,NA,R,R
1773.34128,ERS5298637,S,NA,NA,S,NA,NA,NA,NA,S,NA,S,S,NA,NA,NA,S,NA,NA,NA,NA,R,R
1773.34195,ERS5298709,S,NA,NA,R,NA,NA,NA,NA,S,NA,S,S,NA,NA,NA,S,NA,NA,NA,NA,S,R
1773.34196,ERS5298710,S,NA,NA,S,NA,NA,NA,NA,S,NA,S,S,NA,NA,NA,S,NA,NA,NA,NA,R,R
1773.34206,ERS5298734,S,NA,NA,S,NA,NA,NA,NA,S,NA,S,S,NA,NA,NA,S,NA,NA,NA,NA,R,R
1773.34208,ERS5298727,S,NA,NA,S,NA,NA,NA,NA,S,NA,S,S,NA,NA,NA,S,NA,NA,NA,NA,S,R
1773.3423,ERR553309,NA,NA,NA,NA,NA,NA,NA,NA,S,NA,S,NA,NA,NA,NA,NA,NA,NA,S,NA,S,S
1773.34369,ERS5300600,S,NA,NA,S,NA,NA,NA,NA,S,NA,S,S,NA,NA,NA,S,NA,NA,NA,NA,S,R
1773.34482,ERS5300742,S,NA,NA,S,NA,NA,NA,NA,S,NA,S,S,NA,NA,NA,S,NA,NA,NA,NA,R,R
1773.34497,ERS5300765,S,NA,NA,S,NA,NA,NA,NA,S,NA,S,S,NA,NA,NA,S,NA,NA,NA,NA,R,R
1773.34522,ERS5300791,S,NA,NA,S,NA,NA,NA,NA,S,NA,S,S,NA,NA,NA,S,NA,NA,NA,NA,R,R
1773.3454,ERR550673,NA,NA,NA,NA,NA,NA,NA,NA,S,NA,S,NA,NA,NA,NA,NA,NA,NA,S,NA,S,R
1773.34571,ERS5300849,S,NA,NA,S,NA,NA,NA,NA,S,NA,S,S,NA,NA,NA,S,NA,NA,NA,NA,R,R
1773.3462,ERR550965,NA,NA,NA,NA,NA,NA,NA,NA,S,NA,S,NA,NA,NA,NA,NA,NA,NA,S,NA,S,S
1773.34707,ERS5301229,S,NA,NA,S,NA,NA,NA,NA,S,NA,S,S,NA,NA,NA,S,NA,NA,NA,NA,R,R
1773.34825,ERS5301894,S,NA,NA,S,NA,NA,NA,NA,S,NA,S,S,NA,NA,NA,S,NA,NA,NA,NA,R,R
1773.34967,ERS5302091,S,NA,NA,S,NA,NA,NA,NA,S,NA,S,S,NA,NA,NA,S,NA,NA,NA,NA,S,R
1773.34998,ERS5302132,S,NA,NA,S,NA,NA,NA,NA,S,NA,S,S,NA,NA,NA,S,NA,NA,NA,NA,S,R
1773.35004,ERS5302140,S,NA,NA,S,NA,NA,NA,NA,S,NA,S,S,NA,NA,NA,S,NA,NA,NA,NA,S,R
1773.35007,ERS5302137,S,NA,NA,S,NA,NA,NA,NA,S,NA,S,S,NA,NA,NA,S,NA,NA,NA,NA,S,R
1773.3518,ERR552110,NA,NA,NA,NA,NA,NA,NA,NA,S,NA,S,NA,NA,NA,NA,NA,NA,NA,S,NA,S,S
1773.35183,ERS5302374,S,NA,NA,S,NA,NA,NA,NA,S,NA,S,S,NA,NA,NA,S,NA,NA,NA,NA,R,R
1773.35395,ERS5302634,S,NA,NA,S,NA,NA,NA,NA,S,NA,S,S,NA,NA,NA,S,NA,NA,NA,NA,R,R
1773.35426,ERS5302674,S,NA,NA,S,NA,NA,NA,NA,S,NA,S,S,NA,NA,NA,S,NA,NA,NA,NA,S,R
1773.35504,ERS5302763,S,NA,NA,S,NA,NA,NA,NA,S,NA,R,S,NA,NA,NA,S,NA,NA,NA,NA,S,R
1773.35696,ERS5303047,S,NA,NA,S,NA,NA,NA,NA,S,NA,S,S,NA,NA,NA,S,NA,NA,NA,NA,S,R
1773.37012,ERS5317737,S,NA,NA,S,NA,NA,NA,NA,S,NA,S,S,NA,NA,NA,S,NA,NA,NA,NA,R,R
1773.37051,ERS5317779,S,NA,NA,S,NA,NA,NA,NA,S,NA,R,S,NA,NA,NA,S,NA,NA,NA,NA,R,R
1773.37801,ERS5319236,S,NA,NA,S,NA,NA,NA,NA,S,NA,R,S,NA,NA,NA,S,NA,NA,NA,NA,R,R
1773.37891,ERS5319521,S,NA,NA,S,NA,NA,NA,NA,S,NA,S,S,NA,NA,NA,S,NA,NA,NA,NA,R,R
1773.38991,ERS6402708,S,NA,NA,S,NA,NA,NA,NA,S,NA,R,S,NA,NA,NA,S,NA,NA,NA,NA,R,R
1773.3904,ERS6402762,S,NA,NA,S,NA,NA,NA,NA,S,NA,R,S,NA,NA,NA,S,NA,NA,NA,NA,S,R
1773.39253,ERS6403018,S,NA,NA,S,NA,NA,NA,NA,S,NA,R,S,NA,NA,NA,S,NA,NA,NA,NA,S,R
1773.3956,SRR2100158,NA,NA,NA,NA,S,NA,NA,NA,S,NA,R,NA,NA,NA,NA,NA,NA,NA,S,NA,S,NA
1773.3961,SRR2100163,NA,NA,NA,NA,NA,NA,NA,NA,S,NA,S,NA,NA,NA,NA,NA,NA,NA,S,NA,S,NA
1773.39688,ERS6403514,S,NA,NA,S,NA,NA,NA,NA,S,NA,S,S,NA,NA,NA,S,NA,NA,NA,NA,R,R
1773.398,SRR2100182,NA,NA,NA,NA,NA,NA,NA,NA,S,NA,S,NA,NA,NA,NA,NA,NA,NA,S,NA,S,NA
1773.39966,ERS6421511,S,NA,NA,S,NA,NA,NA,NA,S,NA,S,S,NA,NA,NA,S,NA,NA,NA,NA,R,R
1773.3997,SRR2100199,NA,NA,NA,NA,NA,NA,NA,NA,S,NA,S,NA,NA,NA,NA,NA,NA,NA,S,NA,S,NA
1773.39977,ERS6421525,S,NA,NA,S,NA,NA,NA,NA,S,NA,S,S,NA,NA,NA,S,NA,NA,NA,NA,S,R
1773.39987,ERS6421533,S,NA,NA,S,NA,NA,NA,NA,S,NA,S,S,NA,NA,NA,S,NA,NA,NA,NA,R,R
1773.40184,ERS6421745,S,NA,NA,S,NA,NA,NA,NA,S,NA,S,S,NA,NA,NA,S,NA,NA,NA,NA,R,R
1773.40231,ERS6421794,S,NA,NA,S,NA,NA,NA,NA,S,NA,S,S,NA,NA,NA,S,NA,NA,NA,NA,S,R
1773.4032,SRR2100232,NA,NA,NA,NA,NA,NA,NA,NA,S,NA,S,NA,NA,NA,NA,NA,NA,NA,S,NA,S,NA
1773.4039,SRR2100240,NA,NA,NA,NA,S,NA,NA,NA,S,NA,R,NA,NA,NA,NA,NA,NA,NA,S,NA,S,NA
1773.40397,ERS6422033,S,NA,NA,S,NA,NA,NA,NA,S,NA,S,S,NA,NA,NA,S,NA,NA,NA,NA,S,R
1773.4047,SRR2100248,NA,NA,NA,NA,S,NA,NA,NA,S,NA,R,NA,NA,NA,NA,NA,NA,NA,S,NA,S,NA
1773.4056,SRR2100257,R,S,NA,R,S,NA,NA,NA,R,NA,R,R,NA,NA,S,NA,NA,NA,S,NA,R,NA
1773.40738,ERS5281298,S,NA,S,S,NA,S,NA,S,S,S,S,S,S,S,S,S,S,NA,NA,S,S,R
1773.4309,SRR2100509,NA,NA,NA,NA,NA,NA,NA,NA,S,NA,S,NA,NA,NA,NA,NA,NA,NA,S,NA,S,NA
1773.43158,ERS5302151,S,NA,NA,S,NA,NA,NA,NA,S,NA,S,S,NA,NA,NA,S,NA,NA,NA,NA,R,R
1773.43255,ERS3371913,S,NA,NA,S,NA,NA,NA,NA,S,NA,R,S,NA,NA,NA,S,NA,NA,NA,NA,S,R
1773.43278,ERS1987354,S,NA,NA,S,NA,NA,NA,NA,S,NA,S,S,NA,NA,NA,S,NA,NA,NA,NA,S,R
1773.4335,ERS5319457,S,NA,NA,S,NA,NA,NA,NA,S,NA,S,S,NA,NA,NA,S,NA,NA,NA,NA,S,R
1773.43391,ERS5317391,S,NA,NA,S,NA,NA,NA,NA,S,NA,S,S,NA,NA,NA,S,NA,NA,NA,NA,R,R
1773.43409,ERS5317399,S,NA,NA,S,NA,NA,NA,NA,S,NA,S,R,NA,NA,NA,S,NA,NA,NA,NA,R,R
1773.436,SRR2100562,NA,NA,NA,NA,NA,NA,NA,NA,S,NA,S,NA,NA,NA,NA,NA,NA,NA,S,NA,S,NA
1773.4367,ERS5303967,S,NA,NA,S,NA,NA,NA,NA,S,NA,R,S,NA,NA,NA,S,NA,NA,NA,NA,S,R
1773.4444,SRR2100647,NA,NA,NA,NA,NA,NA,NA,NA,S,NA,S,NA,NA,NA,NA,NA,NA,NA,S,NA,S,NA
1773.4482,SRR2100685,NA,NA,NA,NA,NA,NA,NA,NA,S,NA,S,NA,NA,NA,NA,NA,NA,NA,S,NA,S,NA
1773.4517,SRR2100721,NA,NA,NA,NA,NA,NA,NA,NA,NA,NA,NA,NA,NA,NA,NA,NA,NA,NA,R,NA,NA,NA
1773.4555,SRR2100762,NA,NA,NA,NA,NA,NA,NA,NA,S,NA,S,NA,NA,NA,NA,NA,NA,NA,S,NA,S,NA
1773.4575,SRR2100784,NA,NA,NA,NA,NA,NA,NA,NA,S,NA,S,NA,NA,NA,NA,NA,NA,NA,S,NA,S,NA
1773.4579,SRR2100788,NA,NA,NA,NA,NA,NA,NA,NA,S,NA,S,NA,NA,NA,NA,NA,NA,NA,S,NA,S,NA
1773.4583,SRR2100792,NA,NA,NA,NA,NA,NA,NA,NA,S,NA,S,NA,NA,NA,NA,NA,NA,NA,S,NA,S,NA
1773.4604,SRR2100814,NA,NA,NA,NA,NA,NA,NA,NA,S,NA,S,NA,NA,NA,NA,NA,NA,NA,S,NA,S,NA
1773.4657,SRR2100868,NA,NA,NA,NA,S,NA,NA,NA,S,NA,R,NA,NA,NA,NA,NA,NA,NA,S,NA,S,NA
1773.4762,SRR2100978,NA,NA,NA,NA,NA,NA,NA,NA,S,NA,S,NA,NA,NA,NA,NA,NA,NA,S,NA,S,NA
1773.4788,SRR2101006,NA,NA,NA,NA,NA,NA,NA,NA,S,NA,S,NA,NA,NA,NA,NA,NA,NA,S,NA,S,NA
1773.4839,SRR2101058,NA,NA,NA,NA,NA,NA,NA,NA,S,NA,S,NA,NA,NA,NA,NA,NA,NA,S,NA,S,NA
1773.484,SRR2101059,NA,NA,NA,NA,NA,NA,NA,NA,S,NA,S,NA,NA,NA,NA,NA,NA,NA,S,NA,S,NA
1773.4843,SRR2101061,NA,NA,NA,NA,NA,NA,NA,NA,S,NA,S,NA,NA,NA,NA,NA,NA,NA,S,NA,S,NA
1773.4942,SRR2101173,NA,NA,NA,NA,NA,NA,NA,NA,S,NA,S,NA,NA,NA,NA,NA,NA,NA,S,NA,S,NA
1773.4949,SRR2101180,NA,NA,NA,NA,NA,NA,NA,NA,S,NA,S,NA,NA,NA,NA,NA,NA,NA,S,NA,S,NA
1773.495,SRR2101181,NA,NA,NA,NA,NA,NA,NA,NA,S,NA,S,NA,NA,NA,NA,NA,NA,NA,S,NA,S,NA
1773.4983,SRR2101265,NA,NA,NA,NA,NA,NA,NA,NA,S,NA,S,NA,NA,NA,NA,NA,NA,NA,S,NA,S,NA
1773.5169,SRR2101499,NA,S,NA,NA,NA,NA,NA,NA,S,NA,S,NA,NA,NA,S,NA,NA,NA,NA,NA,NA,NA
1773.5763,SRR2099956,NA,NA,NA,NA,NA,NA,NA,NA,S,NA,R,NA,NA,NA,NA,NA,NA,NA,S,NA,R,NA
1773.5796,SRR2099989,NA,NA,NA,NA,NA,NA,NA,NA,S,NA,R,NA,NA,NA,NA,NA,NA,NA,S,NA,S,NA
1773.5808,SRR2100001,NA,NA,NA,NA,NA,NA,NA,NA,S,NA,S,NA,NA,NA,NA,NA,NA,NA,S,NA,S,NA
1773.587,SRR2100063,NA,NA,NA,NA,NA,NA,NA,NA,S,NA,S,NA,NA,NA,NA,NA,NA,NA,S,NA,S,NA
1773.19707,ERR181917,S,NA,NA,S,NA,NA,NA,NA,S,NA,S,S,NA,NA,NA,S,NA,NA,NA,NA,R,R
1773.21703,ERR3256254,S,NA,NA,S,NA,NA,NA,NA,S,NA,R,S,NA,NA,NA,S,NA,NA,NA,NA,R,R
1773.21706,ERR3256256,R,NA,NA,R,NA,NA,NA,NA,S,NA,R,S,NA,NA,NA,S,NA,NA,NA,NA,R,R
1773.29366,ERR2041935,S,NA,NA,S,NA,NA,NA,NA,S,NA,R,S,NA,NA,NA,S,NA,R,S,NA,R,R
1773.31226,ERS1987231,S,NA,NA,S,NA,NA,NA,NA,S,NA,S,S,NA,NA,NA,S,NA,NA,NA,NA,R,R
1773.3123,ERS1987232,S,NA,NA,S,NA,NA,NA,NA,S,NA,R,S,NA,NA,NA,S,NA,NA,NA,NA,S,R
1773.31234,ERS1987228,S,NA,NA,S,NA,NA,NA,NA,S,NA,S,S,NA,NA,NA,S,NA,NA,NA,NA,R,R
1773.3124,ERS1987254,S,NA,NA,S,NA,NA,NA,NA,S,NA,S,S,NA,NA,NA,S,NA,NA,NA,NA,R,R
1773.31273,ERS1987276,S,NA,NA,S,NA,NA,NA,NA,S,NA,R,S,NA,NA,NA,S,NA,NA,NA,NA,R,R
1773.31789,ERS3371548,S,NA,NA,S,NA,NA,NA,NA,S,NA,S,S,NA,NA,NA,S,NA,NA,NA,NA,R,R
1773.31874,ERS3371639,S,NA,NA,S,NA,NA,NA,NA,R,NA,R,S,NA,NA,NA,S,NA,NA,NA,NA,R,R
1773.32076,ERS3371860,S,NA,NA,S,NA,NA,NA,NA,S,NA,R,S,NA,NA,NA,S,NA,NA,NA,NA,S,R
1773.32138,ERS3371928,R,NA,NA,R,NA,NA,NA,NA,S,NA,R,R,NA,NA,NA,S,NA,NA,NA,NA,R,R
1773.32166,ERS3371956,R,NA,NA,R,NA,NA,NA,NA,S,NA,R,R,NA,NA,NA,S,NA,NA,NA,NA,R,R
1773.32219,ERS3372014,R,NA,NA,R,NA,NA,NA,NA,S,NA,R,R,NA,NA,NA,S,NA,NA,NA,NA,R,R
1773.32245,ERS3372046,R,NA,NA,R,NA,NA,NA,NA,R,NA,R,R,NA,NA,NA,S,NA,NA,NA,NA,R,R
1773.32397,ERS5281330,S,NA,NA,S,NA,NA,NA,NA,R,NA,R,S,NA,NA,NA,S,NA,NA,NA,NA,R,R
1773.32414,ERS5281356,S,NA,NA,R,NA,NA,NA,NA,R,NA,R,S,NA,NA,NA,S,NA,NA,NA,NA,R,R
1773.32416,ERS5281372,S,NA,NA,S,NA,NA,NA,NA,R,NA,R,S,NA,NA,NA,S,NA,NA,NA,NA,R,R
1773.32463,ERS5281460,S,NA,NA,S,NA,NA,NA,NA,R,NA,R,S,NA,NA,NA,S,NA,NA,NA,NA,R,R
1773.33057,ERS5282248,S,NA,NA,S,NA,NA,NA,NA,S,NA,S,S,NA,NA,NA,S,NA,NA,NA,NA,R,R
1773.33067,ERS5282258,S,NA,NA,S,NA,NA,NA,NA,S,NA,S,S,NA,NA,NA,S,NA,NA,NA,NA,R,R
1773.33069,ERS5282262,S,NA,NA,S,NA,NA,NA,NA,S,NA,S,S,NA,NA,NA,S,NA,NA,NA,NA,R,R
1773.33102,ERS5282306,S,NA,NA,S,NA,NA,NA,NA,S,NA,S,S,NA,NA,NA,S,NA,NA,NA,NA,R,R
1773.33105,ERS5282305,S,NA,NA,S,NA,NA,NA,NA,S,NA,S,S,NA,NA,NA,S,NA,NA,NA,NA,R,R
1773.33218,ERS5282454,S,NA,NA,S,NA,NA,NA,NA,S,NA,S,S,NA,NA,NA,S,NA,NA,NA,NA,R,R
1773.33266,ERS5282514,S,NA,NA,S,NA,NA,NA,NA,S,NA,R,S,NA,NA,NA,S,NA,NA,NA,NA,R,R
1773.33426,ERS5282710,S,NA,NA,S,NA,NA,NA,NA,S,NA,S,S,NA,NA,NA,S,NA,NA,NA,NA,R,R
1773.33506,ERS5282859,S,NA,NA,S,NA,NA,NA,NA,S,NA,S,S,NA,NA,NA,S,NA,NA,NA,NA,S,R
1773.33589,ERS5297876,R,NA,NA,R,NA,NA,NA,NA,S,NA,R,R,NA,NA,NA,S,NA,NA,NA,NA,S,S
1773.33627,ERS5297934,S,NA,NA,S,NA,NA,NA,NA,S,NA,S,S,NA,NA,NA,S,NA,NA,NA,NA,S,R
1773.33642,ERS5297953,S,NA,NA,S,NA,NA,NA,NA,S,NA,S,S,NA,NA,NA,S,NA,NA,NA,NA,S,R
1773.33676,ERS5298000,S,NA,NA,S,NA,NA,NA,NA,S,NA,S,S,NA,NA,NA,S,NA,NA,NA,NA,R,R
1773.33725,ERS5298050,S,NA,NA,S,NA,NA,NA,NA,S,NA,S,S,NA,NA,NA,S,NA,NA,NA,NA,R,R
1773.33834,ERS5298169,S,NA,NA,S,NA,NA,NA,NA,S,NA,R,S,NA,NA,NA,S,NA,NA,NA,NA,R,R
1773.33859,ERS5298194,S,NA,NA,S,NA,NA,NA,NA,R,NA,R,S,NA,NA,NA,S,NA,NA,NA,NA,R,R
1773.33921,ERS5298256,S,NA,NA,S,NA,NA,NA,NA,S,NA,S,S,NA,NA,NA,S,NA,NA,NA,NA,R,R
1773.33936,ERS5298276,S,NA,NA,R,NA,NA,NA,NA,S,NA,S,S,NA,NA,NA,S,NA,NA,NA,NA,S,R
1773.33951,ERS5298292,S,NA,NA,S,NA,NA,NA,NA,S,NA,R,S,NA,NA,NA,S,NA,NA,NA,NA,R,R
1773.34026,ERS5298527,S,NA,NA,S,NA,NA,NA,NA,S,NA,S,S,NA,NA,NA,S,NA,NA,NA,NA,R,R
1773.34096,ERS5298603,R,NA,NA,R,NA,NA,NA,NA,R,NA,R,R,NA,NA,NA,S,NA,NA,NA,NA,R,R
1773.34169,ERS5298681,S,NA,NA,S,NA,NA,NA,NA,S,NA,S,S,NA,NA,NA,S,NA,NA,NA,NA,R,R
1773.34187,ERS5298700,S,NA,NA,S,NA,NA,NA,NA,S,NA,S,S,NA,NA,NA,S,NA,NA,NA,NA,S,R
1773.34204,ERS5298715,S,NA,NA,S,NA,NA,NA,NA,S,NA,S,S,NA,NA,NA,S,NA,NA,NA,NA,R,R
1773.34227,ERS5298752,S,NA,NA,S,NA,NA,NA,NA,S,NA,S,S,NA,NA,NA,S,NA,NA,NA,NA,R,R
1773.34303,ERS5300535,S,NA,NA,R,NA,NA,NA,NA,S,NA,S,S,NA,NA,NA,S,NA,NA,NA,NA,R,R
1773.3434,ERS5300572,S,NA,NA,S,NA,NA,NA,NA,S,NA,S,S,NA,NA,NA,S,NA,NA,NA,NA,R,R
1773.34378,ERS5300610,S,NA,NA,S,NA,NA,NA,NA,S,NA,S,S,NA,NA,NA,S,NA,NA,NA,NA,R,R
1773.34384,ERS5300617,S,NA,NA,S,NA,NA,NA,NA,S,NA,S,S,NA,NA,NA,S,NA,NA,NA,NA,S,R
1773.34592,ERS5300870,S,NA,NA,S,NA,NA,NA,NA,S,NA,S,S,NA,NA,NA,S,NA,NA,NA,NA,R,R
1773.34598,ERS5300889,S,NA,NA,S,NA,NA,NA,NA,S,NA,S,S,NA,NA,NA,S,NA,NA,NA,NA,R,R
1773.3463,ERS5301013,S,NA,NA,S,NA,NA,NA,NA,S,NA,R,S,NA,NA,NA,R,NA,NA,NA,NA,R,R
1773.34712,ERS5301063,S,NA,NA,S,NA,NA,NA,NA,R,NA,R,S,NA,NA,NA,S,NA,NA,NA,NA,S,R
1773.34734,ERS5301263,S,NA,NA,S,NA,NA,NA,NA,S,NA,S,S,NA,NA,NA,S,NA,NA,NA,NA,R,R
1773.34756,ERS5301316,S,NA,NA,S,NA,NA,NA,NA,S,NA,S,S,NA,NA,NA,S,NA,NA,NA,NA,R,R
1773.34762,ERS5301326,S,NA,NA,S,NA,NA,NA,NA,S,NA,S,S,NA,NA,NA,S,NA,NA,NA,NA,R,R
1773.34783,ERS5301826,S,NA,NA,S,NA,NA,NA,NA,S,NA,R,S,NA,NA,NA,S,NA,NA,NA,NA,R,R
1773.35003,ERS5302144,S,NA,NA,S,NA,NA,NA,NA,S,NA,S,S,NA,NA,NA,S,NA,NA,NA,NA,S,R
1773.35006,ERS5302143,S,NA,NA,S,NA,NA,NA,NA,S,NA,S,S,NA,NA,NA,S,NA,NA,NA,NA,S,R
1773.35191,ERS5302380,S,NA,NA,S,NA,NA,NA,NA,S,NA,R,S,NA,NA,NA,S,NA,NA,NA,NA,S,R
1773.35291,ERS5302514,S,NA,NA,S,NA,NA,NA,NA,S,NA,S,S,NA,NA,NA,S,NA,NA,NA,NA,S,R
1773.35293,ERS5302512,S,NA,NA,S,NA,NA,NA,NA,S,NA,R,S,NA,NA,NA,S,NA,NA,NA,NA,R,R
1773.3539,ERS5302628,S,NA,NA,S,NA,NA,NA,NA,S,NA,S,S,NA,NA,NA,S,NA,NA,NA,NA,S,R
1773.35417,ERS5302664,S,NA,NA,S,NA,NA,NA,NA,S,NA,S,S,NA,NA,NA,S,NA,NA,NA,NA,S,R
1773.3583,ERS5303234,S,NA,NA,S,NA,NA,NA,NA,S,NA,R,S,NA,NA,NA,S,NA,NA,NA,NA,R,R
1773.36192,ERS5303953,S,NA,NA,S,NA,NA,NA,NA,S,NA,R,S,NA,NA,NA,S,NA,NA,NA,NA,R,R
1773.36303,ERS5304112,S,NA,NA,S,NA,NA,NA,NA,S,NA,R,S,NA,NA,NA,S,NA,NA,NA,NA,S,R
1773.36977,ERS5317696,S,NA,NA,S,NA,NA,NA,NA,S,NA,S,S,NA,NA,NA,S,NA,NA,NA,NA,S,S
1773.37851,ERS5319482,S,NA,NA,S,NA,NA,NA,NA,S,NA,R,S,NA,NA,NA,S,NA,NA,NA,NA,R,R
1773.37854,ERS5319484,S,NA,NA,S,NA,NA,NA,NA,S,NA,S,S,NA,NA,NA,S,NA,NA,NA,NA,S,S
1773.37919,ERS5319655,S,NA,NA,S,NA,NA,NA,NA,R,NA,R,S,NA,NA,NA,S,NA,NA,NA,NA,R,R
1773.37925,ERS5319661,S,NA,NA,S,NA,NA,NA,NA,S,NA,S,S,NA,NA,NA,S,NA,NA,NA,NA,S,R
1773.37968,ERS5319704,S,NA,NA,R,NA,NA,NA,NA,S,NA,R,S,NA,NA,NA,S,NA,NA,NA,NA,R,R
1773.38586,ERS5320406,S,NA,NA,S,NA,NA,NA,NA,S,NA,S,S,NA,NA,NA,S,NA,NA,NA,NA,R,R
1773.38606,ERS5320420,S,NA,NA,S,NA,NA,NA,NA,S,NA,S,S,NA,NA,NA,S,NA,NA,NA,NA,S,R
1773.38616,ERS5320436,S,NA,NA,S,NA,NA,NA,NA,S,NA,S,S,NA,NA,NA,S,NA,NA,NA,NA,R,R
1773.38658,ERS5320482,S,NA,NA,S,NA,NA,NA,NA,S,NA,S,S,NA,NA,NA,S,NA,NA,NA,NA,R,R
1773.38662,ERS5320485,S,NA,NA,S,NA,NA,NA,NA,S,NA,S,S,NA,NA,NA,S,NA,NA,NA,NA,S,S
1773.39028,ERS6402752,S,NA,NA,S,NA,NA,NA,NA,S,NA,S,S,NA,NA,NA,S,NA,NA,NA,NA,R,R
1773.39189,ERS6402941,S,NA,NA,S,NA,NA,NA,NA,S,NA,S,S,NA,NA,NA,S,NA,NA,NA,NA,S,R
1773.39215,ERS6402969,S,NA,NA,S,NA,NA,NA,NA,S,NA,R,S,NA,NA,NA,S,NA,NA,NA,NA,R,R
1773.39217,ERS6402971,S,NA,NA,S,NA,NA,NA,NA,S,NA,S,S,NA,NA,NA,S,NA,NA,NA,NA,S,R
1773.39305,ERS6403078,S,NA,NA,S,NA,NA,NA,NA,S,NA,R,S,NA,NA,NA,S,NA,NA,NA,NA,R,R
1773.39323,ERS6403096,S,NA,NA,S,NA,NA,NA,NA,S,NA,S,S,NA,NA,NA,S,NA,NA,NA,NA,R,R
1773.39334,ERS6403108,S,NA,NA,S,NA,NA,NA,NA,S,NA,S,S,NA,NA,NA,S,NA,NA,NA,NA,R,R
1773.3951,ERS6403307,R,NA,NA,R,NA,NA,NA,NA,S,NA,R,R,NA,NA,NA,R,NA,NA,NA,NA,S,S
1773.39534,ERS6403344,S,NA,NA,S,NA,NA,NA,NA,R,NA,R,S,NA,NA,NA,S,NA,NA,NA,NA,R,R
1773.39538,ERS6403346,R,NA,NA,R,NA,NA,NA,NA,S,NA,R,R,NA,NA,NA,S,NA,NA,NA,NA,R,S
1773.39703,ERS6403530,S,NA,NA,S,NA,NA,NA,NA,S,NA,S,S,NA,NA,NA,S,NA,NA,NA,NA,S,R
1773.39707,ERS6403534,S,NA,NA,S,NA,NA,NA,NA,S,NA,S,S,NA,NA,NA,S,NA,NA,NA,NA,S,R
1773.39758,ERS6403587,S,NA,NA,S,NA,NA,NA,NA,S,NA,S,S,NA,NA,NA,S,NA,NA,NA,NA,R,R
1773.39765,ERS6403615,S,NA,NA,S,NA,NA,NA,NA,S,NA,R,S,NA,NA,NA,S,NA,NA,NA,NA,R,R
1773.39998,ERS6421547,S,NA,NA,S,NA,NA,NA,NA,S,NA,S,S,NA,NA,NA,S,NA,NA,NA,NA,R,R
1773.40009,ERS6421557,S,NA,NA,S,NA,NA,NA,NA,S,NA,S,S,NA,NA,NA,S,NA,NA,NA,NA,S,R
1773.40243,ERS6421809,S,NA,NA,S,NA,NA,NA,NA,S,NA,S,S,NA,NA,NA,S,NA,NA,NA,NA,S,R
1773.40306,ERS6421917,R,NA,NA,R,NA,NA,NA,NA,R,NA,R,R,NA,NA,NA,S,NA,NA,NA,NA,R,R
1773.40322,ERS6421933,S,NA,NA,R,NA,NA,NA,NA,R,NA,R,S,NA,NA,NA,R,NA,NA,NA,NA,R,R
1773.40324,ERS6421938,S,NA,NA,S,NA,NA,NA,NA,S,NA,S,S,NA,NA,NA,S,NA,NA,NA,NA,S,R
1773.40383,ERS6422020,S,NA,NA,S,NA,NA,NA,NA,R,NA,R,S,NA,NA,NA,S,NA,NA,NA,NA,R,S
1773.40416,ERS6422054,S,NA,NA,S,NA,NA,NA,NA,S,NA,R,S,NA,NA,NA,S,NA,NA,NA,NA,R,R
1773.40451,ERS6422143,S,NA,NA,S,NA,NA,NA,NA,S,NA,S,S,NA,NA,NA,S,NA,NA,NA,NA,S,R
1773.40512,ERS6422214,S,NA,NA,S,NA,NA,NA,NA,S,NA,S,S,NA,NA,NA,S,NA,NA,NA,NA,S,R
1773.40514,ERS6422215,S,NA,NA,S,NA,NA,NA,NA,S,NA,S,S,NA,NA,NA,S,NA,NA,NA,NA,S,S
1773.40583,ERR3323718,S,NA,NA,S,NA,NA,NA,NA,S,NA,R,S,NA,NA,NA,S,NA,NA,NA,NA,R,R
1773.40914,ERS5281477,S,NA,S,S,NA,S,NA,R,R,S,S,S,R,R,S,S,S,NA,NA,S,S,S
1773.41718,ERS5282395,S,NA,S,S,NA,S,NA,S,S,S,S,S,R,S,S,S,S,NA,NA,S,S,S
1773.41791,ERS5282475,S,NA,S,S,NA,S,NA,S,R,S,R,S,R,S,S,S,S,NA,NA,R,R,R
1773.42202,ERS5282904,S,NA,S,S,NA,S,NA,S,R,R,R,S,R,S,R,R,S,NA,NA,R,R,R
1773.42307,ERS5283026,S,NA,S,S,NA,S,NA,S,S,S,S,S,S,S,S,S,S,NA,NA,S,S,R
1773.4234,ERS5283061,S,NA,S,S,NA,S,NA,R,S,S,S,S,R,R,S,S,R,NA,NA,S,S,R
1773.42346,ERS5283066,S,NA,S,S,NA,S,NA,S,R,S,S,S,R,S,S,S,S,NA,NA,S,R,R
1773.42352,ERS5283072,S,NA,S,S,NA,S,NA,S,R,S,R,R,R,S,R,S,R,NA,NA,R,R,R
1773.42363,ERS5283083,S,NA,S,R,NA,S,NA,S,S,R,R,R,S,S,S,R,S,NA,NA,R,R,R
1773.42371,ERS5283098,S,NA,S,S,NA,S,NA,S,S,S,S,S,S,S,S,S,S,NA,NA,S,S,R
1773.42472,ERS5283195,S,NA,S,S,NA,S,NA,S,S,S,S,S,R,S,S,S,S,NA,NA,S,R,R
1773.42537,ERS5283264,S,NA,S,R,NA,S,NA,S,S,S,R,R,S,S,S,R,S,NA,NA,S,S,R
1773.42616,ERS5283228,S,NA,S,S,NA,S,NA,S,R,R,R,S,R,S,S,S,S,NA,NA,R,R,R
1773.4269,ERR7361958,S,NA,NA,S,NA,NA,NA,NA,S,NA,R,S,NA,NA,NA,R,NA,NA,NA,NA,R,R
1773.42959,ERS5300833,S,NA,NA,S,NA,NA,NA,NA,S,NA,S,S,NA,NA,NA,S,NA,NA,NA,NA,S,R
1773.42975,ERS5301032,S,NA,NA,S,NA,NA,NA,NA,S,NA,S,S,NA,NA,NA,S,NA,NA,NA,NA,R,R
1773.4301,ERS5301292,S,NA,NA,S,NA,NA,NA,NA,S,NA,S,S,NA,NA,NA,S,NA,NA,NA,NA,R,S
1773.43339,ERS5302176,S,NA,NA,S,NA,NA,NA,NA,S,NA,S,S,NA,NA,NA,S,NA,NA,NA,NA,S,R
1773.43507,ERS5317584,S,NA,NA,S,NA,NA,NA,NA,S,NA,S,S,NA,NA,NA,S,NA,NA,NA,NA,R,R
1773.1832,ERR1035304,S,NA,NA,S,NA,NA,NA,NA,S,NA,R,S,NA,NA,NA,R,NA,NA,NA,NA,R,R
1773.18515,ERR1034864,S,NA,NA,S,NA,NA,S,NA,S,S,R,S,NA,NA,NA,S,S,NA,S,NA,S,R
1773.19692,ERR181908,S,NA,NA,S,NA,NA,NA,NA,S,NA,S,S,NA,NA,NA,S,NA,NA,NA,NA,S,R
1773.32321,ERS5281222,S,NA,NA,S,NA,NA,NA,NA,S,NA,R,S,NA,NA,NA,S,NA,NA,NA,NA,R,R
1773.32451,ERS5281440,S,NA,NA,S,NA,NA,NA,NA,S,NA,R,S,NA,NA,NA,R,NA,NA,NA,NA,R,R
1773.33544,ERS5283118,S,NA,NA,S,NA,NA,NA,NA,S,NA,R,S,NA,NA,NA,S,NA,NA,NA,NA,R,R
1773.33741,ERS5298072,S,NA,NA,S,NA,NA,NA,NA,S,NA,S,S,NA,NA,NA,S,NA,NA,NA,NA,S,R
1773.3385,ERS5298183,S,NA,NA,S,NA,NA,NA,NA,S,NA,S,S,NA,NA,NA,S,NA,NA,NA,NA,R,R
1773.3416,ERS5298672,S,NA,NA,S,NA,NA,NA,NA,S,NA,S,S,NA,NA,NA,S,NA,NA,NA,NA,S,R
1773.35487,ERS5302745,S,NA,NA,S,NA,NA,NA,NA,S,NA,S,S,NA,NA,NA,S,NA,NA,NA,NA,R,R
1773.36292,ERS5304102,S,NA,NA,S,NA,NA,NA,NA,S,NA,R,S,NA,NA,NA,S,NA,NA,NA,NA,R,R
1773.36787,ERS5317219,S,NA,NA,S,NA,NA,NA,NA,S,NA,R,S,NA,NA,NA,S,NA,NA,NA,NA,S,S
1773.37979,ERS5319717,S,NA,NA,S,NA,NA,NA,NA,S,NA,S,S,NA,NA,NA,S,NA,NA,NA,NA,S,R
1773.37986,ERS5319727,S,NA,NA,S,NA,NA,NA,NA,S,NA,S,S,NA,NA,NA,S,NA,NA,NA,NA,S,R
1773.38468,ERS5320276,S,NA,NA,S,NA,NA,NA,NA,S,NA,S,S,NA,NA,NA,S,NA,NA,NA,NA,R,R
1773.39248,ERS6403012,S,NA,NA,S,NA,NA,NA,NA,S,NA,S,S,NA,NA,NA,S,NA,NA,NA,NA,S,R
1773.39682,ERS6403511,S,NA,NA,S,NA,NA,NA,NA,S,NA,R,S,NA,NA,NA,S,NA,NA,NA,NA,R,R
1773.39729,ERS6403544,R,NA,NA,R,NA,NA,NA,NA,S,NA,R,R,NA,NA,NA,S,NA,NA,NA,NA,S,S
1773.40845,ERS5281406,S,NA,S,S,NA,S,NA,S,S,S,S,S,S,S,S,S,S,NA,NA,S,S,R
1773.42174,ERS5282879,S,NA,S,S,NA,S,NA,S,S,S,S,S,R,S,S,S,S,NA,NA,S,S,S
1773.42291,ERS5283004,S,NA,S,S,NA,S,NA,R,R,R,R,S,R,R,R,S,R,NA,NA,R,R,R
1773.18483,ERR1034828,S,NA,NA,S,NA,NA,S,NA,S,R,R,S,NA,NA,NA,S,S,NA,NA,NA,R,R
1773.19046,ERR161198,S,NA,NA,S,NA,NA,NA,NA,S,NA,S,S,NA,NA,NA,S,NA,NA,NA,NA,S,R
1773.19874,ERR190357,S,NA,NA,S,NA,NA,NA,NA,S,NA,S,S,NA,NA,NA,S,NA,NA,S,NA,S,R
1773.18459,ERR1034813,S,NA,NA,S,NA,NA,S,NA,S,R,R,S,NA,NA,NA,R,S,NA,NA,NA,R,R
1773.19885,ERR190377,S,NA,NA,S,NA,NA,NA,NA,S,NA,S,S,NA,NA,NA,S,NA,NA,NA,NA,S,S
1773.31074,ERS1987057,S,NA,NA,S,NA,NA,NA,NA,S,NA,S,S,NA,NA,NA,S,NA,NA,NA,NA,R,R
1773.3474,ERS5301270,S,NA,NA,S,NA,NA,NA,NA,S,NA,S,S,NA,NA,NA,S,NA,NA,NA,NA,R,R
1773.3497,ERS5302093,S,NA,NA,S,NA,NA,NA,NA,S,NA,S,S,NA,NA,NA,S,NA,NA,NA,NA,R,R
1773.35365,ERS5302600,S,NA,NA,S,NA,NA,NA,NA,S,NA,S,S,NA,NA,NA,S,NA,NA,NA,NA,R,R
1773.36821,ERS5317263,S,NA,NA,S,NA,NA,NA,NA,S,NA,S,S,NA,NA,NA,S,NA,NA,NA,NA,R,R
1773.38388,ERS5320192,S,NA,NA,S,NA,NA,NA,NA,S,NA,S,S,NA,NA,NA,S,NA,NA,NA,NA,R,R
1773.38627,ERS5320445,S,NA,NA,S,NA,NA,NA,NA,S,NA,S,S,NA,NA,NA,S,NA,NA,NA,NA,R,R
1773.39277,ERS6403045,S,NA,NA,S,NA,NA,NA,NA,S,NA,R,S,NA,NA,NA,S,NA,NA,NA,NA,R,R
1773.40191,ERS6421754,S,NA,NA,S,NA,NA,NA,NA,S,NA,S,S,NA,NA,NA,S,NA,NA,NA,NA,S,R
1773.42487,ERS5283214,S,NA,S,S,NA,S,NA,S,S,S,R,S,R,R,R,S,S,NA,NA,R,R,R
1773.43433,ERS5317333,S,NA,NA,S,NA,NA,NA,NA,S,NA,S,S,NA,NA,NA,S,NA,NA,NA,NA,S,S
1773.37044,ERS5317765,S,NA,NA,S,NA,NA,NA,NA,S,NA,R,S,NA,NA,NA,S,NA,NA,NA,NA,S,S
1773.38435,ERS5320249,S,NA,NA,S,NA,NA,NA,NA,S,NA,S,S,NA,NA,NA,S,NA,NA,NA,NA,R,R
1773.39488,ERS6403288,S,NA,NA,S,NA,NA,NA,NA,S,NA,R,S,NA,NA,NA,R,NA,NA,NA,NA,R,R
1773.18363,ERR1035347,S,NA,NA,S,NA,NA,NA,NA,R,NA,R,S,NA,NA,NA,S,NA,NA,NA,NA,R,R
1773.19045,ERR161192,S,NA,NA,S,NA,NA,NA,NA,S,NA,S,S,NA,NA,NA,S,NA,NA,NA,NA,S,S
1773.36923,ERS5317651,S,NA,NA,S,NA,NA,NA,NA,S,NA,S,S,NA,NA,NA,S,NA,NA,NA,NA,S,S
1773.1562,ERS094090,S,NA,NA,S,NA,NA,NA,NA,R,NA,R,NA,NA,NA,S,S,NA,S,S,NA,R,R
1773.20949,ERR3256126,S,NA,NA,S,NA,NA,NA,NA,S,NA,R,S,NA,NA,NA,S,NA,NA,NA,NA,R,R
1773.2476,ERR552502,NA,NA,NA,NA,NA,NA,NA,NA,S,NA,S,NA,NA,NA,NA,NA,NA,NA,S,NA,S,S
1773.2635,ERR551859,NA,NA,NA,NA,NA,NA,NA,NA,S,NA,S,NA,NA,NA,NA,NA,NA,NA,S,NA,S,S
1773.2808,ERR553136,NA,NA,NA,NA,NA,NA,NA,NA,S,NA,S,NA,NA,NA,NA,NA,NA,NA,S,NA,S,S
1773.2916,ERR550791,NA,NA,NA,NA,NA,NA,NA,NA,S,NA,S,NA,NA,NA,NA,NA,NA,NA,S,NA,S,S
1773.29368,ERR2041928,S,NA,NA,S,NA,NA,NA,NA,S,NA,R,S,NA,NA,NA,S,NA,NA,S,NA,R,R
1773.2986,ERR552378,NA,NA,NA,NA,NA,NA,NA,NA,S,NA,S,NA,NA,NA,NA,NA,NA,NA,S,NA,S,S
1773.3038,ERR551459,NA,NA,NA,NA,NA,NA,NA,NA,S,NA,S,NA,NA,NA,NA,NA,NA,NA,S,NA,S,S
1773.3112,ERR552980,NA,NA,NA,NA,NA,NA,NA,NA,S,NA,S,NA,NA,NA,NA,NA,NA,NA,S,NA,S,S
1773.31261,ERS1987267,S,NA,NA,S,NA,NA,NA,NA,S,NA,S,S,NA,NA,NA,S,NA,NA,NA,NA,R,R
1773.31307,ERS1987308,S,NA,NA,S,NA,NA,NA,NA,S,NA,S,S,NA,NA,NA,S,NA,NA,NA,NA,S,R
1773.3153,ERR551715,NA,NA,NA,NA,NA,NA,NA,NA,S,NA,S,NA,NA,NA,NA,NA,NA,NA,S,NA,S,S
1773.3171,ERR551159,S,S,NA,S,NA,NA,S,NA,S,NA,R,NA,NA,NA,NA,S,NA,S,R,NA,R,R
1773.32119,ERS3371861,S,NA,NA,S,NA,NA,NA,NA,S,NA,R,S,NA,NA,NA,S,NA,NA,NA,NA,R,R
1773.3214,ERR552628,NA,NA,NA,NA,NA,NA,NA,NA,S,NA,S,NA,NA,NA,NA,NA,NA,NA,S,NA,S,S
1773.32317,ERS5281217,S,NA,NA,S,NA,NA,NA,NA,S,NA,S,S,NA,NA,NA,S,NA,NA,NA,NA,S,S
1773.324,ERR553066,NA,NA,NA,NA,NA,NA,NA,NA,S,NA,S,NA,NA,NA,NA,NA,NA,NA,S,NA,S,S
1773.3244,ERR551103,NA,NA,NA,NA,NA,NA,NA,NA,S,NA,S,NA,NA,NA,NA,NA,NA,NA,S,NA,S,S
1773.3247,ERR552656,NA,NA,NA,NA,NA,NA,NA,NA,S,NA,S,NA,NA,NA,NA,NA,NA,NA,S,NA,S,S
1773.33484,ERS5282792,S,NA,NA,S,NA,NA,NA,NA,S,NA,S,S,NA,NA,NA,S,NA,NA,NA,NA,S,S
1773.33752,ERS5298083,S,NA,NA,S,NA,NA,NA,NA,S,NA,R,S,NA,NA,NA,S,NA,NA,NA,NA,R,R
1773.33766,ERS5298099,S,NA,NA,S,NA,NA,NA,NA,S,NA,S,S,NA,NA,NA,S,NA,NA,NA,NA,S,R
1773.33819,ERS5298149,R,NA,NA,R,NA,NA,NA,NA,S,NA,R,R,NA,NA,NA,S,NA,NA,NA,NA,S,R
1773.34093,ERS5298605,S,NA,NA,S,NA,NA,NA,NA,S,NA,S,S,NA,NA,NA,S,NA,NA,NA,NA,R,R
1773.3423,ERS5298766,S,NA,NA,S,NA,NA,NA,NA,S,NA,S,S,NA,NA,NA,S,NA,NA,NA,NA,S,R
1773.3424,ERR552826,NA,NA,NA,NA,NA,NA,NA,NA,S,NA,S,NA,NA,NA,NA,NA,NA,NA,S,NA,S,S
1773.3427,ERS5298812,S,NA,NA,S,NA,NA,NA,NA,S,NA,S,S,NA,NA,NA,S,NA,NA,NA,NA,R,R
1773.34753,ERS5301322,S,NA,NA,R,NA,NA,NA,NA,S,NA,S,S,NA,NA,NA,S,NA,NA,NA,NA,R,R
1773.3479,ERS5301843,S,NA,NA,S,NA,NA,NA,NA,S,NA,S,S,NA,NA,NA,S,NA,NA,NA,NA,R,R
1773.34854,ERS5301926,S,NA,NA,S,NA,NA,NA,NA,S,NA,S,S,NA,NA,NA,S,NA,NA,NA,NA,S,R
1773.35001,ERS5302152,S,NA,NA,S,NA,NA,NA,NA,S,NA,S,S,NA,NA,NA,S,NA,NA,NA,NA,S,R
1773.35338,ERS5302568,S,NA,NA,S,NA,NA,NA,NA,S,NA,S,S,NA,NA,NA,S,NA,NA,NA,NA,R,R
1773.35358,ERS5302593,S,NA,NA,S,NA,NA,NA,NA,S,NA,S,S,NA,NA,NA,S,NA,NA,NA,NA,S,R
1773.35453,ERS5302701,S,NA,NA,S,NA,NA,NA,NA,S,NA,S,S,NA,NA,NA,S,NA,NA,NA,NA,S,R
1773.35842,ERS5303246,S,NA,NA,S,NA,NA,NA,NA,S,NA,R,S,NA,NA,NA,S,NA,NA,NA,NA,S,R
1773.35845,ERS5303251,S,NA,NA,S,NA,NA,NA,NA,S,NA,R,S,NA,NA,NA,S,NA,NA,NA,NA,R,R
1773.35865,ERS5303323,S,NA,NA,S,NA,NA,NA,NA,S,NA,R,S,NA,NA,NA,R,NA,NA,NA,NA,S,S
1773.35921,ERS5303414,S,NA,NA,S,NA,NA,NA,NA,S,NA,S,S,NA,NA,NA,S,NA,NA,NA,NA,S,R
1773.36029,ERS5303548,S,NA,NA,S,NA,NA,NA,NA,S,NA,R,S,NA,NA,NA,S,NA,NA,NA,NA,R,R
1773.36034,ERS5303555,S,NA,NA,S,NA,NA,NA,NA,S,NA,R,S,NA,NA,NA,S,NA,NA,NA,NA,S,R
1773.3611,ERS5303637,S,NA,NA,S,NA,NA,NA,NA,S,NA,R,S,NA,NA,NA,S,NA,NA,NA,NA,R,R
1773.36312,ERS5304123,S,NA,NA,S,NA,NA,NA,NA,S,NA,S,S,NA,NA,NA,S,NA,NA,NA,NA,S,R
1773.36356,ERS5304181,S,NA,NA,S,NA,NA,NA,NA,S,NA,S,S,NA,NA,NA,S,NA,NA,NA,NA,S,R
1773.36376,ERS5304194,S,NA,NA,S,NA,NA,NA,NA,S,NA,S,S,NA,NA,NA,S,NA,NA,NA,NA,S,R
1773.37858,ERS5319489,S,NA,NA,S,NA,NA,NA,NA,S,NA,R,S,NA,NA,NA,S,NA,NA,NA,NA,R,R
1773.37921,ERS5319656,S,NA,NA,S,NA,NA,NA,NA,S,NA,R,S,NA,NA,NA,S,NA,NA,NA,NA,R,R
1773.37953,ERS5319688,S,NA,NA,S,NA,NA,NA,NA,S,NA,R,S,NA,NA,NA,S,NA,NA,NA,NA,R,R
1773.38537,ERS5320360,S,NA,NA,R,NA,NA,NA,NA,S,NA,S,S,NA,NA,NA,S,NA,NA,NA,NA,S,R
1773.39009,ERS6402726,S,NA,NA,S,NA,NA,NA,NA,S,NA,R,S,NA,NA,NA,S,NA,NA,NA,NA,S,R
1773.39272,ERS6403044,S,NA,NA,S,NA,NA,NA,NA,S,NA,S,S,NA,NA,NA,S,NA,NA,NA,NA,S,R
1773.39435,ERS6403237,S,NA,NA,S,NA,NA,NA,NA,S,NA,S,S,NA,NA,NA,S,NA,NA,NA,NA,R,R
1773.3968,SRR2100170,NA,NA,NA,NA,NA,NA,NA,NA,S,NA,S,NA,NA,NA,NA,NA,NA,NA,S,NA,S,NA
1773.39781,ERS6403620,S,NA,NA,S,NA,NA,NA,NA,S,NA,R,S,NA,NA,NA,S,NA,NA,NA,NA,R,R
1773.3992,SRR2100194,NA,NA,NA,NA,S,NA,NA,NA,S,NA,R,NA,NA,NA,NA,NA,NA,NA,S,NA,S,NA
1773.3994,SRR2100196,NA,NA,NA,NA,S,NA,NA,NA,S,NA,R,NA,NA,NA,NA,NA,NA,NA,S,NA,S,NA
1773.39986,ERS6421534,S,NA,NA,S,NA,NA,NA,NA,S,NA,S,S,NA,NA,NA,S,NA,NA,NA,NA,S,R
1773.40183,ERS6421747,S,NA,NA,S,NA,NA,NA,NA,S,NA,S,S,NA,NA,NA,S,NA,NA,NA,NA,S,S
1773.40399,ERS6422036,S,NA,NA,S,NA,NA,NA,NA,S,NA,S,S,NA,NA,NA,S,NA,NA,NA,NA,S,R
1773.40492,ERS6422186,S,NA,NA,S,NA,NA,NA,NA,S,NA,S,S,NA,NA,NA,S,NA,NA,NA,NA,S,R
1773.4069,SRR2100271,NA,NA,NA,NA,S,NA,NA,NA,S,NA,R,NA,NA,NA,NA,NA,NA,NA,S,NA,S,NA
1773.4143,SRR2100347,NA,NA,NA,NA,NA,NA,NA,NA,S,NA,S,NA,NA,NA,NA,NA,NA,NA,S,NA,S,NA
1773.4174,SRR2100378,NA,NA,NA,NA,NA,NA,NA,NA,S,NA,S,NA,NA,NA,NA,NA,NA,NA,S,NA,S,NA
1773.4266,SRR2100467,NA,NA,NA,NA,NA,NA,NA,NA,S,NA,S,NA,NA,NA,NA,NA,NA,NA,S,NA,S,NA
1773.43002,ERS5301274,S,NA,NA,R,NA,NA,NA,NA,S,NA,S,S,NA,NA,NA,S,NA,NA,NA,NA,R,R
1773.43416,ERS5317322,S,NA,NA,S,NA,NA,NA,NA,S,NA,S,S,NA,NA,NA,S,NA,NA,NA,NA,S,R
1773.43661,ERS5304191,S,NA,NA,S,NA,NA,NA,NA,S,NA,S,S,NA,NA,NA,S,NA,NA,NA,NA,S,R
1773.4379,SRR2100582,NA,NA,NA,NA,NA,NA,NA,NA,S,NA,S,NA,NA,NA,NA,NA,NA,NA,S,NA,S,NA
1773.4391,SRR2100594,NA,NA,NA,NA,NA,NA,NA,NA,S,NA,S,NA,NA,NA,NA,NA,NA,NA,S,NA,S,NA
1773.4512,SRR2100716,NA,NA,NA,NA,NA,NA,NA,NA,S,NA,S,NA,NA,NA,NA,NA,NA,NA,S,NA,S,NA
1773.4559,SRR2100767,NA,NA,NA,NA,NA,NA,NA,NA,S,NA,S,NA,NA,NA,NA,NA,NA,NA,S,NA,S,NA
1773.4563,SRR2100772,NA,NA,NA,NA,NA,NA,NA,NA,S,NA,S,NA,NA,NA,NA,NA,NA,NA,S,NA,S,NA
1773.4584,SRR2100793,NA,NA,NA,NA,NA,NA,NA,NA,S,NA,S,NA,NA,NA,NA,NA,NA,NA,S,NA,S,NA
1773.4602,SRR2100812,NA,NA,NA,NA,NA,NA,NA,NA,S,NA,S,NA,NA,NA,NA,NA,NA,NA,S,NA,S,NA
1773.4784,SRR2101002,NA,NA,NA,NA,NA,NA,NA,NA,S,NA,S,NA,NA,NA,NA,NA,NA,NA,S,NA,S,NA
1773.4838,SRR2101057,NA,NA,NA,NA,NA,NA,NA,NA,S,NA,S,NA,NA,NA,NA,NA,NA,NA,S,NA,S,NA
1773.4884,SRR2101105,NA,NA,NA,NA,NA,NA,NA,NA,S,NA,S,NA,NA,NA,NA,NA,NA,NA,S,NA,S,NA
1773.4903,SRR2101128,NA,NA,NA,NA,NA,NA,NA,NA,S,NA,S,NA,NA,NA,NA,NA,NA,NA,S,NA,S,NA
1773.4921,SRR2101147,NA,NA,NA,NA,NA,NA,NA,NA,S,NA,S,NA,NA,NA,NA,NA,NA,NA,S,NA,S,NA
1773.5791,SRR2099984,NA,NA,NA,NA,NA,NA,NA,NA,S,NA,R,NA,NA,NA,NA,NA,NA,NA,S,NA,S,NA
1773.5815,SRR2100008,NA,NA,NA,NA,NA,NA,NA,NA,S,NA,S,NA,NA,NA,NA,NA,NA,NA,S,NA,S,NA
1773.5896,SRR2101293,NA,NA,NA,NA,NA,NA,NA,NA,S,NA,S,NA,NA,NA,NA,NA,NA,NA,S,NA,S,NA
1773.5928,SRR2101825,NA,NA,NA,NA,NA,NA,NA,NA,S,NA,S,NA,NA,NA,NA,NA,NA,NA,S,NA,S,NA
1773.1861,ERR1034735,S,NA,NA,S,S,NA,NA,NA,R,NA,R,S,NA,NA,NA,S,NA,NA,NA,NA,R,R
1773.19899,ERR190395,S,NA,NA,S,NA,NA,NA,NA,S,NA,S,S,NA,NA,NA,S,NA,NA,NA,NA,S,R
1773.20656,ERR2124102,R,NA,NA,R,NA,NA,NA,NA,S,NA,R,R,NA,NA,NA,S,NA,NA,NA,NA,R,R
1773.21002,ERR3256179,S,NA,NA,S,NA,NA,NA,NA,S,NA,S,S,NA,NA,NA,S,NA,NA,NA,NA,S,S
1773.31239,ERS1987251,S,NA,NA,S,NA,NA,NA,NA,S,NA,S,S,NA,NA,NA,S,NA,NA,NA,NA,R,R
1773.31251,ERS1987243,S,NA,NA,S,NA,NA,NA,NA,S,NA,R,S,NA,NA,NA,S,NA,NA,NA,NA,R,R
1773.31275,ERS1987277,S,NA,NA,S,NA,NA,NA,NA,S,NA,S,S,NA,NA,NA,S,NA,NA,NA,NA,S,R
1773.31326,ERS1987336,S,NA,NA,S,NA,NA,NA,NA,S,NA,S,S,NA,NA,NA,S,NA,NA,NA,NA,R,R
1773.31336,ERS1987332,S,NA,NA,S,NA,NA,NA,NA,S,NA,S,S,NA,NA,NA,S,NA,NA,NA,NA,R,R
1773.31343,ERS1987353,S,NA,NA,S,NA,NA,NA,NA,S,NA,S,S,NA,NA,NA,S,NA,NA,NA,NA,S,R
1773.32072,ERS3371856,S,NA,NA,S,NA,NA,NA,NA,S,NA,R,S,NA,NA,NA,S,NA,NA,NA,NA,S,R
1773.322,ERS3371990,R,NA,NA,R,NA,NA,NA,NA,S,NA,R,R,NA,NA,NA,S,NA,NA,NA,NA,R,R
1773.32224,ERS3372027,R,NA,NA,R,NA,NA,NA,NA,S,NA,R,R,NA,NA,NA,S,NA,NA,NA,NA,R,R
1773.32407,ERS5281351,R,NA,NA,R,NA,NA,NA,NA,R,NA,R,R,NA,NA,NA,R,NA,NA,NA,NA,R,R
1773.3252,ERS5281534,S,NA,NA,S,NA,NA,NA,NA,S,NA,S,S,NA,NA,NA,S,NA,NA,NA,NA,S,S
1773.33113,ERS5282320,S,NA,NA,S,NA,NA,NA,NA,R,NA,R,S,NA,NA,NA,S,NA,NA,NA,NA,R,R
1773.33126,ERS5282338,S,NA,NA,S,NA,NA,NA,NA,R,NA,R,S,NA,NA,NA,S,NA,NA,NA,NA,R,R
1773.33133,ERS5282344,S,NA,NA,S,NA,NA,NA,NA,R,NA,R,S,NA,NA,NA,S,NA,NA,NA,NA,R,R
1773.33154,ERS5282368,S,NA,NA,S,NA,NA,NA,NA,S,NA,S,S,NA,NA,NA,S,NA,NA,NA,NA,S,S
1773.33169,ERS5282386,S,NA,NA,S,NA,NA,NA,NA,R,NA,R,S,NA,NA,NA,S,NA,NA,NA,NA,R,R
1773.332,ERS5282419,S,NA,NA,R,NA,NA,NA,NA,S,NA,S,S,NA,NA,NA,S,NA,NA,NA,NA,R,R
1773.33439,ERS5282728,S,NA,NA,S,NA,NA,NA,NA,R,NA,R,S,NA,NA,NA,S,NA,NA,NA,NA,R,R
1773.33449,ERS5282742,S,NA,NA,S,NA,NA,NA,NA,S,NA,S,S,NA,NA,NA,S,NA,NA,NA,NA,S,S
1773.3348,ERS5282788,S,NA,NA,S,NA,NA,NA,NA,R,NA,R,S,NA,NA,NA,S,NA,NA,NA,NA,R,R
1773.33497,ERS5282850,S,NA,NA,S,NA,NA,NA,NA,R,NA,R,S,NA,NA,NA,S,NA,NA,NA,NA,R,R
1773.33515,ERS5282911,S,NA,NA,S,NA,NA,NA,NA,R,NA,R,S,NA,NA,NA,S,NA,NA,NA,NA,R,R
1773.33756,ERS5298084,S,NA,NA,S,NA,NA,NA,NA,S,NA,S,S,NA,NA,NA,S,NA,NA,NA,NA,R,R
1773.33767,ERS5298097,S,NA,NA,S,NA,NA,NA,NA,S,NA,S,S,NA,NA,NA,S,NA,NA,NA,NA,S,R
1773.33872,ERS5298206,S,NA,NA,S,NA,NA,NA,NA,S,NA,S,S,NA,NA,NA,S,NA,NA,NA,NA,S,R
1773.33991,ERS5298341,S,NA,NA,S,NA,NA,NA,NA,R,NA,R,S,NA,NA,NA,S,NA,NA,NA,NA,R,R
1773.34003,ERS5298509,R,NA,NA,R,NA,NA,NA,NA,R,NA,R,R,NA,NA,NA,S,NA,NA,NA,NA,R,R
1773.34075,ERS5298504,S,NA,NA,S,NA,NA,NA,NA,S,NA,R,S,NA,NA,NA,S,NA,NA,NA,NA,R,S
1773.34177,ERS5298694,S,NA,NA,S,NA,NA,NA,NA,S,NA,S,S,NA,NA,NA,S,NA,NA,NA,NA,R,R
1773.34211,ERS5298732,S,NA,NA,S,NA,NA,NA,NA,S,NA,S,S,NA,NA,NA,S,NA,NA,NA,NA,S,R
1773.34243,ERS5298778,S,NA,NA,S,NA,NA,NA,NA,S,NA,S,S,NA,NA,NA,S,NA,NA,NA,NA,S,R
1773.34257,ERS5298794,S,NA,NA,S,NA,NA,NA,NA,S,NA,S,S,NA,NA,NA,S,NA,NA,NA,NA,R,R
1773.34294,ERS5300530,S,NA,NA,S,NA,NA,NA,NA,S,NA,S,S,NA,NA,NA,S,NA,NA,NA,NA,R,R
1773.34401,ERS5300639,S,NA,NA,S,NA,NA,NA,NA,S,NA,S,S,NA,NA,NA,S,NA,NA,NA,NA,S,R
1773.34453,ERS5300706,S,NA,NA,S,NA,NA,NA,NA,R,NA,R,S,NA,NA,NA,S,NA,NA,NA,NA,R,R
1773.34458,ERS5300709,S,NA,NA,S,NA,NA,NA,NA,S,NA,R,S,NA,NA,NA,S,NA,NA,NA,NA,R,R
1773.34623,ERS5300996,S,NA,NA,S,NA,NA,NA,NA,S,NA,S,S,NA,NA,NA,S,NA,NA,NA,NA,R,R
1773.34629,ERS5301014,S,NA,NA,S,NA,NA,NA,NA,S,NA,S,S,NA,NA,NA,S,NA,NA,NA,NA,S,R
1773.34727,ERS5301254,S,NA,NA,S,NA,NA,NA,NA,S,NA,S,S,NA,NA,NA,S,NA,NA,NA,NA,R,R
1773.34737,ERS5301268,S,NA,NA,S,NA,NA,NA,NA,S,NA,S,S,NA,NA,NA,S,NA,NA,NA,NA,R,R
1773.34749,ERS5301282,S,NA,NA,S,NA,NA,NA,NA,S,NA,S,S,NA,NA,NA,S,NA,NA,NA,NA,R,R
1773.34791,ERS5301837,S,NA,NA,S,NA,NA,NA,NA,S,NA,S,S,NA,NA,NA,S,NA,NA,NA,NA,R,R
1773.34841,ERS5301910,S,NA,NA,S,NA,NA,NA,NA,S,NA,S,S,NA,NA,NA,S,NA,NA,NA,NA,S,R
1773.34935,ERS5302046,S,NA,NA,S,NA,NA,NA,NA,S,NA,S,S,NA,NA,NA,S,NA,NA,NA,NA,S,R
1773.34993,ERS5302122,S,NA,NA,S,NA,NA,NA,NA,S,NA,S,S,NA,NA,NA,S,NA,NA,NA,NA,S,R
1773.35008,ERS5302147,S,NA,NA,S,NA,NA,NA,NA,S,NA,R,S,NA,NA,NA,S,NA,NA,NA,NA,R,R
1773.35139,ERS5302326,S,NA,NA,S,NA,NA,NA,NA,S,NA,S,S,NA,NA,NA,S,NA,NA,NA,NA,R,R
1773.35307,ERS5302533,S,NA,NA,S,NA,NA,NA,NA,S,NA,S,S,NA,NA,NA,S,NA,NA,NA,NA,S,R
1773.35347,ERS5302581,S,NA,NA,S,NA,NA,NA,NA,S,NA,S,S,NA,NA,NA,S,NA,NA,NA,NA,S,R
1773.35372,ERS5302608,S,NA,NA,S,NA,NA,NA,NA,R,NA,S,S,NA,NA,NA,S,NA,NA,NA,NA,R,R
1773.35398,ERS5302637,S,NA,NA,S,NA,NA,NA,NA,S,NA,S,S,NA,NA,NA,S,NA,NA,NA,NA,R,R
1773.35411,ERS5302649,S,NA,NA,S,NA,NA,NA,NA,S,NA,S,S,NA,NA,NA,S,NA,NA,NA,NA,R,R
1773.35604,ERS5302886,S,NA,NA,S,NA,NA,NA,NA,S,NA,S,S,NA,NA,NA,S,NA,NA,NA,NA,R,R
1773.35642,ERS5302944,S,NA,NA,S,NA,NA,NA,NA,S,NA,S,S,NA,NA,NA,S,NA,NA,NA,NA,S,R
1773.35715,ERS5303080,S,NA,NA,S,NA,NA,NA,NA,S,NA,R,S,NA,NA,NA,S,NA,NA,NA,NA,S,R
1773.35738,ERS5303098,S,NA,NA,S,NA,NA,NA,NA,S,NA,S,S,NA,NA,NA,S,NA,NA,NA,NA,R,R
1773.35894,ERS5303369,R,NA,NA,R,NA,NA,NA,NA,R,NA,R,R,NA,NA,NA,R,NA,NA,NA,NA,R,R
1773.35937,ERS5303427,S,NA,NA,S,NA,NA,NA,NA,S,NA,S,S,NA,NA,NA,S,NA,NA,NA,NA,S,R
1773.36106,ERS5303629,S,NA,NA,S,NA,NA,NA,NA,S,NA,R,S,NA,NA,NA,S,NA,NA,NA,NA,R,R
1773.36182,ERS5303937,S,NA,NA,S,NA,NA,NA,NA,S,NA,R,S,NA,NA,NA,S,NA,NA,NA,NA,S,R
1773.36211,ERS5303975,S,NA,NA,S,NA,NA,NA,NA,S,NA,S,S,NA,NA,NA,S,NA,NA,NA,NA,S,R
1773.36325,ERS5304136,S,NA,NA,S,NA,NA,NA,NA,S,NA,R,S,NA,NA,NA,S,NA,NA,NA,NA,S,R
1773.3649,ERS5312401,R,NA,NA,R,NA,NA,NA,NA,S,NA,R,R,NA,NA,NA,S,NA,NA,NA,NA,R,R
1773.366,ERS5312508,S,NA,NA,S,NA,NA,NA,NA,S,NA,S,S,NA,NA,NA,S,NA,NA,NA,NA,S,R
1773.36619,ERS5312537,S,NA,NA,S,NA,NA,NA,NA,S,NA,S,S,NA,NA,NA,S,NA,NA,NA,NA,R,R
1773.36629,ERS5312539,S,NA,NA,S,NA,NA,NA,NA,S,NA,S,S,NA,NA,NA,S,NA,NA,NA,NA,S,R
1773.36706,ERS5312619,S,NA,NA,S,NA,NA,NA,NA,S,NA,R,S,NA,NA,NA,S,NA,NA,NA,NA,R,R
1773.36863,ERS5317559,S,NA,NA,S,NA,NA,NA,NA,S,NA,S,S,NA,NA,NA,S,NA,NA,NA,NA,R,R
1773.36912,ERS5317624,S,NA,NA,S,NA,NA,NA,NA,S,NA,S,S,NA,NA,NA,S,NA,NA,NA,NA,R,R
1773.36953,ERS5317672,S,NA,NA,S,NA,NA,NA,NA,R,NA,S,S,NA,NA,NA,S,NA,NA,NA,NA,R,R
1773.37009,ERS5317738,S,NA,NA,S,NA,NA,NA,NA,S,NA,S,S,NA,NA,NA,S,NA,NA,NA,NA,R,R
1773.37814,ERS5319250,S,NA,NA,R,NA,NA,NA,NA,S,NA,R,S,NA,NA,NA,S,NA,NA,NA,NA,R,R
1773.37846,ERS5319476,S,NA,NA,S,NA,NA,NA,NA,S,NA,R,S,NA,NA,NA,S,NA,NA,NA,NA,S,R
1773.37862,ERS5319494,S,NA,NA,R,NA,NA,NA,NA,S,NA,S,S,NA,NA,NA,S,NA,NA,NA,NA,R,R
1773.37897,ERS5319527,S,NA,NA,S,NA,NA,NA,NA,S,NA,S,S,NA,NA,NA,S,NA,NA,NA,NA,R,R
1773.37952,ERS5319686,S,NA,NA,S,NA,NA,NA,NA,R,NA,R,S,NA,NA,NA,S,NA,NA,NA,NA,R,R
1773.37992,ERS5319734,S,NA,NA,S,NA,NA,NA,NA,S,NA,R,S,NA,NA,NA,S,NA,NA,NA,NA,R,R
1773.38335,ERS5320120,S,NA,NA,S,NA,NA,NA,NA,S,NA,S,S,NA,NA,NA,S,NA,NA,NA,NA,S,R
1773.38455,ERS5320263,S,NA,NA,S,NA,NA,NA,NA,S,NA,S,S,NA,NA,NA,S,NA,NA,NA,NA,S,S
1773.38641,ERS5320465,S,NA,NA,S,NA,NA,NA,NA,S,NA,S,S,NA,NA,NA,S,NA,NA,NA,NA,R,R
1773.38672,ERS5320492,S,NA,NA,S,NA,NA,NA,NA,S,NA,S,S,NA,NA,NA,S,NA,NA,NA,NA,S,R
1773.38993,ERS6402710,S,NA,NA,S,NA,NA,NA,NA,S,NA,R,S,NA,NA,NA,S,NA,NA,NA,NA,R,R
1773.39018,ERS6402735,S,NA,NA,S,NA,NA,NA,NA,S,NA,S,S,NA,NA,NA,S,NA,NA,NA,NA,S,R
1773.39023,ERS6402739,S,NA,NA,S,NA,NA,NA,NA,S,NA,S,S,NA,NA,NA,S,NA,NA,NA,NA,R,R
1773.39031,ERS6402746,S,NA,NA,S,NA,NA,NA,NA,S,NA,S,S,NA,NA,NA,S,NA,NA,NA,NA,S,R
1773.39144,ERS6402893,S,NA,NA,S,NA,NA,NA,NA,S,NA,S,S,NA,NA,NA,S,NA,NA,NA,NA,S,R
1773.39164,ERS6402919,S,NA,NA,S,NA,NA,NA,NA,S,NA,S,S,NA,NA,NA,S,NA,NA,NA,NA,S,R
1773.39169,ERS6402917,S,NA,NA,S,NA,NA,NA,NA,S,NA,S,S,NA,NA,NA,S,NA,NA,NA,NA,S,R
1773.39179,ERS6402930,S,NA,NA,S,NA,NA,NA,NA,S,NA,R,S,NA,NA,NA,S,NA,NA,NA,NA,S,R
1773.39234,ERS6402992,S,NA,NA,S,NA,NA,NA,NA,S,NA,S,S,NA,NA,NA,S,NA,NA,NA,NA,R,R
1773.39252,ERS6403015,S,NA,NA,S,NA,NA,NA,NA,S,NA,S,S,NA,NA,NA,S,NA,NA,NA,NA,R,R
1773.39512,ERS6403305,S,NA,NA,S,NA,NA,NA,NA,S,NA,S,S,NA,NA,NA,S,NA,NA,NA,NA,S,R
1773.39577,ERS6403398,S,NA,NA,S,NA,NA,NA,NA,S,NA,S,S,NA,NA,NA,S,NA,NA,NA,NA,R,R
1773.39731,ERS6403561,S,NA,NA,S,NA,NA,NA,NA,S,NA,S,S,NA,NA,NA,S,NA,NA,NA,NA,R,R
1773.39776,ERS6403600,S,NA,NA,S,NA,NA,NA,NA,S,NA,R,S,NA,NA,NA,S,NA,NA,NA,NA,S,R
1773.40026,ERS6421577,S,NA,NA,S,NA,NA,NA,NA,S,NA,S,S,NA,NA,NA,S,NA,NA,NA,NA,R,R
1773.40252,ERS6421818,S,NA,NA,S,NA,NA,NA,NA,S,NA,S,S,NA,NA,NA,S,NA,NA,NA,NA,R,R
1773.40316,ERS6421927,S,NA,NA,S,NA,NA,NA,NA,S,NA,S,S,NA,NA,NA,S,NA,NA,NA,NA,S,R
1773.40392,ERS6422030,R,NA,NA,R,NA,NA,NA,NA,R,NA,R,R,NA,NA,NA,R,NA,NA,NA,NA,S,S
1773.40418,ERS6422055,S,NA,NA,S,NA,NA,NA,NA,S,NA,R,S,NA,NA,NA,S,NA,NA,NA,NA,R,R
1773.40466,ERS6422160,S,NA,NA,S,NA,NA,NA,NA,S,NA,S,S,NA,NA,NA,S,NA,NA,NA,NA,R,R
1773.40489,ERS6422181,S,NA,NA,S,NA,NA,NA,NA,S,NA,S,S,NA,NA,NA,S,NA,NA,NA,NA,R,R
1773.40676,ERS5281221,S,NA,S,S,NA,S,NA,S,S,R,S,S,R,R,S,S,S,NA,NA,S,S,R
1773.40963,ERS5281522,S,NA,S,S,NA,S,NA,S,S,R,S,S,S,S,S,S,S,NA,NA,S,S,R
1773.41726,ERS5282405,S,NA,S,S,NA,S,NA,S,S,R,R,S,R,S,S,S,S,NA,NA,S,S,S
1773.41757,ERS5282400,S,NA,S,S,NA,S,NA,S,R,R,R,S,R,S,R,S,S,NA,NA,R,R,R
1773.42053,ERS5282755,S,NA,S,S,NA,R,NA,S,S,S,S,S,S,S,S,S,S,NA,NA,S,S,S
1773.42107,ERS5282806,S,NA,S,S,NA,S,NA,R,R,R,R,S,R,S,R,S,S,NA,NA,R,R,R
1773.42116,ERS5282815,S,NA,S,S,NA,S,NA,S,S,R,R,S,R,S,R,S,R,NA,NA,R,R,R
1773.42278,ERS5282982,S,NA,S,S,NA,S,NA,R,S,S,S,S,R,S,S,S,S,NA,NA,S,S,R
1773.42325,ERS5283040,S,NA,S,S,NA,S,NA,R,R,S,S,S,R,S,S,S,S,NA,NA,S,S,R
1773.42448,ERS5283157,S,NA,S,S,NA,S,NA,R,R,R,R,S,R,S,R,S,R,NA,NA,R,R,R
1773.42522,ERS5283248,S,NA,S,S,NA,S,NA,S,R,R,R,S,S,S,S,S,S,NA,NA,S,S,R
1773.42549,ERS5283271,S,NA,S,S,NA,S,NA,R,R,R,R,S,R,S,R,S,S,NA,NA,R,R,R
1773.43005,ERS5301283,S,NA,NA,S,NA,NA,NA,NA,S,NA,S,S,NA,NA,NA,S,NA,NA,NA,NA,R,R
1773.43157,ERS5302157,S,NA,NA,S,NA,NA,NA,NA,S,NA,S,S,NA,NA,NA,S,NA,NA,NA,NA,R,R
1773.4336,ERS5317325,S,NA,NA,R,NA,NA,NA,NA,S,NA,S,S,NA,NA,NA,S,NA,NA,NA,NA,R,R
1773.43445,ERS5317299,S,NA,NA,S,NA,NA,NA,NA,S,NA,S,S,NA,NA,NA,S,NA,NA,NA,NA,R,R
1773.43697,ERS5282383,S,NA,S,S,NA,S,NA,S,S,R,R,S,R,S,R,R,S,NA,NA,R,R,R
1773.18567,ERR1036283,S,NA,NA,S,NA,NA,S,NA,S,R,R,S,NA,NA,NA,R,S,NA,NA,NA,R,R
1773.18582,ERR1035248,S,NA,NA,S,NA,NA,NA,NA,S,NA,S,S,NA,NA,NA,S,NA,NA,S,NA,S,S
1773.18627,ERR1034750,S,NA,NA,R,S,NA,NA,NA,S,NA,R,S,NA,NA,NA,S,NA,NA,R,NA,R,S
1773.32616,ERS5281645,S,NA,NA,S,NA,NA,NA,NA,S,NA,R,S,NA,NA,NA,S,NA,NA,NA,NA,R,R
1773.33066,ERS5282257,S,NA,NA,S,NA,NA,NA,NA,S,NA,S,S,NA,NA,NA,S,NA,NA,NA,NA,R,R
1773.33958,ERS5298301,R,NA,NA,R,NA,NA,NA,NA,S,NA,R,R,NA,NA,NA,S,NA,NA,NA,NA,S,R
1773.34047,ERS5298320,R,NA,NA,R,NA,NA,NA,NA,S,NA,R,R,NA,NA,NA,S,NA,NA,NA,NA,R,S
1773.34057,ERS5298562,S,NA,NA,S,NA,NA,NA,NA,S,NA,S,S,NA,NA,NA,S,NA,NA,NA,NA,R,R
1773.3418,ERS5298690,S,NA,NA,S,NA,NA,NA,NA,S,NA,S,S,NA,NA,NA,S,NA,NA,NA,NA,S,R
1773.3426,ERS5298795,S,NA,NA,S,NA,NA,NA,NA,S,NA,S,S,NA,NA,NA,S,NA,NA,NA,NA,R,R
1773.34747,ERS5301275,S,NA,NA,S,NA,NA,NA,NA,S,NA,S,S,NA,NA,NA,S,NA,NA,NA,NA,R,R
1773.35146,ERS5302332,S,NA,NA,S,NA,NA,NA,NA,S,NA,S,S,NA,NA,NA,S,NA,NA,NA,NA,R,R
1773.35323,ERS5302555,S,NA,NA,S,NA,NA,NA,NA,S,NA,S,S,NA,NA,NA,S,NA,NA,NA,NA,R,R
1773.35948,ERS5303441,S,NA,NA,S,NA,NA,NA,NA,S,NA,R,S,NA,NA,NA,S,NA,NA,NA,NA,S,R
1773.3607,ERS5303591,S,NA,NA,S,NA,NA,NA,NA,S,NA,S,S,NA,NA,NA,S,NA,NA,NA,NA,S,R
1773.36367,ERS5304186,S,NA,NA,S,NA,NA,NA,NA,S,NA,S,S,NA,NA,NA,S,NA,NA,NA,NA,S,R
1773.36665,ERS5312573,S,NA,NA,S,NA,NA,NA,NA,S,NA,S,S,NA,NA,NA,S,NA,NA,NA,NA,R,R
1773.36719,ERS5312633,S,NA,NA,S,NA,NA,NA,NA,S,NA,S,S,NA,NA,NA,S,NA,NA,NA,NA,R,R
1773.3697,ERS5317691,S,NA,NA,S,NA,NA,NA,NA,S,NA,S,S,NA,NA,NA,S,NA,NA,NA,NA,S,R
1773.37042,ERS5317769,S,NA,NA,S,NA,NA,NA,NA,S,NA,S,S,NA,NA,NA,S,NA,NA,NA,NA,S,R
1773.38636,ERS5320458,S,NA,NA,R,NA,NA,NA,NA,S,NA,S,S,NA,NA,NA,S,NA,NA,NA,NA,S,R
1773.39518,ERS6403319,S,NA,NA,S,NA,NA,NA,NA,S,NA,S,S,NA,NA,NA,S,NA,NA,NA,NA,R,R
1773.39529,ERS6403348,R,NA,NA,R,NA,NA,NA,NA,S,NA,R,R,NA,NA,NA,S,NA,NA,NA,NA,R,R
1773.40585,ERR3323726,S,NA,NA,S,NA,NA,NA,NA,S,NA,S,S,NA,NA,NA,S,NA,NA,NA,NA,S,S
1773.42581,ERS5283308,S,NA,S,S,NA,S,NA,S,S,S,S,S,S,S,S,S,S,NA,NA,S,S,R
1773.42617,ERS5283274,S,NA,S,S,NA,S,NA,S,R,R,S,S,S,S,S,R,S,NA,NA,R,R,R
1773.42976,ERS5301034,S,NA,NA,S,NA,NA,NA,NA,S,NA,R,S,NA,NA,NA,S,NA,NA,NA,NA,R,R
1773.43362,ERS5317313,S,NA,NA,S,NA,NA,NA,NA,S,NA,S,S,NA,NA,NA,S,NA,NA,NA,NA,R,R
1773.43387,ERS5317358,S,NA,NA,S,NA,NA,NA,NA,S,NA,S,S,NA,NA,NA,S,NA,NA,NA,NA,R,R
1773.4372,ERS5283139,S,NA,S,S,NA,S,NA,S,S,S,R,S,R,S,S,S,S,NA,NA,S,R,R
1773.18519,ERR1034867,S,NA,NA,S,NA,NA,R,NA,S,R,R,S,NA,NA,NA,R,S,NA,NA,NA,R,R
1773.19497,ERR181686,S,NA,NA,S,NA,NA,NA,NA,S,NA,S,S,NA,NA,NA,S,NA,NA,NA,NA,S,R
1773.18509,ERR1034850,S,NA,NA,R,NA,NA,S,NA,S,R,R,S,NA,NA,NA,R,S,NA,NA,NA,R,R
1773.18539,ERR1034883,S,NA,NA,S,NA,NA,S,NA,S,R,R,S,NA,NA,NA,S,S,NA,R,NA,R,R
1773.33485,ERS5282793,S,NA,NA,S,NA,NA,NA,NA,S,NA,S,S,NA,NA,NA,S,NA,NA,NA,NA,R,R
1773.33868,ERS5298203,S,NA,NA,S,NA,NA,NA,NA,S,NA,S,S,NA,NA,NA,S,NA,NA,NA,NA,R,R
1773.36658,ERS5312570,S,NA,NA,S,NA,NA,NA,NA,S,NA,S,S,NA,NA,NA,S,NA,NA,NA,NA,S,R
1773.3861,ERS5320421,S,NA,NA,S,NA,NA,NA,NA,S,NA,S,S,NA,NA,NA,S,NA,NA,NA,NA,S,R
1773.39543,ERS6403353,R,NA,NA,R,NA,NA,NA,NA,S,NA,R,R,NA,NA,NA,S,NA,NA,NA,NA,R,S
1773.40581,ERR3323724,S,NA,NA,S,NA,NA,NA,NA,S,NA,S,S,NA,NA,NA,S,NA,NA,NA,NA,R,R
1773.43559,ERS5317497,S,NA,NA,S,NA,NA,NA,NA,S,NA,S,S,NA,NA,NA,S,NA,NA,NA,NA,R,S
1773.43569,ERS5317546,S,NA,NA,S,NA,NA,NA,NA,S,NA,S,S,NA,NA,NA,S,NA,NA,NA,NA,S,R
1773.32371,ERS5281294,S,NA,NA,S,NA,NA,NA,NA,S,NA,S,S,NA,NA,NA,S,NA,NA,NA,NA,S,R
1773.32557,ERS5281574,S,NA,NA,S,NA,NA,NA,NA,S,NA,S,S,NA,NA,NA,S,NA,NA,NA,NA,S,S
1773.35198,ERS5302391,S,NA,NA,S,NA,NA,NA,NA,S,NA,S,S,NA,NA,NA,S,NA,NA,NA,NA,R,R
1773.36679,ERS5312590,S,NA,NA,S,NA,NA,NA,NA,S,NA,S,S,NA,NA,NA,S,NA,NA,NA,NA,R,R
1773.39451,ERS6403241,S,NA,NA,S,NA,NA,NA,NA,S,NA,S,S,NA,NA,NA,S,NA,NA,NA,NA,R,R
1773.43376,ERS5317345,S,NA,NA,S,NA,NA,NA,NA,S,NA,S,S,NA,NA,NA,S,NA,NA,NA,NA,S,S
1773.19068,ERR163945,S,NA,NA,S,NA,NA,NA,NA,S,NA,S,S,NA,NA,NA,S,NA,NA,NA,NA,S,S
1773.153,ERS096462,S,NA,NA,S,NA,NA,NA,NA,R,NA,R,NA,NA,NA,R,S,NA,S,S,NA,R,R
1773.155,ERS094210,S,NA,NA,S,NA,NA,NA,NA,R,NA,R,NA,NA,NA,S,S,NA,S,S,NA,R,R
1773.19982,ERR212060,S,NA,NA,S,NA,NA,NA,NA,S,NA,S,S,NA,NA,NA,S,NA,NA,NA,NA,S,R
1773.20648,ERR2124100,S,NA,NA,S,NA,NA,NA,NA,S,NA,R,S,NA,NA,NA,S,NA,NA,NA,NA,R,R
1773.21708,ERR3256261,S,NA,NA,S,NA,NA,NA,NA,S,NA,S,S,NA,NA,NA,S,NA,NA,NA,NA,S,S
1773.2551,ERR550803,NA,NA,NA,NA,NA,NA,NA,NA,S,NA,S,NA,NA,NA,NA,NA,NA,NA,S,NA,S,S
1773.2813,ERR552155,NA,NA,NA,NA,NA,NA,NA,NA,S,NA,S,NA,NA,NA,NA,NA,NA,NA,S,NA,S,S
1773.2918,ERR553158,NA,NA,NA,NA,NA,NA,NA,NA,S,NA,S,NA,NA,NA,NA,NA,NA,NA,S,NA,S,S
1773.2929,ERR551170,NA,NA,NA,NA,NA,NA,NA,NA,S,NA,S,NA,NA,NA,NA,NA,NA,NA,S,NA,S,S
1773.3035,ERR551607,NA,NA,NA,NA,NA,NA,NA,NA,S,NA,S,NA,NA,NA,NA,NA,NA,NA,S,NA,S,S
1773.3046,ERR553089,NA,NA,NA,NA,NA,NA,NA,NA,S,NA,S,NA,NA,NA,NA,NA,NA,NA,S,NA,S,S
1773.3064,ERR552025,NA,NA,NA,NA,NA,NA,NA,NA,S,NA,S,NA,NA,NA,NA,NA,NA,NA,S,NA,S,S
1773.3077,ERR551672,NA,NA,NA,NA,NA,NA,NA,NA,S,NA,S,NA,NA,NA,NA,NA,NA,NA,S,NA,S,S
1773.3082,ERR552154,NA,NA,NA,NA,NA,NA,NA,NA,S,NA,S,NA,NA,NA,NA,NA,NA,NA,S,NA,S,S
1773.3094,ERR552544,NA,NA,NA,NA,NA,NA,NA,NA,S,NA,S,NA,NA,NA,NA,NA,NA,NA,S,NA,S,S
1773.31306,ERS1987305,S,NA,NA,S,NA,NA,NA,NA,S,NA,S,S,NA,NA,NA,S,NA,NA,NA,NA,S,R
1773.3163,ERR551802,NA,NA,NA,NA,NA,NA,NA,NA,S,NA,S,NA,NA,NA,NA,NA,NA,NA,S,NA,S,S
1773.31911,ERS3371686,S,NA,NA,S,NA,NA,NA,NA,S,NA,R,S,NA,NA,NA,S,NA,NA,NA,NA,S,R
1773.32123,ERS3371909,S,NA,NA,S,NA,NA,NA,NA,S,NA,R,S,NA,NA,NA,S,NA,NA,NA,NA,S,R
1773.32175,ERS3371965,S,NA,NA,S,NA,NA,NA,NA,R,NA,R,S,NA,NA,NA,S,NA,NA,NA,NA,R,R
1773.32334,ERS5281238,S,NA,NA,S,NA,NA,NA,NA,S,NA,R,S,NA,NA,NA,S,NA,NA,NA,NA,S,R
1773.3297,ERR552354,NA,NA,NA,NA,NA,NA,NA,NA,S,NA,S,NA,NA,NA,NA,NA,NA,NA,S,NA,S,S
1773.33186,ERS5282408,S,NA,NA,S,NA,NA,NA,NA,S,NA,S,S,NA,NA,NA,S,NA,NA,NA,NA,S,S
1773.3346,ERR552336,NA,NA,NA,NA,NA,NA,NA,NA,S,NA,S,NA,NA,NA,NA,NA,NA,NA,S,NA,S,S
1773.3355,ERS5283169,S,NA,NA,S,NA,NA,NA,NA,R,NA,R,S,NA,NA,NA,S,NA,NA,NA,NA,R,R
1773.33701,ERS5298027,S,NA,NA,S,NA,NA,NA,NA,S,NA,R,S,NA,NA,NA,S,NA,NA,NA,NA,R,R
1773.3408,ERR550943,NA,NA,NA,NA,NA,NA,NA,NA,S,NA,S,NA,NA,NA,NA,NA,NA,NA,S,NA,S,S
1773.34092,ERS5298600,S,NA,NA,S,NA,NA,NA,NA,S,NA,S,S,NA,NA,NA,S,NA,NA,NA,NA,R,R
1773.34207,ERS5298733,S,NA,NA,S,NA,NA,NA,NA,S,NA,S,S,NA,NA,NA,S,NA,NA,NA,NA,R,R
1773.3475,ERR553102,NA,NA,NA,NA,NA,NA,NA,NA,S,NA,S,NA,NA,NA,NA,NA,NA,NA,S,NA,S,S
1773.34784,ERS5301825,S,NA,NA,S,NA,NA,NA,NA,S,NA,S,S,NA,NA,NA,S,NA,NA,NA,NA,S,R
1773.35016,ERS5302168,S,NA,NA,S,NA,NA,NA,NA,S,NA,S,S,NA,NA,NA,S,NA,NA,NA,NA,S,R
1773.3502,ERS5302178,S,NA,NA,S,NA,NA,NA,NA,S,NA,S,S,NA,NA,NA,S,NA,NA,NA,NA,R,R
1773.35201,ERS5302394,S,NA,NA,S,NA,NA,NA,NA,S,NA,S,S,NA,NA,NA,S,NA,NA,NA,NA,S,R
1773.35277,ERS5302500,S,NA,NA,S,NA,NA,NA,NA,S,NA,S,S,NA,NA,NA,S,NA,NA,NA,NA,R,R
1773.35314,ERS5302544,S,NA,NA,S,NA,NA,NA,NA,S,NA,S,S,NA,NA,NA,S,NA,NA,NA,NA,R,R
1773.35326,ERS5302558,S,NA,NA,S,NA,NA,NA,NA,S,NA,S,S,NA,NA,NA,S,NA,NA,NA,NA,S,R
1773.35707,ERS5303057,S,NA,NA,S,NA,NA,NA,NA,S,NA,R,S,NA,NA,NA,S,NA,NA,NA,NA,R,R
1773.36109,ERS5303636,S,NA,NA,S,NA,NA,NA,NA,S,NA,R,S,NA,NA,NA,S,NA,NA,NA,NA,S,R
1773.36345,ERS5304163,S,NA,NA,S,NA,NA,NA,NA,S,NA,S,S,NA,NA,NA,S,NA,NA,NA,NA,S,R
1773.36354,ERS5304166,S,NA,NA,S,NA,NA,NA,NA,S,NA,S,S,NA,NA,NA,S,NA,NA,NA,NA,R,R
1773.36797,ERS5317229,S,NA,NA,S,NA,NA,NA,NA,S,NA,R,S,NA,NA,NA,S,NA,NA,NA,NA,S,R
1773.37802,ERS5319237,S,NA,NA,S,NA,NA,NA,NA,R,NA,R,S,NA,NA,NA,S,NA,NA,NA,NA,R,R
1773.37967,ERS5319703,S,NA,NA,R,NA,NA,NA,NA,R,NA,R,S,NA,NA,NA,S,NA,NA,NA,NA,R,R
1773.37994,ERS5319731,S,NA,NA,R,NA,NA,NA,NA,R,NA,R,S,NA,NA,NA,S,NA,NA,NA,NA,R,R
1773.3832,ERR046975,NA,NA,NA,NA,NA,NA,NA,NA,S,NA,S,NA,NA,NA,NA,NA,NA,NA,S,NA,S,S
1773.39143,ERS6402891,S,NA,NA,S,NA,NA,NA,NA,S,NA,S,S,NA,NA,NA,S,NA,NA,NA,NA,R,R
1773.3984,SRR2100187,NA,NA,NA,NA,S,NA,NA,NA,S,NA,R,NA,NA,NA,NA,NA,NA,NA,S,NA,S,NA
1773.3999,SRR2100201,NA,NA,NA,NA,NA,NA,NA,NA,S,NA,S,NA,NA,NA,NA,NA,NA,NA,S,NA,S,NA
1773.39997,ERS6421549,S,NA,NA,R,NA,NA,NA,NA,S,NA,S,S,NA,NA,NA,S,NA,NA,NA,NA,S,R
1773.40122,ERS6421680,S,NA,NA,S,NA,NA,NA,NA,S,NA,S,S,NA,NA,NA,S,NA,NA,NA,NA,R,R
1773.40355,ERS6421990,S,NA,NA,S,NA,NA,NA,NA,S,NA,S,S,NA,NA,NA,S,NA,NA,NA,NA,R,R
1773.4044,ERS6422131,S,NA,NA,S,NA,NA,NA,NA,S,NA,S,S,NA,NA,NA,S,NA,NA,NA,NA,S,R
1773.40457,ERS6422153,S,NA,NA,S,NA,NA,NA,NA,S,NA,S,S,NA,NA,NA,S,NA,NA,NA,NA,S,R
1773.40461,ERS6422154,S,NA,NA,S,NA,NA,NA,NA,S,NA,S,S,NA,NA,NA,S,NA,NA,NA,NA,S,R
1773.412,SRR2100323,NA,NA,NA,NA,S,NA,NA,NA,S,NA,R,NA,NA,NA,NA,NA,NA,NA,S,NA,S,NA
1773.42474,ERS5283197,S,NA,S,S,NA,S,NA,R,S,S,S,S,S,S,S,S,S,NA,NA,S,R,R
1773.4253,ERS5283258,S,NA,S,S,NA,S,NA,S,S,R,S,S,R,S,S,S,S,NA,NA,S,S,R
1773.42981,ERS5301044,S,NA,NA,S,NA,NA,NA,NA,R,NA,R,S,NA,NA,NA,S,NA,NA,NA,NA,R,R
1773.42982,ERS5301066,S,NA,NA,S,NA,NA,NA,NA,S,NA,S,S,NA,NA,NA,S,NA,NA,NA,NA,S,R
1773.43346,ERS5319435,S,NA,NA,S,NA,NA,NA,NA,S,NA,S,S,NA,NA,NA,S,NA,NA,NA,NA,S,R
1773.43553,ERS5317496,S,NA,NA,S,NA,NA,NA,NA,S,NA,S,S,NA,NA,NA,S,NA,NA,NA,NA,S,S
1773.4369,SRR2100571,NA,NA,NA,NA,NA,NA,NA,NA,S,NA,S,NA,NA,NA,NA,NA,NA,NA,S,NA,S,NA
1773.4495,SRR2100698,NA,NA,NA,NA,NA,NA,NA,NA,S,NA,S,NA,NA,NA,NA,NA,NA,NA,S,NA,S,NA
1773.45,SRR2100703,NA,NA,NA,NA,NA,NA,NA,NA,S,NA,S,NA,NA,NA,NA,NA,NA,NA,S,NA,S,NA
1773.4576,SRR2100785,NA,NA,NA,NA,NA,NA,NA,NA,S,NA,S,NA,NA,NA,NA,NA,NA,NA,S,NA,S,NA
1773.4588,SRR2100797,NA,NA,NA,NA,NA,NA,NA,NA,S,NA,S,NA,NA,NA,NA,NA,NA,NA,S,NA,S,NA
1773.4621,SRR2100832,NA,NA,NA,NA,S,NA,NA,NA,S,NA,R,NA,NA,NA,NA,NA,NA,NA,S,NA,S,NA
1773.4632,SRR2100843,NA,NA,NA,NA,S,NA,NA,NA,S,NA,R,NA,NA,NA,NA,NA,NA,NA,S,NA,S,NA
1773.4675,SRR2100888,NA,NA,NA,NA,S,NA,NA,NA,S,NA,R,NA,NA,NA,NA,NA,NA,NA,S,NA,S,NA
1773.471,SRR2100926,NA,NA,NA,NA,NA,NA,NA,NA,S,NA,S,NA,NA,NA,NA,NA,NA,NA,S,NA,S,NA
1773.4739,SRR2100955,NA,NA,NA,NA,NA,NA,NA,NA,S,NA,S,NA,NA,NA,NA,NA,NA,NA,S,NA,S,NA
1773.48,SRR2101018,NA,NA,NA,NA,NA,NA,NA,NA,S,NA,S,NA,NA,NA,NA,NA,NA,NA,S,NA,S,NA
1773.4821,SRR2101040,NA,NA,NA,NA,NA,NA,NA,NA,S,NA,S,NA,NA,NA,NA,NA,NA,NA,S,NA,S,NA
1773.4829,SRR2101048,NA,NA,NA,NA,NA,NA,NA,NA,S,NA,S,NA,NA,NA,NA,NA,NA,NA,S,NA,S,NA
1773.4894,SRR2101117,NA,NA,NA,NA,NA,NA,NA,NA,S,NA,S,NA,NA,NA,NA,NA,NA,NA,S,NA,S,NA
1773.4901,SRR2101126,NA,NA,NA,NA,S,NA,NA,NA,S,NA,S,NA,NA,NA,NA,NA,NA,NA,S,NA,S,NA
1773.5749,SRR2099941,NA,NA,NA,NA,NA,NA,NA,NA,S,NA,S,NA,NA,NA,NA,NA,NA,NA,S,NA,S,NA
1773.5773,SRR2099966,NA,NA,NA,NA,NA,NA,NA,NA,S,NA,R,NA,NA,NA,NA,NA,NA,NA,S,NA,S,NA
1773.5779,SRR2099972,NA,NA,NA,NA,NA,NA,NA,NA,R,NA,S,NA,NA,NA,NA,NA,NA,NA,R,NA,NA,NA
1773.5802,SRR2099995,NA,NA,NA,NA,NA,NA,NA,NA,S,NA,S,NA,NA,NA,NA,NA,NA,NA,S,NA,S,NA
1773.5814,SRR2100007,NA,NA,NA,NA,NA,NA,NA,NA,S,NA,S,NA,NA,NA,NA,NA,NA,NA,S,NA,S,NA
1773.5927,SRR2101824,NA,NA,NA,NA,NA,NA,NA,NA,S,NA,S,NA,NA,NA,NA,NA,NA,NA,S,NA,S,S
1773.18658,ERR1034785,R,NA,NA,R,S,NA,S,NA,R,R,R,R,NA,NA,NA,S,S,NA,R,NA,R,R
1773.18992,ERR161128,S,NA,NA,S,NA,NA,NA,NA,S,NA,S,S,NA,NA,NA,S,NA,NA,NA,NA,S,R
1773.19435,ERR176788,S,NA,NA,S,NA,NA,NA,NA,S,NA,S,S,NA,NA,NA,S,NA,NA,NA,NA,S,S
1773.20935,ERR3256112,S,NA,NA,S,NA,NA,NA,NA,S,NA,R,S,NA,NA,NA,S,NA,NA,NA,NA,R,S
1773.29369,ERR2041941,S,NA,NA,S,NA,NA,NA,NA,S,NA,R,S,NA,NA,NA,S,NA,S,R,NA,S,R
1773.3107,ERS1987053,S,NA,NA,S,NA,NA,NA,NA,S,NA,S,S,NA,NA,NA,S,NA,NA,NA,NA,R,R
1773.31227,ERS1987229,S,NA,NA,S,NA,NA,NA,NA,S,NA,S,S,NA,NA,NA,S,NA,NA,NA,NA,S,R
1773.31259,ERS1987260,S,NA,NA,S,NA,NA,NA,NA,S,NA,S,S,NA,NA,NA,S,NA,NA,NA,NA,R,R
1773.31288,ERS1987293,S,NA,NA,S,NA,NA,NA,NA,S,NA,S,S,NA,NA,NA,S,NA,NA,NA,NA,S,R
1773.31298,ERS1987304,S,NA,NA,S,NA,NA,NA,NA,S,NA,S,S,NA,NA,NA,S,NA,NA,NA,NA,S,R
1773.31775,ERS3371535,S,NA,NA,S,NA,NA,NA,NA,S,NA,S,S,NA,NA,NA,S,NA,NA,NA,NA,R,R
1773.31882,ERS3371648,R,NA,NA,R,NA,NA,NA,NA,S,NA,R,R,NA,NA,NA,S,NA,NA,NA,NA,R,R
1773.31915,ERS3371680,S,NA,NA,S,NA,NA,NA,NA,S,NA,R,S,NA,NA,NA,S,NA,NA,NA,NA,R,R
1773.32382,ERS5281316,S,NA,NA,S,NA,NA,NA,NA,R,NA,R,S,NA,NA,NA,S,NA,NA,NA,NA,R,R
1773.32402,ERS5281346,S,NA,NA,S,NA,NA,NA,NA,R,NA,R,S,NA,NA,NA,S,NA,NA,NA,NA,R,R
1773.32465,ERS5281467,S,NA,NA,S,NA,NA,NA,NA,R,NA,R,S,NA,NA,NA,S,NA,NA,NA,NA,R,R
1773.32488,ERS5281493,S,NA,NA,S,NA,NA,NA,NA,R,NA,R,S,NA,NA,NA,S,NA,NA,NA,NA,R,R
1773.33103,ERS5282304,S,NA,NA,S,NA,NA,NA,NA,S,NA,S,S,NA,NA,NA,S,NA,NA,NA,NA,S,R
1773.33138,ERS5282353,S,NA,NA,S,NA,NA,NA,NA,S,NA,S,S,NA,NA,NA,S,NA,NA,NA,NA,R,R
1773.33242,ERS5282480,S,NA,NA,S,NA,NA,NA,NA,S,NA,S,S,NA,NA,NA,S,NA,NA,NA,NA,S,R
1773.3335,ERS5282610,S,NA,NA,S,NA,NA,NA,NA,R,NA,R,S,NA,NA,NA,S,NA,NA,NA,NA,R,R
1773.33388,ERS5282660,S,NA,NA,R,NA,NA,NA,NA,S,NA,R,S,NA,NA,NA,S,NA,NA,NA,NA,R,R
1773.33412,ERS5282694,S,NA,NA,S,NA,NA,NA,NA,R,NA,R,S,NA,NA,NA,S,NA,NA,NA,NA,R,R
1773.33461,ERS5282767,S,NA,NA,S,NA,NA,NA,NA,S,NA,S,S,NA,NA,NA,S,NA,NA,NA,NA,R,R
1773.33533,ERS5283069,S,NA,NA,S,NA,NA,NA,NA,S,NA,S,S,NA,NA,NA,S,NA,NA,NA,NA,R,R
1773.33558,ERS5283361,S,NA,NA,S,NA,NA,NA,NA,S,NA,S,S,NA,NA,NA,S,NA,NA,NA,NA,R,R
1773.33569,ERS5297850,S,NA,NA,S,NA,NA,NA,NA,S,NA,S,S,NA,NA,NA,S,NA,NA,NA,NA,S,R
1773.336,ERS5297893,R,NA,NA,R,NA,NA,NA,NA,S,NA,R,R,NA,NA,NA,S,NA,NA,NA,NA,R,S
1773.33604,ERS5297902,S,NA,NA,S,NA,NA,NA,NA,S,NA,S,S,NA,NA,NA,S,NA,NA,NA,NA,S,R
1773.3363,ERS5297936,S,NA,NA,S,NA,NA,NA,NA,S,NA,S,S,NA,NA,NA,S,NA,NA,NA,NA,S,R
1773.33773,ERS5298105,S,NA,NA,S,NA,NA,NA,NA,S,NA,S,S,NA,NA,NA,S,NA,NA,NA,NA,S,R
1773.33788,ERS5298115,S,NA,NA,S,NA,NA,NA,NA,S,NA,S,S,NA,NA,NA,S,NA,NA,NA,NA,R,R
1773.33812,ERS5298143,S,NA,NA,S,NA,NA,NA,NA,S,NA,S,S,NA,NA,NA,S,NA,NA,NA,NA,R,R
1773.33836,ERS5298161,S,NA,NA,S,NA,NA,NA,NA,S,NA,S,S,NA,NA,NA,S,NA,NA,NA,NA,S,R
1773.33857,ERS5298193,S,NA,NA,S,NA,NA,NA,NA,S,NA,S,S,NA,NA,NA,S,NA,NA,NA,NA,R,S
1773.33952,ERS5298293,S,NA,NA,S,NA,NA,NA,NA,S,NA,S,S,NA,NA,NA,S,NA,NA,NA,NA,R,S
1773.33969,ERS5298327,R,NA,NA,R,NA,NA,NA,NA,S,NA,R,R,NA,NA,NA,S,NA,NA,NA,NA,R,R
1773.33976,ERS5298314,S,NA,NA,S,NA,NA,NA,NA,S,NA,S,S,NA,NA,NA,S,NA,NA,NA,NA,S,R
1773.34105,ERS5298614,S,NA,NA,S,NA,NA,NA,NA,S,NA,S,S,NA,NA,NA,S,NA,NA,NA,NA,R,R
1773.34191,ERS5298705,S,NA,NA,S,NA,NA,NA,NA,S,NA,S,S,NA,NA,NA,S,NA,NA,NA,NA,R,R
1773.34293,ERS5298830,S,NA,NA,S,NA,NA,NA,NA,S,NA,S,S,NA,NA,NA,S,NA,NA,NA,NA,S,R
1773.34329,ERS5300559,S,NA,NA,S,NA,NA,NA,NA,S,NA,S,S,NA,NA,NA,S,NA,NA,NA,NA,R,R
1773.34332,ERS5300563,S,NA,NA,S,NA,NA,NA,NA,S,NA,R,S,NA,NA,NA,S,NA,NA,NA,NA,R,S
1773.34414,ERS5300649,R,NA,NA,R,NA,NA,NA,NA,R,NA,R,R,NA,NA,NA,S,NA,NA,NA,NA,R,R
1773.34528,ERS5300796,S,NA,NA,S,NA,NA,NA,NA,S,NA,S,S,NA,NA,NA,S,NA,NA,NA,NA,S,R
1773.34541,ERS5300815,S,NA,NA,S,NA,NA,NA,NA,S,NA,S,S,NA,NA,NA,S,NA,NA,NA,NA,S,R
1773.34653,ERS5301051,S,NA,NA,S,NA,NA,NA,NA,S,NA,R,S,NA,NA,NA,S,NA,NA,NA,NA,R,R
1773.34677,ERS5301088,S,NA,NA,R,NA,NA,NA,NA,S,NA,R,S,NA,NA,NA,S,NA,NA,NA,NA,R,R
1773.34686,ERS5301188,S,NA,NA,S,NA,NA,NA,NA,S,NA,S,S,NA,NA,NA,S,NA,NA,NA,NA,R,R
1773.34704,ERS5301226,S,NA,NA,S,NA,NA,NA,NA,S,NA,S,S,NA,NA,NA,S,NA,NA,NA,NA,R,R
1773.34717,ERS5301239,S,NA,NA,S,NA,NA,NA,NA,S,NA,S,S,NA,NA,NA,S,NA,NA,NA,NA,R,R
1773.3473,ERS5301257,S,NA,NA,S,NA,NA,NA,NA,S,NA,S,S,NA,NA,NA,S,NA,NA,NA,NA,R,R
1773.34768,ERS5301350,S,NA,NA,S,NA,NA,NA,NA,S,NA,S,S,NA,NA,NA,S,NA,NA,NA,NA,R,R
1773.34819,ERS5301879,S,NA,NA,S,NA,NA,NA,NA,S,NA,S,S,NA,NA,NA,S,NA,NA,NA,NA,R,R
1773.3499,ERS5302124,S,NA,NA,S,NA,NA,NA,NA,S,NA,S,S,NA,NA,NA,S,NA,NA,NA,NA,S,R
1773.35009,ERS5302160,S,NA,NA,S,NA,NA,NA,NA,S,NA,S,S,NA,NA,NA,S,NA,NA,NA,NA,S,R
1773.35121,ERS5302305,S,NA,NA,S,NA,NA,NA,NA,S,NA,S,S,NA,NA,NA,S,NA,NA,NA,NA,S,R
1773.35152,ERS5302343,S,NA,NA,S,NA,NA,NA,NA,S,NA,S,S,NA,NA,NA,S,NA,NA,NA,NA,S,R
1773.35154,ERS5302346,S,NA,NA,S,NA,NA,NA,NA,S,NA,S,S,NA,NA,NA,S,NA,NA,NA,NA,R,R
1773.3519,ERS5302379,S,NA,NA,S,NA,NA,NA,NA,S,NA,S,S,NA,NA,NA,S,NA,NA,NA,NA,R,R
1773.35339,ERS5302572,S,NA,NA,S,NA,NA,NA,NA,S,NA,S,S,NA,NA,NA,S,NA,NA,NA,NA,S,R
1773.35355,ERS5302588,S,NA,NA,S,NA,NA,NA,NA,S,NA,S,S,NA,NA,NA,S,NA,NA,NA,NA,S,R
1773.3544,ERS5302687,S,NA,NA,S,NA,NA,NA,NA,S,NA,S,S,NA,NA,NA,S,NA,NA,NA,NA,S,R
1773.35477,ERS5302732,S,NA,NA,S,NA,NA,NA,NA,S,NA,S,S,NA,NA,NA,S,NA,NA,NA,NA,S,R
1773.35693,ERS5303048,S,NA,NA,S,NA,NA,NA,NA,S,NA,R,S,NA,NA,NA,S,NA,NA,NA,NA,R,R
1773.35712,ERS5303065,R,NA,NA,R,NA,NA,NA,NA,S,NA,R,R,NA,NA,NA,S,NA,NA,NA,NA,R,R
1773.35724,ERS5303090,S,NA,NA,S,NA,NA,NA,NA,S,NA,S,S,NA,NA,NA,S,NA,NA,NA,NA,R,R
1773.3574,ERS5303109,S,NA,NA,S,NA,NA,NA,NA,S,NA,R,S,NA,NA,NA,S,NA,NA,NA,NA,R,R
1773.35866,ERS5303322,R,NA,NA,R,NA,NA,NA,NA,S,NA,R,R,NA,NA,NA,S,NA,NA,NA,NA,R,R
1773.35952,ERS5303445,S,NA,NA,S,NA,NA,NA,NA,S,NA,R,S,NA,NA,NA,S,NA,NA,NA,NA,R,R
1773.3631,ERS5304121,S,NA,NA,S,NA,NA,NA,NA,S,NA,R,S,NA,NA,NA,S,NA,NA,NA,NA,S,R
1773.3632,ERS5304132,S,NA,NA,S,NA,NA,NA,NA,S,NA,S,S,NA,NA,NA,S,NA,NA,NA,NA,S,R
1773.36462,ERS5312357,S,NA,NA,S,NA,NA,NA,NA,S,NA,R,S,NA,NA,NA,S,NA,NA,NA,NA,R,R
1773.36724,ERS5312642,S,NA,NA,S,NA,NA,NA,NA,S,NA,S,S,NA,NA,NA,S,NA,NA,NA,NA,R,R
1773.36831,ERS5317278,S,NA,NA,S,NA,NA,NA,NA,S,NA,R,S,NA,NA,NA,S,NA,NA,NA,NA,R,R
1773.36859,ERS5317548,S,NA,NA,S,NA,NA,NA,NA,S,NA,S,S,NA,NA,NA,S,NA,NA,NA,NA,R,R
1773.36871,ERS5317572,S,NA,NA,S,NA,NA,NA,NA,S,NA,S,S,NA,NA,NA,S,NA,NA,NA,NA,S,S
1773.36881,ERS5317585,S,NA,NA,S,NA,NA,NA,NA,S,NA,S,S,NA,NA,NA,S,NA,NA,NA,NA,R,R
1773.36935,ERS5317656,S,NA,NA,S,NA,NA,NA,NA,S,NA,S,S,NA,NA,NA,S,NA,NA,NA,NA,R,R
1773.36988,ERS5317712,S,NA,NA,S,NA,NA,NA,NA,S,NA,R,S,NA,NA,NA,S,NA,NA,NA,NA,S,R
1773.37859,ERS5319487,S,NA,NA,R,NA,NA,NA,NA,S,NA,S,S,NA,NA,NA,S,NA,NA,NA,NA,R,R
1773.379,ERS5319528,S,NA,NA,S,NA,NA,NA,NA,S,NA,R,S,NA,NA,NA,S,NA,NA,NA,NA,R,R
1773.37974,ERS5319712,S,NA,NA,S,NA,NA,NA,NA,S,NA,S,S,NA,NA,NA,S,NA,NA,NA,NA,R,R
1773.38629,ERS5320452,S,NA,NA,S,NA,NA,NA,NA,S,NA,S,S,NA,NA,NA,S,NA,NA,NA,NA,S,R
1773.38656,ERS5320479,S,NA,NA,S,NA,NA,NA,NA,S,NA,S,S,NA,NA,NA,S,NA,NA,NA,NA,R,R
1773.38666,ERS5320488,S,NA,NA,S,NA,NA,NA,NA,S,NA,S,S,NA,NA,NA,S,NA,NA,NA,NA,R,R
1773.39319,ERS6403092,S,NA,NA,S,NA,NA,NA,NA,S,NA,R,S,NA,NA,NA,S,NA,NA,NA,NA,R,S
1773.39341,ERS6403114,S,NA,NA,R,NA,NA,NA,NA,S,NA,S,S,NA,NA,NA,S,NA,NA,NA,NA,S,R
1773.39378,ERS6403152,S,NA,NA,S,NA,NA,NA,NA,S,NA,S,S,NA,NA,NA,S,NA,NA,NA,NA,S,R
1773.39478,ERS6403284,S,NA,NA,S,NA,NA,NA,NA,S,NA,S,S,NA,NA,NA,S,NA,NA,NA,NA,S,S
1773.39505,ERS6403302,S,NA,NA,S,NA,NA,NA,NA,S,NA,S,S,NA,NA,NA,S,NA,NA,NA,NA,S,R
1773.39523,ERS6403335,S,NA,NA,S,NA,NA,NA,NA,S,NA,R,S,NA,NA,NA,S,NA,NA,NA,NA,R,R
1773.39532,ERS6403338,R,NA,NA,R,NA,NA,NA,NA,S,NA,R,R,NA,NA,NA,S,NA,NA,NA,NA,S,S
1773.39552,ERS6403361,R,NA,NA,R,NA,NA,NA,NA,S,NA,R,R,NA,NA,NA,S,NA,NA,NA,NA,R,S
1773.39553,ERS6403365,S,NA,NA,S,NA,NA,NA,NA,R,NA,S,S,NA,NA,NA,S,NA,NA,NA,NA,S,R
1773.39558,ERS6403372,R,NA,NA,R,NA,NA,NA,NA,S,NA,R,R,NA,NA,NA,S,NA,NA,NA,NA,R,R
1773.39571,ERS6403388,R,NA,NA,R,NA,NA,NA,NA,R,NA,R,R,NA,NA,NA,R,NA,NA,NA,NA,R,S
1773.39711,ERS6403537,S,NA,NA,S,NA,NA,NA,NA,S,NA,S,S,NA,NA,NA,S,NA,NA,NA,NA,S,R
1773.39739,ERS6403569,S,NA,NA,S,NA,NA,NA,NA,S,NA,R,S,NA,NA,NA,S,NA,NA,NA,NA,R,R
1773.39955,ERS6421501,S,NA,NA,S,NA,NA,NA,NA,S,NA,S,S,NA,NA,NA,S,NA,NA,NA,NA,S,R
1773.39973,ERS6421520,S,NA,NA,R,NA,NA,NA,NA,S,NA,S,S,NA,NA,NA,S,NA,NA,NA,NA,S,R
1773.40086,ERS6421641,S,NA,NA,S,NA,NA,NA,NA,S,NA,S,S,NA,NA,NA,S,NA,NA,NA,NA,R,R
1773.40114,ERS6421672,S,NA,NA,S,NA,NA,NA,NA,S,NA,S,S,NA,NA,NA,S,NA,NA,NA,NA,R,R
1773.40127,ERS6421689,S,NA,NA,S,NA,NA,NA,NA,R,NA,R,S,NA,NA,NA,S,NA,NA,NA,NA,R,R
1773.40202,ERS6421769,S,NA,NA,S,NA,NA,NA,NA,S,NA,S,S,NA,NA,NA,S,NA,NA,NA,NA,S,R
1773.40247,ERS6421813,S,NA,NA,S,NA,NA,NA,NA,S,NA,S,S,NA,NA,NA,S,NA,NA,NA,NA,S,R
1773.40294,ERS6421903,S,NA,NA,S,NA,NA,NA,NA,S,NA,R,S,NA,NA,NA,S,NA,NA,NA,NA,S,S
1773.4032,ERS6421931,S,NA,NA,S,NA,NA,NA,NA,S,NA,S,S,NA,NA,NA,S,NA,NA,NA,NA,S,S
1773.40328,ERS6421943,S,NA,NA,R,NA,NA,NA,NA,S,NA,S,S,NA,NA,NA,S,NA,NA,NA,NA,R,R
1773.40371,ERS6422010,S,NA,NA,S,NA,NA,NA,NA,S,NA,S,S,NA,NA,NA,S,NA,NA,NA,NA,S,R
1773.40393,ERS6422031,S,NA,NA,S,NA,NA,NA,NA,R,NA,R,S,NA,NA,NA,R,NA,NA,NA,NA,R,S
1773.40412,ERS6422051,S,NA,NA,S,NA,NA,NA,NA,S,NA,R,S,NA,NA,NA,S,NA,NA,NA,NA,R,R
1773.40465,ERS6422157,S,NA,NA,S,NA,NA,NA,NA,S,NA,S,S,NA,NA,NA,S,NA,NA,NA,NA,S,R
1773.40813,ERS5281371,S,NA,S,S,NA,R,NA,S,R,R,R,S,R,S,R,S,R,NA,NA,R,R,R
1773.42205,ERS5282908,S,NA,S,S,NA,S,NA,S,S,S,S,S,R,S,S,S,S,NA,NA,S,S,R
1773.42385,ERS5283105,S,NA,S,S,NA,S,NA,S,S,S,S,S,S,S,S,S,S,NA,NA,S,R,R
1773.42473,ERS5283200,S,NA,S,S,NA,S,NA,R,R,R,S,S,R,S,R,S,S,NA,NA,S,S,S
1773.42484,ERS5283209,S,NA,S,S,NA,R,NA,S,R,R,R,S,R,S,R,S,S,NA,NA,R,R,R
1773.42531,ERS5283259,R,NA,S,R,NA,S,NA,S,R,R,R,R,R,S,R,R,R,NA,NA,R,R,R
1773.42971,ERS5301006,S,NA,NA,S,NA,NA,NA,NA,S,NA,R,S,NA,NA,NA,S,NA,NA,NA,NA,S,R
1773.4299,ERS5301199,S,NA,NA,S,NA,NA,NA,NA,S,NA,S,S,NA,NA,NA,S,NA,NA,NA,NA,R,R
1773.43007,ERS5301288,S,NA,NA,S,NA,NA,NA,NA,S,NA,S,S,NA,NA,NA,S,NA,NA,NA,NA,R,R
1773.43021,ERS5301306,S,NA,NA,R,NA,NA,NA,NA,S,NA,S,S,NA,NA,NA,S,NA,NA,NA,NA,S,R
1773.43042,ERS5301347,S,NA,NA,S,NA,NA,NA,NA,S,NA,S,S,NA,NA,NA,S,NA,NA,NA,NA,R,R
1773.43052,ERS5301369,S,NA,NA,S,NA,NA,NA,NA,S,NA,S,S,NA,NA,NA,S,NA,NA,NA,NA,R,R
1773.43079,ERS5312408,S,NA,NA,S,NA,NA,NA,NA,R,NA,R,S,NA,NA,NA,S,NA,NA,NA,NA,R,R
1773.43385,ERS5317324,S,NA,NA,S,NA,NA,NA,NA,S,NA,R,S,NA,NA,NA,S,NA,NA,NA,NA,R,R
1773.43399,ERS5317369,S,NA,NA,S,NA,NA,NA,NA,S,NA,S,S,NA,NA,NA,S,NA,NA,NA,NA,R,R
1773.43455,ERS5317377,S,NA,NA,S,NA,NA,NA,NA,S,NA,S,S,NA,NA,NA,S,NA,NA,NA,NA,R,S
1773.43534,ERS5317463,S,NA,NA,S,NA,NA,NA,NA,S,NA,S,S,NA,NA,NA,S,NA,NA,NA,NA,S,S
1773.18299,ERR1035283,S,NA,NA,S,NA,NA,NA,NA,R,NA,R,S,NA,NA,NA,R,NA,NA,NA,NA,R,R
1773.19445,ERR176794,S,NA,NA,S,NA,NA,NA,NA,S,NA,S,S,NA,NA,NA,S,NA,NA,NA,NA,R,R
1773.19508,ERR181699,S,NA,NA,S,NA,NA,NA,NA,S,NA,S,S,NA,NA,NA,S,NA,NA,NA,NA,R,R
1773.20955,ERR3256134,S,NA,NA,S,NA,NA,NA,NA,S,NA,R,S,NA,NA,NA,S,NA,NA,NA,NA,R,R
1773.31286,ERS1987287,S,NA,NA,S,NA,NA,NA,NA,S,NA,S,S,NA,NA,NA,S,NA,NA,NA,NA,R,R
1773.33191,ERS5282423,S,NA,NA,S,NA,NA,NA,NA,R,NA,R,S,NA,NA,NA,S,NA,NA,NA,NA,R,R
1773.33409,ERS5282689,S,NA,NA,S,NA,NA,NA,NA,R,NA,R,S,NA,NA,NA,S,NA,NA,NA,NA,R,R
1773.33419,ERS5282704,S,NA,NA,S,NA,NA,NA,NA,R,NA,R,S,NA,NA,NA,S,NA,NA,NA,NA,R,R
1773.3345,ERS5282740,S,NA,NA,S,NA,NA,NA,NA,S,NA,S,S,NA,NA,NA,S,NA,NA,NA,NA,S,S
1773.3393,ERS5298272,S,NA,NA,R,NA,NA,NA,NA,S,NA,S,S,NA,NA,NA,S,NA,NA,NA,NA,S,R
1773.34094,ERS5298604,S,NA,NA,S,NA,NA,NA,NA,S,NA,S,S,NA,NA,NA,S,NA,NA,NA,NA,R,R
1773.3411,ERS5298621,S,NA,NA,S,NA,NA,NA,NA,S,NA,S,S,NA,NA,NA,S,NA,NA,NA,NA,S,R
1773.34272,ERS5298810,S,NA,NA,S,NA,NA,NA,NA,S,NA,S,S,NA,NA,NA,S,NA,NA,NA,NA,S,R
1773.34518,ERS5300785,S,NA,NA,S,NA,NA,NA,NA,S,NA,S,S,NA,NA,NA,S,NA,NA,NA,NA,R,R
1773.34632,ERS5301017,S,NA,NA,S,NA,NA,NA,NA,S,NA,R,S,NA,NA,NA,S,NA,NA,NA,NA,R,R
1773.34959,ERS5302084,S,NA,NA,S,NA,NA,NA,NA,S,NA,S,S,NA,NA,NA,S,NA,NA,NA,NA,S,R
1773.35351,ERS5302585,S,NA,NA,S,NA,NA,NA,NA,S,NA,S,S,NA,NA,NA,S,NA,NA,NA,NA,S,R
1773.36936,ERS5317658,S,NA,NA,S,NA,NA,NA,NA,S,NA,S,S,NA,NA,NA,S,NA,NA,NA,NA,S,S
1773.36983,ERS5317705,S,NA,NA,S,NA,NA,NA,NA,S,NA,S,S,NA,NA,NA,S,NA,NA,NA,NA,R,R
1773.37837,ERS5319468,S,NA,NA,S,NA,NA,NA,NA,S,NA,S,S,NA,NA,NA,S,NA,NA,NA,NA,S,R
1773.37987,ERS5319726,S,NA,NA,S,NA,NA,NA,NA,S,NA,S,S,NA,NA,NA,S,NA,NA,NA,NA,S,R
1773.38539,ERS5320358,S,NA,NA,S,NA,NA,NA,NA,S,NA,S,S,NA,NA,NA,S,NA,NA,NA,NA,R,R
1773.3863,ERS5320454,S,NA,NA,S,NA,NA,NA,NA,S,NA,S,S,NA,NA,NA,S,NA,NA,NA,NA,S,R
1773.39027,ERS6402743,S,NA,NA,S,NA,NA,NA,NA,S,NA,S,S,NA,NA,NA,S,NA,NA,NA,NA,S,S
1773.39747,ERS6403576,R,NA,NA,R,NA,NA,NA,NA,S,NA,R,R,NA,NA,NA,R,NA,NA,NA,NA,R,S
1773.39992,ERS6421541,S,NA,NA,S,NA,NA,NA,NA,S,NA,S,S,NA,NA,NA,S,NA,NA,NA,NA,S,R
1773.40279,ERS6421883,S,NA,NA,S,NA,NA,NA,NA,S,NA,R,S,NA,NA,NA,S,NA,NA,NA,NA,R,S
1773.40348,ERS6421980,S,NA,NA,S,NA,NA,NA,NA,S,NA,S,S,NA,NA,NA,S,NA,NA,NA,NA,R,R
1773.4043,ERS6422065,S,NA,NA,S,NA,NA,NA,NA,S,NA,S,S,NA,NA,NA,S,NA,NA,NA,NA,S,R
1773.42294,ERS5283014,R,NA,S,R,NA,S,NA,S,S,R,R,R,S,S,S,R,R,NA,NA,R,R,R
1773.43424,ERS5317355,S,NA,NA,S,NA,NA,NA,NA,S,NA,S,S,NA,NA,NA,S,NA,NA,NA,NA,R,R
1773.43614,ERS6403373,S,NA,NA,S,NA,NA,NA,NA,S,NA,R,S,NA,NA,NA,S,NA,NA,NA,NA,R,R
1773.43645,ERS6421950,S,NA,NA,S,NA,NA,NA,NA,S,NA,S,S,NA,NA,NA,S,NA,NA,NA,NA,S,R
1773.18431,ERR1035208,S,NA,NA,S,NA,NA,NA,NA,S,NA,R,S,NA,NA,NA,S,NA,NA,S,NA,S,R
1773.18572,ERR1036289,S,NA,NA,S,NA,NA,NA,NA,S,R,R,R,NA,NA,NA,S,NA,NA,S,NA,R,R
1773.20996,ERR3256168,S,NA,NA,S,NA,NA,NA,NA,S,NA,S,S,NA,NA,NA,S,NA,NA,NA,NA,R,S
1773.20627,ERR1035134,S,NA,NA,S,NA,NA,NA,NA,S,NA,S,S,NA,NA,NA,S,NA,NA,NA,NA,S,S
1773.3323,ERS5282469,S,NA,NA,S,NA,NA,NA,NA,R,NA,R,S,NA,NA,NA,S,NA,NA,NA,NA,R,R
1773.34576,ERS5300858,S,NA,NA,S,NA,NA,NA,NA,S,NA,S,S,NA,NA,NA,S,NA,NA,NA,NA,R,R
1773.34964,ERS5302088,S,NA,NA,S,NA,NA,NA,NA,S,NA,S,S,NA,NA,NA,S,NA,NA,NA,NA,R,R
1773.36073,ERS5303594,S,NA,NA,S,NA,NA,NA,NA,S,NA,R,S,NA,NA,NA,S,NA,NA,NA,NA,R,R
1773.36517,ERS5312421,S,NA,NA,S,NA,NA,NA,NA,S,NA,R,S,NA,NA,NA,S,NA,NA,NA,NA,R,S
1773.36982,ERS5317711,S,NA,NA,S,NA,NA,NA,NA,S,NA,R,S,NA,NA,NA,S,NA,NA,NA,NA,R,R
1773.40435,ERS6422128,S,NA,NA,S,NA,NA,NA,NA,S,NA,S,S,NA,NA,NA,S,NA,NA,NA,NA,S,R
1773.42284,ERS5282991,R,NA,S,R,NA,S,NA,R,R,R,R,R,R,R,R,R,R,NA,NA,R,R,R
1773.43403,ERS5317376,S,NA,NA,S,NA,NA,NA,NA,S,NA,S,S,NA,NA,NA,S,NA,NA,NA,NA,R,R
1773.43528,ERS5317448,S,NA,NA,S,NA,NA,NA,NA,S,NA,S,S,NA,NA,NA,S,NA,NA,NA,NA,S,S
1773.43597,ERS6403332,S,NA,NA,S,NA,NA,NA,NA,S,NA,R,S,NA,NA,NA,S,NA,NA,NA,NA,S,S
1773.20464,ERR1035030,S,NA,NA,S,NA,NA,NA,NA,S,S,R,S,NA,NA,NA,R,NA,NA,NA,NA,R,R
1773.34353,ERS5300592,S,NA,NA,S,NA,NA,NA,NA,S,NA,S,S,NA,NA,NA,S,NA,NA,NA,NA,R,R
1773.36878,ERS5317579,S,NA,NA,S,NA,NA,NA,NA,S,NA,S,S,NA,NA,NA,S,NA,NA,NA,NA,S,S
1773.38432,ERS5320239,S,NA,NA,S,NA,NA,NA,NA,S,NA,S,S,NA,NA,NA,S,NA,NA,NA,NA,S,S
1773.42301,ERS5283009,S,NA,S,S,NA,S,NA,S,S,R,S,S,R,S,S,S,S,NA,NA,S,R,R
1773.43517,ERS5317420,S,NA,NA,S,NA,NA,NA,NA,S,NA,S,S,NA,NA,NA,S,NA,NA,NA,NA,R,R
1773.43565,ERS5317549,S,NA,NA,S,NA,NA,NA,NA,S,NA,S,S,NA,NA,NA,S,NA,NA,NA,NA,R,R
1773.43575,ERS5317467,S,NA,NA,S,NA,NA,NA,NA,S,NA,R,S,NA,NA,NA,S,NA,NA,NA,NA,S,R
1773.43586,ERS5317474,S,NA,NA,S,NA,NA,NA,NA,S,NA,S,S,NA,NA,NA,S,NA,NA,NA,NA,S,S
1773.18534,ERR1034885,S,NA,NA,R,NA,NA,S,NA,S,R,R,S,NA,NA,NA,R,S,NA,NA,NA,R,R
1773.40576,ERR3085950,S,NA,NA,S,NA,NA,NA,NA,S,NA,S,S,NA,NA,NA,S,NA,NA,NA,NA,S,S
1773.1282,ERS053634,R,NA,NA,R,NA,NA,NA,NA,R,NA,R,NA,NA,NA,S,S,NA,R,R,NA,R,R
1773.1725,ERS124796,NA,NA,NA,NA,NA,NA,NA,NA,S,NA,S,NA,NA,NA,NA,NA,NA,NA,S,NA,S,S
1773.18314,ERR1035308,S,NA,NA,S,NA,NA,NA,NA,S,NA,R,S,NA,NA,NA,S,NA,NA,NA,NA,R,R
1773.18533,ERR1034894,R,NA,NA,R,NA,NA,S,NA,R,R,R,R,NA,NA,NA,S,S,NA,NA,NA,R,R
1773.19062,ERR163942,S,NA,NA,S,NA,NA,NA,NA,S,NA,S,S,NA,NA,NA,S,NA,NA,NA,NA,S,R
1773.21008,ERR3256185,S,NA,NA,S,NA,NA,NA,NA,S,NA,S,S,NA,NA,NA,S,NA,NA,NA,NA,S,S
1773.251,ERR551462,NA,NA,NA,NA,NA,NA,NA,NA,S,NA,R,NA,NA,NA,NA,NA,NA,NA,S,NA,S,R
1773.2632,ERR551271,NA,NA,NA,NA,NA,NA,NA,NA,S,NA,S,NA,NA,NA,NA,NA,NA,NA,S,NA,S,S
1773.277,ERR552315,NA,NA,NA,NA,NA,NA,NA,NA,S,NA,S,NA,NA,NA,NA,NA,NA,NA,S,NA,S,S
1773.2772,ERR552960,NA,NA,NA,NA,NA,NA,NA,NA,S,NA,S,NA,NA,NA,NA,NA,NA,NA,S,NA,S,S
1773.2809,ERR550936,NA,NA,NA,NA,NA,NA,NA,NA,S,NA,R,NA,NA,NA,NA,NA,NA,NA,S,NA,S,S
1773.2991,ERR552880,NA,NA,NA,NA,NA,NA,NA,NA,S,NA,S,NA,NA,NA,NA,NA,NA,NA,S,NA,S,S
1773.3,ERR552382,NA,NA,NA,NA,NA,NA,NA,NA,S,NA,S,NA,NA,NA,NA,NA,NA,NA,S,NA,S,S
1773.3027,ERR551382,NA,NA,NA,NA,NA,NA,NA,NA,S,NA,S,NA,NA,NA,NA,NA,NA,NA,S,NA,S,S
1773.3095,ERR551322,NA,NA,NA,NA,NA,NA,NA,NA,S,NA,S,NA,NA,NA,NA,NA,NA,NA,S,NA,S,S
1773.31058,ERS1987036,S,NA,NA,S,NA,NA,NA,NA,S,NA,S,S,NA,NA,NA,S,NA,NA,NA,NA,S,R
1773.3108,ERR551579,NA,NA,NA,NA,NA,NA,NA,NA,S,NA,S,NA,NA,NA,NA,NA,NA,NA,S,NA,S,S
1773.31249,ERS1987257,S,NA,NA,S,NA,NA,NA,NA,S,NA,S,S,NA,NA,NA,S,NA,NA,NA,NA,S,R
1773.313,ERR552060,NA,NA,NA,NA,NA,NA,NA,NA,S,NA,S,NA,NA,NA,NA,NA,NA,NA,S,NA,S,S
1773.31903,ERS3371670,S,NA,NA,S,NA,NA,NA,NA,S,NA,R,S,NA,NA,NA,S,NA,NA,NA,NA,S,R
1773.3222,ERR551616,NA,NA,NA,NA,NA,NA,NA,NA,S,NA,S,NA,NA,NA,NA,NA,NA,NA,S,NA,S,S
1773.3257,ERR551522,NA,NA,NA,NA,NA,NA,NA,NA,S,NA,S,NA,NA,NA,NA,NA,NA,NA,S,NA,S,S
1773.3293,ERR551094,NA,NA,NA,NA,NA,NA,NA,NA,S,NA,S,NA,NA,NA,NA,NA,NA,NA,S,NA,S,S
1773.3373,ERR551873,NA,NA,NA,NA,NA,NA,NA,NA,S,NA,S,NA,NA,NA,NA,NA,NA,NA,S,NA,S,S
1773.33759,ERS5298090,S,NA,NA,S,NA,NA,NA,NA,S,NA,S,S,NA,NA,NA,S,NA,NA,NA,NA,S,R
1773.3376,ERS5298089,S,NA,NA,S,NA,NA,NA,NA,S,NA,R,S,NA,NA,NA,S,NA,NA,NA,NA,R,R
1773.33809,ERS5298142,S,NA,NA,S,NA,NA,NA,NA,S,NA,S,S,NA,NA,NA,S,NA,NA,NA,NA,R,R
1773.33846,ERS5298179,S,NA,NA,S,NA,NA,NA,NA,S,NA,S,S,NA,NA,NA,S,NA,NA,NA,NA,R,S
1773.34136,ERS5298646,S,NA,NA,S,NA,NA,NA,NA,S,NA,S,S,NA,NA,NA,S,NA,NA,NA,NA,S,R
1773.3421,ERR551860,NA,NA,NA,NA,NA,NA,NA,NA,S,NA,R,NA,NA,NA,NA,NA,NA,NA,S,NA,S,R
1773.344,ERR553135,NA,NA,NA,NA,NA,NA,NA,NA,S,NA,S,NA,NA,NA,NA,NA,NA,NA,S,NA,S,S
1773.3443,ERR551366,NA,NA,NA,NA,NA,NA,NA,NA,S,NA,R,NA,NA,NA,NA,NA,NA,NA,S,NA,R,R
1773.3446,ERR551762,NA,NA,NA,NA,NA,NA,NA,NA,S,NA,S,NA,NA,NA,NA,NA,NA,NA,S,NA,S,S
1773.34511,ERS5300777,S,NA,NA,S,NA,NA,NA,NA,S,NA,S,S,NA,NA,NA,S,NA,NA,NA,NA,S,R
1773.34555,ERS5300829,S,NA,NA,S,NA,NA,NA,NA,S,NA,R,S,NA,NA,NA,S,NA,NA,NA,NA,R,R
1773.3478,ERS5301823,S,NA,NA,S,NA,NA,NA,NA,S,NA,S,S,NA,NA,NA,S,NA,NA,NA,NA,S,R
1773.35022,ERS5302184,S,NA,NA,S,NA,NA,NA,NA,S,NA,S,S,NA,NA,NA,S,NA,NA,NA,NA,S,R
1773.35304,ERS5302527,S,NA,NA,S,NA,NA,NA,NA,S,NA,S,S,NA,NA,NA,S,NA,NA,NA,NA,S,R
1773.35441,ERS5302690,S,NA,NA,S,NA,NA,NA,NA,S,NA,S,S,NA,NA,NA,S,NA,NA,NA,NA,S,R
1773.35751,ERS5303125,S,NA,NA,S,NA,NA,NA,NA,S,NA,R,S,NA,NA,NA,S,NA,NA,NA,NA,R,R
1773.35861,ERS5303273,S,NA,NA,S,NA,NA,NA,NA,S,NA,R,S,NA,NA,NA,S,NA,NA,NA,NA,S,R
1773.35863,ERS5303271,S,NA,NA,S,NA,NA,NA,NA,S,NA,R,S,NA,NA,NA,S,NA,NA,NA,NA,S,S
1773.35935,ERS5303426,S,NA,NA,S,NA,NA,NA,NA,S,NA,S,S,NA,NA,NA,S,NA,NA,NA,NA,S,R
1773.35947,ERS5303437,S,NA,NA,S,NA,NA,NA,NA,S,NA,S,S,NA,NA,NA,S,NA,NA,NA,NA,S,R
1773.36371,ERS5304187,S,NA,NA,S,NA,NA,NA,NA,S,NA,S,S,NA,NA,NA,S,NA,NA,NA,NA,S,R
1773.36375,ERS5304195,S,NA,NA,S,NA,NA,NA,NA,S,NA,S,S,NA,NA,NA,S,NA,NA,NA,NA,R,R
1773.36597,ERS5312506,S,NA,NA,S,NA,NA,NA,NA,S,NA,S,S,NA,NA,NA,S,NA,NA,NA,NA,R,R
1773.37754,ERS5319179,S,NA,NA,S,NA,NA,NA,NA,S,NA,R,S,NA,NA,NA,R,NA,NA,NA,NA,R,R
1773.37914,ERS5319651,S,NA,NA,R,NA,NA,NA,NA,S,NA,R,S,NA,NA,NA,S,NA,NA,NA,NA,R,R
1773.38425,ERS5320232,S,NA,NA,S,NA,NA,NA,NA,S,NA,S,S,NA,NA,NA,S,NA,NA,NA,NA,S,R
1773.39342,ERS6403116,S,NA,NA,S,NA,NA,NA,NA,S,NA,S,S,NA,NA,NA,S,NA,NA,NA,NA,S,R
1773.39372,ERS6403146,S,NA,NA,S,NA,NA,NA,NA,S,NA,S,S,NA,NA,NA,S,NA,NA,NA,NA,R,R
1773.39373,ERS6403157,S,NA,NA,S,NA,NA,NA,NA,S,NA,R,S,NA,NA,NA,S,NA,NA,NA,NA,S,S
1773.39391,ERS6403170,S,NA,NA,S,NA,NA,NA,NA,S,NA,S,S,NA,NA,NA,S,NA,NA,NA,NA,R,R
1773.399,SRR2100192,NA,NA,NA,NA,NA,NA,NA,NA,S,NA,S,NA,NA,NA,NA,NA,NA,NA,S,NA,S,NA
1773.40221,ERS6421783,S,NA,NA,S,NA,NA,NA,NA,S,NA,S,S,NA,NA,NA,S,NA,NA,NA,NA,R,R
1773.4023,SRR2100223,NA,NA,NA,NA,NA,NA,NA,NA,S,NA,S,NA,NA,NA,NA,NA,NA,NA,S,NA,S,NA
1773.40304,ERS6421915,S,NA,NA,S,NA,NA,NA,NA,S,NA,S,S,NA,NA,NA,S,NA,NA,NA,NA,S,R
1773.40305,ERS6421916,S,NA,NA,S,NA,NA,NA,NA,S,NA,S,S,NA,NA,NA,S,NA,NA,NA,NA,S,R
1773.4037,SRR2100237,NA,NA,NA,NA,NA,NA,NA,NA,S,NA,S,NA,NA,NA,NA,NA,NA,NA,S,NA,S,NA
1773.40426,ERS6422062,S,NA,NA,S,NA,NA,NA,NA,S,NA,R,S,NA,NA,NA,S,NA,NA,NA,NA,S,R
1773.4058,SRR2100259,NA,NA,NA,NA,S,NA,NA,NA,S,NA,R,NA,NA,NA,NA,NA,NA,NA,S,NA,S,NA
1773.42526,ERS5283254,S,NA,S,S,NA,S,NA,S,S,S,S,S,S,S,S,R,S,NA,NA,S,R,R
1773.43105,ERS5301817,S,NA,NA,S,NA,NA,NA,NA,S,NA,S,S,NA,NA,NA,S,NA,NA,NA,NA,S,R
1773.43128,ERS5301925,S,NA,NA,S,NA,NA,NA,NA,S,NA,S,S,NA,NA,NA,S,NA,NA,NA,NA,R,R
1773.43196,ERS5302064,S,NA,NA,S,NA,NA,NA,NA,S,NA,S,S,NA,NA,NA,S,NA,NA,NA,NA,S,R
1773.4344,SRR2100546,NA,NA,NA,NA,NA,NA,NA,NA,S,NA,S,NA,NA,NA,NA,NA,NA,NA,S,NA,S,NA
1773.4504,SRR2100707,NA,NA,NA,NA,NA,NA,NA,NA,S,NA,S,NA,NA,NA,NA,NA,NA,NA,S,NA,S,NA
1773.4552,SRR2100759,NA,NA,NA,NA,NA,NA,NA,NA,S,NA,S,NA,NA,NA,NA,NA,NA,NA,S,NA,S,NA
1773.4569,SRR2100778,NA,NA,NA,NA,NA,NA,NA,NA,S,NA,S,NA,NA,NA,NA,NA,NA,NA,S,NA,S,NA
1773.4672,SRR2100885,NA,NA,NA,NA,S,NA,NA,NA,S,NA,R,NA,NA,NA,NA,NA,NA,NA,S,NA,S,NA
1773.4777,SRR2100994,NA,NA,NA,NA,NA,NA,NA,NA,S,NA,S,NA,NA,NA,NA,NA,NA,NA,S,NA,S,NA
1773.4909,SRR2101135,NA,NA,NA,NA,NA,NA,NA,NA,S,NA,S,NA,NA,NA,NA,NA,NA,NA,S,NA,S,NA
1773.5178,SRR2101509,S,S,NA,S,NA,NA,NA,NA,S,NA,S,S,NA,NA,S,NA,NA,NA,S,NA,S,S
1773.5726,ERR400375,NA,NA,NA,NA,NA,NA,NA,NA,S,NA,S,NA,NA,NA,NA,NA,NA,NA,S,NA,S,S
1773.573,ERR400379,NA,NA,NA,NA,NA,NA,NA,NA,NA,NA,S,NA,NA,NA,NA,NA,NA,NA,NA,NA,NA,NA
1773.5795,SRR2099988,NA,NA,NA,NA,NA,NA,NA,NA,S,NA,R,NA,NA,NA,NA,NA,NA,NA,S,NA,S,NA
1773.5853,SRR2100046,NA,NA,NA,NA,NA,NA,NA,NA,S,NA,S,NA,NA,NA,NA,NA,NA,NA,S,NA,S,NA
1773.18662,ERR1034783,S,NA,NA,S,R,NA,S,NA,R,S,R,S,NA,NA,NA,S,S,NA,R,NA,R,S
1773.18973,ERR161120,S,NA,NA,S,NA,NA,NA,NA,S,NA,S,S,NA,NA,NA,S,NA,NA,NA,NA,S,R
1773.2101,ERR3256186,S,NA,NA,S,NA,NA,NA,NA,S,NA,S,S,NA,NA,NA,S,NA,NA,NA,NA,R,S
1773.29164,ERS1157831,S,NA,NA,S,NA,NA,NA,NA,S,R,S,S,NA,NA,NA,S,NA,NA,R,NA,S,S
1773.29375,ERR2041938,S,NA,NA,S,NA,NA,S,NA,R,NA,R,S,NA,NA,NA,S,R,R,R,NA,R,R
1773.31044,ERS1987023,S,NA,NA,S,NA,NA,NA,NA,S,NA,S,S,NA,NA,NA,S,NA,NA,NA,NA,S,R
1773.31233,ERS1987227,S,NA,NA,S,NA,NA,NA,NA,S,NA,S,S,NA,NA,NA,S,NA,NA,NA,NA,S,R
1773.31279,ERS1987284,S,NA,NA,S,NA,NA,NA,NA,S,NA,S,S,NA,NA,NA,S,NA,NA,NA,NA,R,R
1773.31807,ERS3371569,S,NA,NA,S,NA,NA,NA,NA,S,NA,S,S,NA,NA,NA,S,NA,NA,NA,NA,R,R
1773.31862,ERS3371627,S,NA,NA,S,NA,NA,NA,NA,S,NA,R,S,NA,NA,NA,S,NA,NA,NA,NA,R,R
1773.32045,ERS3371819,S,NA,NA,S,NA,NA,NA,NA,S,NA,R,S,NA,NA,NA,S,NA,NA,NA,NA,S,R
1773.3208,ERS3371865,S,NA,NA,S,NA,NA,NA,NA,S,NA,R,S,NA,NA,NA,S,NA,NA,NA,NA,S,R
1773.32203,ERS3371995,S,NA,NA,S,NA,NA,NA,NA,S,NA,S,S,NA,NA,NA,S,NA,NA,NA,NA,R,R
1773.32236,ERS3372037,S,NA,NA,S,NA,NA,NA,NA,R,NA,R,S,NA,NA,NA,S,NA,NA,NA,NA,R,R
1773.32237,ERS3372040,S,NA,NA,S,NA,NA,NA,NA,R,NA,R,S,NA,NA,NA,S,NA,NA,NA,NA,R,R
1773.32253,ERS3372054,R,NA,NA,R,NA,NA,NA,NA,R,NA,R,R,NA,NA,NA,S,NA,NA,NA,NA,R,R
1773.32332,ERS5281239,S,NA,NA,S,NA,NA,NA,NA,S,NA,S,S,NA,NA,NA,S,NA,NA,NA,NA,S,S
1773.32366,ERS5281285,S,NA,NA,S,NA,NA,NA,NA,S,NA,S,S,NA,NA,NA,S,NA,NA,NA,NA,S,S
1773.32394,ERS5281335,S,NA,NA,S,NA,NA,NA,NA,R,NA,R,S,NA,NA,NA,R,NA,NA,NA,NA,R,R
1773.32395,ERS5281339,R,NA,NA,R,NA,NA,NA,NA,S,NA,R,R,NA,NA,NA,R,NA,NA,NA,NA,R,R
1773.32421,ERS5281378,S,NA,NA,S,NA,NA,NA,NA,R,NA,R,S,NA,NA,NA,S,NA,NA,NA,NA,R,R
1773.3246,ERS5281453,S,NA,NA,S,NA,NA,NA,NA,R,NA,R,S,NA,NA,NA,S,NA,NA,NA,NA,R,R
1773.3247,ERS5281474,S,NA,NA,R,NA,NA,NA,NA,R,NA,R,S,NA,NA,NA,S,NA,NA,NA,NA,R,R
1773.32517,ERS5281530,S,NA,NA,S,NA,NA,NA,NA,S,NA,R,S,NA,NA,NA,S,NA,NA,NA,NA,R,R
1773.32711,ERS5281801,S,NA,NA,S,NA,NA,NA,NA,S,NA,R,S,NA,NA,NA,S,NA,NA,NA,NA,R,R
1773.32979,ERS5282150,S,NA,NA,S,NA,NA,NA,NA,S,NA,S,S,NA,NA,NA,S,NA,NA,NA,NA,R,R
1773.33132,ERS5282345,S,NA,NA,S,NA,NA,NA,NA,R,NA,R,S,NA,NA,NA,S,NA,NA,NA,NA,R,R
1773.33139,ERS5282349,S,NA,NA,S,NA,NA,NA,NA,S,NA,R,S,NA,NA,NA,S,NA,NA,NA,NA,R,R
1773.3315,ERS5282363,S,NA,NA,S,NA,NA,NA,NA,R,NA,R,S,NA,NA,NA,S,NA,NA,NA,NA,R,R
1773.33199,ERS5282418,S,NA,NA,S,NA,NA,NA,NA,R,NA,R,S,NA,NA,NA,R,NA,NA,NA,NA,R,R
1773.33474,ERS5282781,S,NA,NA,S,NA,NA,NA,NA,S,NA,R,S,NA,NA,NA,S,NA,NA,NA,NA,R,R
1773.33489,ERS5282807,S,NA,NA,S,NA,NA,NA,NA,S,NA,S,S,NA,NA,NA,S,NA,NA,NA,NA,R,R
1773.33572,ERS5297857,S,NA,NA,S,NA,NA,NA,NA,S,NA,R,S,NA,NA,NA,S,NA,NA,NA,NA,R,R
1773.33594,ERS5297884,R,NA,NA,R,NA,NA,NA,NA,S,NA,R,R,NA,NA,NA,S,NA,NA,NA,NA,R,S
1773.33774,ERS5298106,S,NA,NA,S,NA,NA,NA,NA,S,NA,S,S,NA,NA,NA,S,NA,NA,NA,NA,S,S
1773.33843,ERS5298177,S,NA,NA,S,NA,NA,NA,NA,S,NA,S,S,NA,NA,NA,S,NA,NA,NA,NA,R,S
1773.33913,ERS5298250,S,NA,NA,S,NA,NA,NA,NA,S,NA,R,S,NA,NA,NA,S,NA,NA,NA,NA,R,R
1773.33929,ERS5298265,S,NA,NA,S,NA,NA,NA,NA,S,NA,S,S,NA,NA,NA,S,NA,NA,NA,NA,S,R
1773.33949,ERS5298290,S,NA,NA,S,NA,NA,NA,NA,S,NA,S,S,NA,NA,NA,S,NA,NA,NA,NA,S,S
1773.34069,ERS5298574,S,NA,NA,S,NA,NA,NA,NA,S,NA,S,S,NA,NA,NA,S,NA,NA,NA,NA,S,R
1773.34107,ERS5298616,S,NA,NA,S,NA,NA,NA,NA,S,NA,S,S,NA,NA,NA,S,NA,NA,NA,NA,R,R
1773.3415,ERS5298662,S,NA,NA,S,NA,NA,NA,NA,S,NA,S,S,NA,NA,NA,S,NA,NA,NA,NA,S,R
1773.34203,ERS5298717,S,NA,NA,S,NA,NA,NA,NA,S,NA,S,S,NA,NA,NA,S,NA,NA,NA,NA,R,R
1773.34283,ERS5298821,R,NA,NA,R,NA,NA,NA,NA,R,NA,R,R,NA,NA,NA,S,NA,NA,NA,NA,R,R
1773.34302,ERS5300534,S,NA,NA,R,NA,NA,NA,NA,S,NA,S,S,NA,NA,NA,S,NA,NA,NA,NA,S,R
1773.34352,ERS5300591,S,NA,NA,S,NA,NA,NA,NA,S,NA,S,S,NA,NA,NA,S,NA,NA,NA,NA,R,R
1773.34355,ERS5300584,S,NA,NA,S,NA,NA,NA,NA,S,NA,R,S,NA,NA,NA,S,NA,NA,NA,NA,R,R
1773.34465,ERS5300730,S,NA,NA,S,NA,NA,NA,NA,S,NA,S,S,NA,NA,NA,S,NA,NA,NA,NA,S,R
1773.34489,ERS5300757,S,NA,NA,S,NA,NA,NA,NA,S,NA,S,S,NA,NA,NA,S,NA,NA,NA,NA,S,S
1773.34533,ERS5300802,S,NA,NA,S,NA,NA,NA,NA,S,NA,S,S,NA,NA,NA,S,NA,NA,NA,NA,S,R
1773.34578,ERS5300851,S,NA,NA,S,NA,NA,NA,NA,S,NA,S,S,NA,NA,NA,S,NA,NA,NA,NA,S,R
1773.34604,ERS5300921,S,NA,NA,S,NA,NA,NA,NA,S,NA,S,S,NA,NA,NA,S,NA,NA,NA,NA,R,R
1773.34617,ERS5300966,S,NA,NA,R,NA,NA,NA,NA,S,NA,S,S,NA,NA,NA,S,NA,NA,NA,NA,R,R
1773.34736,ERS5301267,S,NA,NA,S,NA,NA,NA,NA,S,NA,S,S,NA,NA,NA,S,NA,NA,NA,NA,R,R
1773.3477,ERS5301362,S,NA,NA,S,NA,NA,NA,NA,S,NA,S,S,NA,NA,NA,S,NA,NA,NA,NA,R,R
1773.3485,ERS5301923,S,NA,NA,S,NA,NA,NA,NA,S,NA,S,S,NA,NA,NA,S,NA,NA,NA,NA,S,R
1773.35192,ERS5302385,S,NA,NA,S,NA,NA,NA,NA,S,NA,S,S,NA,NA,NA,S,NA,NA,NA,NA,R,R
1773.35274,ERS5302494,S,NA,NA,S,NA,NA,NA,NA,S,NA,S,S,NA,NA,NA,S,NA,NA,NA,NA,S,R
1773.35276,ERS5302495,S,NA,NA,S,NA,NA,NA,NA,S,NA,S,S,NA,NA,NA,S,NA,NA,NA,NA,S,R
1773.3529,ERS5302511,S,NA,NA,S,NA,NA,NA,NA,S,NA,S,S,NA,NA,NA,S,NA,NA,NA,NA,S,R
1773.35394,ERS5302633,S,NA,NA,S,NA,NA,NA,NA,S,NA,S,S,NA,NA,NA,S,NA,NA,NA,NA,S,R
1773.35607,ERS5302892,S,NA,NA,S,NA,NA,NA,NA,S,NA,S,S,NA,NA,NA,S,NA,NA,NA,NA,R,R
1773.35699,ERS5303052,S,NA,NA,S,NA,NA,NA,NA,S,NA,R,S,NA,NA,NA,S,NA,NA,NA,NA,R,R
1773.35717,ERS5303081,S,NA,NA,S,NA,NA,NA,NA,S,NA,R,S,NA,NA,NA,S,NA,NA,NA,NA,S,R
1773.35748,ERS5303119,S,NA,NA,S,NA,NA,NA,NA,S,NA,S,S,NA,NA,NA,S,NA,NA,NA,NA,S,R
1773.35841,ERS5303243,R,NA,NA,R,NA,NA,NA,NA,R,NA,R,R,NA,NA,NA,S,NA,NA,NA,NA,S,R
1773.36079,ERS5303597,S,NA,NA,S,NA,NA,NA,NA,S,NA,R,S,NA,NA,NA,S,NA,NA,NA,NA,S,R
1773.36104,ERS5303632,S,NA,NA,S,NA,NA,NA,NA,S,NA,R,S,NA,NA,NA,S,NA,NA,NA,NA,R,R
1773.3616,ERS5303914,S,NA,NA,S,NA,NA,NA,NA,S,NA,S,S,NA,NA,NA,S,NA,NA,NA,NA,S,R
1773.36177,ERS5303934,S,NA,NA,S,NA,NA,NA,NA,S,NA,R,S,NA,NA,NA,S,NA,NA,NA,NA,R,R
1773.36202,ERS5303962,S,NA,NA,S,NA,NA,NA,NA,S,NA,S,S,NA,NA,NA,S,NA,NA,NA,NA,S,R
1773.36502,ERS5312388,S,NA,NA,S,NA,NA,NA,NA,S,NA,R,S,NA,NA,NA,S,NA,NA,NA,NA,R,R
1773.36606,ERS5312516,S,NA,NA,S,NA,NA,NA,NA,S,NA,S,S,NA,NA,NA,S,NA,NA,NA,NA,S,R
1773.36656,ERS5312567,S,NA,NA,S,NA,NA,NA,NA,S,NA,S,S,NA,NA,NA,S,NA,NA,NA,NA,R,R
1773.3667,ERS5312581,S,NA,NA,R,NA,NA,NA,NA,S,NA,S,S,NA,NA,NA,S,NA,NA,NA,NA,R,R
1773.367,ERS5312613,S,NA,NA,S,NA,NA,NA,NA,S,NA,S,S,NA,NA,NA,S,NA,NA,NA,NA,R,R
1773.36701,ERS5312615,S,NA,NA,S,NA,NA,NA,NA,R,NA,R,S,NA,NA,NA,S,NA,NA,NA,NA,R,R
1773.36778,ERS5312705,S,NA,NA,S,NA,NA,NA,NA,S,NA,S,S,NA,NA,NA,S,NA,NA,NA,NA,R,R
1773.36803,ERS5317239,S,NA,NA,S,NA,NA,NA,NA,S,NA,S,S,NA,NA,NA,S,NA,NA,NA,NA,S,S
1773.3686,ERS5317545,S,NA,NA,S,NA,NA,NA,NA,S,NA,S,S,NA,NA,NA,S,NA,NA,NA,NA,R,R
1773.37766,ERS5319189,S,NA,NA,S,NA,NA,NA,NA,S,NA,S,S,NA,NA,NA,S,NA,NA,NA,NA,S,R
1773.37771,ERS5319201,S,NA,NA,S,NA,NA,NA,NA,S,NA,S,S,NA,NA,NA,S,NA,NA,NA,NA,R,R
1773.37824,ERS5319445,S,NA,NA,R,NA,NA,NA,NA,S,NA,S,S,NA,NA,NA,S,NA,NA,NA,NA,S,R
1773.38393,ERS5320188,S,NA,NA,S,NA,NA,NA,NA,S,NA,S,S,NA,NA,NA,S,NA,NA,NA,NA,S,R
1773.38426,ERS5320231,S,NA,NA,S,NA,NA,NA,NA,S,NA,S,S,NA,NA,NA,S,NA,NA,NA,NA,S,R
1773.38643,ERS5320467,S,NA,NA,S,NA,NA,NA,NA,S,NA,S,S,NA,NA,NA,S,NA,NA,NA,NA,S,R
1773.3926,ERS6403025,S,NA,NA,S,NA,NA,NA,NA,S,NA,S,S,NA,NA,NA,S,NA,NA,NA,NA,R,R
1773.39278,ERS6403047,S,NA,NA,S,NA,NA,NA,NA,S,NA,R,S,NA,NA,NA,S,NA,NA,NA,NA,S,R
1773.39299,ERS6403070,S,NA,NA,S,NA,NA,NA,NA,S,NA,S,S,NA,NA,NA,S,NA,NA,NA,NA,R,R
1773.39327,ERS6403099,S,NA,NA,S,NA,NA,NA,NA,S,NA,S,S,NA,NA,NA,S,NA,NA,NA,NA,S,R
1773.3935,ERS6403124,S,NA,NA,S,NA,NA,NA,NA,S,NA,S,S,NA,NA,NA,S,NA,NA,NA,NA,S,R
1773.39383,ERS6403147,S,NA,NA,S,NA,NA,NA,NA,S,NA,S,S,NA,NA,NA,S,NA,NA,NA,NA,S,R
1773.39445,ERS6403224,S,NA,NA,S,NA,NA,NA,NA,S,NA,S,S,NA,NA,NA,S,NA,NA,NA,NA,S,R
1773.39456,ERS6403250,R,NA,NA,R,NA,NA,NA,NA,S,NA,R,R,NA,NA,NA,R,NA,NA,NA,NA,R,S
1773.39458,ERS6403249,R,NA,NA,R,NA,NA,NA,NA,S,NA,R,R,NA,NA,NA,R,NA,NA,NA,NA,S,S
1773.39709,ERS6403535,S,NA,NA,S,NA,NA,NA,NA,S,NA,S,S,NA,NA,NA,S,NA,NA,NA,NA,S,R
1773.39722,ERS6403555,S,NA,NA,S,NA,NA,NA,NA,S,NA,S,S,NA,NA,NA,S,NA,NA,NA,NA,S,R
1773.39814,ERS6403664,S,NA,NA,S,NA,NA,NA,NA,S,NA,S,S,NA,NA,NA,S,NA,NA,NA,NA,R,R
1773.40002,ERS6421555,S,NA,NA,R,NA,NA,NA,NA,S,NA,S,S,NA,NA,NA,S,NA,NA,NA,NA,S,R
1773.40007,ERS6421550,S,NA,NA,S,NA,NA,NA,NA,S,NA,S,S,NA,NA,NA,S,NA,NA,NA,NA,S,R
1773.40089,ERS6421643,S,NA,NA,S,NA,NA,NA,NA,S,NA,S,S,NA,NA,NA,S,NA,NA,NA,NA,R,R
1773.40182,ERS6421746,S,NA,NA,S,NA,NA,NA,NA,S,NA,S,S,NA,NA,NA,S,NA,NA,NA,NA,S,S
1773.40266,ERS6421861,S,NA,NA,S,NA,NA,NA,NA,S,NA,R,S,NA,NA,NA,R,NA,NA,NA,NA,R,S
1773.40402,ERS6422037,S,NA,NA,S,NA,NA,NA,NA,S,NA,R,S,NA,NA,NA,S,NA,NA,NA,NA,S,R
1773.40833,ERS5281392,S,NA,S,S,NA,S,NA,S,S,R,S,S,R,R,S,S,S,NA,NA,S,S,S
1773.40839,ERS5281400,S,NA,S,S,NA,S,NA,S,R,R,R,S,R,S,R,S,S,NA,NA,R,R,R
1773.41211,ERS5281832,S,NA,S,S,NA,S,NA,S,R,S,R,S,R,S,S,S,S,NA,NA,R,R,R
1773.41643,ERS5282323,S,NA,S,S,NA,S,NA,S,S,R,S,S,R,S,S,S,S,NA,NA,S,S,S
1773.41645,ERS5282319,S,NA,S,S,NA,S,NA,S,S,R,S,S,R,S,R,S,S,NA,NA,R,R,R
1773.42041,ERS5282738,S,NA,S,S,NA,S,NA,S,S,S,R,S,R,S,R,S,S,NA,NA,R,R,R
1773.42211,ERS5282918,S,NA,S,S,NA,S,NA,S,S,S,S,S,R,S,S,S,S,NA,NA,S,R,R
1773.42266,ERS5282971,S,NA,S,S,NA,S,NA,S,R,R,R,S,R,S,R,S,S,NA,NA,R,R,R
1773.42269,ERS5282976,S,NA,S,S,NA,S,NA,R,S,S,S,S,R,S,R,S,R,NA,NA,S,S,S
1773.42316,ERS5283031,S,NA,S,S,NA,S,NA,R,R,R,R,S,R,S,R,S,R,NA,NA,R,R,R
1773.4233,ERS5283048,S,NA,S,S,NA,R,NA,R,R,S,S,S,R,S,S,S,S,NA,NA,S,R,R
1773.42343,ERS5283064,S,NA,S,S,NA,S,NA,S,R,R,R,S,R,S,R,S,S,NA,NA,R,R,R
1773.42367,ERS5283088,S,NA,S,S,NA,S,NA,S,R,R,R,S,S,S,S,S,S,NA,NA,R,R,R
1773.42387,ERS5283116,S,NA,S,S,NA,S,NA,S,S,S,S,S,R,S,S,S,S,NA,NA,S,R,R
1773.42441,ERS5283174,S,NA,S,S,NA,S,NA,S,R,R,R,S,R,S,R,S,S,NA,NA,R,R,R
1773.42504,ERS5283230,S,NA,S,S,NA,S,NA,S,S,S,S,S,S,S,S,S,S,NA,NA,S,R,R
1773.42694,ERR7361963,S,NA,NA,S,NA,NA,NA,NA,S,NA,S,S,NA,NA,NA,S,NA,NA,NA,NA,S,R
1773.43014,ERS5301297,S,NA,NA,S,NA,NA,NA,NA,S,NA,S,S,NA,NA,NA,S,NA,NA,NA,NA,R,R
1773.43022,ERS5301310,S,NA,NA,S,NA,NA,NA,NA,S,NA,S,S,NA,NA,NA,S,NA,NA,NA,NA,R,R
1773.4316,ERS5302164,S,NA,NA,S,NA,NA,NA,NA,S,NA,S,S,NA,NA,NA,S,NA,NA,NA,NA,R,R
1773.43244,ERS5302713,S,NA,NA,S,NA,NA,NA,NA,S,NA,S,S,NA,NA,NA,S,NA,NA,NA,NA,S,R
1773.43351,ERS5319462,S,NA,NA,S,NA,NA,NA,NA,S,NA,S,S,NA,NA,NA,S,NA,NA,NA,NA,S,R
1773.43498,ERS5317560,S,NA,NA,S,NA,NA,NA,NA,S,NA,S,S,NA,NA,NA,S,NA,NA,NA,NA,R,R
1773.43543,ERS5317485,S,NA,NA,S,NA,NA,NA,NA,S,NA,R,S,NA,NA,NA,S,NA,NA,NA,NA,R,R
1773.43607,ERS6403316,R,NA,NA,R,NA,NA,NA,NA,S,NA,R,R,NA,NA,NA,S,NA,NA,NA,NA,R,S
1773.18464,ERR1034812,S,NA,NA,S,NA,NA,S,NA,S,S,R,S,NA,NA,NA,S,S,NA,NA,NA,R,R
1773.20654,ERR2124105,S,NA,NA,R,NA,NA,NA,NA,S,NA,R,S,NA,NA,NA,S,NA,NA,NA,NA,R,S
1773.21045,ERR3256225,S,NA,NA,S,NA,NA,NA,NA,S,NA,S,S,NA,NA,NA,S,NA,NA,NA,NA,S,S
1773.21694,ERR3256240,S,NA,NA,S,NA,NA,NA,NA,S,NA,S,S,NA,NA,NA,S,NA,NA,NA,NA,S,R
1773.21695,ERR3256247,S,NA,NA,S,NA,NA,NA,NA,S,NA,S,R,NA,NA,NA,S,NA,NA,NA,NA,R,R
1773.2341,ERR2120261,S,NA,NA,S,NA,NA,NA,NA,S,NA,R,S,NA,NA,S,S,NA,NA,R,NA,R,R
1773.32257,ERS3372058,R,NA,NA,R,NA,NA,NA,NA,S,NA,R,R,NA,NA,NA,S,NA,NA,NA,NA,R,R
1773.32375,ERS5281301,S,NA,NA,S,NA,NA,NA,NA,S,NA,R,S,NA,NA,NA,S,NA,NA,NA,NA,R,R
1773.32541,ERS5281563,S,NA,NA,S,NA,NA,NA,NA,S,NA,S,S,NA,NA,NA,S,NA,NA,NA,NA,S,S
1773.33197,ERS5282429,R,NA,NA,R,NA,NA,NA,NA,R,NA,R,R,NA,NA,NA,S,NA,NA,NA,NA,R,R
1773.33317,ERS5282572,S,NA,NA,R,NA,NA,NA,NA,S,NA,S,S,NA,NA,NA,S,NA,NA,NA,NA,R,R
1773.33457,ERS5282761,S,NA,NA,S,NA,NA,NA,NA,S,NA,R,S,NA,NA,NA,S,NA,NA,NA,NA,R,R
1773.33978,ERS5298316,R,NA,NA,R,NA,NA,NA,NA,S,NA,R,R,NA,NA,NA,S,NA,NA,NA,NA,S,S
1773.34373,ERS5300603,S,NA,NA,R,NA,NA,NA,NA,S,NA,S,S,NA,NA,NA,S,NA,NA,NA,NA,R,R
1773.35733,ERS5303110,S,NA,NA,S,NA,NA,NA,NA,S,NA,R,S,NA,NA,NA,S,NA,NA,NA,NA,R,R
1773.3585,ERS5303261,R,NA,NA,R,NA,NA,NA,NA,R,NA,R,R,NA,NA,NA,R,NA,NA,NA,NA,R,R
1773.36809,ERS5317247,S,NA,NA,S,NA,NA,NA,NA,S,NA,S,S,NA,NA,NA,S,NA,NA,NA,NA,S,S
1773.36835,ERS5317282,S,NA,NA,S,NA,NA,NA,NA,S,NA,R,S,NA,NA,NA,S,NA,NA,NA,NA,R,R
1773.36955,ERS5317673,S,NA,NA,S,NA,NA,NA,NA,S,NA,S,S,NA,NA,NA,S,NA,NA,NA,NA,S,S
1773.37015,ERS5317751,S,NA,NA,S,NA,NA,NA,NA,S,NA,S,S,NA,NA,NA,S,NA,NA,NA,NA,R,R
1773.37046,ERS5317774,S,NA,NA,S,NA,NA,NA,NA,S,NA,S,S,NA,NA,NA,S,NA,NA,NA,NA,R,R
1773.37985,ERS5319725,S,NA,NA,S,NA,NA,NA,NA,S,NA,S,S,NA,NA,NA,S,NA,NA,NA,NA,S,R
1773.38694,ERS5320589,S,NA,NA,S,NA,NA,NA,NA,S,NA,R,S,NA,NA,NA,S,NA,NA,NA,NA,S,R
1773.39521,ERS6403331,R,NA,NA,R,NA,NA,NA,NA,S,NA,R,S,NA,NA,NA,S,NA,NA,NA,NA,R,R
1773.39728,ERS6403543,S,NA,NA,S,NA,NA,NA,NA,R,NA,R,S,NA,NA,NA,S,NA,NA,NA,NA,R,R
1773.39991,ERS6421540,S,NA,NA,S,NA,NA,NA,NA,S,NA,S,S,NA,NA,NA,S,NA,NA,NA,NA,S,R
1773.42483,ERS5283210,S,NA,S,S,NA,S,NA,S,S,S,S,S,S,S,S,S,S,NA,NA,S,S,R
1773.43419,ERS5317328,S,NA,NA,S,NA,NA,NA,NA,S,NA,S,S,NA,NA,NA,S,NA,NA,NA,NA,R,R
1773.18487,ERR1034827,S,NA,NA,S,NA,NA,S,NA,S,R,R,S,NA,NA,NA,S,S,NA,NA,NA,R,R
1773.18592,ERR1035256,S,NA,NA,S,NA,NA,NA,NA,S,NA,S,S,NA,NA,NA,S,NA,NA,S,NA,S,R
1773.18596,ERR1034716,S,NA,NA,S,NA,NA,NA,NA,S,NA,R,S,NA,NA,NA,S,NA,NA,S,NA,R,R
1773.32367,ERS5281288,S,NA,NA,S,NA,NA,NA,NA,S,NA,S,S,NA,NA,NA,S,NA,NA,NA,NA,S,S
1773.33455,ERS5282747,S,NA,NA,S,NA,NA,NA,NA,S,NA,S,S,NA,NA,NA,S,NA,NA,NA,NA,R,R
1773.33479,ERS5282785,S,NA,NA,S,NA,NA,NA,NA,S,NA,R,S,NA,NA,NA,R,NA,NA,NA,NA,R,R
1773.33517,ERS5282902,S,NA,NA,S,NA,NA,NA,NA,R,NA,R,S,NA,NA,NA,S,NA,NA,NA,NA,R,R
1773.33527,ERS5283054,S,NA,NA,S,NA,NA,NA,NA,R,NA,R,S,NA,NA,NA,S,NA,NA,NA,NA,R,R
1773.34037,ERS5298542,S,NA,NA,S,NA,NA,NA,NA,S,NA,S,S,NA,NA,NA,S,NA,NA,NA,NA,S,R
1773.35434,ERS5302684,S,NA,NA,S,NA,NA,NA,NA,S,NA,S,S,NA,NA,NA,S,NA,NA,NA,NA,R,R
1773.35447,ERS5302710,S,NA,NA,S,NA,NA,NA,NA,S,NA,S,S,NA,NA,NA,S,NA,NA,NA,NA,R,R
1773.36695,ERS5312610,S,NA,NA,S,NA,NA,NA,NA,S,NA,S,S,NA,NA,NA,S,NA,NA,NA,NA,R,R
1773.36865,ERS5317563,S,NA,NA,S,NA,NA,NA,NA,S,NA,S,S,NA,NA,NA,S,NA,NA,NA,NA,S,R
1773.37065,ERS5317798,S,NA,NA,S,NA,NA,NA,NA,S,NA,S,S,NA,NA,NA,S,NA,NA,NA,NA,S,R
1773.38476,ERS5320284,S,NA,NA,S,NA,NA,NA,NA,S,NA,S,S,NA,NA,NA,S,NA,NA,NA,NA,R,R
1773.38533,ERS5320353,S,NA,NA,S,NA,NA,NA,NA,S,NA,S,S,NA,NA,NA,S,NA,NA,NA,NA,R,R
1773.38587,ERS5320405,S,NA,NA,S,NA,NA,NA,NA,S,NA,S,S,NA,NA,NA,S,NA,NA,NA,NA,R,R
1773.38697,ERS5320599,S,NA,NA,R,NA,NA,NA,NA,S,NA,R,S,NA,NA,NA,R,NA,NA,NA,NA,R,R
1773.40226,ERS6421792,S,NA,NA,S,NA,NA,NA,NA,S,NA,S,S,NA,NA,NA,S,NA,NA,NA,NA,S,R
1773.40444,ERS6422138,S,NA,NA,S,NA,NA,NA,NA,S,NA,S,S,NA,NA,NA,S,NA,NA,NA,NA,S,R
1773.40798,ERS5281355,S,NA,S,S,NA,S,NA,S,S,R,R,S,R,S,R,S,R,NA,NA,R,R,R
1773.42378,ERS5283102,S,NA,S,S,NA,S,NA,R,R,S,R,S,R,R,R,S,S,NA,NA,R,R,R
1773.32694,ERS5281759,S,NA,NA,S,NA,NA,NA,NA,S,NA,S,S,NA,NA,NA,S,NA,NA,NA,NA,S,S
1773.36877,ERS5317575,S,NA,NA,S,NA,NA,NA,NA,S,NA,S,S,NA,NA,NA,S,NA,NA,NA,NA,R,R
1773.38573,ERS5320397,S,NA,NA,S,NA,NA,NA,NA,R,NA,R,S,NA,NA,NA,S,NA,NA,NA,NA,R,R
1773.38615,ERS5320440,S,NA,NA,S,NA,NA,NA,NA,S,NA,S,S,NA,NA,NA,S,NA,NA,NA,NA,R,R
1773.42232,ERS5282940,S,NA,S,S,NA,S,NA,S,S,S,S,S,R,S,S,S,S,NA,NA,S,S,S
1773.43384,ERS5317344,S,NA,NA,S,NA,NA,NA,NA,S,NA,S,S,NA,NA,NA,S,NA,NA,NA,NA,S,S
1773.33173,ERS5282388,S,NA,NA,S,NA,NA,NA,NA,S,NA,S,S,NA,NA,NA,S,NA,NA,NA,NA,S,S
1773.3652,ERS5312427,S,NA,NA,S,NA,NA,NA,NA,S,NA,R,S,NA,NA,NA,S,NA,NA,NA,NA,R,R
1773.36639,ERS5312550,S,NA,NA,S,NA,NA,NA,NA,S,NA,S,S,NA,NA,NA,S,NA,NA,NA,NA,R,R
1773.36948,ERS5317662,S,NA,NA,S,NA,NA,NA,NA,S,NA,S,S,NA,NA,NA,S,NA,NA,NA,NA,S,S
1773.1027,ERS124808,S,NA,NA,S,NA,NA,NA,NA,R,NA,R,NA,NA,NA,S,S,NA,R,S,NA,R,R
1773.18856,ERR124649,S,NA,NA,S,NA,NA,NA,NA,S,NA,S,S,NA,NA,NA,S,NA,NA,NA,NA,S,R
1773.19661,ERR181869,S,NA,NA,S,NA,NA,NA,NA,S,NA,S,S,NA,NA,NA,S,NA,NA,S,NA,S,S
1773.19738,ERR181944,S,NA,NA,S,NA,NA,NA,NA,S,NA,S,S,NA,NA,NA,S,NA,NA,NA,NA,R,R
1773.20177,ERR221610,S,NA,NA,S,NA,NA,NA,NA,S,NA,S,S,NA,NA,NA,S,NA,NA,S,NA,S,S
1773.21728,ERR3256282,S,NA,NA,S,NA,NA,NA,NA,S,NA,S,S,NA,NA,NA,S,NA,NA,NA,NA,S,S
1773.2472,ERR551803,NA,NA,NA,NA,NA,NA,NA,NA,S,NA,S,NA,NA,NA,NA,NA,NA,NA,S,NA,S,S
1773.2501,ERR552050,NA,NA,NA,NA,NA,NA,NA,NA,S,NA,S,NA,NA,NA,NA,NA,NA,NA,R,NA,S,S
1773.2556,ERR551323,NA,NA,NA,NA,NA,NA,NA,NA,S,NA,S,NA,NA,NA,NA,NA,NA,NA,S,NA,S,S
1773.262,ERR551664,NA,NA,NA,NA,NA,NA,NA,NA,S,NA,S,NA,NA,NA,NA,NA,NA,NA,S,NA,S,S
1773.265,ERR552268,NA,NA,NA,NA,NA,NA,NA,NA,S,NA,S,NA,NA,NA,NA,NA,NA,NA,S,NA,S,S
1773.2715,ERR553340,NA,NA,NA,NA,NA,NA,NA,NA,S,NA,S,NA,NA,NA,NA,NA,NA,NA,S,NA,S,S
1773.2749,ERR551742,NA,NA,NA,NA,NA,NA,NA,NA,S,NA,S,NA,NA,NA,NA,NA,NA,NA,S,NA,S,S
1773.2754,ERR551149,NA,NA,NA,NA,NA,NA,NA,NA,S,NA,S,NA,NA,NA,NA,NA,NA,NA,S,NA,S,S
1773.2838,ERR552290,NA,NA,NA,NA,NA,NA,NA,NA,S,NA,S,NA,NA,NA,NA,NA,NA,NA,S,NA,S,S
1773.2865,ERR552085,NA,NA,NA,NA,NA,NA,NA,NA,S,NA,S,NA,NA,NA,NA,NA,NA,NA,S,NA,S,S
1773.2874,ERR551087,NA,NA,NA,NA,NA,NA,NA,NA,S,NA,S,NA,NA,NA,NA,NA,NA,NA,S,NA,S,S
1773.2903,ERR553119,NA,NA,NA,NA,NA,NA,NA,NA,S,NA,S,NA,NA,NA,NA,NA,NA,NA,S,NA,S,S
1773.2938,ERR552477,NA,NA,NA,NA,NA,NA,NA,NA,S,NA,S,NA,NA,NA,NA,NA,NA,NA,S,NA,S,S
1773.2974,ERR551988,NA,NA,NA,NA,NA,NA,NA,NA,S,NA,S,NA,NA,NA,NA,NA,NA,NA,S,NA,S,S
1773.298,ERR550747,NA,NA,NA,NA,NA,NA,NA,NA,S,NA,S,NA,NA,NA,NA,NA,NA,NA,S,NA,S,S
1773.2996,ERR552988,NA,NA,NA,NA,NA,NA,NA,NA,S,NA,S,NA,NA,NA,NA,NA,NA,NA,S,NA,S,S
1773.3009,ERR551286,NA,NA,NA,NA,NA,NA,NA,NA,S,NA,S,NA,NA,NA,NA,NA,NA,NA,S,NA,S,S
1773.308,ERR551274,NA,NA,NA,NA,NA,NA,NA,NA,S,NA,S,NA,NA,NA,NA,NA,NA,NA,S,NA,S,S
1773.3083,ERR553256,NA,NA,NA,NA,NA,NA,NA,NA,S,NA,S,NA,NA,NA,NA,NA,NA,NA,S,NA,S,S
1773.31053,ERS1987032,S,NA,NA,S,NA,NA,NA,NA,S,NA,S,S,NA,NA,NA,S,NA,NA,NA,NA,R,R
1773.3109,ERR551390,NA,NA,NA,NA,NA,NA,NA,NA,S,NA,S,NA,NA,NA,NA,NA,NA,NA,S,NA,S,S
1773.3129,ERR550825,NA,NA,NA,NA,NA,NA,NA,NA,S,NA,S,NA,NA,NA,NA,NA,NA,NA,S,NA,S,R
1773.31295,ERS1987301,S,NA,NA,S,NA,NA,NA,NA,S,NA,S,S,NA,NA,NA,S,NA,NA,NA,NA,S,R
1773.31297,ERS1987303,S,NA,NA,S,NA,NA,NA,NA,S,NA,S,S,NA,NA,NA,S,NA,NA,NA,NA,S,R
1773.31354,ERS1987360,S,NA,NA,S,NA,NA,NA,NA,S,NA,S,S,NA,NA,NA,S,NA,NA,NA,NA,S,R
1773.31386,ERS1987398,S,NA,NA,S,NA,NA,NA,NA,S,NA,S,S,NA,NA,NA,S,NA,NA,NA,NA,S,R
1773.3184,ERR551957,NA,NA,NA,NA,NA,NA,NA,NA,R,NA,R,NA,NA,NA,R,NA,NA,NA,R,NA,R,R
1773.32195,ERS3371989,S,NA,NA,S,NA,NA,NA,NA,S,NA,R,S,NA,NA,NA,S,NA,NA,NA,NA,R,R
1773.32372,ERS5281296,S,NA,NA,S,NA,NA,NA,NA,S,NA,S,S,NA,NA,NA,S,NA,NA,NA,NA,R,R
1773.32512,ERS5281540,S,NA,NA,S,NA,NA,NA,NA,R,NA,R,S,NA,NA,NA,S,NA,NA,NA,NA,R,R
1773.3254,ERR553381,NA,NA,NA,NA,NA,NA,NA,NA,S,NA,S,NA,NA,NA,NA,NA,NA,NA,S,NA,S,S
1773.3262,ERR550805,NA,NA,NA,NA,NA,NA,NA,NA,S,NA,S,NA,NA,NA,NA,NA,NA,NA,S,NA,S,S
1773.33059,ERS5282249,S,NA,NA,S,NA,NA,NA,NA,S,NA,S,S,NA,NA,NA,S,NA,NA,NA,NA,S,R
1773.3312,ERR552615,NA,NA,NA,NA,NA,NA,NA,NA,S,NA,S,NA,NA,NA,NA,NA,NA,NA,S,NA,S,S
1773.3317,ERR552538,NA,NA,NA,NA,NA,NA,NA,NA,S,NA,S,NA,NA,NA,NA,NA,NA,NA,S,NA,S,S
1773.3338,ERR551152,NA,NA,NA,NA,NA,NA,NA,NA,S,NA,S,NA,NA,NA,NA,NA,NA,NA,S,NA,S,S
1773.3345,ERR553143,NA,NA,NA,NA,NA,NA,NA,NA,S,NA,S,NA,NA,NA,NA,NA,NA,NA,S,NA,S,S
1773.3401,ERR552595,NA,NA,NA,NA,NA,NA,NA,NA,S,NA,S,NA,NA,NA,NA,NA,NA,NA,S,NA,S,S
1773.34074,ERS5298578,S,NA,NA,S,NA,NA,NA,NA,S,NA,S,S,NA,NA,NA,S,NA,NA,NA,NA,S,R
1773.3419,ERR553034,NA,NA,NA,NA,NA,NA,NA,NA,S,NA,S,NA,NA,NA,NA,NA,NA,NA,S,NA,S,S
1773.34216,ERS5298725,S,NA,NA,S,NA,NA,NA,NA,S,NA,S,S,NA,NA,NA,S,NA,NA,NA,NA,S,R
1773.3435,ERR550722,NA,NA,NA,NA,NA,NA,NA,NA,S,NA,S,NA,NA,NA,NA,NA,NA,NA,S,NA,S,S
1773.34436,ERS5300688,S,NA,NA,S,NA,NA,NA,NA,R,NA,R,S,NA,NA,NA,S,NA,NA,NA,NA,R,R
1773.3451,ERR553259,NA,NA,NA,NA,NA,NA,NA,NA,S,NA,S,NA,NA,NA,NA,NA,NA,NA,S,NA,S,S
1773.34564,ERS5300846,S,NA,NA,S,NA,NA,NA,NA,R,NA,R,S,NA,NA,NA,S,NA,NA,NA,NA,S,S
1773.34685,ERS5301187,S,NA,NA,S,NA,NA,NA,NA,S,NA,S,S,NA,NA,NA,S,NA,NA,NA,NA,R,R
1773.34831,ERS5301897,S,NA,NA,S,NA,NA,NA,NA,S,NA,R,S,NA,NA,NA,S,NA,NA,NA,NA,S,R
1773.3484,ERR552203,NA,NA,NA,NA,NA,NA,NA,NA,S,NA,S,NA,NA,NA,NA,NA,NA,NA,S,NA,S,S
1773.3494,ERS5302054,S,NA,NA,S,NA,NA,NA,NA,S,NA,S,S,NA,NA,NA,S,NA,NA,NA,NA,S,R
1773.35278,ERS5302498,S,NA,NA,S,NA,NA,NA,NA,S,NA,S,S,NA,NA,NA,S,NA,NA,NA,NA,S,R
1773.3531,ERR552483,NA,NA,NA,NA,NA,NA,NA,NA,S,NA,S,NA,NA,NA,NA,NA,NA,NA,S,NA,S,S
1773.35332,ERS5302563,S,NA,NA,S,NA,NA,NA,NA,S,NA,S,S,NA,NA,NA,S,NA,NA,NA,NA,S,R
1773.35376,ERS5302611,S,NA,NA,S,NA,NA,NA,NA,S,NA,S,S,NA,NA,NA,S,NA,NA,NA,NA,R,R
1773.35429,ERS5302677,S,NA,NA,S,NA,NA,NA,NA,S,NA,R,S,NA,NA,NA,S,NA,NA,NA,NA,S,R
1773.3546,ERS5302712,S,NA,NA,S,NA,NA,NA,NA,S,NA,S,S,NA,NA,NA,S,NA,NA,NA,NA,S,R
1773.35876,ERS5303338,R,NA,NA,R,NA,NA,NA,NA,R,NA,R,R,NA,NA,NA,S,NA,NA,NA,NA,R,S
1773.35898,ERS5303386,S,NA,NA,S,NA,NA,NA,NA,S,NA,S,S,NA,NA,NA,S,NA,NA,NA,NA,S,R
1773.35906,ERS5303389,S,NA,NA,S,NA,NA,NA,NA,S,NA,S,S,NA,NA,NA,S,NA,NA,NA,NA,R,R
1773.35945,ERS5303438,S,NA,NA,S,NA,NA,NA,NA,S,NA,S,S,NA,NA,NA,S,NA,NA,NA,NA,S,R
1773.36023,ERS5303545,S,NA,NA,S,NA,NA,NA,NA,S,NA,S,S,NA,NA,NA,S,NA,NA,NA,NA,R,R
1773.3634,ERS5304157,S,NA,NA,S,NA,NA,NA,NA,S,NA,S,S,NA,NA,NA,S,NA,NA,NA,NA,S,R
1773.36635,ERS5312547,S,NA,NA,S,NA,NA,NA,NA,S,NA,S,S,NA,NA,NA,S,NA,NA,NA,NA,S,R
1773.3668,ERS5312592,S,NA,NA,S,NA,NA,NA,NA,S,NA,S,S,NA,NA,NA,S,NA,NA,NA,NA,S,S
1773.36893,ERS5317599,S,NA,NA,S,NA,NA,NA,NA,S,NA,S,S,NA,NA,NA,S,NA,NA,NA,NA,R,R
1773.38387,ERS5320189,S,NA,NA,S,NA,NA,NA,NA,S,NA,S,S,NA,NA,NA,S,NA,NA,NA,NA,S,R
1773.38485,ERS5320294,S,NA,NA,S,NA,NA,NA,NA,S,NA,S,S,NA,NA,NA,S,NA,NA,NA,NA,S,R
1773.39033,ERS6402758,S,NA,NA,S,NA,NA,NA,NA,R,NA,R,S,NA,NA,NA,S,NA,NA,NA,NA,S,R
1773.39166,ERS6402918,S,NA,NA,S,NA,NA,NA,NA,S,NA,S,S,NA,NA,NA,S,NA,NA,NA,NA,S,R
1773.39242,ERS6403004,S,NA,NA,S,NA,NA,NA,NA,S,NA,S,S,NA,NA,NA,S,NA,NA,NA,NA,R,R
1773.39526,ERS6403325,S,NA,NA,S,NA,NA,NA,NA,S,NA,S,S,NA,NA,NA,S,NA,NA,NA,NA,R,R
1773.39593,ERS6403343,S,NA,NA,S,NA,NA,NA,NA,S,NA,R,S,NA,NA,NA,S,NA,NA,NA,NA,R,R
1773.39701,ERS6403528,S,NA,NA,S,NA,NA,NA,NA,S,NA,S,S,NA,NA,NA,S,NA,NA,NA,NA,S,R
1773.39716,ERS6403553,S,NA,NA,S,NA,NA,NA,NA,S,NA,S,S,NA,NA,NA,S,NA,NA,NA,NA,S,R
1773.4001,SRR2100203,NA,NA,NA,NA,NA,NA,NA,NA,S,NA,S,NA,NA,NA,NA,NA,NA,NA,S,NA,S,NA
1773.40174,ERS6421736,S,NA,NA,S,NA,NA,NA,NA,S,NA,R,S,NA,NA,NA,S,NA,NA,NA,NA,R,R
1773.4046,ERS6422152,S,NA,NA,S,NA,NA,NA,NA,S,NA,S,S,NA,NA,NA,S,NA,NA,NA,NA,S,R
1773.4048,SRR2100249,NA,NA,NA,NA,S,NA,NA,NA,S,NA,R,NA,NA,NA,NA,NA,NA,NA,S,NA,S,NA
1773.40522,ERS6422218,S,NA,NA,S,NA,NA,NA,NA,S,NA,S,S,NA,NA,NA,S,NA,NA,NA,NA,S,R
1773.4102,SRR2100304,NA,NA,NA,NA,NA,NA,NA,NA,S,NA,S,NA,NA,NA,NA,NA,NA,NA,S,NA,S,NA
1773.4116,SRR2100319,NA,NA,NA,NA,S,NA,NA,NA,S,NA,S,NA,NA,NA,NA,NA,NA,NA,S,NA,S,NA
1773.4154,SRR2100358,NA,NA,NA,NA,NA,NA,NA,NA,S,NA,S,NA,NA,NA,NA,NA,NA,NA,S,NA,S,NA
1773.42568,ERS5283293,S,NA,S,S,NA,S,NA,S,S,R,S,S,S,S,S,S,S,NA,NA,S,S,R
1773.4307,SRR2100507,NA,NA,NA,NA,NA,NA,NA,NA,S,NA,S,NA,NA,NA,NA,NA,NA,NA,S,NA,S,NA
1773.43116,ERS5301847,S,NA,NA,S,NA,NA,NA,NA,S,NA,S,S,NA,NA,NA,S,NA,NA,NA,NA,S,S
1773.43189,ERS5303244,S,NA,NA,S,NA,NA,NA,NA,S,NA,R,S,NA,NA,NA,S,NA,NA,NA,NA,R,R
1773.43252,ERS3371654,S,NA,NA,S,NA,NA,NA,NA,S,NA,R,S,NA,NA,NA,S,NA,NA,NA,NA,R,R
1773.4466,SRR2100669,NA,NA,NA,NA,NA,NA,NA,NA,S,NA,S,NA,NA,NA,NA,NA,NA,NA,S,NA,S,NA
1773.4564,SRR2100773,NA,NA,NA,NA,NA,NA,NA,NA,S,NA,S,NA,NA,NA,NA,NA,NA,NA,S,NA,S,NA
1773.4648,SRR2100859,NA,NA,NA,NA,S,NA,NA,NA,S,NA,R,NA,NA,NA,NA,NA,NA,NA,S,NA,S,NA
1773.4741,SRR2100957,NA,NA,NA,NA,NA,NA,NA,NA,S,NA,S,NA,NA,NA,NA,NA,NA,NA,S,NA,S,NA
1773.4833,SRR2101052,NA,NA,NA,NA,NA,NA,NA,NA,S,NA,S,NA,NA,NA,NA,NA,NA,NA,S,NA,S,NA
1773.487,SRR2101090,NA,NA,NA,NA,NA,NA,NA,NA,S,NA,S,NA,NA,NA,NA,NA,NA,NA,S,NA,S,NA
1773.4931,SRR2101157,NA,NA,NA,NA,NA,NA,NA,NA,S,NA,S,NA,NA,NA,NA,NA,NA,NA,S,NA,S,NA
1773.5766,SRR2099959,NA,NA,NA,NA,NA,NA,NA,NA,S,NA,R,NA,NA,NA,NA,NA,NA,NA,S,NA,S,NA
1773.5813,SRR2100006,NA,NA,NA,NA,NA,NA,NA,NA,S,NA,R,NA,NA,NA,NA,NA,NA,NA,S,NA,S,NA
1773.5843,SRR2100036,NA,NA,NA,NA,NA,NA,NA,NA,S,NA,S,NA,NA,NA,NA,NA,NA,NA,S,NA,S,NA
1773.59,SRR2101297,NA,NA,NA,NA,NA,NA,NA,NA,S,NA,S,NA,NA,NA,NA,NA,NA,NA,S,NA,S,S
1773.19358,ERR176695,S,NA,NA,S,NA,NA,NA,NA,S,NA,S,S,NA,NA,NA,S,NA,NA,NA,NA,R,R
1773.19408,ERR176743,S,NA,NA,S,NA,NA,NA,NA,S,NA,S,S,NA,NA,NA,S,NA,NA,NA,NA,R,R
1773.19475,ERR176819,S,NA,NA,S,NA,NA,NA,NA,S,NA,S,S,NA,NA,NA,S,NA,NA,NA,NA,S,S
1773.20471,ERR1035034,S,NA,NA,S,NA,NA,NA,NA,S,S,R,S,NA,NA,NA,R,NA,NA,NA,NA,R,S
1773.20959,ERR3256135,S,NA,NA,S,NA,NA,NA,NA,S,NA,R,S,NA,NA,NA,S,NA,NA,NA,NA,R,S
1773.20963,ERR3256140,S,NA,NA,S,NA,NA,NA,NA,S,NA,S,S,NA,NA,NA,S,NA,NA,NA,NA,S,S
1773.20972,ERR3256145,S,NA,NA,S,NA,NA,NA,NA,S,NA,R,S,NA,NA,NA,S,NA,NA,NA,NA,S,S
1773.21734,ERR3256285,S,NA,NA,S,NA,NA,NA,NA,S,NA,S,S,NA,NA,NA,S,NA,NA,NA,NA,S,S
1773.29374,ERR2041943,S,NA,NA,S,NA,NA,NA,NA,R,NA,R,S,NA,NA,NA,S,NA,S,S,NA,R,R
1773.31068,ERS1987051,S,NA,NA,S,NA,NA,NA,NA,S,NA,S,S,NA,NA,NA,S,NA,NA,NA,NA,R,R
1773.31085,ERS1987073,S,NA,NA,S,NA,NA,NA,NA,S,NA,S,S,NA,NA,NA,S,NA,NA,NA,NA,S,R
1773.318,ERS3371558,S,NA,NA,S,NA,NA,NA,NA,S,NA,R,S,NA,NA,NA,S,NA,NA,NA,NA,S,R
1773.31806,ERS3371568,S,NA,NA,S,NA,NA,NA,NA,S,NA,S,S,NA,NA,NA,S,NA,NA,NA,NA,S,R
1773.3188,ERS3371642,S,NA,NA,S,NA,NA,NA,NA,S,NA,R,S,NA,NA,NA,R,NA,NA,NA,NA,R,R
1773.32087,ERS3371872,S,NA,NA,S,NA,NA,NA,NA,S,NA,R,S,NA,NA,NA,S,NA,NA,NA,NA,S,R
1773.32146,ERS3371934,S,NA,NA,S,NA,NA,NA,NA,R,NA,R,S,NA,NA,NA,S,NA,NA,NA,NA,R,R
1773.32182,ERS3371979,R,NA,NA,R,NA,NA,NA,NA,R,NA,R,R,NA,NA,NA,S,NA,NA,NA,NA,R,R
1773.32329,ERS5281234,R,NA,NA,R,NA,NA,NA,NA,S,NA,R,S,NA,NA,NA,S,NA,NA,NA,NA,R,R
1773.32491,ERS5281504,S,NA,NA,S,NA,NA,NA,NA,R,NA,R,S,NA,NA,NA,S,NA,NA,NA,NA,R,R
1773.32497,ERS5281512,S,NA,NA,S,NA,NA,NA,NA,S,NA,R,S,NA,NA,NA,S,NA,NA,NA,NA,R,R
1773.32509,ERS5281538,S,NA,NA,S,NA,NA,NA,NA,S,NA,R,S,NA,NA,NA,S,NA,NA,NA,NA,R,R
1773.33129,ERS5282341,S,NA,NA,S,NA,NA,NA,NA,S,NA,S,S,NA,NA,NA,S,NA,NA,NA,NA,S,S
1773.33202,ERS5282417,S,NA,NA,S,NA,NA,NA,NA,S,NA,R,S,NA,NA,NA,S,NA,NA,NA,NA,R,R
1773.33214,ERS5282447,S,NA,NA,S,NA,NA,NA,NA,S,NA,R,S,NA,NA,NA,S,NA,NA,NA,NA,R,R
1773.3338,ERS5282659,S,NA,NA,S,NA,NA,NA,NA,R,NA,R,S,NA,NA,NA,S,NA,NA,NA,NA,R,R
1773.33385,ERS5282665,S,NA,NA,S,NA,NA,NA,NA,R,NA,R,S,NA,NA,NA,S,NA,NA,NA,NA,R,R
1773.33423,ERS5282709,S,NA,NA,S,NA,NA,NA,NA,S,NA,R,S,NA,NA,NA,S,NA,NA,NA,NA,R,R
1773.33431,ERS5282718,S,NA,NA,S,NA,NA,NA,NA,R,NA,R,S,NA,NA,NA,S,NA,NA,NA,NA,R,R
1773.33446,ERS5282734,S,NA,NA,S,NA,NA,NA,NA,S,NA,S,S,NA,NA,NA,S,NA,NA,NA,NA,R,R
1773.33488,ERS5282795,S,NA,NA,S,NA,NA,NA,NA,S,NA,S,S,NA,NA,NA,S,NA,NA,NA,NA,S,R
1773.33576,ERS5297867,R,NA,NA,R,NA,NA,NA,NA,R,NA,R,R,NA,NA,NA,R,NA,NA,NA,NA,S,S
1773.33577,ERS5297865,R,NA,NA,R,NA,NA,NA,NA,S,NA,R,R,NA,NA,NA,S,NA,NA,NA,NA,S,S
1773.33584,ERS5297868,S,NA,NA,S,NA,NA,NA,NA,R,NA,R,S,NA,NA,NA,S,NA,NA,NA,NA,S,R
1773.33609,ERS5297903,S,NA,NA,S,NA,NA,NA,NA,S,NA,S,S,NA,NA,NA,S,NA,NA,NA,NA,S,R
1773.33698,ERS5298024,S,NA,NA,S,NA,NA,NA,NA,S,NA,S,S,NA,NA,NA,S,NA,NA,NA,NA,S,S
1773.33805,ERS5298135,S,NA,NA,S,NA,NA,NA,NA,S,NA,S,S,NA,NA,NA,S,NA,NA,NA,NA,R,R
1773.3381,ERS5298062,R,NA,NA,S,NA,NA,NA,NA,S,NA,R,R,NA,NA,NA,S,NA,NA,NA,NA,R,R
1773.33844,ERS5298180,S,NA,NA,S,NA,NA,NA,NA,S,NA,R,S,NA,NA,NA,S,NA,NA,NA,NA,R,R
1773.33937,ERS5298277,S,NA,NA,S,NA,NA,NA,NA,S,NA,S,S,NA,NA,NA,S,NA,NA,NA,NA,S,R
1773.34027,ERS5298532,S,NA,NA,S,NA,NA,NA,NA,S,NA,S,S,NA,NA,NA,S,NA,NA,NA,NA,S,R
1773.3403,ERS5298537,S,NA,NA,S,NA,NA,NA,NA,S,NA,S,S,NA,NA,NA,S,NA,NA,NA,NA,R,R
1773.34144,ERS5298652,S,NA,NA,S,NA,NA,NA,NA,S,NA,R,S,NA,NA,NA,S,NA,NA,NA,NA,S,S
1773.34158,ERS5298669,S,NA,NA,S,NA,NA,NA,NA,S,NA,S,S,NA,NA,NA,S,NA,NA,NA,NA,S,R
1773.34181,ERS5298689,S,NA,NA,S,NA,NA,NA,NA,S,NA,S,S,NA,NA,NA,S,NA,NA,NA,NA,R,R
1773.3428,ERS5298817,S,NA,NA,S,NA,NA,NA,NA,R,NA,R,S,NA,NA,NA,S,NA,NA,NA,NA,S,R
1773.34466,ERS5300728,S,NA,NA,S,NA,NA,NA,NA,S,NA,S,S,NA,NA,NA,S,NA,NA,NA,NA,R,R
1773.34663,ERS5301070,S,NA,NA,S,NA,NA,NA,NA,R,NA,R,S,NA,NA,NA,S,NA,NA,NA,NA,R,R
1773.34851,ERS5301922,S,NA,NA,S,NA,NA,NA,NA,S,NA,S,S,NA,NA,NA,S,NA,NA,NA,NA,S,R
1773.34965,ERS5302085,S,NA,NA,S,NA,NA,NA,NA,S,NA,S,S,NA,NA,NA,S,NA,NA,NA,NA,S,R
1773.34985,ERS5302112,S,NA,NA,S,NA,NA,NA,NA,S,NA,S,S,NA,NA,NA,S,NA,NA,NA,NA,S,R
1773.34991,ERS5302125,S,NA,NA,S,NA,NA,NA,NA,S,NA,R,S,NA,NA,NA,S,NA,NA,NA,NA,S,R
1773.352,ERS5302393,S,NA,NA,S,NA,NA,NA,NA,S,NA,S,S,NA,NA,NA,S,NA,NA,NA,NA,R,R
1773.35282,ERS5302503,S,NA,NA,S,NA,NA,NA,NA,S,NA,S,S,NA,NA,NA,S,NA,NA,NA,NA,R,R
1773.35289,ERS5302515,S,NA,NA,S,NA,NA,NA,NA,S,NA,S,S,NA,NA,NA,S,NA,NA,NA,NA,S,R
1773.35325,ERS5302554,S,NA,NA,S,NA,NA,NA,NA,S,NA,S,S,NA,NA,NA,S,NA,NA,NA,NA,R,R
1773.35356,ERS5302590,S,NA,NA,S,NA,NA,NA,NA,S,NA,S,S,NA,NA,NA,S,NA,NA,NA,NA,S,R
1773.35369,ERS5302603,S,NA,NA,S,NA,NA,NA,NA,S,NA,S,S,NA,NA,NA,S,NA,NA,NA,NA,S,R
1773.35437,ERS5302691,S,NA,NA,S,NA,NA,NA,NA,S,NA,S,S,NA,NA,NA,S,NA,NA,NA,NA,S,R
1773.35881,ERS5303350,S,NA,NA,S,NA,NA,NA,NA,R,NA,R,S,NA,NA,NA,S,NA,NA,NA,NA,R,S
1773.35946,ERS5303443,S,NA,NA,S,NA,NA,NA,NA,S,NA,S,S,NA,NA,NA,S,NA,NA,NA,NA,S,R
1773.35949,ERS5303440,S,NA,NA,S,NA,NA,NA,NA,S,NA,R,S,NA,NA,NA,S,NA,NA,NA,NA,S,R
1773.36204,ERS5303964,S,NA,NA,S,NA,NA,NA,NA,S,NA,S,S,NA,NA,NA,S,NA,NA,NA,NA,S,R
1773.36302,ERS5304116,S,NA,NA,S,NA,NA,NA,NA,S,NA,S,S,NA,NA,NA,S,NA,NA,NA,NA,R,R
1773.3635,ERS5304172,S,NA,NA,S,NA,NA,NA,NA,S,NA,S,S,NA,NA,NA,S,NA,NA,NA,NA,S,R
1773.36682,ERS5312593,S,NA,NA,S,NA,NA,NA,NA,S,NA,S,S,NA,NA,NA,S,NA,NA,NA,NA,S,R
1773.36812,ERS5317251,S,NA,NA,S,NA,NA,NA,NA,S,NA,S,S,NA,NA,NA,S,NA,NA,NA,NA,S,S
1773.36842,ERS5317291,S,NA,NA,S,NA,NA,NA,NA,S,NA,S,S,NA,NA,NA,S,NA,NA,NA,NA,S,R
1773.37006,ERS5317732,S,NA,NA,S,NA,NA,NA,NA,S,NA,S,S,NA,NA,NA,S,NA,NA,NA,NA,R,R
1773.37027,ERS5317740,S,NA,NA,S,NA,NA,NA,NA,S,NA,S,S,NA,NA,NA,S,NA,NA,NA,NA,R,R
1773.37699,ERS5319121,S,NA,NA,S,NA,NA,NA,NA,S,NA,S,S,NA,NA,NA,S,NA,NA,NA,NA,R,R
1773.37855,ERS5319481,S,NA,NA,S,NA,NA,NA,NA,S,NA,S,S,NA,NA,NA,S,NA,NA,NA,NA,R,R
1773.37898,ERS5319530,S,NA,NA,S,NA,NA,NA,NA,S,NA,R,S,NA,NA,NA,S,NA,NA,NA,NA,S,R
1773.37905,ERS5319532,S,NA,NA,S,NA,NA,NA,NA,S,NA,S,S,NA,NA,NA,S,NA,NA,NA,NA,R,R
1773.37946,ERS5319680,S,NA,NA,S,NA,NA,NA,NA,S,NA,S,S,NA,NA,NA,S,NA,NA,NA,NA,S,R
1773.37978,ERS5319715,S,NA,NA,S,NA,NA,NA,NA,S,NA,S,S,NA,NA,NA,S,NA,NA,NA,NA,R,R
1773.38408,ERS5320215,S,NA,NA,S,NA,NA,NA,NA,S,NA,S,S,NA,NA,NA,S,NA,NA,NA,NA,R,R
1773.38565,ERS5320395,S,NA,NA,S,NA,NA,NA,NA,S,NA,S,S,NA,NA,NA,S,NA,NA,NA,NA,S,R
1773.38621,ERS5320443,S,NA,NA,R,NA,NA,NA,NA,S,NA,S,S,NA,NA,NA,S,NA,NA,NA,NA,S,R
1773.38692,ERS5320591,S,NA,NA,R,NA,NA,NA,NA,S,NA,R,S,NA,NA,NA,S,NA,NA,NA,NA,R,R
1773.38699,ERS5320596,S,NA,NA,S,NA,NA,NA,NA,S,NA,R,S,NA,NA,NA,S,NA,NA,NA,NA,R,R
1773.38705,ERS5320602,S,NA,NA,S,NA,NA,NA,NA,S,NA,R,S,NA,NA,NA,S,NA,NA,NA,NA,R,R
1773.38724,ERS5320630,S,NA,NA,S,NA,NA,NA,NA,S,NA,R,S,NA,NA,NA,S,NA,NA,NA,NA,S,R
1773.3898,ERS6402698,S,NA,NA,S,NA,NA,NA,NA,S,NA,R,S,NA,NA,NA,S,NA,NA,NA,NA,R,R
1773.38985,ERS5321064,S,NA,NA,S,NA,NA,NA,NA,S,NA,S,S,NA,NA,NA,S,NA,NA,NA,NA,R,R
1773.38992,ERS6402709,S,NA,NA,S,NA,NA,NA,NA,S,NA,R,S,NA,NA,NA,S,NA,NA,NA,NA,R,R
1773.38998,ERS6402712,S,NA,NA,S,NA,NA,NA,NA,S,NA,R,S,NA,NA,NA,S,NA,NA,NA,NA,R,R
1773.39034,ERS6402748,S,NA,NA,S,NA,NA,NA,NA,S,NA,R,S,NA,NA,NA,S,NA,NA,NA,NA,S,S
1773.39142,ERS6402892,S,NA,NA,S,NA,NA,NA,NA,S,NA,S,S,NA,NA,NA,S,NA,NA,NA,NA,S,R
1773.39203,ERS6402957,S,NA,NA,S,NA,NA,NA,NA,S,NA,S,S,NA,NA,NA,S,NA,NA,NA,NA,R,R
1773.39259,ERS6403024,S,NA,NA,S,NA,NA,NA,NA,S,NA,R,S,NA,NA,NA,S,NA,NA,NA,NA,R,R
1773.39329,ERS6403102,S,NA,NA,S,NA,NA,NA,NA,S,NA,S,S,NA,NA,NA,S,NA,NA,NA,NA,R,R
1773.39491,ERS6403291,S,NA,NA,S,NA,NA,NA,NA,S,NA,R,S,NA,NA,NA,S,NA,NA,NA,NA,S,R
1773.39504,ERS6403301,S,NA,NA,S,NA,NA,NA,NA,S,NA,S,S,NA,NA,NA,S,NA,NA,NA,NA,S,R
1773.39522,ERS6403330,S,NA,NA,S,NA,NA,NA,NA,S,NA,R,S,NA,NA,NA,S,NA,NA,NA,NA,R,R
1773.3953,ERS6403339,S,NA,NA,R,NA,NA,NA,NA,R,NA,R,S,NA,NA,NA,R,NA,NA,NA,NA,S,S
1773.39556,ERS6403374,S,NA,NA,S,NA,NA,NA,NA,R,NA,R,S,NA,NA,NA,S,NA,NA,NA,NA,R,R
1773.39745,ERS6403575,R,NA,NA,R,NA,NA,NA,NA,S,NA,R,R,NA,NA,NA,S,NA,NA,NA,NA,R,R
1773.39803,ERS6403646,S,NA,NA,S,NA,NA,NA,NA,S,NA,S,S,NA,NA,NA,S,NA,NA,NA,NA,S,R
1773.39813,ERS6403663,S,NA,NA,S,NA,NA,NA,NA,S,NA,R,S,NA,NA,NA,S,NA,NA,NA,NA,R,R
1773.39953,ERS6421503,S,NA,NA,S,NA,NA,NA,NA,S,NA,S,S,NA,NA,NA,S,NA,NA,NA,NA,S,R
1773.39956,ERS6421498,S,NA,NA,S,NA,NA,NA,NA,S,NA,R,S,NA,NA,NA,S,NA,NA,NA,NA,R,R
1773.39971,ERS6421521,S,NA,NA,S,NA,NA,NA,NA,S,NA,S,S,NA,NA,NA,S,NA,NA,NA,NA,S,R
1773.40153,ERS6421715,S,NA,NA,S,NA,NA,NA,NA,S,NA,S,S,NA,NA,NA,S,NA,NA,NA,NA,S,R
1773.40343,ERS6421952,S,NA,NA,S,NA,NA,NA,NA,S,NA,R,S,NA,NA,NA,S,NA,NA,NA,NA,S,R
1773.40387,ERS6422024,R,NA,NA,R,NA,NA,NA,NA,S,NA,R,R,NA,NA,NA,S,NA,NA,NA,NA,R,R
1773.40404,ERS6422039,S,NA,NA,S,NA,NA,NA,NA,S,NA,S,S,NA,NA,NA,S,NA,NA,NA,NA,S,R
1773.40456,ERS6422149,S,NA,NA,S,NA,NA,NA,NA,S,NA,S,S,NA,NA,NA,S,NA,NA,NA,NA,S,R
1773.40506,ERS6422203,S,NA,NA,S,NA,NA,NA,NA,S,NA,S,S,NA,NA,NA,S,NA,NA,NA,NA,S,R
1773.40586,ERR3323728,S,NA,NA,S,NA,NA,NA,NA,S,NA,S,S,NA,NA,NA,S,NA,NA,NA,NA,S,R
1773.40821,ERS5281379,S,NA,R,S,NA,R,NA,R,R,R,R,S,R,S,R,S,R,NA,NA,R,R,R
1773.40989,ERS5281549,S,NA,S,S,NA,S,NA,S,R,R,R,S,R,S,S,S,S,NA,NA,R,R,R
1773.4208,ERS5282780,S,NA,S,S,NA,S,NA,S,R,R,R,S,S,S,R,S,S,NA,NA,S,R,R
1773.42181,ERS5282885,S,NA,S,S,NA,S,NA,S,R,R,S,S,S,S,S,S,S,NA,NA,R,R,R
1773.42273,ERS5282978,S,NA,S,S,NA,R,NA,R,R,R,R,S,R,S,R,S,S,NA,NA,R,R,R
1773.42282,ERS5282989,S,NA,S,S,NA,S,NA,S,R,R,R,S,S,S,S,S,S,NA,NA,S,R,R
1773.42298,ERS5283007,S,NA,S,S,NA,S,NA,S,R,R,R,S,S,S,S,S,S,NA,NA,R,R,R
1773.4248,ERS5283205,S,NA,S,S,NA,S,NA,S,R,R,R,S,S,S,S,R,S,NA,NA,R,R,R
1773.42544,ERS5283263,S,NA,S,S,NA,S,NA,S,S,S,R,S,R,S,R,S,S,NA,NA,R,R,R
1773.4295,ERS5300674,S,NA,NA,S,NA,NA,NA,NA,S,NA,R,S,NA,NA,NA,S,NA,NA,NA,NA,R,R
1773.42974,ERS5301028,S,NA,NA,S,NA,NA,NA,NA,S,NA,R,S,NA,NA,NA,S,NA,NA,NA,NA,S,R
1773.42986,ERS5301198,S,NA,NA,S,NA,NA,NA,NA,S,NA,S,S,NA,NA,NA,S,NA,NA,NA,NA,R,R
1773.4317,ERS5302370,S,NA,NA,S,NA,NA,NA,NA,S,NA,S,S,NA,NA,NA,S,NA,NA,NA,NA,S,R
1773.4319,ERS5303346,R,NA,NA,R,NA,NA,NA,NA,S,NA,R,R,NA,NA,NA,S,NA,NA,NA,NA,R,R
1773.43231,ERS5302750,S,NA,NA,S,NA,NA,NA,NA,S,NA,R,S,NA,NA,NA,S,NA,NA,NA,NA,S,R
1773.43338,ERS5319464,S,NA,NA,S,NA,NA,NA,NA,S,NA,S,S,NA,NA,NA,S,NA,NA,NA,NA,S,R
1773.43389,ERS5317370,S,NA,NA,S,NA,NA,NA,NA,R,NA,R,S,NA,NA,NA,S,NA,NA,NA,NA,R,R
1773.434,ERS5317357,S,NA,NA,S,NA,NA,NA,NA,S,NA,S,S,NA,NA,NA,S,NA,NA,NA,NA,R,R
1773.43408,ERS5317388,S,NA,NA,S,NA,NA,NA,NA,S,NA,S,S,NA,NA,NA,S,NA,NA,NA,NA,R,R
1773.43469,ERS5317405,S,NA,NA,S,NA,NA,NA,NA,S,NA,S,S,NA,NA,NA,S,NA,NA,NA,NA,R,R
1773.43514,ERS5317417,S,NA,NA,S,NA,NA,NA,NA,S,NA,S,S,NA,NA,NA,S,NA,NA,NA,NA,R,R
1773.43611,ERS6421893,R,NA,NA,R,NA,NA,NA,NA,S,NA,R,R,NA,NA,NA,S,NA,NA,NA,NA,R,R
1773.43651,ERS6403565,R,NA,NA,R,NA,NA,NA,NA,S,NA,R,R,NA,NA,NA,S,NA,NA,NA,NA,R,R
1773.1816,ERR1873536,R,NA,NA,R,NA,NA,S,NA,R,R,R,R,NA,NA,R,R,S,NA,R,NA,R,R
1773.18365,ERR1035345,S,NA,NA,S,NA,NA,NA,NA,S,NA,R,S,NA,NA,NA,S,NA,NA,NA,NA,R,R
1773.19701,ERR181913,S,NA,NA,S,NA,NA,NA,NA,S,NA,S,S,NA,NA,NA,S,NA,NA,NA,NA,S,R
1773.20947,ERR3256124,S,NA,NA,S,NA,NA,NA,NA,S,NA,S,S,NA,NA,NA,S,NA,NA,NA,NA,S,S
1773.21018,ERR3256196,S,NA,NA,S,NA,NA,NA,NA,S,NA,S,S,NA,NA,NA,S,NA,NA,NA,NA,S,S
1773.23359,ERR1654684,S,NA,NA,S,NA,NA,NA,NA,S,NA,R,S,NA,NA,NA,S,NA,NA,NA,NA,R,R
1773.31889,ERS3371658,S,NA,NA,S,NA,NA,NA,NA,S,NA,R,S,NA,NA,NA,S,NA,NA,NA,NA,R,R
1773.32504,ERS5281523,S,NA,NA,S,NA,NA,NA,NA,S,NA,S,S,NA,NA,NA,S,NA,NA,NA,NA,R,R
1773.33275,ERS5282523,S,NA,NA,S,NA,NA,NA,NA,R,NA,R,S,NA,NA,NA,R,NA,NA,NA,NA,R,R
1773.33357,ERS5282626,S,NA,NA,S,NA,NA,NA,NA,S,NA,S,S,NA,NA,NA,S,NA,NA,NA,NA,S,S
1773.33482,ERS5282787,S,NA,NA,S,NA,NA,NA,NA,S,NA,S,S,NA,NA,NA,S,NA,NA,NA,NA,R,R
1773.33886,ERS5298223,S,NA,NA,S,NA,NA,NA,NA,S,NA,S,S,NA,NA,NA,S,NA,NA,NA,NA,R,R
1773.34202,ERS5298718,S,NA,NA,S,NA,NA,NA,NA,S,NA,S,S,NA,NA,NA,S,NA,NA,NA,NA,R,R
1773.34212,ERS5298726,S,NA,NA,S,NA,NA,NA,NA,S,NA,S,S,NA,NA,NA,S,NA,NA,NA,NA,S,R
1773.34372,ERS5300604,S,NA,NA,S,NA,NA,NA,NA,S,NA,S,S,NA,NA,NA,S,NA,NA,NA,NA,R,R
1773.34667,ERS5301074,R,NA,NA,R,NA,NA,NA,NA,R,NA,R,R,NA,NA,NA,S,NA,NA,NA,NA,R,R
1773.34751,ERS5301287,S,NA,NA,S,NA,NA,NA,NA,S,NA,S,S,NA,NA,NA,S,NA,NA,NA,NA,R,R
1773.35684,ERS5303043,S,NA,NA,S,NA,NA,NA,NA,S,NA,R,S,NA,NA,NA,S,NA,NA,NA,NA,R,R
1773.3661,ERS5312523,S,NA,NA,R,NA,NA,NA,NA,S,NA,S,S,NA,NA,NA,S,NA,NA,NA,NA,R,R
1773.36897,ERS5317602,S,NA,NA,S,NA,NA,NA,NA,S,NA,S,S,NA,NA,NA,S,NA,NA,NA,NA,R,R
1773.36986,ERS5317710,S,NA,NA,S,NA,NA,NA,NA,S,NA,R,S,NA,NA,NA,S,NA,NA,NA,NA,R,R
1773.3873,ERS5320636,S,NA,NA,S,NA,NA,NA,NA,R,NA,R,S,NA,NA,NA,S,NA,NA,NA,NA,R,R
1773.39727,ERS6403550,S,NA,NA,S,NA,NA,NA,NA,R,NA,R,S,NA,NA,NA,S,NA,NA,NA,NA,S,S
1773.40834,ERS5281397,S,NA,S,S,NA,S,NA,S,R,S,R,S,R,S,R,S,S,NA,NA,R,R,R
1773.42327,ERS5283044,S,NA,S,S,NA,S,NA,S,R,R,R,S,R,S,R,S,R,NA,NA,R,R,R
1773.42349,ERS5283070,S,NA,S,S,NA,S,NA,S,S,R,R,S,S,S,S,S,R,NA,NA,S,R,R
1773.42747,ERR7362011,S,NA,NA,S,NA,NA,NA,NA,S,NA,R,S,NA,NA,NA,S,NA,NA,NA,NA,R,R
1773.43525,ERS5317439,S,NA,NA,S,NA,NA,NA,NA,S,NA,S,S,NA,NA,NA,S,NA,NA,NA,NA,S,S
1773.43711,ERS5282634,S,NA,S,S,NA,S,NA,S,S,S,S,S,S,S,S,S,S,NA,NA,S,R,R
1733.1655,ERR2199753,S,NA,NA,S,NA,NA,NA,NA,S,NA,S,S,NA,NA,NA,S,NA,NA,NA,NA,S,R
1773.1829,ERR1035266,R,NA,NA,R,NA,NA,NA,NA,S,NA,R,R,NA,NA,NA,R,NA,NA,NA,NA,R,R
1773.18498,ERR1034837,S,NA,NA,S,NA,NA,S,NA,R,R,R,R,NA,NA,NA,R,R,NA,NA,NA,R,R
1773.1851,ERR1034851,S,NA,NA,S,NA,NA,S,NA,S,R,R,S,NA,NA,NA,S,S,NA,NA,NA,S,R
1773.21025,ERR3256203,S,NA,NA,S,NA,NA,NA,NA,S,NA,R,S,NA,NA,NA,S,NA,NA,NA,NA,R,R
1773.23416,ERR2120275,S,NA,S,S,NA,NA,NA,NA,S,S,R,S,NA,NA,S,S,NA,NA,NA,NA,R,S
1773.19054,ERR163929,S,NA,NA,S,NA,NA,NA,NA,S,NA,S,S,NA,NA,NA,S,NA,NA,NA,NA,S,R
1773.32035,ERS3371812,S,NA,NA,S,NA,NA,NA,NA,S,NA,R,S,NA,NA,NA,S,NA,NA,NA,NA,S,R
1773.32328,ERS5281232,S,NA,NA,S,NA,NA,NA,NA,S,NA,S,S,NA,NA,NA,S,NA,NA,NA,NA,S,S
1773.32729,ERS5281834,S,NA,NA,S,NA,NA,NA,NA,S,NA,R,S,NA,NA,NA,S,NA,NA,NA,NA,R,R
1773.33201,ERS5282432,S,NA,NA,R,NA,NA,NA,NA,R,NA,R,S,NA,NA,NA,S,NA,NA,NA,NA,R,R
1773.33622,ERS5297927,S,NA,NA,S,NA,NA,NA,NA,S,NA,S,S,NA,NA,NA,S,NA,NA,NA,NA,S,R
1773.34527,ERS5300797,S,NA,NA,S,NA,NA,NA,NA,S,NA,S,S,NA,NA,NA,S,NA,NA,NA,NA,S,R
1773.34529,ERS5300800,S,NA,NA,S,NA,NA,NA,NA,S,NA,S,S,NA,NA,NA,S,NA,NA,NA,NA,R,S
1773.35039,ERS5302202,S,NA,NA,S,NA,NA,NA,NA,S,NA,S,S,NA,NA,NA,S,NA,NA,NA,NA,R,R
1773.35336,ERS5302571,S,NA,NA,S,NA,NA,NA,NA,S,NA,S,S,NA,NA,NA,S,NA,NA,NA,NA,R,R
1773.36033,ERS5303553,S,NA,NA,S,NA,NA,NA,NA,S,NA,R,S,NA,NA,NA,S,NA,NA,NA,NA,S,R
1773.36813,ERS5317261,S,NA,NA,S,NA,NA,NA,NA,S,NA,S,S,NA,NA,NA,S,NA,NA,NA,NA,R,R
1773.36858,ERS5317523,S,NA,NA,S,NA,NA,NA,NA,S,NA,S,S,NA,NA,NA,S,NA,NA,NA,NA,S,S
1773.37032,ERS5317776,S,NA,NA,S,NA,NA,NA,NA,R,NA,R,S,NA,NA,NA,S,NA,NA,NA,NA,R,R
1773.39256,ERS6403021,S,NA,NA,S,NA,NA,NA,NA,S,NA,S,S,NA,NA,NA,S,NA,NA,NA,NA,S,R
1773.4064,ERS5281188,S,NA,S,S,NA,S,NA,S,R,S,R,S,R,S,R,R,S,NA,NA,R,R,R
1773.4199,ERS5282686,S,NA,S,S,NA,S,NA,S,R,R,R,S,R,S,R,S,S,NA,NA,R,R,R
1773.42104,ERS5282809,S,NA,S,S,NA,S,NA,R,S,R,R,S,R,S,R,S,S,NA,NA,R,R,R
1773.42118,ERS5282821,S,NA,S,S,NA,S,NA,S,R,R,R,S,R,S,R,R,S,NA,NA,R,R,R
1773.43091,ERS5319157,S,NA,NA,S,NA,NA,NA,NA,S,NA,R,S,NA,NA,NA,S,NA,NA,NA,NA,R,R
1773.43691,ERS5281388,S,NA,S,S,NA,R,NA,S,S,R,S,S,R,S,S,S,S,NA,NA,S,R,S
1773.32388,ERS5281323,S,NA,NA,S,NA,NA,NA,NA,S,NA,R,S,NA,NA,NA,S,NA,NA,NA,NA,R,R
1773.33225,ERS5282462,S,NA,NA,S,NA,NA,NA,NA,R,NA,R,S,NA,NA,NA,S,NA,NA,NA,NA,R,R
1773.33297,ERS5282549,S,NA,NA,S,NA,NA,NA,NA,S,NA,R,S,NA,NA,NA,S,NA,NA,NA,NA,R,R
1773.33463,ERS5282749,S,NA,NA,S,NA,NA,NA,NA,S,NA,S,S,NA,NA,NA,S,NA,NA,NA,NA,S,S
1773.34404,ERS5300632,S,NA,NA,R,NA,NA,NA,NA,S,NA,S,S,NA,NA,NA,S,NA,NA,NA,NA,R,R
1773.3512,ERS5302302,S,NA,NA,S,NA,NA,NA,NA,S,NA,S,S,NA,NA,NA,S,NA,NA,NA,NA,R,R
1773.39524,ERS6403328,S,NA,NA,S,NA,NA,NA,NA,S,NA,S,S,NA,NA,NA,S,NA,NA,NA,NA,S,R
1773.4339,ERS5317373,S,NA,NA,S,NA,NA,NA,NA,S,NA,S,S,NA,NA,NA,S,NA,NA,NA,NA,S,S
1773.43414,ERS5317296,S,NA,NA,S,NA,NA,NA,NA,S,NA,S,S,NA,NA,NA,S,NA,NA,NA,NA,S,S
1773.32316,ERS5281216,S,NA,NA,S,NA,NA,NA,NA,R,NA,R,S,NA,NA,NA,S,NA,NA,NA,NA,R,R
1773.36523,ERS5312429,S,NA,NA,S,NA,NA,NA,NA,S,NA,S,S,NA,NA,NA,S,NA,NA,NA,NA,S,R
1773.36962,ERS5317683,S,NA,NA,S,NA,NA,NA,NA,S,NA,S,S,NA,NA,NA,S,NA,NA,NA,NA,S,S
1773.18608,ERR1034732,S,NA,NA,S,S,NA,NA,NA,S,NA,S,S,NA,NA,NA,S,NA,NA,NA,NA,S,S
1773.1951,ERR181695,S,NA,NA,S,NA,NA,NA,NA,S,NA,S,S,NA,NA,NA,S,NA,NA,NA,NA,S,R
1773.20037,ERR212124,S,NA,NA,S,NA,NA,NA,NA,S,NA,S,S,NA,NA,NA,S,NA,NA,NA,NA,S,R
1773.20964,ERR3256144,S,NA,NA,S,NA,NA,NA,NA,S,NA,R,S,NA,NA,NA,S,NA,NA,NA,NA,S,S
1773.2471,ERR551508,NA,NA,NA,NA,NA,NA,NA,NA,S,NA,S,NA,NA,NA,NA,NA,NA,NA,S,NA,S,R
1773.253,ERR550689,NA,NA,NA,NA,NA,NA,NA,NA,S,NA,S,NA,NA,NA,NA,NA,NA,NA,S,NA,S,S
1773.2546,ERR551691,NA,NA,NA,NA,NA,NA,NA,NA,S,NA,S,NA,NA,NA,NA,NA,NA,NA,S,NA,S,S
1773.26,ERR552266,NA,NA,NA,NA,NA,NA,NA,NA,S,NA,S,NA,NA,NA,NA,NA,NA,NA,S,NA,S,S
1773.2661,ERR553219,NA,NA,NA,NA,NA,NA,NA,NA,S,NA,S,NA,NA,NA,NA,NA,NA,NA,S,NA,S,S
1773.2674,ERR551631,NA,NA,NA,NA,NA,NA,NA,NA,S,NA,S,NA,NA,NA,NA,NA,NA,NA,S,NA,S,S
1773.2677,ERR551426,NA,NA,NA,NA,NA,NA,NA,NA,S,NA,S,NA,NA,NA,NA,NA,NA,NA,S,NA,S,S
1773.2769,ERR550974,NA,NA,NA,NA,NA,NA,NA,NA,S,NA,S,NA,NA,NA,NA,NA,NA,NA,S,NA,S,S
1773.285,ERR552866,NA,NA,NA,NA,NA,NA,NA,NA,S,NA,S,NA,NA,NA,NA,NA,NA,NA,S,NA,S,S
1773.2861,ERR551374,NA,NA,NA,NA,NA,NA,NA,NA,S,NA,S,NA,NA,NA,NA,NA,NA,NA,S,NA,S,S
1773.3069,ERR550711,NA,NA,NA,NA,NA,NA,NA,NA,S,NA,S,NA,NA,NA,NA,NA,NA,NA,S,NA,S,S
1773.3099,ERR550696,NA,NA,NA,NA,NA,NA,NA,NA,S,NA,S,NA,NA,NA,NA,NA,NA,NA,S,NA,S,S
1773.31262,ERS1987268,S,NA,NA,S,NA,NA,NA,NA,S,NA,S,S,NA,NA,NA,S,NA,NA,NA,NA,S,R
1773.31353,ERS1987358,S,NA,NA,S,NA,NA,NA,NA,S,NA,S,S,NA,NA,NA,S,NA,NA,NA,NA,R,R
1773.3136,ERR552490,NA,NA,NA,NA,NA,NA,NA,NA,S,NA,S,NA,NA,NA,NA,NA,NA,NA,S,NA,S,S
1773.31921,ERS3371690,S,NA,NA,S,NA,NA,NA,NA,S,NA,R,S,NA,NA,NA,S,NA,NA,NA,NA,S,R
1773.31931,ERS3371700,S,NA,NA,S,NA,NA,NA,NA,S,NA,S,S,NA,NA,NA,S,NA,NA,NA,NA,R,R
1773.31932,ERS3371702,S,NA,NA,R,NA,NA,NA,NA,S,NA,S,S,NA,NA,NA,S,NA,NA,NA,NA,R,R
1773.32212,ERS3372007,S,NA,NA,S,NA,NA,NA,NA,R,NA,R,S,NA,NA,NA,S,NA,NA,NA,NA,R,R
1773.33063,ERS5282255,S,NA,NA,S,NA,NA,NA,NA,S,NA,R,S,NA,NA,NA,S,NA,NA,NA,NA,S,R
1773.33071,ERS5282261,S,NA,NA,S,NA,NA,NA,NA,S,NA,S,S,NA,NA,NA,S,NA,NA,NA,NA,S,R
1773.3364,ERR551971,NA,NA,NA,NA,NA,NA,NA,NA,S,NA,S,NA,NA,NA,NA,NA,NA,NA,S,NA,S,S
1773.33885,ERS5298217,S,NA,NA,S,NA,NA,NA,NA,S,NA,S,S,NA,NA,NA,S,NA,NA,NA,NA,R,R
1773.34077,ERS5298582,S,NA,NA,S,NA,NA,NA,NA,S,NA,S,S,NA,NA,NA,S,NA,NA,NA,NA,R,R
1773.34201,ERS5298720,S,NA,NA,S,NA,NA,NA,NA,S,NA,S,S,NA,NA,NA,S,NA,NA,NA,NA,R,R
1773.34316,ERS5300544,S,NA,NA,S,NA,NA,NA,NA,S,NA,S,S,NA,NA,NA,S,NA,NA,NA,NA,S,R
1773.34406,ERS5300630,S,NA,NA,S,NA,NA,NA,NA,S,NA,S,S,NA,NA,NA,S,NA,NA,NA,NA,R,R
1773.3442,ERR552756,NA,NA,NA,NA,NA,NA,NA,NA,S,NA,S,NA,NA,NA,NA,NA,NA,NA,S,NA,S,S
1773.34697,ERS5301207,S,NA,NA,S,NA,NA,NA,NA,R,NA,S,S,NA,NA,NA,S,NA,NA,NA,NA,R,R
1773.34738,ERS5301264,S,NA,NA,S,NA,NA,NA,NA,S,NA,R,S,NA,NA,NA,S,NA,NA,NA,NA,R,R
1773.3474,ERR552476,NA,NA,NA,NA,NA,NA,NA,NA,S,NA,S,NA,NA,NA,NA,NA,NA,NA,S,NA,S,S
1773.34804,ERS5301864,S,NA,NA,S,NA,NA,NA,NA,S,NA,S,S,NA,NA,NA,S,NA,NA,NA,NA,R,R
1773.34847,ERS5301918,S,NA,NA,S,NA,NA,NA,NA,S,NA,S,S,NA,NA,NA,S,NA,NA,NA,NA,S,R
1773.34856,ERS5301931,S,NA,NA,S,NA,NA,NA,NA,S,NA,S,S,NA,NA,NA,S,NA,NA,NA,NA,S,R
1773.35145,ERS5302333,S,NA,NA,S,NA,NA,NA,NA,S,NA,S,S,NA,NA,NA,S,NA,NA,NA,NA,S,R
1773.35309,ERS5302538,S,NA,NA,S,NA,NA,NA,NA,S,NA,S,S,NA,NA,NA,S,NA,NA,NA,NA,S,R
1773.3531,ERS5302537,S,NA,NA,S,NA,NA,NA,NA,S,NA,S,S,NA,NA,NA,S,NA,NA,NA,NA,S,R
1773.35328,ERS5302561,S,NA,NA,S,NA,NA,NA,NA,S,NA,S,S,NA,NA,NA,S,NA,NA,NA,NA,S,R
1773.35354,ERS5302587,S,NA,NA,S,NA,NA,NA,NA,S,NA,S,S,NA,NA,NA,S,NA,NA,NA,NA,S,R
1773.35389,ERS5302630,S,NA,NA,S,NA,NA,NA,NA,S,NA,S,S,NA,NA,NA,S,NA,NA,NA,NA,S,R
1773.35485,ERS5302741,S,NA,NA,S,NA,NA,NA,NA,S,NA,R,S,NA,NA,NA,S,NA,NA,NA,NA,R,R
1773.36058,ERS5303569,S,NA,NA,S,NA,NA,NA,NA,S,NA,R,S,NA,NA,NA,S,NA,NA,NA,NA,R,R
1773.36339,ERS5304156,S,NA,NA,S,NA,NA,NA,NA,S,NA,S,S,NA,NA,NA,S,NA,NA,NA,NA,S,R
1773.36664,ERS5312572,S,NA,NA,S,NA,NA,NA,NA,S,NA,S,S,NA,NA,NA,S,NA,NA,NA,NA,R,R
1773.36718,ERS5312634,S,NA,NA,S,NA,NA,NA,NA,S,NA,S,S,NA,NA,NA,S,NA,NA,NA,NA,S,R
1773.36918,ERS5317629,S,NA,NA,S,NA,NA,NA,NA,S,NA,S,S,NA,NA,NA,S,NA,NA,NA,NA,R,R
1773.36975,ERS5317698,S,NA,NA,S,NA,NA,NA,NA,S,NA,S,S,NA,NA,NA,S,NA,NA,NA,NA,R,R
1773.37902,ERS5319533,S,NA,NA,S,NA,NA,NA,NA,S,NA,S,S,NA,NA,NA,S,NA,NA,NA,NA,R,R
1773.37913,ERS5319650,S,NA,NA,S,NA,NA,NA,NA,S,NA,R,S,NA,NA,NA,S,NA,NA,NA,NA,R,R
1773.37947,ERS5319679,S,NA,NA,S,NA,NA,NA,NA,S,NA,R,S,NA,NA,NA,S,NA,NA,NA,NA,R,R
1773.3855,ERS5320375,S,NA,NA,S,NA,NA,NA,NA,S,NA,S,S,NA,NA,NA,S,NA,NA,NA,NA,S,R
1773.39943,ERS6421490,S,NA,NA,S,NA,NA,NA,NA,S,NA,S,S,NA,NA,NA,S,NA,NA,NA,NA,S,R
1773.40021,ERS6421570,S,NA,NA,S,NA,NA,NA,NA,S,NA,S,S,NA,NA,NA,S,NA,NA,NA,NA,R,S
1773.40194,ERS6421763,S,NA,NA,S,NA,NA,NA,NA,S,NA,S,S,NA,NA,NA,S,NA,NA,NA,NA,R,R
1773.40199,ERS6421762,S,NA,NA,S,NA,NA,NA,NA,S,NA,S,S,NA,NA,NA,S,NA,NA,NA,NA,S,R
1773.40204,ERS6421765,S,NA,NA,S,NA,NA,NA,NA,S,NA,S,S,NA,NA,NA,S,NA,NA,NA,NA,R,R
1773.40439,ERS6422070,S,NA,NA,S,NA,NA,NA,NA,S,NA,S,S,NA,NA,NA,S,NA,NA,NA,NA,S,R
1773.4045,ERS6422145,S,NA,NA,S,NA,NA,NA,NA,S,NA,S,S,NA,NA,NA,S,NA,NA,NA,NA,S,R
1773.42972,ERS5301033,S,NA,NA,S,NA,NA,NA,NA,S,NA,R,S,NA,NA,NA,S,NA,NA,NA,NA,R,R
1773.43044,ERS5301353,S,NA,NA,R,NA,NA,NA,NA,S,NA,R,S,NA,NA,NA,S,NA,NA,NA,NA,R,R
1773.43161,ERS5302166,S,NA,NA,S,NA,NA,NA,NA,S,NA,S,S,NA,NA,NA,S,NA,NA,NA,NA,S,R
1773.43573,ERS5317529,S,NA,NA,S,NA,NA,NA,NA,S,NA,S,S,NA,NA,NA,S,NA,NA,NA,NA,R,R
1773.442,SRR2100623,NA,NA,NA,NA,NA,NA,NA,NA,S,NA,S,NA,NA,NA,NA,NA,NA,NA,S,NA,S,NA
1773.4483,SRR2100686,NA,NA,NA,NA,S,NA,NA,NA,S,NA,S,NA,NA,NA,NA,NA,NA,NA,S,NA,S,NA
1773.4484,SRR2100687,NA,NA,NA,NA,NA,NA,NA,NA,S,NA,S,NA,NA,NA,NA,NA,NA,NA,S,NA,S,NA
1773.4528,SRR2100732,NA,NA,NA,NA,NA,NA,NA,NA,S,NA,S,NA,NA,NA,NA,NA,NA,NA,S,NA,S,NA
1773.4541,SRR2100747,NA,NA,NA,NA,NA,NA,NA,NA,S,NA,S,NA,NA,NA,NA,NA,NA,NA,S,NA,S,NA
1773.4562,SRR2100771,NA,NA,NA,NA,NA,NA,NA,NA,S,NA,S,NA,NA,NA,NA,NA,NA,NA,S,NA,S,NA
1773.4565,SRR2100774,NA,NA,NA,NA,NA,NA,NA,NA,S,NA,S,NA,NA,NA,NA,NA,NA,NA,S,NA,S,NA
1773.4567,SRR2100776,NA,NA,NA,NA,S,NA,NA,NA,S,NA,S,NA,NA,NA,NA,NA,NA,NA,S,NA,S,NA
1773.4692,SRR2100905,NA,NA,NA,NA,S,NA,NA,NA,S,NA,R,NA,NA,NA,NA,NA,NA,NA,S,NA,S,NA
1773.4766,SRR2100982,NA,NA,NA,NA,NA,NA,NA,NA,S,NA,S,NA,NA,NA,NA,NA,NA,NA,S,NA,S,NA
1773.477,SRR2100986,NA,NA,NA,NA,NA,NA,NA,NA,S,NA,S,NA,NA,NA,NA,NA,NA,NA,S,NA,S,NA
1773.4803,SRR2101020,NA,NA,NA,NA,NA,NA,NA,NA,S,NA,S,NA,NA,NA,NA,NA,NA,NA,S,NA,S,NA
1773.5782,SRR2099975,NA,NA,NA,NA,NA,NA,NA,NA,S,NA,R,NA,NA,NA,NA,NA,NA,NA,S,NA,S,NA
1773.5835,SRR2100028,NA,NA,NA,NA,NA,NA,NA,NA,S,NA,S,NA,NA,NA,NA,NA,NA,NA,S,NA,S,NA
1773.20945,ERR3256122,S,NA,NA,S,NA,NA,NA,NA,S,NA,S,S,NA,NA,NA,S,NA,NA,NA,NA,S,S
1773.20985,ERR3256161,S,NA,NA,S,NA,NA,NA,NA,S,NA,S,S,NA,NA,NA,S,NA,NA,NA,NA,S,S
1773.21022,ERR3256200,S,NA,NA,S,NA,NA,NA,NA,S,NA,S,S,NA,NA,NA,S,NA,NA,NA,NA,S,S
1773.21729,ERR3256280,S,NA,NA,S,NA,NA,NA,NA,S,NA,R,S,NA,NA,NA,S,NA,NA,NA,NA,S,S
1773.31042,ERS1987021,S,NA,NA,S,NA,NA,NA,NA,S,NA,S,S,NA,NA,NA,S,NA,NA,NA,NA,S,R
1773.31222,ERS1987222,S,NA,NA,S,NA,NA,NA,NA,S,NA,S,S,NA,NA,NA,S,NA,NA,NA,NA,R,R
1773.31263,ERS1987265,S,NA,NA,S,NA,NA,NA,NA,S,NA,S,S,NA,NA,NA,S,NA,NA,NA,NA,R,R
1773.31264,ERS1987264,S,NA,NA,S,NA,NA,NA,NA,S,NA,S,S,NA,NA,NA,S,NA,NA,NA,NA,S,R
1773.31281,ERS1987282,S,NA,NA,S,NA,NA,NA,NA,S,NA,S,S,NA,NA,NA,S,NA,NA,NA,NA,S,R
1773.31289,ERS1987294,S,NA,NA,S,NA,NA,NA,NA,S,NA,S,S,NA,NA,NA,S,NA,NA,NA,NA,R,R
1773.31375,ERS1987388,S,NA,NA,S,NA,NA,NA,NA,S,NA,S,S,NA,NA,NA,S,NA,NA,NA,NA,S,R
1773.31376,ERS1987391,S,NA,NA,S,NA,NA,NA,NA,S,NA,S,S,NA,NA,NA,S,NA,NA,NA,NA,S,R
1773.3204,ERS3371816,S,NA,NA,S,NA,NA,NA,NA,S,NA,R,S,NA,NA,NA,S,NA,NA,NA,NA,R,R
1773.32116,ERS3371900,S,NA,NA,S,NA,NA,NA,NA,S,NA,R,S,NA,NA,NA,S,NA,NA,NA,NA,R,R
1773.32142,ERS3371930,S,NA,NA,S,NA,NA,NA,NA,R,NA,R,S,NA,NA,NA,S,NA,NA,NA,NA,S,R
1773.32217,ERS3372013,S,NA,NA,S,NA,NA,NA,NA,S,NA,S,S,NA,NA,NA,S,NA,NA,NA,NA,R,R
1773.32221,ERS3372020,S,NA,NA,S,NA,NA,NA,NA,S,NA,R,S,NA,NA,NA,S,NA,NA,NA,NA,R,R
1773.32315,ERS5281215,S,NA,NA,S,NA,NA,NA,NA,S,NA,S,S,NA,NA,NA,S,NA,NA,NA,NA,R,R
1773.32319,ERS5281220,S,NA,NA,S,NA,NA,NA,NA,S,NA,R,S,NA,NA,NA,S,NA,NA,NA,NA,R,R
1773.32354,ERS5281258,S,NA,NA,S,NA,NA,NA,NA,S,NA,S,S,NA,NA,NA,S,NA,NA,NA,NA,S,S
1773.3245,ERS5281437,S,NA,NA,S,NA,NA,NA,NA,S,NA,R,S,NA,NA,NA,S,NA,NA,NA,NA,R,R
1773.32455,ERS5281445,S,NA,NA,S,NA,NA,NA,NA,S,NA,R,S,NA,NA,NA,S,NA,NA,NA,NA,R,R
1773.32526,ERS5281547,S,NA,NA,S,NA,NA,NA,NA,S,NA,S,S,NA,NA,NA,S,NA,NA,NA,NA,S,S
1773.33141,ERS5282350,S,NA,NA,S,NA,NA,NA,NA,S,NA,S,S,NA,NA,NA,S,NA,NA,NA,NA,R,R
1773.3321,ERS5282444,S,NA,NA,S,NA,NA,NA,NA,S,NA,S,S,NA,NA,NA,S,NA,NA,NA,NA,R,R
1773.33246,ERS5282492,S,NA,NA,S,NA,NA,NA,NA,R,NA,R,S,NA,NA,NA,S,NA,NA,NA,NA,R,R
1773.33458,ERS5282764,S,NA,NA,S,NA,NA,NA,NA,S,NA,R,S,NA,NA,NA,S,NA,NA,NA,NA,R,R
1773.33512,ERS5282975,S,NA,NA,S,NA,NA,NA,NA,S,NA,S,S,NA,NA,NA,S,NA,NA,NA,NA,S,R
1773.33565,ERS5283401,S,NA,NA,S,NA,NA,NA,NA,R,NA,R,S,NA,NA,NA,S,NA,NA,NA,NA,R,R
1773.33673,ERS5297999,S,NA,NA,S,NA,NA,NA,NA,S,NA,S,S,NA,NA,NA,S,NA,NA,NA,NA,S,R
1773.33851,ERS5298185,S,NA,NA,S,NA,NA,NA,NA,S,NA,R,S,NA,NA,NA,S,NA,NA,NA,NA,S,R
1773.33856,ERS5298191,S,NA,NA,S,NA,NA,NA,NA,S,NA,S,S,NA,NA,NA,S,NA,NA,NA,NA,R,S
1773.33943,ERS5298283,S,NA,NA,S,NA,NA,NA,NA,S,NA,S,S,NA,NA,NA,S,NA,NA,NA,NA,R,R
1773.33973,ERS5298315,S,NA,NA,S,NA,NA,NA,NA,S,NA,S,S,NA,NA,NA,S,NA,NA,NA,NA,S,R
1773.34083,ERS5298589,S,NA,NA,S,NA,NA,NA,NA,S,NA,R,S,NA,NA,NA,S,NA,NA,NA,NA,S,R
1773.343,ERS5300528,S,NA,NA,S,NA,NA,NA,NA,S,NA,S,S,NA,NA,NA,S,NA,NA,NA,NA,R,R
1773.34351,ERS5300590,S,NA,NA,S,NA,NA,NA,NA,S,NA,R,S,NA,NA,NA,S,NA,NA,NA,NA,R,R
1773.34484,ERS5300741,S,NA,NA,S,NA,NA,NA,NA,S,NA,S,S,NA,NA,NA,S,NA,NA,NA,NA,R,R
1773.34595,ERS5300876,S,NA,NA,S,NA,NA,NA,NA,S,NA,R,S,NA,NA,NA,R,NA,NA,NA,NA,R,S
1773.34639,ERS5301025,S,NA,NA,S,NA,NA,NA,NA,R,NA,R,S,NA,NA,NA,S,NA,NA,NA,NA,S,R
1773.34671,ERS5301079,S,NA,NA,S,NA,NA,NA,NA,R,NA,R,S,NA,NA,NA,S,NA,NA,NA,NA,R,R
1773.34687,ERS5301190,S,NA,NA,S,NA,NA,NA,NA,S,NA,S,S,NA,NA,NA,S,NA,NA,NA,NA,R,R
1773.34758,ERS5301333,S,NA,NA,R,NA,NA,NA,NA,S,NA,S,S,NA,NA,NA,S,NA,NA,NA,NA,R,R
1773.34857,ERS5301929,S,NA,NA,S,NA,NA,NA,NA,S,NA,S,S,NA,NA,NA,S,NA,NA,NA,NA,S,S
1773.34981,ERS5302107,S,NA,NA,S,NA,NA,NA,NA,S,NA,S,S,NA,NA,NA,S,NA,NA,NA,NA,S,S
1773.35012,ERS5302159,S,NA,NA,S,NA,NA,NA,NA,S,NA,R,S,NA,NA,NA,S,NA,NA,NA,NA,R,R
1773.35179,ERS5302371,S,NA,NA,S,NA,NA,NA,NA,S,NA,S,S,NA,NA,NA,S,NA,NA,NA,NA,S,R
1773.35602,ERS5302883,S,NA,NA,S,NA,NA,NA,NA,S,NA,S,S,NA,NA,NA,S,NA,NA,NA,NA,R,R
1773.36154,ERS5303903,S,NA,NA,S,NA,NA,NA,NA,S,NA,S,S,NA,NA,NA,S,NA,NA,NA,NA,S,R
1773.36495,ERS5312394,S,NA,NA,S,NA,NA,NA,NA,S,NA,S,S,NA,NA,NA,S,NA,NA,NA,NA,S,R
1773.365,ERS5312386,S,NA,NA,S,NA,NA,NA,NA,R,NA,R,S,NA,NA,NA,S,NA,NA,NA,NA,R,R
1773.36588,ERS5312497,S,NA,NA,S,NA,NA,NA,NA,S,NA,S,S,NA,NA,NA,S,NA,NA,NA,NA,S,R
1773.36604,ERS5312513,S,NA,NA,S,NA,NA,NA,NA,S,NA,S,S,NA,NA,NA,S,NA,NA,NA,NA,R,R
1773.3662,ERS5312536,S,NA,NA,S,NA,NA,NA,NA,S,NA,S,S,NA,NA,NA,S,NA,NA,NA,NA,R,R
1773.36638,ERS5312553,S,NA,NA,S,NA,NA,NA,NA,S,NA,S,S,NA,NA,NA,S,NA,NA,NA,NA,S,R
1773.3665,ERS5312560,S,NA,NA,S,NA,NA,NA,NA,S,NA,S,S,NA,NA,NA,S,NA,NA,NA,NA,R,R
1773.36655,ERS5312566,S,NA,NA,S,NA,NA,NA,NA,S,NA,S,S,NA,NA,NA,S,NA,NA,NA,NA,S,R
1773.36727,ERS5312644,S,NA,NA,S,NA,NA,NA,NA,S,NA,S,S,NA,NA,NA,S,NA,NA,NA,NA,R,R
1773.36729,ERS5312649,R,NA,NA,R,NA,NA,NA,NA,R,NA,R,R,NA,NA,NA,S,NA,NA,NA,NA,R,R
1773.36733,ERS5312652,S,NA,NA,S,NA,NA,NA,NA,R,NA,R,S,NA,NA,NA,S,NA,NA,NA,NA,R,R
1773.36734,ERS5312654,S,NA,NA,S,NA,NA,NA,NA,R,NA,R,S,NA,NA,NA,S,NA,NA,NA,NA,R,R
1773.36736,ERS5312655,S,NA,NA,S,NA,NA,NA,NA,R,NA,R,S,NA,NA,NA,S,NA,NA,NA,NA,R,R
1773.36784,ERS5317218,S,NA,NA,S,NA,NA,NA,NA,R,NA,R,S,NA,NA,NA,S,NA,NA,NA,NA,R,R
1773.36804,ERS5317243,S,NA,NA,S,NA,NA,NA,NA,S,NA,S,S,NA,NA,NA,S,NA,NA,NA,NA,R,R
1773.36815,ERS5317254,S,NA,NA,S,NA,NA,NA,NA,S,NA,R,S,NA,NA,NA,S,NA,NA,NA,NA,R,R
1773.36843,ERS5317327,S,NA,NA,S,NA,NA,NA,NA,S,NA,S,S,NA,NA,NA,S,NA,NA,NA,NA,R,R
1773.36917,ERS5317631,S,NA,NA,S,NA,NA,NA,NA,S,NA,S,S,NA,NA,NA,S,NA,NA,NA,NA,R,R
1773.36961,ERS5317682,S,NA,NA,S,NA,NA,NA,NA,S,NA,R,S,NA,NA,NA,S,NA,NA,NA,NA,R,R
1773.36978,ERS5317700,S,NA,NA,S,NA,NA,NA,NA,S,NA,R,S,NA,NA,NA,S,NA,NA,NA,NA,R,R
1773.37719,ERS5319140,S,NA,NA,S,NA,NA,NA,NA,R,NA,R,S,NA,NA,NA,S,NA,NA,NA,NA,R,R
1773.37853,ERS5319485,S,NA,NA,R,NA,NA,NA,NA,S,NA,R,S,NA,NA,NA,S,NA,NA,NA,NA,S,R
1773.38257,ERS5320040,S,NA,NA,S,NA,NA,NA,NA,R,NA,R,S,NA,NA,NA,S,NA,NA,NA,NA,R,R
1773.38382,ERS5320184,S,NA,NA,S,NA,NA,NA,NA,S,NA,S,S,NA,NA,NA,S,NA,NA,NA,NA,R,R
1773.38402,ERS5320207,S,NA,NA,S,NA,NA,NA,NA,S,NA,S,S,NA,NA,NA,S,NA,NA,NA,NA,R,R
1773.38429,ERS5320238,S,NA,NA,S,NA,NA,NA,NA,S,NA,S,S,NA,NA,NA,S,NA,NA,NA,NA,R,R
1773.38555,ERS5320376,S,NA,NA,S,NA,NA,NA,NA,S,NA,S,S,NA,NA,NA,S,NA,NA,NA,NA,R,R
1773.38571,ERS5320388,S,NA,NA,S,NA,NA,NA,NA,S,NA,S,S,NA,NA,NA,S,NA,NA,NA,NA,S,R
1773.38691,ERS5320587,S,NA,NA,S,NA,NA,NA,NA,S,NA,R,S,NA,NA,NA,S,NA,NA,NA,NA,R,R
1773.38702,ERS5320601,S,NA,NA,S,NA,NA,NA,NA,R,NA,R,S,NA,NA,NA,S,NA,NA,NA,NA,R,R
1773.39287,ERS6403055,S,NA,NA,S,NA,NA,NA,NA,S,NA,S,S,NA,NA,NA,S,NA,NA,NA,NA,S,R
1773.39322,ERS6403093,R,NA,NA,R,NA,NA,NA,NA,S,NA,R,R,NA,NA,NA,S,NA,NA,NA,NA,R,S
1773.39371,ERS6403145,S,NA,NA,S,NA,NA,NA,NA,S,NA,S,S,NA,NA,NA,S,NA,NA,NA,NA,S,R
1773.39468,ERS6403262,S,NA,NA,S,NA,NA,NA,NA,S,NA,S,S,NA,NA,NA,S,NA,NA,NA,NA,S,R
1773.39472,ERS6403267,S,NA,NA,S,NA,NA,NA,NA,S,NA,R,S,NA,NA,NA,S,NA,NA,NA,NA,R,R
1773.39541,ERS6403340,R,NA,NA,R,NA,NA,NA,NA,S,NA,R,R,NA,NA,NA,R,NA,NA,NA,NA,R,S
1773.39544,ERS6403356,S,NA,NA,S,NA,NA,NA,NA,R,NA,R,S,NA,NA,NA,S,NA,NA,NA,NA,R,R
1773.39708,ERS6403536,S,NA,NA,S,NA,NA,NA,NA,S,NA,S,S,NA,NA,NA,S,NA,NA,NA,NA,S,R
1773.39753,ERS6403583,S,NA,NA,S,NA,NA,NA,NA,S,NA,S,S,NA,NA,NA,S,NA,NA,NA,NA,S,R
1773.39946,ERS6421497,S,NA,NA,S,NA,NA,NA,NA,S,NA,S,S,NA,NA,NA,S,NA,NA,NA,NA,S,R
1773.39949,ERS6421494,S,NA,NA,S,NA,NA,NA,NA,S,NA,S,S,NA,NA,NA,S,NA,NA,NA,NA,S,R
1773.39961,ERS6421507,S,NA,NA,S,NA,NA,NA,NA,S,NA,S,S,NA,NA,NA,S,NA,NA,NA,NA,S,R
1773.39969,ERS6421517,S,NA,NA,S,NA,NA,NA,NA,S,NA,S,S,NA,NA,NA,S,NA,NA,NA,NA,R,R
1773.3999,ERS6421536,S,NA,NA,R,NA,NA,NA,NA,S,NA,S,S,NA,NA,NA,S,NA,NA,NA,NA,S,R
1773.40001,ERS6421545,S,NA,NA,S,NA,NA,NA,NA,S,NA,S,S,NA,NA,NA,S,NA,NA,NA,NA,S,R
1773.40192,ERS6421752,S,NA,NA,S,NA,NA,NA,NA,S,NA,S,S,NA,NA,NA,S,NA,NA,NA,NA,R,R
1773.40244,ERS6421810,S,NA,NA,S,NA,NA,NA,NA,S,NA,S,S,NA,NA,NA,S,NA,NA,NA,NA,S,R
1773.40296,ERS6421905,R,NA,NA,R,NA,NA,NA,NA,S,NA,R,R,NA,NA,NA,R,NA,NA,NA,NA,S,S
1773.40361,ERS6421997,S,NA,NA,S,NA,NA,NA,NA,S,NA,R,S,NA,NA,NA,S,NA,NA,NA,NA,S,R
1773.40374,ERS6422005,S,NA,NA,S,NA,NA,NA,NA,S,NA,R,S,NA,NA,NA,S,NA,NA,NA,NA,S,R
1773.40523,ERS6422217,S,NA,NA,S,NA,NA,NA,NA,S,NA,S,S,NA,NA,NA,S,NA,NA,NA,NA,S,S
1773.40756,ERS5281314,S,NA,S,R,NA,S,NA,S,R,R,R,R,R,S,R,S,S,NA,NA,R,R,R
1773.40822,ERS5281380,S,NA,S,S,NA,S,NA,S,R,S,R,S,R,S,R,S,R,NA,NA,R,R,R
1773.4085,ERS5281412,S,NA,S,S,NA,S,NA,S,R,S,R,S,R,S,R,S,R,NA,NA,R,R,R
1773.41719,ERS5282394,S,NA,S,S,NA,S,NA,S,S,S,S,S,R,S,S,S,S,NA,NA,S,S,S
1773.42212,ERS5282920,S,NA,S,S,NA,R,NA,R,R,S,S,S,R,S,S,S,S,NA,NA,S,R,R
1773.42369,ERS5283090,S,NA,S,S,NA,S,NA,S,S,S,R,S,R,S,R,S,S,NA,NA,R,R,R
1773.4238,ERS5283101,S,NA,S,R,NA,S,NA,S,S,S,S,S,R,S,R,S,S,NA,NA,S,S,R
1773.42461,ERS5283191,S,NA,S,S,NA,S,NA,S,S,S,S,S,S,S,S,S,S,NA,NA,S,S,S
1773.42496,ERS5283223,R,NA,S,R,NA,S,NA,S,S,R,R,R,R,S,R,S,S,NA,NA,R,R,R
1773.42505,ERS5283234,S,NA,S,S,NA,S,NA,S,S,R,S,S,S,S,S,S,S,NA,NA,S,R,R
1773.42535,ERS5283261,S,NA,S,S,NA,S,NA,R,R,R,R,S,R,S,R,R,S,NA,NA,R,R,R
1773.4254,ERS5283266,S,NA,S,S,NA,S,NA,S,S,S,S,S,S,S,S,S,S,NA,NA,S,S,R
1773.42645,ERR7361920,S,NA,NA,S,NA,NA,NA,NA,S,NA,S,S,NA,NA,NA,S,NA,NA,NA,NA,R,R
1773.42953,ERS5298544,S,NA,NA,S,NA,NA,NA,NA,S,NA,S,S,NA,NA,NA,S,NA,NA,NA,NA,S,S
1773.43041,ERS5301349,S,NA,NA,S,NA,NA,NA,NA,S,NA,R,S,NA,NA,NA,S,NA,NA,NA,NA,S,R
1773.43051,ERS5301364,S,NA,NA,S,NA,NA,NA,NA,S,NA,S,S,NA,NA,NA,S,NA,NA,NA,NA,R,R
1773.4311,ERS5301838,S,NA,NA,S,NA,NA,NA,NA,S,NA,S,S,NA,NA,NA,S,NA,NA,NA,NA,S,R
1773.432,ERS5302055,S,NA,NA,S,NA,NA,NA,NA,S,NA,S,S,NA,NA,NA,S,NA,NA,NA,NA,R,R
1773.4352,ERS5317433,S,NA,NA,S,NA,NA,NA,NA,S,NA,R,S,NA,NA,NA,S,NA,NA,NA,NA,R,R
1773.43578,ERS5317427,S,NA,NA,S,NA,NA,NA,NA,S,NA,S,S,NA,NA,NA,S,NA,NA,NA,NA,R,R
1773.19973,ERR212055,S,NA,NA,S,NA,NA,NA,NA,S,NA,S,S,NA,NA,NA,S,NA,NA,NA,NA,R,S
1773.31061,ERS1987043,S,NA,NA,S,NA,NA,NA,NA,S,NA,R,S,NA,NA,NA,S,NA,NA,NA,NA,R,R
1773.31867,ERS3371632,S,NA,NA,S,NA,NA,NA,NA,S,NA,S,S,NA,NA,NA,S,NA,NA,NA,NA,R,R
1773.32251,ERS3372052,R,NA,NA,R,NA,NA,NA,NA,S,NA,R,R,NA,NA,NA,S,NA,NA,NA,NA,R,R
1773.33158,ERS5282374,S,NA,NA,S,NA,NA,NA,NA,R,NA,R,S,NA,NA,NA,S,NA,NA,NA,NA,R,R
1773.33174,ERS5282396,S,NA,NA,S,NA,NA,NA,NA,R,NA,R,S,NA,NA,NA,S,NA,NA,NA,NA,R,R
1773.33276,ERS5282524,S,NA,NA,S,NA,NA,NA,NA,S,NA,S,S,NA,NA,NA,S,NA,NA,NA,NA,R,R
1773.33456,ERS5282758,S,NA,NA,S,NA,NA,NA,NA,R,NA,R,S,NA,NA,NA,S,NA,NA,NA,NA,R,R
1773.3382,ERS5298150,S,NA,NA,S,NA,NA,NA,NA,S,NA,S,S,NA,NA,NA,S,NA,NA,NA,NA,S,R
1773.33845,ERS5298178,S,NA,NA,R,NA,NA,NA,NA,S,NA,R,S,NA,NA,NA,S,NA,NA,NA,NA,R,R
1773.33924,ERS5298264,S,NA,NA,S,NA,NA,NA,NA,S,NA,S,S,NA,NA,NA,S,NA,NA,NA,NA,R,S
1773.34072,ERS5298580,S,NA,NA,S,NA,NA,NA,NA,S,NA,S,S,NA,NA,NA,S,NA,NA,NA,NA,S,R
1773.34135,ERS5298645,S,NA,NA,S,NA,NA,NA,NA,S,NA,S,S,NA,NA,NA,S,NA,NA,NA,NA,R,R
1773.34193,ERS5298706,S,NA,NA,S,NA,NA,NA,NA,S,NA,S,S,NA,NA,NA,S,NA,NA,NA,NA,R,R
1773.35402,ERS5302641,S,NA,NA,S,NA,NA,NA,NA,S,NA,S,S,NA,NA,NA,S,NA,NA,NA,NA,R,R
1773.35431,ERS5302681,S,NA,NA,S,NA,NA,NA,NA,S,NA,S,S,NA,NA,NA,S,NA,NA,NA,NA,S,R
1773.36157,ERS5303907,S,NA,NA,S,NA,NA,NA,NA,S,NA,S,S,NA,NA,NA,S,NA,NA,NA,NA,R,R
1773.36348,ERS5304168,S,NA,NA,S,NA,NA,NA,NA,S,NA,S,S,NA,NA,NA,S,NA,NA,NA,NA,S,R
1773.36596,ERS5312505,S,NA,NA,S,NA,NA,NA,NA,S,NA,S,S,NA,NA,NA,S,NA,NA,NA,NA,S,R
1773.36631,ERS5312542,S,NA,NA,S,NA,NA,NA,NA,S,NA,S,S,NA,NA,NA,S,NA,NA,NA,NA,S,S
1773.36991,ERS5317717,S,NA,NA,S,NA,NA,NA,NA,S,NA,R,S,NA,NA,NA,S,NA,NA,NA,NA,R,R
1773.37061,ERS5317793,S,NA,NA,S,NA,NA,NA,NA,R,NA,R,S,NA,NA,NA,S,NA,NA,NA,NA,R,R
1773.37957,ERS5319689,S,NA,NA,S,NA,NA,NA,NA,S,NA,S,S,NA,NA,NA,S,NA,NA,NA,NA,S,R
1773.38549,ERS5320373,S,NA,NA,S,NA,NA,NA,NA,S,NA,S,S,NA,NA,NA,S,NA,NA,NA,NA,S,R
1773.38635,ERS5320460,S,NA,NA,S,NA,NA,NA,NA,S,NA,S,S,NA,NA,NA,S,NA,NA,NA,NA,S,S
1773.39495,ERS6403294,S,NA,NA,S,NA,NA,NA,NA,S,NA,S,S,NA,NA,NA,S,NA,NA,NA,NA,S,S
1773.39746,ERS6403578,R,NA,NA,R,NA,NA,NA,NA,S,NA,R,R,NA,NA,NA,S,NA,NA,NA,NA,R,R
1773.42543,ERS5283267,S,NA,S,S,NA,S,NA,R,S,S,R,S,R,S,S,S,S,NA,NA,R,R,R
1773.43046,ERS5301356,S,NA,NA,S,NA,NA,NA,NA,S,NA,S,S,NA,NA,NA,S,NA,NA,NA,NA,R,R
1773.43367,ERS5317341,S,NA,NA,S,NA,NA,NA,NA,S,NA,S,S,NA,NA,NA,S,NA,NA,NA,NA,S,S
1773.18564,ERR1034906,S,NA,NA,S,NA,NA,R,NA,R,R,R,S,NA,NA,NA,R,S,NA,NA,NA,R,R
1773.18595,ERR1035257,S,NA,NA,S,NA,NA,NA,NA,S,NA,S,S,NA,NA,NA,S,NA,NA,S,NA,R,S
1773.18884,ERR126632,S,NA,NA,S,NA,NA,NA,NA,S,NA,S,S,NA,NA,NA,S,NA,NA,NA,NA,S,R
1773.21724,ERR3256276,S,NA,NA,S,NA,NA,NA,NA,S,NA,S,S,NA,NA,NA,S,NA,NA,NA,NA,S,S
1773.23407,ERR2120259,S,NA,NA,R,NA,NA,NA,NA,S,NA,R,S,NA,NA,NA,S,NA,NA,R,NA,R,S
1773.18584,ERR1035249,S,NA,NA,S,NA,NA,NA,NA,S,NA,S,S,NA,NA,NA,S,NA,NA,S,NA,S,S
1773.20607,ERR1035111,S,NA,NA,S,NA,NA,NA,NA,S,NA,S,S,NA,NA,NA,S,NA,NA,NA,NA,S,S
1773.33401,ERS5282678,S,NA,NA,S,NA,NA,NA,NA,R,NA,R,S,NA,NA,NA,R,NA,NA,NA,NA,R,R
1773.36637,ERS5312551,S,NA,NA,S,NA,NA,NA,NA,S,NA,S,S,NA,NA,NA,S,NA,NA,NA,NA,R,R
1773.3789,ERS5319520,S,NA,NA,S,NA,NA,NA,NA,S,NA,S,S,NA,NA,NA,S,NA,NA,NA,NA,S,R
1773.3902,ERS6402737,S,NA,NA,S,NA,NA,NA,NA,S,NA,S,S,NA,NA,NA,S,NA,NA,NA,NA,R,R
1773.40835,ERS5281396,S,NA,S,S,NA,S,NA,S,S,S,S,S,R,S,S,S,S,NA,NA,S,S,R
1773.435,ERS5317530,S,NA,NA,S,NA,NA,NA,NA,S,NA,S,S,NA,NA,NA,S,NA,NA,NA,NA,S,R
1773.43681,ERS5281362,S,NA,S,S,NA,R,NA,R,R,S,S,S,R,S,S,S,S,NA,NA,S,S,R
1773.34647,ERS5301041,S,NA,NA,S,NA,NA,NA,NA,S,NA,R,S,NA,NA,NA,S,NA,NA,NA,NA,S,R
1773.34669,ERS5301077,S,NA,NA,S,NA,NA,NA,NA,S,NA,R,S,NA,NA,NA,S,NA,NA,NA,NA,R,R
1773.35131,ERS5302314,S,NA,NA,S,NA,NA,NA,NA,S,NA,S,S,NA,NA,NA,S,NA,NA,NA,NA,R,R
1773.40582,ERR3323723,S,NA,NA,S,NA,NA,NA,NA,S,NA,S,S,NA,NA,NA,S,NA,NA,NA,NA,R,R
1773.40683,ERS5281242,R,NA,S,R,NA,S,NA,S,S,R,R,S,R,S,R,S,S,NA,NA,R,R,R
1773.43426,ERS5317374,S,NA,NA,S,NA,NA,NA,NA,S,NA,S,S,NA,NA,NA,S,NA,NA,NA,NA,S,S
1773.43439,ERS5317346,S,NA,NA,S,NA,NA,NA,NA,S,NA,S,S,NA,NA,NA,S,NA,NA,NA,NA,S,S
1773.33381,ERS5282655,S,NA,NA,S,NA,NA,NA,NA,S,NA,S,S,NA,NA,NA,S,NA,NA,NA,NA,S,S
1773.38409,ERS5320216,S,NA,NA,S,NA,NA,NA,NA,S,NA,S,S,NA,NA,NA,S,NA,NA,NA,NA,S,R
1773.43568,ERS5317536,S,NA,NA,S,NA,NA,NA,NA,S,NA,R,S,NA,NA,NA,S,NA,NA,NA,NA,S,R
1773.43594,ERS5317509,S,NA,NA,S,NA,NA,NA,NA,S,NA,S,S,NA,NA,NA,S,NA,NA,NA,NA,S,S
1773.32337,ERS5281244,S,NA,NA,S,NA,NA,NA,NA,S,NA,S,S,NA,NA,NA,S,NA,NA,NA,NA,S,R
1773.1215,ERS053606,S,NA,NA,S,NA,NA,NA,NA,R,NA,R,NA,NA,NA,S,S,NA,S,S,NA,R,R
1773.1576,ERS094251,S,NA,NA,S,NA,NA,NA,NA,R,NA,R,NA,NA,NA,S,S,NA,R,R,NA,R,R
1773.1866,ERR1034786,S,NA,NA,S,R,NA,S,NA,S,S,R,S,NA,NA,NA,S,S,NA,R,NA,R,R
1773.18979,ERR161115,S,NA,NA,S,NA,NA,NA,NA,S,NA,S,S,NA,NA,NA,S,NA,NA,NA,NA,R,R
1773.18985,ERR161137,S,NA,NA,S,NA,NA,NA,NA,S,NA,S,S,NA,NA,NA,S,NA,NA,S,NA,S,R
1773.19411,ERR176749,S,NA,NA,S,NA,NA,NA,NA,S,NA,S,S,NA,NA,NA,S,NA,NA,NA,NA,S,R
1773.19432,ERR176768,S,NA,NA,S,NA,NA,NA,NA,S,NA,S,S,NA,NA,NA,S,NA,NA,NA,NA,S,R
1773.20948,ERR3256125,S,NA,NA,S,NA,NA,NA,NA,S,NA,S,S,NA,NA,NA,S,NA,NA,NA,NA,S,S
1773.20961,ERR3256138,S,NA,NA,S,NA,NA,NA,NA,S,NA,R,S,NA,NA,NA,S,NA,NA,NA,NA,S,S
1773.20968,ERR3256141,S,NA,NA,S,NA,NA,NA,NA,S,NA,R,S,NA,NA,NA,S,NA,NA,NA,NA,S,S
1773.20991,ERR3256171,S,NA,NA,S,NA,NA,NA,NA,S,NA,S,S,NA,NA,NA,S,NA,NA,NA,NA,S,S
1773.21051,ERR3256231,S,NA,NA,S,NA,NA,NA,NA,S,NA,S,S,NA,NA,NA,S,NA,NA,NA,NA,S,S
1773.21716,ERR3256268,S,NA,NA,S,NA,NA,NA,NA,S,NA,S,S,NA,NA,NA,S,NA,NA,NA,NA,S,S
1773.2465,ERR551507,NA,NA,NA,NA,NA,NA,NA,NA,S,NA,S,NA,NA,NA,NA,NA,NA,NA,S,NA,S,S
1773.2479,ERR552736,NA,NA,NA,NA,NA,NA,NA,NA,S,NA,S,NA,NA,NA,NA,NA,NA,NA,S,NA,S,S
1773.25,ERR551846,NA,NA,NA,NA,NA,NA,NA,NA,S,NA,S,NA,NA,NA,NA,NA,NA,NA,S,NA,S,R
1773.2503,ERR552320,NA,NA,NA,NA,NA,NA,NA,NA,S,NA,S,NA,NA,NA,NA,NA,NA,NA,S,NA,S,S
1773.2508,ERR552317,NA,NA,NA,NA,NA,NA,NA,NA,S,NA,S,NA,NA,NA,NA,NA,NA,NA,S,NA,S,S
1773.2532,ERR550820,NA,NA,NA,NA,NA,NA,NA,NA,S,NA,S,NA,NA,NA,NA,NA,NA,NA,S,NA,S,S
1773.2613,ERR552831,NA,NA,NA,NA,NA,NA,NA,NA,S,NA,S,NA,NA,NA,NA,NA,NA,NA,S,NA,S,R
1773.2659,ERR552948,NA,NA,NA,NA,NA,NA,NA,NA,S,NA,S,NA,NA,NA,NA,NA,NA,NA,S,NA,S,S
1773.2697,ERR553301,NA,NA,NA,NA,NA,NA,NA,NA,S,NA,S,NA,NA,NA,NA,NA,NA,NA,S,NA,S,S
1773.2815,ERR552639,NA,NA,NA,NA,NA,NA,NA,NA,S,NA,S,NA,NA,NA,NA,NA,NA,NA,S,NA,S,S
1773.296,ERR551908,NA,NA,NA,NA,NA,NA,NA,NA,S,NA,S,NA,NA,NA,NA,NA,NA,NA,S,NA,S,S
1773.2982,ERR550935,NA,NA,NA,NA,NA,NA,NA,NA,S,NA,S,NA,NA,NA,NA,NA,NA,NA,S,NA,S,S
1773.3021,ERR551395,NA,NA,NA,NA,NA,NA,NA,NA,S,NA,S,NA,NA,NA,NA,NA,NA,NA,S,NA,S,S
1773.303,ERR552857,NA,NA,NA,NA,NA,NA,NA,NA,S,NA,S,NA,NA,NA,NA,NA,NA,NA,S,NA,S,S
1773.3051,ERR551183,NA,NA,NA,NA,NA,NA,NA,NA,S,NA,S,NA,NA,NA,NA,NA,NA,NA,S,NA,S,S
1773.3108,ERS1987066,S,NA,NA,S,NA,NA,NA,NA,S,NA,S,S,NA,NA,NA,S,NA,NA,NA,NA,S,R
1773.31223,ERS1987219,S,NA,NA,S,NA,NA,NA,NA,S,NA,S,S,NA,NA,NA,S,NA,NA,NA,NA,S,R
1773.31256,ERS1987259,S,NA,NA,S,NA,NA,NA,NA,S,NA,R,S,NA,NA,NA,S,NA,NA,NA,NA,R,R
1773.3127,ERS1987272,S,NA,NA,S,NA,NA,NA,NA,S,NA,R,S,NA,NA,NA,S,NA,NA,NA,NA,R,R
1773.31308,ERS1987318,S,NA,NA,S,NA,NA,NA,NA,S,NA,S,S,NA,NA,NA,S,NA,NA,NA,NA,S,R
1773.31317,ERS1987324,S,NA,NA,S,NA,NA,NA,NA,S,NA,S,S,NA,NA,NA,S,NA,NA,NA,NA,S,R
1773.31319,ERS1987330,S,NA,NA,S,NA,NA,NA,NA,S,NA,S,S,NA,NA,NA,S,NA,NA,NA,NA,S,R
1773.3136,ERS1987367,S,NA,NA,S,NA,NA,NA,NA,S,NA,S,S,NA,NA,NA,S,NA,NA,NA,NA,S,R
1773.31805,ERS3371567,S,NA,NA,S,NA,NA,NA,NA,S,NA,S,S,NA,NA,NA,S,NA,NA,NA,NA,S,R
1773.32093,ERS3371878,S,NA,NA,S,NA,NA,NA,NA,S,NA,R,S,NA,NA,NA,S,NA,NA,NA,NA,S,R
1773.323,ERR552781,NA,NA,NA,NA,NA,NA,NA,NA,S,NA,S,NA,NA,NA,NA,NA,NA,NA,S,NA,S,S
1773.32503,ERS5281518,S,NA,NA,S,NA,NA,NA,NA,S,NA,S,S,NA,NA,NA,S,NA,NA,NA,NA,R,R
1773.33089,ERS5282288,S,NA,NA,S,NA,NA,NA,NA,S,NA,S,S,NA,NA,NA,S,NA,NA,NA,NA,S,R
1773.3316,ERR552642,NA,NA,NA,NA,NA,NA,NA,NA,S,NA,S,NA,NA,NA,NA,NA,NA,NA,S,NA,S,S
1773.33168,ERS5282385,S,NA,NA,S,NA,NA,NA,NA,S,NA,S,S,NA,NA,NA,S,NA,NA,NA,NA,R,R
1773.335,ERR551564,NA,NA,NA,NA,NA,NA,NA,NA,S,NA,S,NA,NA,NA,NA,NA,NA,NA,S,NA,S,S
1773.3366,ERR552946,NA,NA,NA,NA,NA,NA,NA,NA,S,NA,S,NA,NA,NA,NA,NA,NA,NA,S,NA,S,S
1773.3375,ERR552851,NA,NA,NA,NA,NA,NA,NA,NA,S,NA,S,NA,NA,NA,NA,NA,NA,NA,S,NA,S,S
1773.33776,ERS5298109,S,NA,NA,S,NA,NA,NA,NA,S,NA,R,S,NA,NA,NA,S,NA,NA,NA,NA,R,R
1773.33908,ERS5298246,R,NA,NA,R,NA,NA,NA,NA,S,NA,S,R,NA,NA,NA,S,NA,NA,NA,NA,S,R
1773.33967,ERS5298311,S,NA,NA,S,NA,NA,NA,NA,S,NA,S,S,NA,NA,NA,S,NA,NA,NA,NA,S,R
1773.34048,ERS5298553,S,NA,NA,S,NA,NA,NA,NA,S,NA,S,S,NA,NA,NA,S,NA,NA,NA,NA,R,R
1773.34194,ERS5298708,S,NA,NA,R,NA,NA,NA,NA,S,NA,S,S,NA,NA,NA,S,NA,NA,NA,NA,R,R
1773.34409,ERS5300642,S,NA,NA,S,NA,NA,NA,NA,R,NA,R,S,NA,NA,NA,S,NA,NA,NA,NA,S,R
1773.34651,ERS5301048,S,NA,NA,S,NA,NA,NA,NA,S,NA,R,S,NA,NA,NA,S,NA,NA,NA,NA,R,R
1773.3482,ERR553311,NA,NA,NA,NA,NA,NA,NA,NA,S,NA,S,NA,NA,NA,NA,NA,NA,NA,S,NA,S,S
1773.34983,ERS5302113,S,NA,NA,S,NA,NA,NA,NA,S,NA,S,S,NA,NA,NA,S,NA,NA,NA,NA,S,R
1773.35013,ERS5302156,S,NA,NA,S,NA,NA,NA,NA,S,NA,S,S,NA,NA,NA,S,NA,NA,NA,NA,S,R
1773.35029,ERS5302189,S,NA,NA,S,NA,NA,NA,NA,S,NA,S,S,NA,NA,NA,S,NA,NA,NA,NA,S,R
1773.3505,ERR551365,NA,NA,NA,NA,NA,NA,NA,NA,S,NA,S,NA,NA,NA,NA,NA,NA,NA,S,NA,S,S
1773.35187,ERS5302384,S,NA,NA,S,NA,NA,NA,NA,S,NA,R,S,NA,NA,NA,S,NA,NA,NA,NA,S,R
1773.35189,ERS5302381,S,NA,NA,S,NA,NA,NA,NA,S,NA,S,S,NA,NA,NA,S,NA,NA,NA,NA,R,R
1773.35416,ERS5302668,S,NA,NA,S,NA,NA,NA,NA,S,NA,S,S,NA,NA,NA,S,NA,NA,NA,NA,S,R
1773.35427,ERS5302676,S,NA,NA,S,NA,NA,NA,NA,S,NA,R,S,NA,NA,NA,S,NA,NA,NA,NA,R,R
1773.35735,ERS5303107,S,NA,NA,S,NA,NA,NA,NA,S,NA,R,S,NA,NA,NA,S,NA,NA,NA,NA,S,R
1773.35864,ERS5303270,S,NA,NA,S,NA,NA,NA,NA,S,NA,R,S,NA,NA,NA,S,NA,NA,NA,NA,S,R
1773.35872,ERS5303328,S,NA,NA,S,NA,NA,NA,NA,S,NA,S,S,NA,NA,NA,S,NA,NA,NA,NA,R,R
1773.35933,ERS5303429,S,NA,NA,S,NA,NA,NA,NA,S,NA,S,S,NA,NA,NA,S,NA,NA,NA,NA,S,R
1773.36331,ERS5304142,S,NA,NA,S,NA,NA,NA,NA,S,NA,S,S,NA,NA,NA,S,NA,NA,NA,NA,R,R
1773.36333,ERS5304148,S,NA,NA,S,NA,NA,NA,NA,S,NA,S,S,NA,NA,NA,S,NA,NA,NA,NA,R,R
1773.36479,ERS5312381,S,NA,NA,S,NA,NA,NA,NA,S,NA,R,S,NA,NA,NA,S,NA,NA,NA,NA,S,R
1773.36628,ERS5312538,S,NA,NA,S,NA,NA,NA,NA,S,NA,S,S,NA,NA,NA,S,NA,NA,NA,NA,S,R
1773.36824,ERS5317266,S,NA,NA,R,NA,NA,NA,NA,S,NA,S,S,NA,NA,NA,S,NA,NA,NA,NA,R,R
1773.36852,ERS5317442,S,NA,NA,S,NA,NA,NA,NA,S,NA,S,S,NA,NA,NA,R,NA,NA,NA,NA,R,R
1773.37942,ERS5319682,R,NA,NA,R,NA,NA,NA,NA,S,NA,R,R,NA,NA,NA,S,NA,NA,NA,NA,R,R
1773.38391,ERS5320194,S,NA,NA,S,NA,NA,NA,NA,S,NA,S,S,NA,NA,NA,S,NA,NA,NA,NA,R,R
1773.38439,ERS5320243,S,NA,NA,S,NA,NA,NA,NA,S,NA,S,S,NA,NA,NA,S,NA,NA,NA,NA,S,R
1773.38718,ERS5320627,S,NA,NA,S,NA,NA,NA,NA,R,NA,R,S,NA,NA,NA,S,NA,NA,NA,NA,R,R
1773.39021,ERS6402736,S,NA,NA,S,NA,NA,NA,NA,S,NA,S,S,NA,NA,NA,S,NA,NA,NA,NA,S,R
1773.39704,ERS6403527,S,NA,NA,S,NA,NA,NA,NA,S,NA,S,S,NA,NA,NA,S,NA,NA,NA,NA,S,R
1773.39839,ERS6403694,S,NA,NA,S,NA,NA,NA,NA,S,NA,R,S,NA,NA,NA,S,NA,NA,NA,NA,S,R
1773.3984,ERS6403693,S,NA,NA,S,NA,NA,NA,NA,S,NA,S,S,NA,NA,NA,S,NA,NA,NA,NA,S,R
1773.40031,ERS6421580,S,NA,NA,S,NA,NA,NA,NA,S,NA,S,S,NA,NA,NA,S,NA,NA,NA,NA,S,R
1773.40071,ERS6421624,S,NA,NA,S,NA,NA,NA,NA,S,NA,S,S,NA,NA,NA,S,NA,NA,NA,NA,S,R
1773.40178,ERS6421741,S,NA,NA,S,NA,NA,NA,NA,S,NA,S,S,NA,NA,NA,S,NA,NA,NA,NA,S,R
1773.40369,ERS6422002,S,NA,NA,S,NA,NA,NA,NA,S,NA,S,S,NA,NA,NA,S,NA,NA,NA,NA,S,R
1773.4075,SRR2100277,NA,NA,NA,NA,NA,NA,NA,NA,S,NA,S,NA,NA,NA,NA,NA,NA,NA,S,NA,S,NA
1773.42842,SRR7829593,S,NA,NA,S,NA,NA,NA,NA,S,NA,R,S,NA,NA,NA,S,NA,NA,NA,NA,R,R
1773.42934,ERS5300668,R,NA,NA,R,NA,NA,NA,NA,S,NA,S,R,NA,NA,NA,S,NA,NA,NA,NA,R,R
1773.4304,ERS5301343,S,NA,NA,S,NA,NA,NA,NA,S,NA,S,S,NA,NA,NA,S,NA,NA,NA,NA,S,R
1773.43245,ERS3371850,S,NA,NA,S,NA,NA,NA,NA,S,NA,S,S,NA,NA,NA,S,NA,NA,NA,NA,R,R
1773.43275,ERS1987312,S,NA,NA,S,NA,NA,NA,NA,S,NA,S,S,NA,NA,NA,S,NA,NA,NA,NA,R,R
1773.43281,ERS1987376,S,NA,NA,S,NA,NA,NA,NA,S,NA,R,S,NA,NA,NA,S,NA,NA,NA,NA,R,R
1773.43371,ERS5317393,S,NA,NA,S,NA,NA,NA,NA,S,NA,S,S,NA,NA,NA,S,NA,NA,NA,NA,R,R
1773.43582,ERS5317466,S,NA,NA,S,NA,NA,NA,NA,S,NA,R,S,NA,NA,NA,S,NA,NA,NA,NA,R,R
1773.43658,ERS5304115,S,NA,NA,S,NA,NA,NA,NA,S,NA,S,S,NA,NA,NA,S,NA,NA,NA,NA,S,R
1773.43676,ERS6421595,S,NA,NA,S,NA,NA,NA,NA,S,NA,S,S,NA,NA,NA,S,NA,NA,NA,NA,S,R
1773.4489,SRR2100691,NA,NA,NA,NA,NA,NA,NA,NA,S,NA,S,NA,NA,NA,NA,NA,NA,NA,S,NA,S,NA
1773.4506,SRR2100709,NA,NA,NA,NA,NA,NA,NA,NA,S,NA,S,NA,NA,NA,NA,NA,NA,NA,S,NA,S,NA
1773.457,SRR2100779,NA,NA,NA,NA,NA,NA,NA,NA,S,NA,S,NA,NA,NA,NA,NA,NA,NA,S,NA,S,NA
1773.4578,SRR2100787,NA,NA,NA,NA,NA,NA,NA,NA,S,NA,S,NA,NA,NA,NA,NA,NA,NA,S,NA,S,NA
1773.4582,SRR2100791,NA,NA,NA,NA,NA,NA,NA,NA,S,NA,S,NA,NA,NA,NA,NA,NA,NA,S,NA,S,NA
1773.469,SRR2100903,NA,NA,NA,NA,S,NA,NA,NA,S,NA,R,NA,NA,NA,NA,NA,NA,NA,S,NA,S,NA
1773.4836,SRR2101055,S,S,NA,S,S,NA,NA,NA,R,NA,R,R,NA,NA,S,NA,NA,NA,R,NA,R,NA
1773.4874,SRR2101094,NA,NA,NA,NA,NA,NA,NA,NA,S,NA,S,NA,NA,NA,NA,NA,NA,NA,S,NA,S,NA
1773.4951,SRR2101182,NA,NA,NA,NA,NA,NA,NA,NA,S,NA,S,NA,NA,NA,NA,NA,NA,NA,S,NA,S,NA
1773.4965,SRR2101217,NA,NA,NA,NA,NA,NA,NA,NA,S,NA,S,NA,NA,NA,NA,NA,NA,NA,S,NA,S,NA
1773.5842,SRR2100035,NA,NA,NA,NA,NA,NA,NA,NA,S,NA,S,NA,NA,NA,NA,NA,NA,NA,S,NA,S,NA
1773.1855,ERR1034899,S,NA,NA,R,NA,NA,S,NA,S,S,R,S,NA,NA,NA,S,S,NA,S,NA,R,R
1773.19712,ERR181926,S,NA,NA,S,NA,NA,NA,NA,S,NA,S,S,NA,NA,NA,S,NA,NA,NA,NA,R,R
1773.20021,ERR212119,S,NA,NA,S,NA,NA,NA,NA,S,NA,S,S,NA,NA,NA,S,NA,NA,NA,NA,S,R
1773.20176,ERR221614,S,NA,NA,S,NA,NA,NA,NA,S,NA,S,S,NA,NA,NA,S,NA,NA,NA,NA,R,R
1773.2094,ERR3256117,S,NA,NA,S,NA,NA,NA,NA,S,NA,S,S,NA,NA,NA,S,NA,NA,NA,NA,S,S
1773.2104,ERR3256220,S,NA,NA,S,NA,NA,NA,NA,S,NA,R,S,NA,NA,NA,S,NA,NA,NA,NA,R,S
1773.29365,ERR2041937,R,NA,NA,R,NA,NA,NA,NA,S,NA,R,R,NA,NA,NA,S,NA,S,R,NA,S,R
1773.31064,ERS1987044,S,NA,NA,S,NA,NA,NA,NA,S,NA,S,S,NA,NA,NA,S,NA,NA,NA,NA,S,R
1773.31067,ERS1987049,S,NA,NA,S,NA,NA,NA,NA,S,NA,S,S,NA,NA,NA,S,NA,NA,NA,NA,S,R
1773.31229,ERS1987235,S,NA,NA,S,NA,NA,NA,NA,S,NA,S,S,NA,NA,NA,S,NA,NA,NA,NA,S,R
1773.31325,ERS1987337,S,NA,NA,S,NA,NA,NA,NA,S,NA,S,S,NA,NA,NA,S,NA,NA,NA,NA,S,R
1773.31782,ERS3371541,S,NA,NA,S,NA,NA,NA,NA,S,NA,R,S,NA,NA,NA,R,NA,NA,NA,NA,R,S
1773.31857,ERS3371623,S,NA,NA,S,NA,NA,NA,NA,S,NA,S,S,NA,NA,NA,S,NA,NA,NA,NA,R,R
1773.31916,ERS3371682,S,NA,NA,S,NA,NA,NA,NA,S,NA,R,S,NA,NA,NA,S,NA,NA,NA,NA,R,R
1773.3209,ERS3371873,S,NA,NA,S,NA,NA,NA,NA,S,NA,R,S,NA,NA,NA,S,NA,NA,NA,NA,S,R
1773.32172,ERS3371960,R,NA,NA,R,NA,NA,NA,NA,S,NA,R,R,NA,NA,NA,S,NA,NA,NA,NA,R,R
1773.32209,ERS3372002,S,NA,NA,S,NA,NA,NA,NA,S,NA,R,S,NA,NA,NA,S,NA,NA,NA,NA,R,R
1773.32267,ERS3372067,R,NA,NA,R,NA,NA,NA,NA,S,NA,R,R,NA,NA,NA,R,NA,NA,NA,NA,R,R
1773.32312,ERS5281211,S,NA,NA,S,NA,NA,NA,NA,S,NA,S,S,NA,NA,NA,S,NA,NA,NA,NA,R,R
1773.32338,ERS5281245,S,NA,NA,S,NA,NA,NA,NA,S,NA,S,S,NA,NA,NA,S,NA,NA,NA,NA,S,R
1773.32381,ERS5281315,S,NA,NA,S,NA,NA,NA,NA,S,NA,R,S,NA,NA,NA,R,NA,NA,NA,NA,R,R
1773.32432,ERS5281410,R,NA,NA,R,NA,NA,NA,NA,S,NA,R,R,NA,NA,NA,S,NA,NA,NA,NA,R,R
1773.32436,ERS5281415,R,NA,NA,R,NA,NA,NA,NA,S,NA,R,R,NA,NA,NA,S,NA,NA,NA,NA,R,S
1773.32437,ERS5281414,S,NA,NA,S,NA,NA,NA,NA,S,NA,R,S,NA,NA,NA,S,NA,NA,NA,NA,R,R
1773.3244,ERS5281419,R,NA,NA,R,NA,NA,NA,NA,S,NA,R,R,NA,NA,NA,S,NA,NA,NA,NA,R,R
1773.32581,ERS5281609,S,NA,NA,S,NA,NA,NA,NA,S,NA,S,S,NA,NA,NA,S,NA,NA,NA,NA,S,R
1773.33087,ERS5282291,R,NA,NA,R,NA,NA,NA,NA,S,NA,R,R,NA,NA,NA,S,NA,NA,NA,NA,R,R
1773.33487,ERS5282799,S,NA,NA,S,NA,NA,NA,NA,S,NA,S,S,NA,NA,NA,S,NA,NA,NA,NA,R,R
1773.3351,ERS5282864,S,NA,NA,S,NA,NA,NA,NA,S,NA,S,S,NA,NA,NA,S,NA,NA,NA,NA,S,R
1773.3401,ERS5298510,S,NA,NA,S,NA,NA,NA,NA,R,NA,R,S,NA,NA,NA,S,NA,NA,NA,NA,R,R
1773.34043,ERS5298549,S,NA,NA,R,NA,NA,NA,NA,S,NA,S,S,NA,NA,NA,S,NA,NA,NA,NA,S,R
1773.34172,ERS5298685,S,NA,NA,S,NA,NA,NA,NA,S,NA,S,S,NA,NA,NA,S,NA,NA,NA,NA,S,R
1773.34179,ERS5298691,S,NA,NA,S,NA,NA,NA,NA,S,NA,S,S,NA,NA,NA,S,NA,NA,NA,NA,R,R
1773.34232,ERS5298763,S,NA,NA,S,NA,NA,NA,NA,S,NA,R,S,NA,NA,NA,S,NA,NA,NA,NA,R,R
1773.34281,ERS5298819,S,NA,NA,S,NA,NA,NA,NA,R,NA,R,S,NA,NA,NA,S,NA,NA,NA,NA,R,R
1773.34452,ERS5300707,S,NA,NA,S,NA,NA,NA,NA,R,NA,R,S,NA,NA,NA,S,NA,NA,NA,NA,S,R
1773.34622,ERS5301000,S,NA,NA,S,NA,NA,NA,NA,S,NA,R,S,NA,NA,NA,S,NA,NA,NA,NA,R,S
1773.34666,ERS5301073,R,NA,NA,R,NA,NA,NA,NA,S,NA,R,R,NA,NA,NA,S,NA,NA,NA,NA,R,R
1773.34715,ERS5301236,S,NA,NA,S,NA,NA,NA,NA,S,NA,S,S,NA,NA,NA,S,NA,NA,NA,NA,R,R
1773.34729,ERS5301252,S,NA,NA,S,NA,NA,NA,NA,S,NA,S,S,NA,NA,NA,S,NA,NA,NA,NA,R,R
1773.34765,ERS5301340,S,NA,NA,S,NA,NA,NA,NA,S,NA,S,S,NA,NA,NA,S,NA,NA,NA,NA,R,R
1773.34794,ERS5301848,S,NA,NA,S,NA,NA,NA,NA,S,NA,S,S,NA,NA,NA,S,NA,NA,NA,NA,S,R
1773.35128,ERS5302317,S,NA,NA,S,NA,NA,NA,NA,S,NA,S,S,NA,NA,NA,S,NA,NA,NA,NA,S,R
1773.35135,ERS5302323,S,NA,NA,S,NA,NA,NA,NA,S,NA,S,S,NA,NA,NA,S,NA,NA,NA,NA,S,R
1773.35476,ERS5302730,S,NA,NA,S,NA,NA,NA,NA,S,NA,S,S,NA,NA,NA,S,NA,NA,NA,NA,R,R
1773.35517,ERS5302771,S,NA,NA,S,NA,NA,NA,NA,S,NA,S,S,NA,NA,NA,S,NA,NA,NA,NA,R,R
1773.356,ERS5302882,S,NA,NA,S,NA,NA,NA,NA,S,NA,S,S,NA,NA,NA,S,NA,NA,NA,NA,S,S
1773.35611,ERS5302895,S,NA,NA,S,NA,NA,NA,NA,S,NA,R,S,NA,NA,NA,S,NA,NA,NA,NA,S,R
1773.35628,ERS5302930,S,NA,NA,S,NA,NA,NA,NA,S,NA,S,S,NA,NA,NA,S,NA,NA,NA,NA,R,R
1773.35749,ERS5303120,S,NA,NA,S,NA,NA,NA,NA,S,NA,S,S,NA,NA,NA,S,NA,NA,NA,NA,S,R
1773.35856,ERS5303259,R,NA,NA,R,NA,NA,NA,NA,S,NA,R,R,NA,NA,NA,S,NA,NA,NA,NA,R,R
1773.35913,ERS5303399,S,NA,NA,S,NA,NA,NA,NA,S,NA,S,S,NA,NA,NA,S,NA,NA,NA,NA,S,S
1773.36355,ERS5304180,S,NA,NA,S,NA,NA,NA,NA,S,NA,S,S,NA,NA,NA,S,NA,NA,NA,NA,S,R
1773.36601,ERS5312509,S,NA,NA,S,NA,NA,NA,NA,S,NA,S,S,NA,NA,NA,S,NA,NA,NA,NA,R,R
1773.36642,ERS5312548,S,NA,NA,S,NA,NA,NA,NA,S,NA,S,S,NA,NA,NA,S,NA,NA,NA,NA,S,R
1773.36846,ERS5317295,S,NA,NA,S,NA,NA,NA,NA,S,NA,S,S,NA,NA,NA,S,NA,NA,NA,NA,R,R
1773.36904,ERS5317615,S,NA,NA,S,NA,NA,NA,NA,S,NA,S,S,NA,NA,NA,S,NA,NA,NA,NA,R,R
1773.36916,ERS5317634,S,NA,NA,S,NA,NA,NA,NA,S,NA,S,S,NA,NA,NA,S,NA,NA,NA,NA,R,R
1773.36929,ERS5317644,S,NA,NA,S,NA,NA,NA,NA,S,NA,S,S,NA,NA,NA,S,NA,NA,NA,NA,R,R
1773.3704,ERS5317768,S,NA,NA,S,NA,NA,NA,NA,S,NA,R,S,NA,NA,NA,S,NA,NA,NA,NA,R,R
1773.37043,ERS5317772,S,NA,NA,S,NA,NA,NA,NA,S,NA,R,S,NA,NA,NA,S,NA,NA,NA,NA,R,R
1773.37075,ERS5317807,S,NA,NA,S,NA,NA,NA,NA,S,NA,R,S,NA,NA,NA,S,NA,NA,NA,NA,R,R
1773.37086,ERS5317815,S,NA,NA,S,NA,NA,NA,NA,S,NA,S,S,NA,NA,NA,S,NA,NA,NA,NA,R,R
1773.37806,ERS5319247,S,NA,NA,S,NA,NA,NA,NA,R,NA,R,S,NA,NA,NA,S,NA,NA,NA,NA,R,R
1773.3783,ERS5319455,S,NA,NA,S,NA,NA,NA,NA,S,NA,S,S,NA,NA,NA,S,NA,NA,NA,NA,R,R
1773.37852,ERS5319483,S,NA,NA,R,NA,NA,NA,NA,S,NA,S,S,NA,NA,NA,S,NA,NA,NA,NA,R,R
1773.37917,ERS5319653,S,NA,NA,S,NA,NA,NA,NA,S,NA,R,S,NA,NA,NA,S,NA,NA,NA,NA,R,R
1773.37982,ERS5319719,S,NA,NA,S,NA,NA,NA,NA,S,NA,S,S,NA,NA,NA,S,NA,NA,NA,NA,S,R
1773.38413,ERS5320220,S,NA,NA,S,NA,NA,NA,NA,S,NA,S,S,NA,NA,NA,S,NA,NA,NA,NA,R,R
1773.38472,ERS5320280,S,NA,NA,S,NA,NA,NA,NA,S,NA,R,S,NA,NA,NA,S,NA,NA,NA,NA,R,R
1773.38517,ERS5320339,S,NA,NA,R,NA,NA,NA,NA,S,NA,S,S,NA,NA,NA,S,NA,NA,NA,NA,S,R
1773.38538,ERS5320363,S,NA,NA,S,NA,NA,NA,NA,S,NA,S,S,NA,NA,NA,S,NA,NA,NA,NA,S,R
1773.38581,ERS5320403,S,NA,NA,S,NA,NA,NA,NA,S,NA,R,S,NA,NA,NA,S,NA,NA,NA,NA,R,R
1773.39168,ERS6402913,S,NA,NA,S,NA,NA,NA,NA,S,NA,S,S,NA,NA,NA,S,NA,NA,NA,NA,S,S
1773.39173,ERS6402923,S,NA,NA,S,NA,NA,NA,NA,S,NA,S,S,NA,NA,NA,S,NA,NA,NA,NA,S,R
1773.39213,ERS6402967,S,NA,NA,S,NA,NA,NA,NA,S,NA,S,S,NA,NA,NA,S,NA,NA,NA,NA,S,R
1773.39249,ERS6403011,S,NA,NA,S,NA,NA,NA,NA,S,NA,S,S,NA,NA,NA,S,NA,NA,NA,NA,R,R
1773.39258,ERS6403022,S,NA,NA,S,NA,NA,NA,NA,S,NA,S,S,NA,NA,NA,S,NA,NA,NA,NA,R,R
1773.39265,ERS6403031,S,NA,NA,S,NA,NA,NA,NA,S,NA,R,S,NA,NA,NA,S,NA,NA,NA,NA,R,R
1773.39273,ERS6403042,S,NA,NA,S,NA,NA,NA,NA,S,NA,S,S,NA,NA,NA,S,NA,NA,NA,NA,R,R
1773.39298,ERS6403069,S,NA,NA,S,NA,NA,NA,NA,S,NA,S,S,NA,NA,NA,S,NA,NA,NA,NA,R,R
1773.39302,ERS6403071,S,NA,NA,S,NA,NA,NA,NA,S,NA,R,S,NA,NA,NA,S,NA,NA,NA,NA,R,R
1773.3936,ERS6403133,S,NA,NA,S,NA,NA,NA,NA,S,NA,R,S,NA,NA,NA,S,NA,NA,NA,NA,S,R
1773.3954,ERS6403345,S,NA,NA,R,NA,NA,NA,NA,R,NA,R,S,NA,NA,NA,S,NA,NA,NA,NA,R,R
1773.3958,ERS6403393,R,NA,NA,R,NA,NA,NA,NA,S,NA,R,R,NA,NA,NA,S,NA,NA,NA,NA,R,R
1773.39582,ERS6403402,S,NA,NA,S,NA,NA,NA,NA,S,NA,S,S,NA,NA,NA,S,NA,NA,NA,NA,S,S
1773.397,ERS6403533,S,NA,NA,S,NA,NA,NA,NA,S,NA,S,S,NA,NA,NA,S,NA,NA,NA,NA,S,R
1773.39721,ERS6403556,S,NA,NA,S,NA,NA,NA,NA,S,NA,S,S,NA,NA,NA,S,NA,NA,NA,NA,R,R
1773.39751,ERS6403581,S,NA,NA,S,NA,NA,NA,NA,S,NA,R,S,NA,NA,NA,S,NA,NA,NA,NA,S,R
1773.40029,ERS6421578,S,NA,NA,S,NA,NA,NA,NA,S,NA,S,S,NA,NA,NA,S,NA,NA,NA,NA,S,R
1773.40095,ERS6421650,S,NA,NA,S,NA,NA,NA,NA,S,NA,S,S,NA,NA,NA,S,NA,NA,NA,NA,R,R
1773.40139,ERS6421697,S,NA,NA,S,NA,NA,NA,NA,S,NA,S,S,NA,NA,NA,S,NA,NA,NA,NA,S,R
1773.40242,ERS6421808,S,NA,NA,S,NA,NA,NA,NA,S,NA,S,S,NA,NA,NA,S,NA,NA,NA,NA,R,R
1773.40248,ERS6421814,S,NA,NA,S,NA,NA,NA,NA,S,NA,S,S,NA,NA,NA,S,NA,NA,NA,NA,S,R
1773.40293,ERS6421900,R,NA,NA,R,NA,NA,NA,NA,S,NA,R,R,NA,NA,NA,S,NA,NA,NA,NA,R,R
1773.40317,ERS6421928,S,NA,NA,S,NA,NA,NA,NA,S,NA,S,S,NA,NA,NA,S,NA,NA,NA,NA,S,R
1773.40335,ERS6421972,S,NA,NA,S,NA,NA,NA,NA,S,NA,R,S,NA,NA,NA,S,NA,NA,NA,NA,S,R
1773.40366,ERS6422000,S,NA,NA,S,NA,NA,NA,NA,S,NA,R,S,NA,NA,NA,S,NA,NA,NA,NA,S,R
1773.40367,ERS6422003,S,NA,NA,S,NA,NA,NA,NA,S,NA,S,S,NA,NA,NA,S,NA,NA,NA,NA,S,R
1773.40379,ERS6422015,R,NA,NA,R,NA,NA,NA,NA,S,NA,R,R,NA,NA,NA,S,NA,NA,NA,NA,S,S
1773.4049,ERS6422184,S,NA,NA,S,NA,NA,NA,NA,S,NA,S,S,NA,NA,NA,S,NA,NA,NA,NA,R,R
1773.40643,ERS5281196,S,NA,S,S,NA,S,NA,S,R,S,R,S,S,S,S,S,S,NA,NA,R,R,R
1773.40721,ERS5281278,S,NA,S,S,NA,S,NA,S,S,R,R,S,R,S,R,S,S,NA,NA,R,S,S
1773.40762,ERS5281319,S,NA,S,S,NA,S,NA,S,R,S,R,S,R,S,S,S,S,NA,NA,R,R,R
1773.40803,ERS5281363,S,NA,S,S,NA,S,NA,S,R,R,R,S,R,S,R,S,S,NA,NA,R,R,R
1773.40854,ERS5281413,S,NA,S,S,NA,S,NA,S,S,R,S,S,R,S,S,S,S,NA,NA,S,R,R
1773.41628,ERS5282298,S,NA,S,S,NA,S,NA,S,S,R,R,S,S,S,S,S,S,NA,NA,S,R,S
1773.42243,ERS5282947,S,NA,S,S,NA,S,NA,S,R,R,R,S,R,S,R,S,S,NA,NA,R,R,R
1773.42559,ERS5283284,R,NA,S,R,NA,S,NA,S,R,R,R,R,R,S,R,R,R,NA,NA,R,R,R
1773.42596,ERS5283317,S,NA,S,S,NA,S,NA,S,R,R,R,S,R,S,R,S,R,NA,NA,R,R,R
1773.42602,ERS5283400,S,NA,S,S,NA,S,NA,S,S,R,R,S,R,S,S,S,S,NA,NA,S,R,S
1773.43031,ERS5301327,R,NA,NA,R,NA,NA,NA,NA,S,NA,S,R,NA,NA,NA,S,NA,NA,NA,NA,R,R
1773.43115,ERS5301845,S,NA,NA,S,NA,NA,NA,NA,S,NA,S,S,NA,NA,NA,S,NA,NA,NA,NA,R,R
1773.43154,ERS5302148,S,NA,NA,S,NA,NA,NA,NA,S,NA,S,S,NA,NA,NA,S,NA,NA,NA,NA,R,R
1773.43263,ERS1987047,S,NA,NA,S,NA,NA,NA,NA,S,NA,S,S,NA,NA,NA,S,NA,NA,NA,NA,S,R
1773.43364,ERS5317317,S,NA,NA,S,NA,NA,NA,NA,S,NA,S,S,NA,NA,NA,S,NA,NA,NA,NA,R,R
1773.43457,ERS5317408,S,NA,NA,S,NA,NA,NA,NA,S,NA,R,S,NA,NA,NA,S,NA,NA,NA,NA,S,R
1773.43499,ERS5317561,S,NA,NA,S,NA,NA,NA,NA,S,NA,S,S,NA,NA,NA,S,NA,NA,NA,NA,S,R
1773.43529,ERS5317449,S,NA,NA,S,NA,NA,NA,NA,S,NA,R,S,NA,NA,NA,S,NA,NA,NA,NA,R,R
1773.43608,ERS6403317,R,NA,NA,R,NA,NA,NA,NA,S,NA,R,R,NA,NA,NA,S,NA,NA,NA,NA,R,S
1773.43653,ERS6403567,R,NA,NA,R,NA,NA,NA,NA,S,NA,R,R,NA,NA,NA,S,NA,NA,NA,NA,R,S
1773.43696,ERS5282381,R,NA,S,R,NA,R,NA,S,R,R,R,R,R,R,R,S,S,NA,NA,R,R,R
1773.43718,ERS5282791,S,NA,S,S,NA,S,NA,S,R,R,R,S,R,S,R,S,S,NA,NA,R,R,R
1773.18288,ERR1035265,S,NA,NA,S,NA,NA,NA,NA,S,NA,R,S,NA,NA,NA,S,NA,NA,NA,NA,R,R
1773.1898,ERR161127,S,NA,NA,S,NA,NA,NA,NA,S,NA,S,S,NA,NA,NA,S,NA,NA,NA,NA,R,R
1773.21725,ERR3256277,S,NA,NA,S,NA,NA,NA,NA,S,NA,S,S,NA,NA,NA,S,NA,NA,NA,NA,S,S
1773.23423,ERR2120279,S,NA,NA,R,NA,NA,NA,NA,S,NA,R,S,NA,NA,NA,S,NA,NA,NA,NA,S,R
1773.23449,ERR2120288,S,NA,S,R,NA,NA,S,S,S,S,R,S,NA,S,S,S,S,NA,R,NA,R,S
1773.31897,ERS3371660,S,NA,NA,S,NA,NA,NA,NA,S,NA,R,S,NA,NA,NA,S,NA,NA,NA,NA,R,R
1773.33421,ERS5282705,S,NA,NA,S,NA,NA,NA,NA,R,NA,R,S,NA,NA,NA,S,NA,NA,NA,NA,R,R
1773.33422,ERS5282706,S,NA,NA,S,NA,NA,NA,NA,R,NA,R,S,NA,NA,NA,R,NA,NA,NA,NA,R,R
1773.33495,ERS5282848,S,NA,NA,S,NA,NA,NA,NA,S,NA,S,S,NA,NA,NA,S,NA,NA,NA,NA,R,R
1773.33503,ERS5282857,S,NA,NA,S,NA,NA,NA,NA,S,NA,R,S,NA,NA,NA,S,NA,NA,NA,NA,R,R
1773.33518,ERS5282909,S,NA,NA,S,NA,NA,NA,NA,R,NA,R,S,NA,NA,NA,R,NA,NA,NA,NA,R,R
1773.33547,ERS5283132,S,NA,NA,S,NA,NA,NA,NA,S,NA,S,S,NA,NA,NA,S,NA,NA,NA,NA,R,R
1773.3402,ERS5298522,S,NA,NA,S,NA,NA,NA,NA,S,NA,S,S,NA,NA,NA,S,NA,NA,NA,NA,R,S
1773.34431,ERS5300680,S,NA,NA,S,NA,NA,NA,NA,R,NA,S,S,NA,NA,NA,S,NA,NA,NA,NA,S,R
1773.34451,ERS5300705,S,NA,NA,S,NA,NA,NA,NA,S,NA,R,S,NA,NA,NA,S,NA,NA,NA,NA,S,R
1773.35891,ERS5303364,R,NA,NA,R,NA,NA,NA,NA,S,NA,R,R,NA,NA,NA,S,NA,NA,NA,NA,R,R
1773.36476,ERS5312369,S,NA,NA,S,NA,NA,NA,NA,S,NA,R,S,NA,NA,NA,S,NA,NA,NA,NA,R,R
1773.36581,ERS5312489,S,NA,NA,S,NA,NA,NA,NA,S,NA,S,S,NA,NA,NA,S,NA,NA,NA,NA,R,R
1773.36862,ERS5317558,S,NA,NA,S,NA,NA,NA,NA,S,NA,S,S,NA,NA,NA,S,NA,NA,NA,NA,S,R
1773.38418,ERS5320224,S,NA,NA,S,NA,NA,NA,NA,S,NA,S,S,NA,NA,NA,S,NA,NA,NA,NA,S,R
1773.3853,ERS5320357,S,NA,NA,R,NA,NA,NA,NA,S,NA,S,S,NA,NA,NA,S,NA,NA,NA,NA,S,R
1773.38544,ERS5320368,S,NA,NA,R,NA,NA,NA,NA,S,NA,S,S,NA,NA,NA,S,NA,NA,NA,NA,S,R
1773.38545,ERS5320369,S,NA,NA,S,NA,NA,NA,NA,S,NA,S,S,NA,NA,NA,S,NA,NA,NA,NA,S,R
1773.3857,ERS5320391,S,NA,NA,S,NA,NA,NA,NA,S,NA,S,S,NA,NA,NA,S,NA,NA,NA,NA,R,R
1773.38596,ERS5320417,S,NA,NA,S,NA,NA,NA,NA,S,NA,S,S,NA,NA,NA,S,NA,NA,NA,NA,S,R
1773.38667,ERS5320491,S,NA,NA,S,NA,NA,NA,NA,S,NA,S,S,NA,NA,NA,S,NA,NA,NA,NA,R,R
1773.39255,ERS6403017,S,NA,NA,S,NA,NA,NA,NA,S,NA,S,S,NA,NA,NA,S,NA,NA,NA,NA,S,R
1773.39442,ERS6403231,S,NA,NA,S,NA,NA,NA,NA,S,NA,R,S,NA,NA,NA,S,NA,NA,NA,NA,R,R
1773.39464,ERS6403257,S,NA,NA,S,NA,NA,NA,NA,S,NA,R,S,NA,NA,NA,S,NA,NA,NA,NA,R,R
1773.39489,ERS6403285,S,NA,NA,S,NA,NA,NA,NA,R,NA,R,S,NA,NA,NA,S,NA,NA,NA,NA,R,R
1773.39494,ERS6403289,S,NA,NA,S,NA,NA,NA,NA,S,NA,R,S,NA,NA,NA,S,NA,NA,NA,NA,R,S
1773.39737,ERS6403566,R,NA,NA,R,NA,NA,NA,NA,S,NA,R,R,NA,NA,NA,S,NA,NA,NA,NA,R,S
1773.40373,ERS6422007,S,NA,NA,S,NA,NA,NA,NA,S,NA,S,S,NA,NA,NA,S,NA,NA,NA,NA,R,R
1773.40592,ERR3323730,S,NA,NA,S,NA,NA,NA,NA,S,NA,S,S,NA,NA,NA,S,NA,NA,NA,NA,S,R
1773.42257,ERS5282966,S,NA,S,S,NA,S,NA,S,R,S,S,S,S,S,S,S,S,NA,NA,S,S,R
1773.42277,ERS5282983,S,NA,S,S,NA,S,NA,R,R,R,R,S,R,S,R,S,S,NA,NA,R,R,R
1773.42395,ERS5283114,S,NA,S,S,NA,S,NA,S,R,R,R,S,R,S,R,R,S,NA,NA,R,R,R
1773.42422,ERS5283146,S,NA,S,R,NA,S,NA,S,S,R,S,R,S,S,S,S,S,NA,NA,S,S,R
1773.42697,ERR7361966,R,NA,NA,S,NA,NA,NA,NA,S,NA,R,R,NA,NA,NA,S,NA,NA,NA,NA,R,S
1773.43558,ERS5317495,S,NA,NA,S,NA,NA,NA,NA,S,NA,R,S,NA,NA,NA,S,NA,NA,NA,NA,R,R
1773.18523,ERR1034874,R,NA,NA,R,NA,NA,S,NA,S,R,R,R,NA,NA,NA,S,S,NA,R,NA,R,R
1773.18642,ERR1034763,S,NA,NA,S,S,NA,NA,NA,S,NA,S,S,NA,NA,NA,S,NA,NA,S,NA,S,R
1773.32363,ERS5281286,R,NA,NA,R,NA,NA,NA,NA,S,NA,R,R,NA,NA,NA,S,NA,NA,NA,NA,S,R
1773.32411,ERS5281358,S,NA,NA,S,NA,NA,NA,NA,S,NA,R,S,NA,NA,NA,S,NA,NA,NA,NA,R,R
1773.33072,ERS5282263,S,NA,NA,S,NA,NA,NA,NA,S,NA,S,S,NA,NA,NA,S,NA,NA,NA,NA,R,R
1773.3328,ERS5282531,S,NA,NA,S,NA,NA,NA,NA,S,NA,R,S,NA,NA,NA,R,NA,NA,NA,NA,R,R
1773.33751,ERS5298080,S,NA,NA,S,NA,NA,NA,NA,S,NA,S,S,NA,NA,NA,S,NA,NA,NA,NA,R,R
1773.35043,ERS5302204,S,NA,NA,S,NA,NA,NA,NA,S,NA,S,S,NA,NA,NA,S,NA,NA,NA,NA,R,R
1773.39043,ERS6402769,S,NA,NA,S,NA,NA,NA,NA,S,NA,S,S,NA,NA,NA,S,NA,NA,NA,NA,R,R
1773.40299,ERS6421910,S,NA,NA,S,NA,NA,NA,NA,R,NA,R,S,NA,NA,NA,S,NA,NA,NA,NA,R,R
1773.43475,ERS5317444,S,NA,NA,S,NA,NA,NA,NA,S,NA,S,S,NA,NA,NA,S,NA,NA,NA,NA,R,R
1773.1852,ERR1034866,S,NA,NA,S,NA,NA,S,NA,S,R,R,S,NA,NA,NA,S,S,NA,R,NA,R,R
1773.32546,ERS5281569,S,NA,NA,S,NA,NA,NA,NA,S,NA,S,S,NA,NA,NA,S,NA,NA,NA,NA,S,S
1773.39207,ERS6402959,S,NA,NA,S,NA,NA,NA,NA,S,NA,S,S,NA,NA,NA,S,NA,NA,NA,NA,S,R
1773.42248,ERS5282958,S,NA,S,S,NA,S,NA,S,R,R,R,S,R,S,S,S,S,NA,NA,R,R,R
1773.42313,ERS5283030,S,NA,S,S,NA,S,NA,S,S,R,S,S,R,S,R,R,S,NA,NA,S,S,S
1773.37096,ERS5317831,S,NA,NA,S,NA,NA,NA,NA,S,NA,S,S,NA,NA,NA,S,NA,NA,NA,NA,S,S
1773.1845,ERR1035232,S,NA,NA,S,NA,NA,NA,NA,S,NA,S,S,NA,NA,NA,S,NA,NA,S,NA,R,R
1773.20165,ERR221602,S,NA,NA,S,NA,NA,NA,NA,S,NA,S,S,NA,NA,NA,S,NA,NA,NA,NA,S,R
1773.20658,ERR2124107,S,NA,NA,S,NA,NA,NA,NA,S,NA,S,S,NA,NA,NA,S,NA,NA,NA,NA,R,S
1773.20941,ERR3256118,S,NA,NA,S,NA,NA,NA,NA,S,NA,S,S,NA,NA,NA,S,NA,NA,NA,NA,S,S
1773.21032,ERR3256211,S,NA,NA,S,NA,NA,NA,NA,S,NA,R,S,NA,NA,NA,S,NA,NA,NA,NA,S,R
1773.2458,ERR553379,NA,NA,NA,NA,NA,NA,NA,NA,S,NA,S,NA,NA,NA,NA,NA,NA,NA,S,NA,S,S
1773.2528,ERR551856,NA,NA,NA,NA,NA,NA,NA,NA,S,NA,S,NA,NA,NA,NA,NA,NA,NA,S,NA,S,S
1773.2552,ERR551355,NA,NA,NA,NA,NA,NA,NA,NA,S,NA,S,NA,NA,NA,NA,NA,NA,NA,S,NA,S,S
1773.2572,ERR551593,NA,NA,NA,NA,NA,NA,NA,NA,S,NA,S,NA,NA,NA,NA,NA,NA,NA,S,NA,S,S
1773.2583,ERR550789,NA,NA,NA,NA,NA,NA,NA,NA,S,NA,S,NA,NA,NA,NA,NA,NA,NA,S,NA,S,S
1773.2667,ERR551598,NA,NA,NA,NA,NA,NA,NA,NA,S,NA,S,NA,NA,NA,NA,NA,NA,NA,S,NA,S,S
1773.2701,ERR552186,NA,NA,NA,NA,NA,NA,NA,NA,S,NA,S,NA,NA,NA,NA,NA,NA,NA,S,NA,S,S
1773.2736,ERR551884,NA,NA,NA,NA,NA,NA,NA,NA,S,NA,S,NA,NA,NA,NA,NA,NA,NA,S,NA,S,S
1773.279,ERR552918,NA,NA,NA,NA,NA,NA,NA,NA,S,NA,S,NA,NA,NA,NA,NA,NA,NA,S,NA,S,S
1773.2806,ERR553084,NA,NA,NA,NA,NA,NA,NA,NA,S,NA,S,NA,NA,NA,NA,NA,NA,NA,S,NA,S,S
1773.2824,ERR552207,NA,NA,NA,NA,NA,NA,NA,NA,S,NA,S,NA,NA,NA,NA,NA,NA,NA,S,NA,S,S
1773.2844,ERR552564,NA,NA,NA,NA,NA,NA,NA,NA,S,NA,S,NA,NA,NA,NA,NA,NA,NA,S,NA,S,R
1773.2893,ERR551351,NA,NA,NA,NA,NA,NA,NA,NA,S,NA,S,NA,NA,NA,NA,NA,NA,NA,S,NA,S,S
1773.29379,ERR2041939,S,NA,NA,S,NA,NA,S,NA,R,NA,R,S,NA,NA,NA,S,NA,S,S,NA,R,R
1773.2976,ERR551594,NA,NA,NA,NA,NA,NA,NA,NA,S,NA,S,NA,NA,NA,NA,NA,NA,NA,S,NA,S,S
1773.304,ERR551497,NA,NA,NA,NA,NA,NA,NA,NA,S,NA,S,NA,NA,NA,NA,NA,NA,NA,S,NA,S,S
1773.3063,ERR550795,NA,NA,NA,NA,NA,NA,NA,NA,S,NA,S,NA,NA,NA,NA,NA,NA,NA,S,NA,S,S
1773.31117,ERS1987109,S,NA,NA,S,NA,NA,NA,NA,S,NA,S,S,NA,NA,NA,S,NA,NA,NA,NA,S,R
1773.31213,ERS1987214,S,NA,NA,S,NA,NA,NA,NA,S,NA,S,S,NA,NA,NA,S,NA,NA,NA,NA,R,R
1773.31235,ERS1987226,S,NA,NA,S,NA,NA,NA,NA,S,NA,S,S,NA,NA,NA,S,NA,NA,NA,NA,S,R
1773.31311,ERS1987315,S,NA,NA,S,NA,NA,NA,NA,S,NA,S,S,NA,NA,NA,S,NA,NA,NA,NA,R,R
1773.31356,ERS1987362,S,NA,NA,S,NA,NA,NA,NA,S,NA,S,S,NA,NA,NA,S,NA,NA,NA,NA,S,R
1773.31373,ERS1987384,S,NA,NA,S,NA,NA,NA,NA,S,NA,S,S,NA,NA,NA,S,NA,NA,NA,NA,S,R
1773.31388,ERS1987401,S,NA,NA,S,NA,NA,NA,NA,S,NA,S,S,NA,NA,NA,S,NA,NA,NA,NA,S,R
1773.3179,ERR552091,NA,NA,NA,NA,NA,NA,NA,NA,S,NA,S,NA,NA,NA,NA,NA,NA,NA,S,NA,S,S
1773.318,ERR550818,NA,NA,NA,NA,NA,NA,NA,NA,S,NA,S,NA,NA,NA,NA,NA,NA,NA,S,NA,S,S
1773.31803,ERS3371565,S,NA,NA,S,NA,NA,NA,NA,S,NA,S,S,NA,NA,NA,S,NA,NA,NA,NA,R,R
1773.31816,ERS3371579,S,NA,NA,S,NA,NA,NA,NA,S,NA,R,S,NA,NA,NA,S,NA,NA,NA,NA,S,R
1773.3197,ERR552924,NA,NA,NA,NA,NA,NA,NA,NA,S,NA,S,NA,NA,NA,NA,NA,NA,NA,S,NA,S,S
1773.32109,ERS3371892,S,NA,NA,S,NA,NA,NA,NA,S,NA,R,S,NA,NA,NA,S,NA,NA,NA,NA,R,R
1773.3228,ERR552428,NA,NA,NA,NA,NA,NA,NA,NA,S,NA,S,NA,NA,NA,NA,NA,NA,NA,S,NA,S,S
1773.327,ERR550951,NA,NA,NA,NA,NA,NA,NA,NA,S,NA,S,NA,NA,NA,NA,NA,NA,NA,S,NA,S,S
1773.3283,ERR551940,NA,NA,NA,NA,NA,NA,NA,NA,S,NA,S,NA,NA,NA,NA,NA,NA,NA,S,NA,S,S
1773.33491,ERS5282844,S,NA,NA,S,NA,NA,NA,NA,R,NA,R,S,NA,NA,NA,S,NA,NA,NA,NA,R,R
1773.3368,ERR553175,NA,NA,NA,NA,NA,NA,NA,NA,S,NA,S,NA,NA,NA,NA,NA,NA,NA,S,NA,S,S
1773.33765,ERS5298096,S,NA,NA,S,NA,NA,NA,NA,S,NA,S,S,NA,NA,NA,S,NA,NA,NA,NA,S,R
1773.3392,ERS5298257,S,NA,NA,S,NA,NA,NA,NA,S,NA,S,S,NA,NA,NA,S,NA,NA,NA,NA,R,R
1773.33994,ERS5298346,R,NA,NA,R,NA,NA,NA,NA,S,NA,S,R,NA,NA,NA,S,NA,NA,NA,NA,R,R
1773.3402,ERR551198,NA,NA,NA,NA,NA,NA,NA,NA,S,NA,S,NA,NA,NA,NA,NA,NA,NA,S,NA,S,S
1773.34168,ERS5298680,S,NA,NA,S,NA,NA,NA,NA,S,NA,S,S,NA,NA,NA,S,NA,NA,NA,NA,R,R
1773.3437,ERS5300601,S,NA,NA,S,NA,NA,NA,NA,S,NA,S,S,NA,NA,NA,S,NA,NA,NA,NA,S,R
1773.3447,ERR552713,NA,NA,NA,NA,NA,NA,NA,NA,S,NA,S,NA,NA,NA,NA,NA,NA,NA,S,NA,S,S
1773.3467,ERR553091,NA,NA,NA,NA,NA,NA,NA,NA,S,NA,S,NA,NA,NA,NA,NA,NA,NA,S,NA,S,S
1773.3472,ERR552803,NA,NA,NA,NA,NA,NA,NA,NA,S,NA,S,NA,NA,NA,NA,NA,NA,NA,S,NA,S,S
1773.35125,ERS5302309,S,NA,NA,S,NA,NA,NA,NA,S,NA,S,S,NA,NA,NA,S,NA,NA,NA,NA,S,R
1773.35193,ERS5302386,S,NA,NA,S,NA,NA,NA,NA,S,NA,S,S,NA,NA,NA,S,NA,NA,NA,NA,S,R
1773.35285,ERS5302506,S,NA,NA,S,NA,NA,NA,NA,S,NA,S,S,NA,NA,NA,S,NA,NA,NA,NA,S,R
1773.35294,ERS5302522,S,NA,NA,S,NA,NA,NA,NA,S,NA,S,S,NA,NA,NA,S,NA,NA,NA,NA,R,R
1773.35827,ERS5303230,S,NA,NA,S,NA,NA,NA,NA,S,NA,R,S,NA,NA,NA,S,NA,NA,NA,NA,R,R
1773.35849,ERS5303262,R,NA,NA,R,NA,NA,NA,NA,S,NA,R,R,NA,NA,NA,R,NA,NA,NA,NA,S,S
1773.35944,ERS5303439,S,NA,NA,S,NA,NA,NA,NA,S,NA,S,S,NA,NA,NA,S,NA,NA,NA,NA,S,R
1773.36296,ERS5304106,S,NA,NA,S,NA,NA,NA,NA,S,NA,S,S,NA,NA,NA,S,NA,NA,NA,NA,S,R
1773.3663,ERS5312540,S,NA,NA,S,NA,NA,NA,NA,S,NA,S,S,NA,NA,NA,S,NA,NA,NA,NA,R,R
1773.3671,ERS5312621,S,NA,NA,S,NA,NA,NA,NA,S,NA,R,S,NA,NA,NA,S,NA,NA,NA,NA,R,R
1773.3684,ERS5317289,S,NA,NA,S,NA,NA,NA,NA,S,NA,S,S,NA,NA,NA,S,NA,NA,NA,NA,R,R
1773.37857,ERS5319488,S,NA,NA,S,NA,NA,NA,NA,S,NA,S,S,NA,NA,NA,S,NA,NA,NA,NA,R,R
1773.37929,ERS5319666,S,NA,NA,S,NA,NA,NA,NA,S,NA,R,S,NA,NA,NA,S,NA,NA,NA,NA,R,R
1773.39267,ERS6403034,S,NA,NA,S,NA,NA,NA,NA,S,NA,R,S,NA,NA,NA,S,NA,NA,NA,NA,S,R
1773.39339,ERS6403115,S,NA,NA,S,NA,NA,NA,NA,S,NA,S,S,NA,NA,NA,S,NA,NA,NA,NA,S,R
1773.3978,SRR2100180,NA,NA,NA,NA,NA,NA,NA,NA,S,NA,S,NA,NA,NA,NA,NA,NA,NA,S,NA,S,NA
1773.39954,ERS6421499,S,NA,NA,S,NA,NA,NA,NA,S,NA,S,S,NA,NA,NA,S,NA,NA,NA,NA,S,R
1773.40003,ERS6421554,S,NA,NA,S,NA,NA,NA,NA,S,NA,S,S,NA,NA,NA,S,NA,NA,NA,NA,S,R
1773.40004,ERS6421552,S,NA,NA,S,NA,NA,NA,NA,S,NA,S,S,NA,NA,NA,S,NA,NA,NA,NA,S,R
1773.40144,ERS6421706,S,NA,NA,S,NA,NA,NA,NA,S,NA,S,S,NA,NA,NA,S,NA,NA,NA,NA,S,R
1773.40151,ERS6421714,S,NA,NA,S,NA,NA,NA,NA,S,NA,S,S,NA,NA,NA,S,NA,NA,NA,NA,R,R
1773.40287,ERS6421892,S,NA,NA,S,NA,NA,NA,NA,S,NA,S,S,NA,NA,NA,S,NA,NA,NA,NA,R,R
1773.43,ERS5301279,S,NA,NA,S,NA,NA,NA,NA,S,NA,S,S,NA,NA,NA,S,NA,NA,NA,NA,R,R
1773.43183,ERS5303628,S,NA,NA,S,NA,NA,NA,NA,S,NA,R,S,NA,NA,NA,S,NA,NA,NA,NA,S,R
1773.43205,ERS5302063,S,NA,NA,S,NA,NA,NA,NA,S,NA,S,S,NA,NA,NA,S,NA,NA,NA,NA,S,R
1773.4502,SRR2100705,NA,NA,NA,NA,S,NA,NA,NA,S,NA,R,NA,NA,NA,NA,NA,NA,NA,S,NA,S,NA
1773.4503,SRR2100706,NA,NA,NA,NA,S,NA,NA,NA,S,NA,S,NA,NA,NA,NA,NA,NA,NA,S,NA,S,NA
1773.4669,SRR2100882,NA,NA,NA,NA,S,NA,NA,NA,S,NA,R,NA,NA,NA,NA,NA,NA,NA,S,NA,S,NA
1773.4841,SRR2101060,NA,NA,NA,NA,NA,NA,NA,NA,S,NA,S,NA,NA,NA,NA,NA,NA,NA,S,NA,S,NA
1773.4947,SRR2101178,NA,NA,NA,NA,NA,NA,NA,NA,S,NA,S,NA,NA,NA,NA,NA,NA,NA,S,NA,S,NA
1773.1857,ERR1036282,S,NA,NA,S,NA,NA,S,NA,R,R,R,S,NA,NA,NA,S,S,NA,NA,NA,R,R
1773.19909,ERR190406,S,NA,NA,S,NA,NA,NA,NA,S,NA,S,S,NA,NA,NA,S,NA,NA,NA,NA,R,R
1773.20971,ERR3256150,S,NA,NA,S,NA,NA,NA,NA,S,NA,S,S,NA,NA,NA,S,NA,NA,NA,NA,S,S
1773.20976,ERR3256155,S,NA,NA,S,NA,NA,NA,NA,S,NA,S,S,NA,NA,NA,S,NA,NA,NA,NA,S,S
1773.20984,ERR3256162,S,NA,NA,S,NA,NA,NA,NA,S,NA,S,S,NA,NA,NA,S,NA,NA,NA,NA,S,S
1773.31057,ERS1987037,S,NA,NA,S,NA,NA,NA,NA,S,NA,S,S,NA,NA,NA,S,NA,NA,NA,NA,S,R
1773.31096,ERS1987087,S,NA,NA,S,NA,NA,NA,NA,S,NA,S,S,NA,NA,NA,S,NA,NA,NA,NA,R,R
1773.31271,ERS1987273,S,NA,NA,S,NA,NA,NA,NA,S,NA,S,S,NA,NA,NA,S,NA,NA,NA,NA,S,R
1773.31316,ERS1987323,S,NA,NA,S,NA,NA,NA,NA,S,NA,S,S,NA,NA,NA,S,NA,NA,NA,NA,S,R
1773.31349,ERS1987361,S,NA,NA,S,NA,NA,NA,NA,S,NA,S,S,NA,NA,NA,S,NA,NA,NA,NA,S,R
1773.31831,ERS3371596,R,NA,NA,R,NA,NA,NA,NA,S,NA,R,R,NA,NA,NA,S,NA,NA,NA,NA,R,R
1773.32073,ERS3371857,S,NA,NA,S,NA,NA,NA,NA,S,NA,R,S,NA,NA,NA,S,NA,NA,NA,NA,R,R
1773.32089,ERS3371871,S,NA,NA,S,NA,NA,NA,NA,S,NA,R,S,NA,NA,NA,S,NA,NA,NA,NA,R,R
1773.3231,ERS5281208,S,NA,NA,S,NA,NA,NA,NA,S,NA,R,S,NA,NA,NA,S,NA,NA,NA,NA,S,S
1773.32426,ERS5281391,R,NA,NA,R,NA,NA,NA,NA,S,NA,R,R,NA,NA,NA,S,NA,NA,NA,NA,R,R
1773.32461,ERS5281464,S,NA,NA,S,NA,NA,NA,NA,R,NA,R,S,NA,NA,NA,S,NA,NA,NA,NA,R,R
1773.32473,ERS5281479,S,NA,NA,S,NA,NA,NA,NA,S,NA,R,S,NA,NA,NA,S,NA,NA,NA,NA,R,R
1773.32478,ERS5281485,S,NA,NA,S,NA,NA,NA,NA,S,NA,S,S,NA,NA,NA,S,NA,NA,NA,NA,S,S
1773.3249,ERS5281502,S,NA,NA,S,NA,NA,NA,NA,R,NA,R,S,NA,NA,NA,S,NA,NA,NA,NA,R,R
1773.32659,ERS5281690,S,NA,NA,S,NA,NA,NA,NA,S,NA,S,S,NA,NA,NA,S,NA,NA,NA,NA,S,S
1773.33229,ERS5282470,S,NA,NA,S,NA,NA,NA,NA,S,NA,S,S,NA,NA,NA,S,NA,NA,NA,NA,S,S
1773.33268,ERS5282516,S,NA,NA,S,NA,NA,NA,NA,R,NA,R,S,NA,NA,NA,S,NA,NA,NA,NA,R,R
1773.33465,ERS5282760,S,NA,NA,S,NA,NA,NA,NA,S,NA,S,S,NA,NA,NA,S,NA,NA,NA,NA,R,R
1773.33478,ERS5282783,S,NA,NA,S,NA,NA,NA,NA,R,NA,R,S,NA,NA,NA,S,NA,NA,NA,NA,R,R
1773.33535,ERS5283073,S,NA,NA,S,NA,NA,NA,NA,R,NA,R,S,NA,NA,NA,S,NA,NA,NA,NA,R,R
1773.33596,ERS5297882,R,NA,NA,R,NA,NA,NA,NA,S,NA,R,R,NA,NA,NA,R,NA,NA,NA,NA,R,S
1773.33605,ERS5297901,S,NA,NA,S,NA,NA,NA,NA,S,NA,S,S,NA,NA,NA,S,NA,NA,NA,NA,S,R
1773.33654,ERS5297978,R,NA,NA,R,NA,NA,NA,NA,R,NA,R,R,NA,NA,NA,R,NA,NA,NA,NA,S,S
1773.3371,ERS5298033,S,NA,NA,S,NA,NA,NA,NA,S,NA,S,S,NA,NA,NA,S,NA,NA,NA,NA,S,R
1773.3396,ERS5298300,S,NA,NA,S,NA,NA,NA,NA,S,NA,S,S,NA,NA,NA,S,NA,NA,NA,NA,S,R
1773.34106,ERS5298615,S,NA,NA,S,NA,NA,NA,NA,S,NA,S,S,NA,NA,NA,S,NA,NA,NA,NA,R,R
1773.34154,ERS5298660,S,NA,NA,S,NA,NA,NA,NA,S,NA,R,S,NA,NA,NA,S,NA,NA,NA,NA,S,R
1773.34526,ERS5300799,S,NA,NA,S,NA,NA,NA,NA,S,NA,S,S,NA,NA,NA,S,NA,NA,NA,NA,S,R
1773.3456,ERS5300835,S,NA,NA,S,NA,NA,NA,NA,S,NA,S,S,NA,NA,NA,S,NA,NA,NA,NA,R,R
1773.34568,ERS5300845,S,NA,NA,S,NA,NA,NA,NA,S,NA,S,S,NA,NA,NA,S,NA,NA,NA,NA,S,R
1773.34573,ERS5300852,S,NA,NA,S,NA,NA,NA,NA,S,NA,R,S,NA,NA,NA,S,NA,NA,NA,NA,R,R
1773.34626,ERS5301011,S,NA,NA,S,NA,NA,NA,NA,S,NA,R,S,NA,NA,NA,R,NA,NA,NA,NA,R,R
1773.34724,ERS5301247,S,NA,NA,S,NA,NA,NA,NA,S,NA,R,S,NA,NA,NA,S,NA,NA,NA,NA,R,R
1773.35015,ERS5302167,S,NA,NA,S,NA,NA,NA,NA,S,NA,S,S,NA,NA,NA,S,NA,NA,NA,NA,S,R
1773.35165,ERS5302356,S,NA,NA,S,NA,NA,NA,NA,S,NA,R,S,NA,NA,NA,S,NA,NA,NA,NA,R,R
1773.35379,ERS5302617,S,NA,NA,S,NA,NA,NA,NA,S,NA,R,S,NA,NA,NA,S,NA,NA,NA,NA,R,R
1773.35465,ERS5302721,S,NA,NA,S,NA,NA,NA,NA,S,NA,S,S,NA,NA,NA,S,NA,NA,NA,NA,R,R
1773.35691,ERS5303045,S,NA,NA,S,NA,NA,NA,NA,S,NA,S,S,NA,NA,NA,S,NA,NA,NA,NA,S,R
1773.35826,ERS5303229,S,NA,NA,S,NA,NA,NA,NA,S,NA,R,S,NA,NA,NA,S,NA,NA,NA,NA,S,R
1773.35869,ERS5303326,R,NA,NA,R,NA,NA,NA,NA,R,NA,R,R,NA,NA,NA,R,NA,NA,NA,NA,R,R
1773.35942,ERS5303434,S,NA,NA,S,NA,NA,NA,NA,S,NA,S,S,NA,NA,NA,S,NA,NA,NA,NA,S,R
1773.36358,ERS5304177,S,NA,NA,S,NA,NA,NA,NA,S,NA,S,S,NA,NA,NA,S,NA,NA,NA,NA,S,R
1773.36489,ERS5312384,S,NA,NA,S,NA,NA,NA,NA,S,NA,R,S,NA,NA,NA,S,NA,NA,NA,NA,R,R
1773.36589,ERS5312501,S,NA,NA,S,NA,NA,NA,NA,S,NA,S,S,NA,NA,NA,S,NA,NA,NA,NA,R,R
1773.36615,ERS5312522,S,NA,NA,S,NA,NA,NA,NA,S,NA,S,S,NA,NA,NA,S,NA,NA,NA,NA,S,R
1773.36671,ERS5312577,S,NA,NA,S,NA,NA,NA,NA,S,NA,S,S,NA,NA,NA,S,NA,NA,NA,NA,S,R
1773.36674,ERS5312584,S,NA,NA,S,NA,NA,NA,NA,S,NA,R,S,NA,NA,NA,S,NA,NA,NA,NA,S,R
1773.36683,ERS5312594,S,NA,NA,S,NA,NA,NA,NA,S,NA,S,S,NA,NA,NA,S,NA,NA,NA,NA,S,R
1773.36833,ERS5317279,S,NA,NA,S,NA,NA,NA,NA,S,NA,R,S,NA,NA,NA,S,NA,NA,NA,NA,R,R
1773.36853,ERS5317480,S,NA,NA,S,NA,NA,NA,NA,S,NA,S,S,NA,NA,NA,S,NA,NA,NA,NA,S,R
1773.37017,ERS5317756,S,NA,NA,S,NA,NA,NA,NA,S,NA,R,S,NA,NA,NA,S,NA,NA,NA,NA,R,R
1773.37102,ERS5317839,S,NA,NA,S,NA,NA,NA,NA,S,NA,R,S,NA,NA,NA,S,NA,NA,NA,NA,R,R
1773.38415,ERS5320221,S,NA,NA,S,NA,NA,NA,NA,S,NA,S,S,NA,NA,NA,S,NA,NA,NA,NA,R,R
1773.38423,ERS5320233,S,NA,NA,S,NA,NA,NA,NA,S,NA,S,S,NA,NA,NA,S,NA,NA,NA,NA,R,R
1773.38441,ERS5320244,S,NA,NA,S,NA,NA,NA,NA,S,NA,S,S,NA,NA,NA,S,NA,NA,NA,NA,S,R
1773.38563,ERS5320387,S,NA,NA,S,NA,NA,NA,NA,S,NA,S,S,NA,NA,NA,S,NA,NA,NA,NA,S,R
1773.38707,ERS5320610,S,NA,NA,S,NA,NA,NA,NA,S,NA,R,S,NA,NA,NA,S,NA,NA,NA,NA,R,R
1773.38994,ERS6402707,S,NA,NA,S,NA,NA,NA,NA,S,NA,S,S,NA,NA,NA,S,NA,NA,NA,NA,R,R
1773.38999,ERS6402722,S,NA,NA,S,NA,NA,NA,NA,S,NA,S,S,NA,NA,NA,S,NA,NA,NA,NA,R,R
1773.39184,ERS6402939,S,NA,NA,S,NA,NA,NA,NA,S,NA,S,S,NA,NA,NA,S,NA,NA,NA,NA,S,S
1773.39214,ERS6402968,S,NA,NA,S,NA,NA,NA,NA,S,NA,S,S,NA,NA,NA,S,NA,NA,NA,NA,R,R
1773.39254,ERS6403019,S,NA,NA,S,NA,NA,NA,NA,S,NA,S,S,NA,NA,NA,S,NA,NA,NA,NA,S,R
1773.39262,ERS6403026,S,NA,NA,S,NA,NA,NA,NA,S,NA,S,S,NA,NA,NA,S,NA,NA,NA,NA,R,R
1773.39337,ERS6403112,S,NA,NA,S,NA,NA,NA,NA,S,NA,S,S,NA,NA,NA,S,NA,NA,NA,NA,S,R
1773.39369,ERS6403143,S,NA,NA,S,NA,NA,NA,NA,S,NA,R,S,NA,NA,NA,S,NA,NA,NA,NA,S,R
1773.39384,ERS6403159,S,NA,NA,S,NA,NA,NA,NA,S,NA,S,S,NA,NA,NA,S,NA,NA,NA,NA,R,R
1773.39449,ERS6403242,S,NA,NA,S,NA,NA,NA,NA,R,NA,R,S,NA,NA,NA,S,NA,NA,NA,NA,R,R
1773.39467,ERS6403263,S,NA,NA,S,NA,NA,NA,NA,S,NA,S,S,NA,NA,NA,S,NA,NA,NA,NA,R,R
1773.39481,ERS6403265,S,NA,NA,S,NA,NA,NA,NA,S,NA,S,S,NA,NA,NA,S,NA,NA,NA,NA,S,S
1773.39515,ERS6403312,S,NA,NA,S,NA,NA,NA,NA,S,NA,S,S,NA,NA,NA,S,NA,NA,NA,NA,S,R
1773.39517,ERS6403314,R,NA,NA,R,NA,NA,NA,NA,S,NA,R,R,NA,NA,NA,R,NA,NA,NA,NA,R,S
1773.39527,ERS6403322,S,NA,NA,S,NA,NA,NA,NA,S,NA,S,S,NA,NA,NA,S,NA,NA,NA,NA,R,R
1773.39578,ERS6403395,S,NA,NA,S,NA,NA,NA,NA,R,NA,R,S,NA,NA,NA,S,NA,NA,NA,NA,R,R
1773.39584,ERS6403401,S,NA,NA,S,NA,NA,NA,NA,S,NA,R,S,NA,NA,NA,S,NA,NA,NA,NA,S,R
1773.40053,ERS6421607,S,NA,NA,S,NA,NA,NA,NA,S,NA,S,S,NA,NA,NA,S,NA,NA,NA,NA,S,R
1773.40124,ERS6421684,S,NA,NA,S,NA,NA,NA,NA,S,NA,S,S,NA,NA,NA,S,NA,NA,NA,NA,S,R
1773.40161,ERS6421724,S,NA,NA,S,NA,NA,NA,NA,S,NA,S,S,NA,NA,NA,S,NA,NA,NA,NA,R,R
1773.402,ERS6421757,S,NA,NA,S,NA,NA,NA,NA,S,NA,S,S,NA,NA,NA,S,NA,NA,NA,NA,S,R
1773.403,ERS6421913,S,NA,NA,S,NA,NA,NA,NA,S,NA,R,S,NA,NA,NA,S,NA,NA,NA,NA,R,R
1773.40327,ERS6421946,S,NA,NA,S,NA,NA,NA,NA,S,NA,S,S,NA,NA,NA,S,NA,NA,NA,NA,R,R
1773.40415,ERS6422049,S,NA,NA,S,NA,NA,NA,NA,S,NA,R,S,NA,NA,NA,S,NA,NA,NA,NA,S,R
1773.40419,ERS6422059,S,NA,NA,S,NA,NA,NA,NA,S,NA,S,S,NA,NA,NA,S,NA,NA,NA,NA,S,R
1773.40438,ERS6422133,S,NA,NA,S,NA,NA,NA,NA,S,NA,S,S,NA,NA,NA,S,NA,NA,NA,NA,S,R
1773.40472,ERS6422168,S,NA,NA,S,NA,NA,NA,NA,S,NA,S,S,NA,NA,NA,S,NA,NA,NA,NA,S,R
1773.40882,ERS5281444,S,NA,S,S,NA,S,NA,S,R,R,R,S,R,S,R,S,S,NA,NA,R,R,R
1773.40896,ERS5281456,S,NA,S,S,NA,S,NA,S,R,R,R,S,R,S,R,S,R,NA,NA,R,R,R
1773.41951,ERS5282650,S,NA,S,S,NA,S,NA,S,R,S,S,S,R,S,S,S,S,NA,NA,S,S,R
1773.42056,ERS5282753,S,NA,S,S,NA,S,NA,S,R,R,R,R,R,S,R,R,S,NA,NA,R,R,R
1773.421,ERS5282800,S,NA,S,S,NA,S,NA,S,S,S,R,S,R,S,S,S,S,NA,NA,S,S,R
1773.42541,ERS5283269,R,NA,S,S,NA,S,NA,S,R,S,R,R,R,S,R,S,S,NA,NA,R,R,R
1773.42579,ERS5283306,S,NA,S,S,NA,S,NA,R,R,S,S,S,R,R,R,S,S,NA,NA,S,R,R
1773.42778,ERR7362014,R,NA,NA,R,NA,NA,NA,NA,S,NA,R,R,NA,NA,NA,R,NA,NA,NA,NA,S,S
1773.42956,ERS5300641,S,NA,NA,S,NA,NA,NA,NA,S,NA,S,S,NA,NA,NA,S,NA,NA,NA,NA,S,R
1773.43095,ERS5282254,S,NA,NA,S,NA,NA,NA,NA,S,NA,S,S,NA,NA,NA,S,NA,NA,NA,NA,R,R
1773.43215,ERS5302660,S,NA,NA,S,NA,NA,NA,NA,S,NA,S,S,NA,NA,NA,S,NA,NA,NA,NA,S,R
1773.43242,ERS3371823,S,NA,NA,S,NA,NA,NA,NA,S,NA,R,S,NA,NA,NA,S,NA,NA,NA,NA,S,R
1773.43413,ERS5317314,S,NA,NA,R,NA,NA,NA,NA,S,NA,R,S,NA,NA,NA,S,NA,NA,NA,NA,R,R
1773.43632,ERS6403000,S,NA,NA,S,NA,NA,NA,NA,S,NA,S,S,NA,NA,NA,S,NA,NA,NA,NA,R,R
1773.43702,ERS5282463,R,NA,S,R,NA,S,NA,S,R,R,R,R,R,S,R,R,S,NA,NA,S,R,R
1773.43708,ERS5282594,R,NA,S,R,NA,S,NA,S,S,R,R,R,R,S,S,S,S,NA,NA,R,R,R
1733.8372,ERR498355,S,NA,NA,S,NA,NA,NA,NA,S,NA,S,S,NA,NA,NA,S,NA,NA,NA,NA,S,R
1773.1854,ERR1034891,S,NA,NA,S,NA,NA,NA,NA,R,R,R,S,NA,NA,NA,S,NA,NA,S,NA,S,R
1773.18546,ERR1034898,S,NA,NA,S,NA,NA,NA,NA,S,R,R,S,NA,NA,NA,S,NA,NA,S,NA,R,R
1773.18591,ERR1034718,S,NA,NA,S,NA,NA,NA,NA,S,NA,S,S,NA,NA,NA,S,NA,NA,R,NA,R,R
1773.18656,ERR1034788,S,NA,NA,S,S,NA,S,NA,S,S,R,S,NA,NA,NA,S,R,NA,R,NA,S,R
1773.2066,ERR2124103,S,NA,NA,S,NA,NA,NA,NA,S,NA,R,S,NA,NA,NA,S,NA,NA,NA,NA,R,R
1773.23331,ERR1654692,S,NA,NA,S,NA,NA,NA,NA,S,NA,R,S,NA,NA,NA,S,NA,NA,NA,NA,R,R
1773.23417,ERR2120276,S,NA,NA,R,NA,NA,NA,NA,S,NA,S,S,NA,NA,NA,S,NA,NA,S,NA,S,R
1773.31102,ERS1987095,S,NA,NA,S,NA,NA,NA,NA,S,NA,S,S,NA,NA,NA,S,NA,NA,NA,NA,S,R
1773.3237,ERS5281293,S,NA,NA,S,NA,NA,NA,NA,S,NA,S,S,NA,NA,NA,S,NA,NA,NA,NA,S,S
1773.32385,ERS5281321,S,NA,NA,S,NA,NA,NA,NA,S,NA,R,S,NA,NA,NA,S,NA,NA,NA,NA,R,R
1773.32495,ERS5281511,S,NA,NA,S,NA,NA,NA,NA,S,NA,S,S,NA,NA,NA,S,NA,NA,NA,NA,R,R
1773.32717,ERS5281811,S,NA,NA,S,NA,NA,NA,NA,S,NA,S,S,NA,NA,NA,S,NA,NA,NA,NA,R,S
1773.3299,ERS5282161,S,NA,NA,S,NA,NA,NA,NA,S,NA,R,S,NA,NA,NA,S,NA,NA,NA,NA,R,R
1773.33183,ERS5282411,S,NA,NA,S,NA,NA,NA,NA,S,NA,S,S,NA,NA,NA,S,NA,NA,NA,NA,S,R
1773.33541,ERS5283095,S,NA,NA,S,NA,NA,NA,NA,R,NA,R,S,NA,NA,NA,S,NA,NA,NA,NA,R,R
1773.3356,ERS5283385,S,NA,NA,S,NA,NA,NA,NA,S,NA,R,S,NA,NA,NA,S,NA,NA,NA,NA,R,R
1773.33704,ERS5298025,S,NA,NA,S,NA,NA,NA,NA,S,NA,S,S,NA,NA,NA,S,NA,NA,NA,NA,S,R
1773.34525,ERS5300798,S,NA,NA,S,NA,NA,NA,NA,S,NA,S,S,NA,NA,NA,S,NA,NA,NA,NA,R,R
1773.34969,ERS5302095,S,NA,NA,S,NA,NA,NA,NA,S,NA,R,S,NA,NA,NA,S,NA,NA,NA,NA,S,R
1773.36652,ERS5312563,S,NA,NA,S,NA,NA,NA,NA,S,NA,S,S,NA,NA,NA,S,NA,NA,NA,NA,S,R
1773.36866,ERS5317564,S,NA,NA,S,NA,NA,NA,NA,S,NA,S,S,NA,NA,NA,S,NA,NA,NA,NA,R,S
1773.36931,ERS5317645,S,NA,NA,S,NA,NA,NA,NA,R,NA,S,S,NA,NA,NA,S,NA,NA,NA,NA,R,R
1773.37005,ERS5317727,S,NA,NA,S,NA,NA,NA,NA,S,NA,S,S,NA,NA,NA,S,NA,NA,NA,NA,S,S
1773.37089,ERS5317816,S,NA,NA,S,NA,NA,NA,NA,S,NA,S,S,NA,NA,NA,S,NA,NA,NA,NA,R,R
1773.3786,ERS5319490,S,NA,NA,S,NA,NA,NA,NA,S,NA,S,S,NA,NA,NA,S,NA,NA,NA,NA,R,R
1773.3858,ERS5320248,S,NA,NA,S,NA,NA,NA,NA,S,NA,R,S,NA,NA,NA,S,NA,NA,NA,NA,S,R
1773.38997,ERS6402711,S,NA,NA,S,NA,NA,NA,NA,S,NA,R,S,NA,NA,NA,S,NA,NA,NA,NA,R,R
1773.39206,ERS6402961,S,NA,NA,S,NA,NA,NA,NA,S,NA,S,S,NA,NA,NA,S,NA,NA,NA,NA,S,R
1773.40281,ERS6421885,S,NA,NA,S,NA,NA,NA,NA,R,NA,R,S,NA,NA,NA,S,NA,NA,NA,NA,R,R
1773.40405,ERS6422038,S,NA,NA,S,NA,NA,NA,NA,S,NA,S,S,NA,NA,NA,S,NA,NA,NA,NA,S,R
1773.41812,ERS5282494,S,NA,S,S,NA,S,NA,S,S,S,S,S,R,S,S,S,S,NA,NA,S,R,R
1773.42263,ERS5282972,S,NA,S,S,NA,S,NA,S,R,R,R,S,R,S,R,R,S,NA,NA,R,R,R
1773.43486,ERS5317429,S,NA,NA,S,NA,NA,NA,NA,S,NA,S,S,NA,NA,NA,S,NA,NA,NA,NA,S,S
1773.43502,ERS5317543,S,NA,NA,S,NA,NA,NA,NA,S,NA,S,S,NA,NA,NA,S,NA,NA,NA,NA,R,R
1773.1847,ERR1034817,S,NA,NA,S,NA,NA,S,NA,R,R,R,S,NA,NA,NA,S,S,NA,NA,NA,R,R
1773.18488,ERR1034836,S,NA,NA,S,NA,NA,S,NA,S,R,R,S,NA,NA,NA,S,S,NA,NA,NA,R,R
1773.18513,ERR1034862,S,NA,NA,S,NA,NA,S,NA,S,R,R,S,NA,NA,NA,S,S,NA,NA,NA,R,R
1773.18569,ERR1036281,S,NA,NA,S,NA,NA,S,NA,S,S,R,S,NA,NA,NA,R,S,NA,NA,NA,R,R
1773.18616,ERR1034734,R,NA,NA,S,S,NA,NA,NA,R,NA,R,R,NA,NA,NA,S,NA,NA,R,NA,R,S
1773.23347,ERR1654651,S,NA,NA,S,NA,NA,NA,NA,S,NA,R,S,NA,NA,NA,S,NA,NA,NA,NA,R,R
1773.32303,ERS5281200,S,NA,NA,S,NA,NA,NA,NA,S,NA,R,S,NA,NA,NA,S,NA,NA,NA,NA,R,R
1773.33178,ERS5282403,S,NA,NA,S,NA,NA,NA,NA,S,NA,R,S,NA,NA,NA,R,NA,NA,NA,NA,R,R
1773.33346,ERS5282606,S,NA,NA,S,NA,NA,NA,NA,R,NA,R,S,NA,NA,NA,S,NA,NA,NA,NA,R,R
1773.34776,ERS5301368,S,NA,NA,S,NA,NA,NA,NA,S,NA,S,S,NA,NA,NA,S,NA,NA,NA,NA,R,R
1773.36361,ERS5304176,S,NA,NA,S,NA,NA,NA,NA,S,NA,S,S,NA,NA,NA,S,NA,NA,NA,NA,S,R
1773.36365,ERS5304183,S,NA,NA,S,NA,NA,NA,NA,S,NA,S,S,NA,NA,NA,S,NA,NA,NA,NA,S,R
1773.36678,ERS5312589,S,NA,NA,S,NA,NA,NA,NA,S,NA,S,S,NA,NA,NA,S,NA,NA,NA,NA,R,R
1773.36839,ERS5317287,S,NA,NA,S,NA,NA,NA,NA,S,NA,S,S,NA,NA,NA,S,NA,NA,NA,NA,S,S
1773.37007,ERS5317735,S,NA,NA,S,NA,NA,NA,NA,S,NA,S,S,NA,NA,NA,S,NA,NA,NA,NA,R,R
1773.37864,ERS5319497,S,NA,NA,S,NA,NA,NA,NA,S,NA,S,S,NA,NA,NA,S,NA,NA,NA,NA,S,R
1773.37871,ERS5319501,S,NA,NA,S,NA,NA,NA,NA,S,NA,S,S,NA,NA,NA,S,NA,NA,NA,NA,S,S
1773.38295,ERS5320080,S,NA,NA,R,NA,NA,NA,NA,S,NA,R,S,NA,NA,NA,R,NA,NA,NA,NA,S,S
1773.38428,ERS5320235,S,NA,NA,S,NA,NA,NA,NA,S,NA,S,S,NA,NA,NA,S,NA,NA,NA,NA,R,R
1773.39752,ERS6403582,R,NA,NA,R,NA,NA,NA,NA,S,NA,R,R,NA,NA,NA,S,NA,NA,NA,NA,R,S
1773.40933,ERS5281498,S,NA,S,S,NA,S,NA,S,S,R,S,S,S,S,S,S,S,NA,NA,S,S,S
1773.42293,ERS5283006,S,NA,S,S,NA,S,NA,S,R,S,R,S,R,S,S,R,S,NA,NA,R,R,R
1773.36094,ERS5303617,S,NA,NA,S,NA,NA,NA,NA,S,NA,S,S,NA,NA,NA,S,NA,NA,NA,NA,R,R
1773.36921,ERS5317654,S,NA,NA,S,NA,NA,NA,NA,S,NA,R,S,NA,NA,NA,S,NA,NA,NA,NA,R,R
1773.3696,ERS5317681,S,NA,NA,S,NA,NA,NA,NA,S,NA,R,S,NA,NA,NA,S,NA,NA,NA,NA,S,R
1773.38449,ERS5320259,S,NA,NA,S,NA,NA,NA,NA,S,NA,S,S,NA,NA,NA,S,NA,NA,NA,NA,R,R
1773.38469,ERS5320277,S,NA,NA,S,NA,NA,NA,NA,S,NA,S,S,NA,NA,NA,S,NA,NA,NA,NA,R,R
1773.38556,ERS5320380,S,NA,NA,S,NA,NA,NA,NA,S,NA,S,S,NA,NA,NA,S,NA,NA,NA,NA,R,R
1773.38582,ERS5320402,S,NA,NA,S,NA,NA,NA,NA,S,NA,S,S,NA,NA,NA,S,NA,NA,NA,NA,R,R
1773.42382,ERS5283103,S,NA,S,S,NA,S,NA,R,S,S,S,S,R,S,S,S,S,NA,NA,S,S,R
1773.4349,ERS5317534,S,NA,NA,S,NA,NA,NA,NA,S,NA,R,S,NA,NA,NA,S,NA,NA,NA,NA,S,R
1773.40818,ERS5281377,S,NA,S,S,NA,S,NA,R,S,R,S,S,R,S,R,S,S,NA,NA,S,S,S
1773.43567,ERS5317542,S,NA,NA,S,NA,NA,NA,NA,S,NA,S,S,NA,NA,NA,S,NA,NA,NA,NA,S,R
1773.1395,ERS066646,NA,NA,NA,NA,NA,NA,NA,NA,S,NA,S,NA,NA,NA,NA,NA,NA,NA,S,NA,S,S
1773.1748,ERS124815,S,NA,NA,S,NA,NA,NA,NA,R,NA,R,NA,NA,NA,S,S,NA,S,R,NA,R,R
1773.18568,ERR1036285,R,NA,NA,R,NA,NA,S,NA,R,R,R,R,NA,NA,NA,S,S,NA,R,NA,R,R
1773.18986,ERR161135,S,NA,NA,S,NA,NA,NA,NA,S,NA,S,S,NA,NA,NA,S,NA,NA,S,NA,R,R
1773.18989,ERR161134,S,NA,NA,S,NA,NA,NA,NA,S,NA,S,S,NA,NA,NA,S,NA,NA,NA,NA,R,R
1773.19714,ERR181925,S,NA,NA,S,NA,NA,NA,NA,S,NA,S,S,NA,NA,NA,S,NA,NA,NA,NA,R,R
1773.20036,ERR212133,S,NA,NA,S,NA,NA,NA,NA,S,NA,S,S,NA,NA,NA,S,NA,NA,NA,NA,R,R
1773.20179,ERR221609,S,NA,NA,S,NA,NA,NA,NA,S,NA,S,S,NA,NA,NA,S,NA,NA,S,NA,R,R
1773.2096,ERR3256136,S,NA,NA,S,NA,NA,NA,NA,S,NA,S,S,NA,NA,NA,S,NA,NA,NA,NA,S,S
1773.20988,ERR3256164,S,NA,NA,S,NA,NA,NA,NA,R,NA,S,S,NA,NA,NA,S,NA,NA,NA,NA,R,S
1773.21014,ERR3256188,S,NA,NA,S,NA,NA,NA,NA,S,NA,R,S,NA,NA,NA,S,NA,NA,NA,NA,S,R
1773.2103,ERR3256209,S,NA,NA,S,NA,NA,NA,NA,S,NA,S,S,NA,NA,NA,S,NA,NA,NA,NA,S,S
1773.21033,ERR3256210,S,NA,NA,S,NA,NA,NA,NA,S,NA,S,S,NA,NA,NA,S,NA,NA,NA,NA,R,R
1773.23418,ERR2120274,S,NA,S,S,NA,NA,NA,NA,S,S,R,S,NA,NA,S,S,NA,NA,NA,NA,R,R
1773.2468,ERR551276,NA,NA,NA,NA,NA,NA,NA,NA,S,NA,S,NA,NA,NA,NA,NA,NA,NA,S,NA,S,S
1773.2548,ERR552292,NA,NA,NA,NA,NA,NA,NA,NA,S,NA,S,NA,NA,NA,NA,NA,NA,NA,S,NA,S,S
1773.2593,ERR550686,NA,NA,NA,NA,NA,NA,NA,NA,S,NA,S,NA,NA,NA,NA,NA,NA,NA,S,NA,S,S
1773.2618,ERR553065,NA,NA,NA,NA,NA,NA,NA,NA,S,NA,S,NA,NA,NA,NA,NA,NA,NA,S,NA,S,S
1773.2693,ERR551779,NA,NA,NA,NA,NA,NA,NA,NA,S,NA,S,NA,NA,NA,NA,NA,NA,NA,S,NA,S,S
1773.2695,ERR551552,NA,NA,NA,NA,NA,NA,NA,NA,S,NA,S,NA,NA,NA,NA,NA,NA,NA,S,NA,S,S
1773.2735,ERR550642,NA,NA,NA,NA,NA,NA,NA,NA,S,NA,S,NA,NA,NA,NA,NA,NA,NA,S,NA,S,S
1773.274,ERR551486,NA,NA,NA,NA,NA,NA,NA,NA,S,NA,S,NA,NA,NA,NA,NA,NA,NA,S,NA,S,S
1773.2876,ERR550630,NA,NA,NA,NA,NA,NA,NA,NA,S,NA,S,NA,NA,NA,NA,NA,NA,NA,S,NA,S,S
1773.2928,ERR551229,NA,NA,NA,NA,NA,NA,NA,NA,S,NA,S,NA,NA,NA,NA,NA,NA,NA,S,NA,S,S
1773.29373,ERR2041940,S,NA,NA,S,NA,NA,R,NA,R,NA,R,S,NA,NA,NA,S,S,R,R,NA,R,R
1773.2942,ERR551520,NA,NA,NA,NA,NA,NA,NA,NA,S,NA,S,NA,NA,NA,NA,NA,NA,NA,S,NA,S,S
1773.2944,ERR551091,NA,NA,NA,NA,NA,NA,NA,NA,S,NA,R,NA,NA,NA,NA,NA,NA,NA,S,NA,S,S
1773.2958,ERR552638,NA,NA,NA,NA,NA,NA,NA,NA,S,NA,S,NA,NA,NA,NA,NA,NA,NA,S,NA,S,S
1773.2968,ERR552145,NA,NA,NA,NA,NA,NA,NA,NA,S,NA,S,NA,NA,NA,NA,NA,NA,NA,R,NA,S,S
1773.3052,ERR552624,NA,NA,NA,NA,NA,NA,NA,NA,S,NA,S,NA,NA,NA,NA,NA,NA,NA,S,NA,S,S
1773.3078,ERR550944,NA,NA,NA,NA,NA,NA,NA,NA,S,NA,S,NA,NA,NA,NA,NA,NA,NA,S,NA,S,S
1773.31094,ERS1987084,S,NA,NA,S,NA,NA,NA,NA,S,NA,S,S,NA,NA,NA,S,NA,NA,NA,NA,R,R
1773.3111,ERR551655,NA,NA,NA,NA,NA,NA,NA,NA,S,NA,S,NA,NA,NA,NA,NA,NA,NA,S,NA,S,S
1773.31216,ERS1987223,S,NA,NA,S,NA,NA,NA,NA,S,NA,S,S,NA,NA,NA,S,NA,NA,NA,NA,S,R
1773.31333,ERS1987338,S,NA,NA,S,NA,NA,NA,NA,S,NA,S,S,NA,NA,NA,S,NA,NA,NA,NA,S,R
1773.31361,ERS1987370,S,NA,NA,S,NA,NA,NA,NA,S,NA,S,S,NA,NA,NA,S,NA,NA,NA,NA,S,R
1773.317,ERR550828,NA,NA,NA,NA,NA,NA,NA,NA,S,NA,S,NA,NA,NA,NA,NA,NA,NA,S,NA,S,S
1773.3191,ERR551586,NA,NA,NA,NA,NA,NA,NA,NA,S,NA,S,NA,NA,NA,NA,NA,NA,NA,S,NA,S,S
1773.3202,ERR553019,NA,NA,NA,NA,NA,NA,NA,NA,S,NA,S,NA,NA,NA,NA,NA,NA,NA,S,NA,S,S
1773.32064,ERS3371845,S,NA,NA,S,NA,NA,NA,NA,S,NA,S,S,NA,NA,NA,S,NA,NA,NA,NA,R,R
1773.3227,ERR551504,NA,NA,NA,NA,NA,NA,NA,NA,S,NA,S,NA,NA,NA,NA,NA,NA,NA,S,NA,S,S
1773.3237,ERR551526,NA,NA,NA,NA,NA,NA,NA,NA,S,NA,S,NA,NA,NA,NA,NA,NA,NA,S,NA,S,S
1773.3243,ERR550618,NA,NA,NA,NA,NA,NA,NA,NA,S,NA,S,NA,NA,NA,NA,NA,NA,NA,S,NA,S,S
1773.3272,ERR552218,NA,NA,NA,NA,NA,NA,NA,NA,S,NA,S,NA,NA,NA,NA,NA,NA,NA,S,NA,S,S
1773.3273,ERR552350,NA,NA,NA,NA,NA,NA,NA,NA,S,NA,S,NA,NA,NA,NA,NA,NA,NA,S,NA,S,S
1773.3286,ERR551696,NA,NA,NA,NA,NA,NA,NA,NA,S,NA,S,NA,NA,NA,NA,NA,NA,NA,S,NA,S,S
1773.3312,ERS5282330,S,NA,NA,S,NA,NA,NA,NA,S,NA,S,S,NA,NA,NA,S,NA,NA,NA,NA,R,R
1773.33157,ERS5282375,S,NA,NA,S,NA,NA,NA,NA,S,NA,S,S,NA,NA,NA,S,NA,NA,NA,NA,R,R
1773.3347,ERR551999,NA,NA,NA,NA,NA,NA,NA,NA,S,NA,S,NA,NA,NA,NA,NA,NA,NA,S,NA,S,S
1773.3372,ERR550708,NA,NA,NA,NA,NA,NA,NA,NA,S,NA,S,NA,NA,NA,NA,NA,NA,NA,S,NA,S,S
1773.33727,ERS5298053,S,NA,NA,S,NA,NA,NA,NA,S,NA,S,S,NA,NA,NA,S,NA,NA,NA,NA,R,R
1773.33904,ERS5298243,S,NA,NA,R,NA,NA,NA,NA,S,NA,S,S,NA,NA,NA,S,NA,NA,NA,NA,R,R
1773.33992,ERS5298344,S,NA,NA,S,NA,NA,NA,NA,S,NA,R,S,NA,NA,NA,S,NA,NA,NA,NA,R,R
1773.34063,ERS5298572,S,NA,NA,R,NA,NA,NA,NA,S,NA,S,S,NA,NA,NA,S,NA,NA,NA,NA,R,R
1773.341,ERS5298609,S,NA,NA,S,NA,NA,NA,NA,S,NA,S,S,NA,NA,NA,S,NA,NA,NA,NA,S,R
1773.3417,ERR551165,NA,NA,NA,NA,NA,NA,NA,NA,S,NA,S,NA,NA,NA,NA,NA,NA,NA,S,NA,S,S
1773.342,ERR550801,NA,NA,NA,NA,NA,NA,NA,NA,S,NA,S,NA,NA,NA,NA,NA,NA,NA,S,NA,S,S
1773.34411,ERS5300647,R,NA,NA,R,NA,NA,NA,NA,S,NA,R,R,NA,NA,NA,S,NA,NA,NA,NA,R,R
1773.3456,ERR552716,NA,NA,NA,NA,NA,NA,NA,NA,S,NA,S,NA,NA,NA,NA,NA,NA,NA,S,NA,S,S
1773.346,ERR550844,NA,NA,NA,NA,NA,NA,NA,NA,S,NA,S,NA,NA,NA,NA,NA,NA,NA,S,NA,S,S
1773.3464,ERR550991,NA,NA,NA,NA,NA,NA,NA,NA,S,NA,S,NA,NA,NA,NA,NA,NA,NA,S,NA,S,S
1773.34786,ERS5301829,S,NA,NA,S,NA,NA,NA,NA,S,NA,S,S,NA,NA,NA,S,NA,NA,NA,NA,S,R
1773.34946,ERS5302066,S,NA,NA,S,NA,NA,NA,NA,S,NA,R,S,NA,NA,NA,S,NA,NA,NA,NA,S,R
1773.3499,ERR552810,NA,NA,NA,NA,NA,NA,NA,NA,S,NA,S,NA,NA,NA,NA,NA,NA,NA,S,NA,S,S
1773.35005,ERS5302138,S,NA,NA,S,NA,NA,NA,NA,S,NA,S,S,NA,NA,NA,S,NA,NA,NA,NA,S,R
1773.35024,ERS5302172,S,NA,NA,S,NA,NA,NA,NA,S,NA,S,S,NA,NA,NA,S,NA,NA,NA,NA,S,R
1773.35172,ERS5302365,S,NA,NA,S,NA,NA,NA,NA,S,NA,S,S,NA,NA,NA,S,NA,NA,NA,NA,S,R
1773.352,ERR552419,NA,NA,NA,NA,NA,NA,NA,NA,S,NA,S,NA,NA,NA,NA,NA,NA,NA,S,NA,S,R
1773.3591,ERS5303392,S,NA,NA,S,NA,NA,NA,NA,S,NA,S,S,NA,NA,NA,S,NA,NA,NA,NA,R,R
1773.35922,ERS5303415,S,NA,NA,S,NA,NA,NA,NA,S,NA,S,S,NA,NA,NA,S,NA,NA,NA,NA,S,R
1773.36067,ERS5303588,S,NA,NA,S,NA,NA,NA,NA,S,NA,R,S,NA,NA,NA,S,NA,NA,NA,NA,S,R
1773.36305,ERS5304113,S,NA,NA,S,NA,NA,NA,NA,S,NA,S,S,NA,NA,NA,S,NA,NA,NA,NA,S,R
1773.36314,ERS5304127,S,NA,NA,S,NA,NA,NA,NA,S,NA,R,S,NA,NA,NA,S,NA,NA,NA,NA,S,R
1773.36594,ERS5312503,S,NA,NA,S,NA,NA,NA,NA,S,NA,R,S,NA,NA,NA,S,NA,NA,NA,NA,S,R
1773.36669,ERS5312580,S,NA,NA,S,NA,NA,NA,NA,S,NA,S,S,NA,NA,NA,S,NA,NA,NA,NA,S,R
1773.36675,ERS5312583,S,NA,NA,S,NA,NA,NA,NA,S,NA,S,S,NA,NA,NA,S,NA,NA,NA,NA,S,R
1773.36681,ERS5312591,S,NA,NA,S,NA,NA,NA,NA,S,NA,S,S,NA,NA,NA,S,NA,NA,NA,NA,S,R
1773.36753,ERS5312676,S,NA,NA,S,NA,NA,NA,NA,S,NA,S,S,NA,NA,NA,S,NA,NA,NA,NA,S,R
1773.3678,ERS5317216,S,NA,NA,S,NA,NA,NA,NA,S,NA,S,S,NA,NA,NA,S,NA,NA,NA,NA,R,R
1773.36883,ERS5317586,S,NA,NA,S,NA,NA,NA,NA,S,NA,S,S,NA,NA,NA,S,NA,NA,NA,NA,R,R
1773.37036,ERS5317770,S,NA,NA,S,NA,NA,NA,NA,R,NA,R,S,NA,NA,NA,S,NA,NA,NA,NA,R,R
1773.37107,ERS5317846,S,NA,NA,S,NA,NA,NA,NA,S,NA,S,S,NA,NA,NA,S,NA,NA,NA,NA,R,R
1773.38467,ERS5320275,S,NA,NA,S,NA,NA,NA,NA,S,NA,R,S,NA,NA,NA,S,NA,NA,NA,NA,S,R
1773.38649,ERS5320473,S,NA,NA,S,NA,NA,NA,NA,S,NA,S,S,NA,NA,NA,S,NA,NA,NA,NA,S,R
1773.3866,ERS5320481,S,NA,NA,S,NA,NA,NA,NA,S,NA,S,S,NA,NA,NA,S,NA,NA,NA,NA,R,R
1773.39147,ERS6402896,S,NA,NA,S,NA,NA,NA,NA,S,NA,S,S,NA,NA,NA,S,NA,NA,NA,NA,S,R
1773.39163,ERS6402911,S,NA,NA,S,NA,NA,NA,NA,S,NA,S,S,NA,NA,NA,S,NA,NA,NA,NA,R,R
1773.39691,ERS6403518,R,NA,NA,R,NA,NA,NA,NA,R,NA,R,R,NA,NA,NA,S,NA,NA,NA,NA,R,R
1773.39715,ERS6403539,S,NA,NA,S,NA,NA,NA,NA,S,NA,S,S,NA,NA,NA,S,NA,NA,NA,NA,S,R
1773.4077,SRR2100279,NA,NA,NA,NA,NA,NA,NA,NA,S,NA,S,NA,NA,NA,NA,NA,NA,NA,S,NA,S,NA
1773.4142,SRR2100346,NA,NA,NA,NA,NA,NA,NA,NA,S,NA,S,NA,NA,NA,NA,NA,NA,NA,S,NA,S,NA
1773.43165,ERS5302303,S,NA,NA,S,NA,NA,NA,NA,S,NA,R,S,NA,NA,NA,S,NA,NA,NA,NA,R,R
1773.43201,ERS5302072,S,NA,NA,S,NA,NA,NA,NA,S,NA,S,S,NA,NA,NA,S,NA,NA,NA,NA,R,R
1773.4554,SRR2100761,NA,NA,NA,NA,NA,NA,NA,NA,S,NA,S,NA,NA,NA,NA,NA,NA,NA,S,NA,S,NA
1773.4607,SRR2100817,NA,NA,NA,NA,NA,NA,NA,NA,S,NA,S,NA,NA,NA,NA,NA,NA,NA,S,NA,S,NA
1773.4631,SRR2100842,S,S,NA,S,S,NA,NA,NA,S,NA,R,S,NA,NA,S,NA,NA,NA,S,NA,R,NA
1773.5631,ERR400490,NA,NA,NA,NA,NA,NA,NA,NA,S,NA,S,NA,NA,NA,NA,NA,NA,NA,S,NA,S,NA
1773.5829,SRR2100022,NA,NA,NA,NA,NA,NA,NA,NA,S,NA,S,NA,NA,NA,NA,NA,NA,NA,S,NA,S,NA
1773.5882,SRR2100803,NA,NA,NA,NA,NA,NA,NA,NA,S,NA,R,NA,NA,NA,NA,NA,NA,NA,S,NA,R,NA
1773.5942,SRR2100782,NA,NA,NA,NA,NA,NA,NA,NA,S,NA,S,NA,NA,NA,NA,NA,NA,NA,S,NA,S,NA
1773.18426,ERR1035200,S,NA,NA,S,NA,NA,NA,NA,S,NA,R,S,NA,NA,NA,S,NA,NA,S,NA,S,R
1773.18506,ERR1034855,R,NA,NA,R,NA,NA,S,NA,R,R,R,R,NA,NA,NA,R,S,NA,NA,NA,R,R
1773.20473,ERR1035033,S,NA,NA,S,NA,NA,NA,NA,S,NA,S,S,NA,NA,NA,S,NA,NA,NA,NA,R,R
1773.31043,ERS1987022,S,NA,NA,S,NA,NA,NA,NA,S,NA,S,S,NA,NA,NA,S,NA,NA,NA,NA,S,R
1773.31097,ERS1987086,S,NA,NA,S,NA,NA,NA,NA,S,NA,S,S,NA,NA,NA,S,NA,NA,NA,NA,S,R
1773.31098,ERS1987089,S,NA,NA,S,NA,NA,NA,NA,S,NA,R,S,NA,NA,NA,S,NA,NA,NA,NA,S,R
1773.31244,ERS1987245,S,NA,NA,S,NA,NA,NA,NA,S,NA,S,S,NA,NA,NA,S,NA,NA,NA,NA,S,R
1773.31274,ERS1987275,S,NA,NA,S,NA,NA,NA,NA,S,NA,S,R,NA,NA,NA,S,NA,NA,NA,NA,S,R
1773.31346,ERS1987351,S,NA,NA,S,NA,NA,NA,NA,S,NA,S,S,NA,NA,NA,S,NA,NA,NA,NA,R,S
1773.31887,ERS3371652,S,NA,NA,S,NA,NA,NA,NA,S,NA,R,S,NA,NA,NA,S,NA,NA,NA,NA,R,R
1773.31919,ERS3371681,S,NA,NA,S,NA,NA,NA,NA,S,NA,R,S,NA,NA,NA,S,NA,NA,NA,NA,R,R
1773.32054,ERS3371843,S,NA,NA,S,NA,NA,NA,NA,S,NA,R,S,NA,NA,NA,S,NA,NA,NA,NA,R,R
1773.32207,ERS3371998,S,NA,NA,S,NA,NA,NA,NA,R,NA,R,S,NA,NA,NA,S,NA,NA,NA,NA,R,R
1773.3239,ERS5281327,S,NA,NA,S,NA,NA,NA,NA,S,NA,S,S,NA,NA,NA,S,NA,NA,NA,NA,R,R
1773.32482,ERS5281496,S,NA,NA,S,NA,NA,NA,NA,S,NA,R,S,NA,NA,NA,S,NA,NA,NA,NA,S,R
1773.32688,ERS5281749,S,NA,NA,S,NA,NA,NA,NA,S,NA,R,S,NA,NA,NA,R,NA,NA,NA,NA,R,R
1773.32856,ERS5281997,S,NA,NA,S,NA,NA,NA,NA,S,NA,S,S,NA,NA,NA,S,NA,NA,NA,NA,R,R
1773.3307,ERS5282260,S,NA,NA,S,NA,NA,NA,NA,S,NA,S,S,NA,NA,NA,S,NA,NA,NA,NA,R,R
1773.33127,ERS5282337,S,NA,NA,S,NA,NA,NA,NA,R,NA,R,S,NA,NA,NA,S,NA,NA,NA,NA,R,R
1773.33137,ERS5282351,S,NA,NA,S,NA,NA,NA,NA,S,NA,S,S,NA,NA,NA,S,NA,NA,NA,NA,S,R
1773.3324,ERS5282485,S,NA,NA,S,NA,NA,NA,NA,S,NA,S,S,NA,NA,NA,S,NA,NA,NA,NA,R,R
1773.33277,ERS5282530,S,NA,NA,S,NA,NA,NA,NA,R,NA,R,S,NA,NA,NA,R,NA,NA,NA,NA,R,R
1773.33432,ERS5282719,S,NA,NA,S,NA,NA,NA,NA,R,NA,R,S,NA,NA,NA,S,NA,NA,NA,NA,R,R
1773.33442,ERS5282730,S,NA,NA,S,NA,NA,NA,NA,S,NA,R,S,NA,NA,NA,S,NA,NA,NA,NA,R,R
1773.33498,ERS5282852,S,NA,NA,S,NA,NA,NA,NA,R,NA,R,S,NA,NA,NA,S,NA,NA,NA,NA,R,R
1773.33508,ERS5282862,S,NA,NA,S,NA,NA,NA,NA,R,NA,R,S,NA,NA,NA,R,NA,NA,NA,NA,R,R
1773.33691,ERS5298018,S,NA,NA,S,NA,NA,NA,NA,S,NA,R,S,NA,NA,NA,S,NA,NA,NA,NA,R,R
1773.33755,ERS5298085,S,NA,NA,S,NA,NA,NA,NA,S,NA,S,S,NA,NA,NA,S,NA,NA,NA,NA,R,R
1773.33782,ERS5298119,S,NA,NA,S,NA,NA,NA,NA,S,NA,S,S,NA,NA,NA,S,NA,NA,NA,NA,S,R
1773.33824,ERS5298158,S,NA,NA,S,NA,NA,NA,NA,S,NA,R,S,NA,NA,NA,S,NA,NA,NA,NA,R,R
1773.33838,ERS5298176,S,NA,NA,S,NA,NA,NA,NA,S,NA,S,S,NA,NA,NA,S,NA,NA,NA,NA,R,S
1773.33867,ERS5298202,S,NA,NA,S,NA,NA,NA,NA,S,NA,S,S,NA,NA,NA,S,NA,NA,NA,NA,S,S
1773.33941,ERS5298280,R,NA,NA,R,NA,NA,NA,NA,R,NA,R,R,NA,NA,NA,R,NA,NA,NA,NA,S,S
1773.33968,ERS5298310,R,NA,NA,R,NA,NA,NA,NA,S,NA,R,R,NA,NA,NA,S,NA,NA,NA,NA,R,S
1773.33974,ERS5298312,R,NA,NA,R,NA,NA,NA,NA,S,NA,R,R,NA,NA,NA,S,NA,NA,NA,NA,R,S
1773.34034,ERS5298539,S,NA,NA,R,NA,NA,NA,NA,S,NA,S,S,NA,NA,NA,S,NA,NA,NA,NA,R,R
1773.34152,ERS5298658,S,NA,NA,S,NA,NA,NA,NA,S,NA,R,S,NA,NA,NA,S,NA,NA,NA,NA,S,R
1773.34347,ERS5300579,S,NA,NA,S,NA,NA,NA,NA,S,NA,S,S,NA,NA,NA,S,NA,NA,NA,NA,S,R
1773.34477,ERS5300722,S,NA,NA,S,NA,NA,NA,NA,S,NA,S,S,NA,NA,NA,S,NA,NA,NA,NA,S,R
1773.34584,ERS5300865,S,NA,NA,S,NA,NA,NA,NA,S,NA,S,S,NA,NA,NA,S,NA,NA,NA,NA,S,R
1773.34624,ERS5301009,S,NA,NA,R,NA,NA,NA,NA,R,NA,R,S,NA,NA,NA,S,NA,NA,NA,NA,R,R
1773.34634,ERS5301020,S,NA,NA,S,NA,NA,NA,NA,S,NA,S,S,NA,NA,NA,S,NA,NA,NA,NA,R,R
1773.34654,ERS5301052,S,NA,NA,S,NA,NA,NA,NA,S,NA,R,S,NA,NA,NA,S,NA,NA,NA,NA,R,S
1773.34718,ERS5301240,S,NA,NA,R,NA,NA,NA,NA,S,NA,S,S,NA,NA,NA,S,NA,NA,NA,NA,R,R
1773.34728,ERS5301253,S,NA,NA,S,NA,NA,NA,NA,S,NA,S,S,NA,NA,NA,S,NA,NA,NA,NA,R,R
1773.34739,ERS5301265,S,NA,NA,S,NA,NA,NA,NA,S,NA,S,S,NA,NA,NA,S,NA,NA,NA,NA,R,R
1773.34769,ERS5301348,S,NA,NA,S,NA,NA,NA,NA,S,NA,R,S,NA,NA,NA,S,NA,NA,NA,NA,R,R
1773.34775,ERS5301367,S,NA,NA,S,NA,NA,NA,NA,S,NA,S,S,NA,NA,NA,S,NA,NA,NA,NA,R,R
1773.35021,ERS5302179,S,NA,NA,S,NA,NA,NA,NA,S,NA,R,S,NA,NA,NA,S,NA,NA,NA,NA,R,R
1773.35034,ERS5302194,S,NA,NA,S,NA,NA,NA,NA,S,NA,S,S,NA,NA,NA,S,NA,NA,NA,NA,S,R
1773.35136,ERS5302322,S,NA,NA,S,NA,NA,NA,NA,S,NA,S,S,NA,NA,NA,S,NA,NA,NA,NA,S,R
1773.35137,ERS5302324,S,NA,NA,S,NA,NA,NA,NA,S,NA,S,S,NA,NA,NA,S,NA,NA,NA,NA,S,R
1773.35335,ERS5302566,S,NA,NA,S,NA,NA,NA,NA,S,NA,S,S,NA,NA,NA,S,NA,NA,NA,NA,S,R
1773.35381,ERS5302618,S,NA,NA,S,NA,NA,NA,NA,S,NA,S,S,NA,NA,NA,S,NA,NA,NA,NA,R,R
1773.35472,ERS5302729,S,NA,NA,S,NA,NA,NA,NA,S,NA,S,S,NA,NA,NA,S,NA,NA,NA,NA,R,R
1773.35614,ERS5302897,S,NA,NA,S,NA,NA,NA,NA,S,NA,S,S,NA,NA,NA,S,NA,NA,NA,NA,R,R
1773.35941,ERS5303435,S,NA,NA,S,NA,NA,NA,NA,S,NA,S,S,NA,NA,NA,S,NA,NA,NA,NA,S,R
1773.36097,ERS5303621,S,NA,NA,S,NA,NA,NA,NA,R,NA,R,S,NA,NA,NA,S,NA,NA,NA,NA,R,R
1773.36641,ERS5312546,S,NA,NA,S,NA,NA,NA,NA,S,NA,S,S,NA,NA,NA,S,NA,NA,NA,NA,R,R
1773.36651,ERS5312562,S,NA,NA,S,NA,NA,NA,NA,S,NA,S,S,NA,NA,NA,S,NA,NA,NA,NA,S,R
1773.36667,ERS5312578,S,NA,NA,S,NA,NA,NA,NA,S,NA,S,S,NA,NA,NA,S,NA,NA,NA,NA,S,R
1773.36732,ERS5312651,S,NA,NA,S,NA,NA,NA,NA,R,NA,R,S,NA,NA,NA,S,NA,NA,NA,NA,R,R
1773.36756,ERS5312678,S,NA,NA,S,NA,NA,NA,NA,S,NA,S,S,NA,NA,NA,S,NA,NA,NA,NA,R,R
1773.36903,ERS5317613,S,NA,NA,S,NA,NA,NA,NA,S,NA,S,S,NA,NA,NA,S,NA,NA,NA,NA,R,R
1773.36944,ERS5317666,S,NA,NA,S,NA,NA,NA,NA,R,NA,S,S,NA,NA,NA,S,NA,NA,NA,NA,S,R
1773.36966,ERS5317687,S,NA,NA,S,NA,NA,NA,NA,S,NA,S,S,NA,NA,NA,S,NA,NA,NA,NA,R,R
1773.37013,ERS5317736,S,NA,NA,S,NA,NA,NA,NA,S,NA,S,S,NA,NA,NA,S,NA,NA,NA,NA,R,R
1773.37031,ERS5317777,S,NA,NA,S,NA,NA,NA,NA,S,NA,S,S,NA,NA,NA,S,NA,NA,NA,NA,R,R
1773.37084,ERS5317821,S,NA,NA,S,NA,NA,NA,NA,S,NA,S,S,NA,NA,NA,S,NA,NA,NA,NA,S,S
1773.37103,ERS5317840,S,NA,NA,S,NA,NA,NA,NA,S,NA,S,S,NA,NA,NA,S,NA,NA,NA,NA,R,R
1773.37757,ERS5319182,S,NA,NA,S,NA,NA,NA,NA,S,NA,S,S,NA,NA,NA,S,NA,NA,NA,NA,R,R
1773.38288,ERS5320078,S,NA,NA,S,NA,NA,NA,NA,S,NA,R,S,NA,NA,NA,S,NA,NA,NA,NA,S,R
1773.38628,ERS5320451,S,NA,NA,S,NA,NA,NA,NA,S,NA,S,S,NA,NA,NA,S,NA,NA,NA,NA,S,R
1773.38665,ERS5320450,S,NA,NA,S,NA,NA,NA,NA,S,NA,S,S,NA,NA,NA,S,NA,NA,NA,NA,S,R
1773.38708,ERS5320612,S,NA,NA,S,NA,NA,NA,NA,S,NA,S,S,NA,NA,NA,S,NA,NA,NA,NA,S,R
1773.39188,ERS6402937,S,NA,NA,S,NA,NA,NA,NA,S,NA,S,S,NA,NA,NA,S,NA,NA,NA,NA,S,R
1773.3919,ERS6402943,S,NA,NA,S,NA,NA,NA,NA,S,NA,S,S,NA,NA,NA,S,NA,NA,NA,NA,S,R
1773.3922,ERS6402977,S,NA,NA,S,NA,NA,NA,NA,S,NA,S,S,NA,NA,NA,S,NA,NA,NA,NA,S,R
1773.39331,ERS6403106,S,NA,NA,S,NA,NA,NA,NA,S,NA,R,S,NA,NA,NA,S,NA,NA,NA,NA,S,R
1773.39356,ERS6403131,S,NA,NA,S,NA,NA,NA,NA,S,NA,R,S,NA,NA,NA,S,NA,NA,NA,NA,S,R
1773.39358,ERS6403132,S,NA,NA,S,NA,NA,NA,NA,S,NA,S,S,NA,NA,NA,S,NA,NA,NA,NA,R,R
1773.39363,ERS6403138,S,NA,NA,S,NA,NA,NA,NA,S,NA,R,S,NA,NA,NA,S,NA,NA,NA,NA,S,R
1773.39455,ERS6403247,S,NA,NA,S,NA,NA,NA,NA,S,NA,S,S,NA,NA,NA,S,NA,NA,NA,NA,R,R
1773.39492,ERS6403293,S,NA,NA,S,NA,NA,NA,NA,S,NA,R,S,NA,NA,NA,S,NA,NA,NA,NA,R,R
1773.39502,ERS6403299,S,NA,NA,S,NA,NA,NA,NA,S,NA,S,S,NA,NA,NA,S,NA,NA,NA,NA,S,R
1773.39694,ERS6403521,S,NA,NA,S,NA,NA,NA,NA,S,NA,S,S,NA,NA,NA,S,NA,NA,NA,NA,S,R
1773.39801,ERS6403642,R,NA,NA,S,NA,NA,NA,NA,S,NA,R,R,NA,NA,NA,S,NA,NA,NA,NA,S,S
1773.39947,ERS6421491,S,NA,NA,S,NA,NA,NA,NA,S,NA,S,S,NA,NA,NA,S,NA,NA,NA,NA,S,R
1773.40104,ERS6421659,S,NA,NA,S,NA,NA,NA,NA,S,NA,S,S,NA,NA,NA,S,NA,NA,NA,NA,S,R
1773.40185,ERS6421748,S,NA,NA,S,NA,NA,NA,NA,S,NA,S,S,NA,NA,NA,S,NA,NA,NA,NA,S,R
1773.40195,ERS6421756,S,NA,NA,S,NA,NA,NA,NA,S,NA,S,S,NA,NA,NA,S,NA,NA,NA,NA,S,R
1773.40201,ERS6421758,S,NA,NA,S,NA,NA,NA,NA,S,NA,S,S,NA,NA,NA,S,NA,NA,NA,NA,S,R
1773.40205,ERS6421764,S,NA,NA,S,NA,NA,NA,NA,S,NA,S,S,NA,NA,NA,S,NA,NA,NA,NA,R,R
1773.40206,ERS6421767,S,NA,NA,S,NA,NA,NA,NA,S,NA,S,S,NA,NA,NA,S,NA,NA,NA,NA,S,R
1773.40212,ERS6421770,S,NA,NA,S,NA,NA,NA,NA,S,NA,S,S,NA,NA,NA,S,NA,NA,NA,NA,S,R
1773.40531,ERS6422227,S,NA,NA,S,NA,NA,NA,NA,S,NA,S,S,NA,NA,NA,S,NA,NA,NA,NA,S,R
1773.40664,ERS5281218,S,NA,S,S,NA,S,NA,S,R,R,R,S,R,S,R,S,S,NA,NA,R,R,R
1773.41606,ERS5282270,S,NA,S,S,NA,S,NA,R,R,R,S,S,R,S,R,S,S,NA,NA,S,S,S
1773.41694,ERS5282367,S,NA,S,S,NA,S,NA,S,S,S,S,S,R,S,S,S,S,NA,NA,S,S,S
1773.42039,ERS5282737,S,NA,S,S,NA,S,NA,S,S,S,R,S,R,S,R,S,S,NA,NA,R,R,R
1773.42094,ERS5282796,S,NA,S,S,NA,S,NA,S,R,R,R,S,S,S,R,S,S,NA,NA,R,S,R
1773.42253,ERS5282953,S,NA,S,S,NA,S,NA,S,R,S,R,S,R,S,S,S,S,NA,NA,R,R,R
1773.42281,ERS5282987,S,NA,S,R,NA,S,NA,S,S,S,R,S,R,S,S,S,S,NA,NA,S,S,R
1773.42406,ERS5283128,S,NA,S,S,NA,S,NA,R,R,S,S,S,R,R,S,S,S,NA,NA,S,S,R
1773.4283,SRR7829581,S,NA,NA,S,NA,NA,NA,NA,S,NA,R,S,NA,NA,NA,S,NA,NA,NA,NA,R,R
1773.4296,ERS5300880,S,NA,NA,S,NA,NA,NA,NA,S,NA,S,S,NA,NA,NA,S,NA,NA,NA,NA,S,S
1773.43026,ERS5301313,S,NA,NA,S,NA,NA,NA,NA,S,NA,S,S,NA,NA,NA,S,NA,NA,NA,NA,R,R
1773.4307,ERS5320293,S,NA,NA,S,NA,NA,NA,NA,S,NA,S,S,NA,NA,NA,S,NA,NA,NA,NA,S,R
1773.43368,ERS5317340,S,NA,NA,S,NA,NA,NA,NA,S,NA,S,S,NA,NA,NA,S,NA,NA,NA,NA,S,R
1773.43695,ERS5282364,S,NA,S,S,NA,S,NA,S,R,S,R,S,S,S,S,S,S,NA,NA,R,R,R
1773.18304,ERR1035289,S,NA,NA,S,NA,NA,NA,NA,R,NA,R,S,NA,NA,NA,S,NA,NA,NA,NA,R,R
1773.1967,ERR181879,S,NA,NA,S,NA,NA,NA,NA,S,NA,S,S,NA,NA,NA,S,NA,NA,S,NA,R,R
1773.19969,ERR212056,S,NA,NA,S,NA,NA,NA,NA,S,NA,S,S,NA,NA,NA,S,NA,NA,NA,NA,R,R
1773.20936,ERR3256113,S,NA,NA,S,NA,NA,NA,NA,S,NA,R,S,NA,NA,NA,S,NA,NA,NA,NA,S,S
1773.20992,ERR3256172,S,NA,NA,S,NA,NA,NA,NA,S,NA,R,S,NA,NA,NA,S,NA,NA,NA,NA,S,S
1773.21055,ERR3256235,S,NA,NA,S,NA,NA,NA,NA,S,NA,R,S,NA,NA,NA,S,NA,NA,NA,NA,S,R
1773.21062,ERR3256242,S,NA,NA,S,NA,NA,NA,NA,S,NA,R,S,NA,NA,NA,S,NA,NA,NA,NA,S,S
1773.23353,ERR1654676,S,NA,NA,S,NA,NA,NA,NA,S,NA,R,S,NA,NA,NA,S,NA,NA,NA,NA,R,R
1773.31873,ERS3371637,S,NA,NA,S,NA,NA,NA,NA,S,NA,R,S,NA,NA,NA,S,NA,NA,NA,NA,R,R
1773.32369,ERS5281292,S,NA,NA,S,NA,NA,NA,NA,R,NA,R,S,NA,NA,NA,S,NA,NA,NA,NA,R,R
1773.32398,ERS5281343,S,NA,NA,S,NA,NA,NA,NA,R,NA,R,S,NA,NA,NA,S,NA,NA,NA,NA,R,R
1773.33352,ERS5282616,S,NA,NA,S,NA,NA,NA,NA,R,NA,R,S,NA,NA,NA,S,NA,NA,NA,NA,R,R
1773.33391,ERS5282668,S,NA,NA,S,NA,NA,NA,NA,R,NA,R,S,NA,NA,NA,S,NA,NA,NA,NA,R,R
1773.33582,ERS5297873,S,NA,NA,R,NA,NA,NA,NA,S,NA,R,S,NA,NA,NA,S,NA,NA,NA,NA,R,R
1773.33848,ERS5298186,S,NA,NA,S,NA,NA,NA,NA,S,NA,S,S,NA,NA,NA,S,NA,NA,NA,NA,R,R
1773.33869,ERS5298204,S,NA,NA,S,NA,NA,NA,NA,S,NA,S,S,NA,NA,NA,S,NA,NA,NA,NA,R,S
1773.34664,ERS5301067,S,NA,NA,S,NA,NA,NA,NA,S,NA,R,S,NA,NA,NA,S,NA,NA,NA,NA,R,R
1773.34974,ERS5302100,S,NA,NA,S,NA,NA,NA,NA,S,NA,S,S,NA,NA,NA,S,NA,NA,NA,NA,S,R
1773.35173,ERS5302361,S,NA,NA,S,NA,NA,NA,NA,S,NA,S,S,NA,NA,NA,S,NA,NA,NA,NA,S,R
1773.36068,ERS5303589,S,NA,NA,S,NA,NA,NA,NA,R,NA,R,S,NA,NA,NA,S,NA,NA,NA,NA,R,R
1773.36323,ERS5304141,S,NA,NA,S,NA,NA,NA,NA,S,NA,S,S,NA,NA,NA,S,NA,NA,NA,NA,R,R
1773.36468,ERS5312363,S,NA,NA,S,NA,NA,NA,NA,R,NA,R,S,NA,NA,NA,S,NA,NA,NA,NA,S,R
1773.36643,ERS5312557,S,NA,NA,S,NA,NA,NA,NA,S,NA,S,S,NA,NA,NA,S,NA,NA,NA,NA,R,R
1773.36885,ERS5317590,S,NA,NA,S,NA,NA,NA,NA,S,NA,S,S,NA,NA,NA,S,NA,NA,NA,NA,R,R
1773.369,ERS5317610,S,NA,NA,S,NA,NA,NA,NA,S,NA,S,S,NA,NA,NA,S,NA,NA,NA,NA,R,R
1773.36928,ERS5317639,S,NA,NA,S,NA,NA,NA,NA,S,NA,R,S,NA,NA,NA,S,NA,NA,NA,NA,S,R
1773.37002,ERS5317730,S,NA,NA,S,NA,NA,NA,NA,S,NA,S,S,NA,NA,NA,S,NA,NA,NA,NA,R,R
1773.38404,ERS5320211,S,NA,NA,S,NA,NA,NA,NA,S,NA,S,S,NA,NA,NA,S,NA,NA,NA,NA,S,R
1773.39039,ERS6402765,S,NA,NA,S,NA,NA,NA,NA,S,NA,S,S,NA,NA,NA,S,NA,NA,NA,NA,R,R
1773.39187,ERS6402936,S,NA,NA,S,NA,NA,NA,NA,S,NA,S,S,NA,NA,NA,S,NA,NA,NA,NA,R,R
1773.39548,ERS6403360,R,NA,NA,R,NA,NA,NA,NA,S,NA,R,R,NA,NA,NA,R,NA,NA,NA,NA,S,S
1773.39749,ERS6403579,R,NA,NA,R,NA,NA,NA,NA,S,NA,R,R,NA,NA,NA,R,NA,NA,NA,NA,R,S
1773.40285,ERS6421897,R,NA,NA,S,NA,NA,NA,NA,S,NA,R,R,NA,NA,NA,R,NA,NA,NA,NA,R,S
1773.40888,ERS5281432,S,NA,S,S,NA,S,NA,S,S,S,S,S,S,S,S,S,S,NA,NA,S,S,S
1773.40953,ERS5281513,S,NA,S,S,NA,S,NA,S,S,R,S,S,R,R,S,S,S,NA,NA,S,S,S
1773.42289,ERS5283002,S,NA,S,S,NA,S,NA,R,R,S,S,S,R,S,S,S,S,NA,NA,S,S,S
1773.18413,ERR1035192,S,NA,NA,S,NA,NA,S,NA,S,S,R,S,NA,NA,S,S,S,NA,R,NA,R,R
1773.18538,ERR1034892,S,NA,NA,S,NA,NA,S,NA,S,R,R,S,NA,NA,NA,S,S,NA,S,NA,R,R
1773.18615,ERR1034737,S,NA,NA,S,S,NA,NA,NA,R,NA,R,S,NA,NA,NA,S,NA,NA,R,NA,R,R
1773.2018,ERR221595,S,NA,NA,S,NA,NA,NA,NA,S,NA,S,S,NA,NA,NA,S,NA,NA,NA,NA,S,R
1773.23382,ERR1654663,S,NA,NA,S,NA,NA,NA,NA,S,NA,R,S,NA,NA,NA,S,NA,NA,NA,NA,R,R
1773.20469,ERR1035037,S,NA,NA,R,NA,NA,NA,NA,S,S,R,S,NA,NA,NA,S,NA,NA,NA,NA,R,R
1773.32122,ERS3371911,S,NA,NA,S,NA,NA,NA,NA,S,NA,R,S,NA,NA,NA,S,NA,NA,NA,NA,R,R
1773.32458,ERS5281449,S,NA,NA,S,NA,NA,NA,NA,S,NA,R,S,NA,NA,NA,S,NA,NA,NA,NA,R,R
1773.32511,ERS5281541,S,NA,NA,S,NA,NA,NA,NA,S,NA,S,S,NA,NA,NA,S,NA,NA,NA,NA,R,R
1773.33095,ERS5282296,S,NA,NA,S,NA,NA,NA,NA,S,NA,S,S,NA,NA,NA,S,NA,NA,NA,NA,S,R
1773.33117,ERS5282326,R,NA,NA,R,NA,NA,NA,NA,S,NA,R,R,NA,NA,NA,R,NA,NA,NA,NA,R,R
1773.33194,ERS5282424,S,NA,NA,S,NA,NA,NA,NA,S,NA,R,S,NA,NA,NA,R,NA,NA,NA,NA,R,R
1773.34061,ERS5298564,S,NA,NA,S,NA,NA,NA,NA,S,NA,S,S,NA,NA,NA,S,NA,NA,NA,NA,S,R
1773.35346,ERS5302582,S,NA,NA,S,NA,NA,NA,NA,S,NA,S,S,NA,NA,NA,S,NA,NA,NA,NA,R,R
1773.36304,ERS5304110,S,NA,NA,S,NA,NA,NA,NA,S,NA,R,S,NA,NA,NA,S,NA,NA,NA,NA,R,R
1773.36728,ERS5312645,S,NA,NA,S,NA,NA,NA,NA,S,NA,R,S,NA,NA,NA,S,NA,NA,NA,NA,S,R
1773.36882,ERS5317588,S,NA,NA,S,NA,NA,NA,NA,S,NA,S,S,NA,NA,NA,S,NA,NA,NA,NA,R,R
1773.36886,ERS5317592,S,NA,NA,S,NA,NA,NA,NA,S,NA,S,S,NA,NA,NA,S,NA,NA,NA,NA,S,R
1773.37977,ERS5319716,S,NA,NA,S,NA,NA,NA,NA,S,NA,S,S,NA,NA,NA,S,NA,NA,NA,NA,S,R
1773.38269,ERS5320053,S,NA,NA,S,NA,NA,NA,NA,S,NA,R,S,NA,NA,NA,S,NA,NA,NA,NA,R,S
1773.3848,ERS5320288,S,NA,NA,S,NA,NA,NA,NA,S,NA,S,S,NA,NA,NA,S,NA,NA,NA,NA,S,R
1773.38522,ERS5320350,S,NA,NA,S,NA,NA,NA,NA,S,NA,S,S,NA,NA,NA,S,NA,NA,NA,NA,S,S
1773.39547,ERS6403349,S,NA,NA,S,NA,NA,NA,NA,S,NA,S,S,NA,NA,NA,S,NA,NA,NA,NA,S,R
1773.40579,ERR3323716,S,NA,NA,S,NA,NA,NA,NA,R,NA,R,S,NA,NA,NA,S,NA,NA,NA,NA,R,R
1773.41851,ERS5282550,S,NA,S,S,NA,S,NA,S,R,S,R,S,R,S,R,R,S,NA,NA,R,R,R
1773.42164,ERS5282870,S,NA,S,S,NA,S,NA,S,R,R,R,S,R,R,R,S,S,NA,NA,R,R,S
1773.43024,ERS5301307,S,NA,NA,S,NA,NA,NA,NA,S,NA,S,S,NA,NA,NA,S,NA,NA,NA,NA,S,R
1773.43476,ERS5317477,S,NA,NA,S,NA,NA,NA,NA,S,NA,S,S,NA,NA,NA,S,NA,NA,NA,NA,S,S
1773.32306,ERS5281204,S,NA,NA,S,NA,NA,NA,NA,S,NA,S,S,NA,NA,NA,S,NA,NA,NA,NA,R,R
1773.32352,ERS5281250,S,NA,NA,S,NA,NA,NA,NA,S,NA,R,S,NA,NA,NA,S,NA,NA,NA,NA,R,S
1773.33434,ERS5282721,S,NA,NA,S,NA,NA,NA,NA,R,NA,R,S,NA,NA,NA,S,NA,NA,NA,NA,R,R
1773.33954,ERS5298294,R,NA,NA,R,NA,NA,NA,NA,S,NA,S,R,NA,NA,NA,S,NA,NA,NA,NA,S,R
1773.34615,ERS5300952,S,NA,NA,S,NA,NA,NA,NA,S,NA,S,S,NA,NA,NA,S,NA,NA,NA,NA,R,S
1773.35331,ERS5302564,S,NA,NA,S,NA,NA,NA,NA,S,NA,S,S,NA,NA,NA,S,NA,NA,NA,NA,S,R
1773.36849,ERS5317354,S,NA,NA,S,NA,NA,NA,NA,S,NA,R,S,NA,NA,NA,S,NA,NA,NA,NA,R,R
1773.40554,ERR275220,S,NA,NA,S,NA,NA,NA,NA,S,NA,R,S,NA,NA,NA,S,NA,NA,NA,NA,R,R
1773.40742,ERS5281299,S,NA,S,S,NA,S,NA,S,R,R,R,S,R,S,R,S,S,NA,NA,R,R,R
1773.42889,SRR8758897,S,NA,NA,S,NA,NA,NA,NA,S,NA,R,S,NA,NA,NA,S,NA,NA,NA,NA,R,R
1773.43556,ERS5317487,S,NA,NA,S,NA,NA,NA,NA,S,NA,S,S,NA,NA,NA,S,NA,NA,NA,NA,S,S
1773.42964,ERS5300999,R,NA,NA,R,NA,NA,NA,NA,R,NA,R,R,NA,NA,NA,S,NA,NA,NA,NA,R,R
1773.18421,ERR1035179,S,NA,NA,S,NA,NA,NA,NA,S,NA,R,S,NA,NA,NA,S,NA,NA,S,NA,R,R
1773.18634,ERR1034760,S,NA,NA,S,S,NA,NA,NA,S,NA,S,S,NA,NA,NA,S,NA,NA,NA,NA,S,R
1773.19666,ERR181881,S,NA,NA,S,NA,NA,NA,NA,S,NA,S,S,NA,NA,NA,S,NA,NA,S,NA,S,S
1773.19839,ERR182053,S,NA,NA,S,NA,NA,NA,NA,S,NA,S,S,NA,NA,NA,S,NA,NA,NA,NA,S,S
1773.20039,ERR212135,S,NA,NA,S,NA,NA,NA,NA,S,NA,S,S,NA,NA,NA,S,NA,NA,NA,NA,R,R
1773.20934,ERR3256111,S,NA,NA,S,NA,NA,NA,NA,S,NA,S,S,NA,NA,NA,S,NA,NA,NA,NA,S,S
1773.20987,ERR3256165,S,NA,NA,S,NA,NA,NA,NA,S,NA,S,S,NA,NA,NA,S,NA,NA,NA,NA,S,S
1773.2102,ERR3256202,S,NA,NA,S,NA,NA,NA,NA,S,NA,S,S,NA,NA,NA,S,NA,NA,NA,NA,S,S
1773.21026,ERR3256204,S,NA,NA,S,NA,NA,NA,NA,S,NA,S,S,NA,NA,NA,S,NA,NA,NA,NA,S,S
1773.21029,ERR3256207,S,NA,NA,S,NA,NA,NA,NA,S,NA,R,S,NA,NA,NA,S,NA,NA,NA,NA,R,S
1773.21049,ERR3256228,S,NA,NA,S,NA,NA,NA,NA,S,NA,S,S,NA,NA,NA,S,NA,NA,NA,NA,S,S
1773.21727,ERR3256278,S,NA,NA,S,NA,NA,NA,NA,S,NA,R,S,NA,NA,NA,S,NA,NA,NA,NA,R,S
1773.2456,ERR553054,NA,NA,NA,NA,NA,NA,NA,NA,S,NA,S,NA,NA,NA,NA,NA,NA,NA,S,NA,S,S
1773.2462,ERR551652,NA,NA,NA,NA,NA,NA,NA,NA,S,NA,S,NA,NA,NA,NA,NA,NA,NA,S,NA,S,S
1773.2469,ERR551313,NA,NA,NA,NA,NA,NA,NA,NA,S,NA,S,NA,NA,NA,NA,NA,NA,NA,S,NA,S,S
1773.2502,ERR551269,NA,NA,NA,NA,NA,NA,NA,NA,S,NA,S,NA,NA,NA,NA,NA,NA,NA,S,NA,S,S
1773.2534,ERR552608,NA,NA,NA,NA,NA,NA,NA,NA,S,NA,S,NA,NA,NA,NA,NA,NA,NA,S,NA,S,S
1773.2567,ERR551669,NA,NA,NA,NA,NA,NA,NA,NA,S,NA,S,NA,NA,NA,NA,NA,NA,NA,S,NA,S,S
1773.258,ERR552613,NA,NA,NA,NA,NA,NA,NA,NA,S,NA,S,NA,NA,NA,NA,NA,NA,NA,S,NA,S,S
1773.2647,ERR553075,NA,NA,NA,NA,NA,NA,NA,NA,S,NA,S,NA,NA,NA,NA,NA,NA,NA,S,NA,S,S
1773.2759,ERR498391,NA,NA,NA,NA,NA,NA,NA,NA,S,NA,S,NA,NA,NA,NA,NA,NA,NA,S,NA,S,S
1773.2775,ERR552006,NA,NA,NA,NA,NA,NA,NA,NA,S,NA,S,NA,NA,NA,NA,NA,NA,NA,S,NA,S,S
1773.2792,ERR550704,NA,NA,NA,NA,NA,NA,NA,NA,S,NA,S,NA,NA,NA,NA,NA,NA,NA,S,NA,S,S
1773.2816,ERR552402,NA,NA,NA,NA,NA,NA,NA,NA,S,NA,S,NA,NA,NA,NA,NA,NA,NA,S,NA,S,S
1773.2819,ERR551117,NA,NA,NA,NA,NA,NA,NA,NA,S,NA,S,NA,NA,NA,NA,NA,NA,NA,S,NA,S,S
1773.2926,ERR551608,NA,NA,NA,NA,NA,NA,NA,NA,S,NA,S,NA,NA,NA,NA,NA,NA,NA,S,NA,S,S
1773.3006,ERR553203,NA,NA,NA,NA,NA,NA,NA,NA,S,NA,R,NA,NA,NA,NA,NA,NA,NA,S,NA,S,R
1773.3045,ERR551646,NA,NA,NA,NA,NA,NA,NA,NA,S,NA,S,NA,NA,NA,NA,NA,NA,NA,S,NA,S,S
1773.3075,ERR552461,NA,NA,NA,NA,NA,NA,NA,NA,S,NA,S,NA,NA,NA,NA,NA,NA,NA,S,NA,S,S
1773.3076,ERR551481,NA,NA,NA,NA,NA,NA,NA,NA,S,NA,S,NA,NA,NA,NA,NA,NA,NA,S,NA,S,S
1773.3091,ERR551813,NA,NA,NA,NA,NA,NA,NA,NA,S,NA,R,NA,NA,NA,NA,NA,NA,NA,S,NA,S,R
1773.31049,ERS1987028,S,NA,NA,S,NA,NA,NA,NA,S,NA,S,S,NA,NA,NA,S,NA,NA,NA,NA,S,R
1773.31081,ERS1987067,S,NA,NA,S,NA,NA,NA,NA,S,NA,S,S,NA,NA,NA,S,NA,NA,NA,NA,S,R
1773.31209,ERS1987215,S,NA,NA,S,NA,NA,NA,NA,S,NA,S,S,NA,NA,NA,S,NA,NA,NA,NA,S,R
1773.31236,ERS1987225,S,NA,NA,S,NA,NA,NA,NA,S,NA,S,S,NA,NA,NA,S,NA,NA,NA,NA,R,R
1773.31371,ERS1987382,S,NA,NA,S,NA,NA,NA,NA,S,NA,S,S,NA,NA,NA,S,NA,NA,NA,NA,S,R
1773.31383,ERS1987396,S,NA,NA,S,NA,NA,NA,NA,S,NA,S,S,NA,NA,NA,S,NA,NA,NA,NA,R,R
1773.3139,ERS1987402,S,NA,NA,S,NA,NA,NA,NA,S,NA,S,S,NA,NA,NA,S,NA,NA,NA,NA,S,R
1773.3144,ERR551719,NA,NA,NA,NA,NA,NA,NA,NA,S,NA,S,NA,NA,NA,NA,NA,NA,NA,S,NA,S,S
1773.3174,ERR550983,NA,NA,NA,NA,NA,NA,NA,NA,S,NA,S,NA,NA,NA,NA,NA,NA,NA,S,NA,S,S
1773.3219,ERR553038,NA,NA,NA,NA,NA,NA,NA,NA,S,NA,S,NA,NA,NA,NA,NA,NA,NA,S,NA,S,S
1773.32322,ERS5281228,S,NA,NA,S,NA,NA,NA,NA,S,NA,R,S,NA,NA,NA,S,NA,NA,NA,NA,R,R
1773.3303,ERR552839,NA,NA,NA,NA,NA,NA,NA,NA,S,NA,S,NA,NA,NA,NA,NA,NA,NA,S,NA,S,R
1773.33707,ERS5298039,S,NA,NA,S,NA,NA,NA,NA,S,NA,S,S,NA,NA,NA,S,NA,NA,NA,NA,R,R
1773.3374,ERR551871,NA,NA,NA,NA,NA,NA,NA,NA,S,NA,S,NA,NA,NA,NA,NA,NA,NA,S,NA,S,S
1773.33793,ERS5298124,S,NA,NA,S,NA,NA,NA,NA,S,NA,S,S,NA,NA,NA,S,NA,NA,NA,NA,S,R
1773.3409,ERR552156,NA,NA,NA,NA,NA,NA,NA,NA,S,NA,S,NA,NA,NA,NA,NA,NA,NA,S,NA,S,S
1773.34308,ERS5300540,S,NA,NA,S,NA,NA,NA,NA,S,NA,S,S,NA,NA,NA,S,NA,NA,NA,NA,S,R
1773.34479,ERS5300738,S,NA,NA,S,NA,NA,NA,NA,S,NA,S,S,NA,NA,NA,S,NA,NA,NA,NA,R,R
1773.34514,ERS5300779,S,NA,NA,S,NA,NA,NA,NA,S,NA,S,S,NA,NA,NA,S,NA,NA,NA,NA,S,R
1773.34546,ERS5300816,S,NA,NA,S,NA,NA,NA,NA,S,NA,S,S,NA,NA,NA,S,NA,NA,NA,NA,S,R
1773.34673,ERS5301085,S,NA,NA,S,NA,NA,NA,NA,S,NA,R,S,NA,NA,NA,S,NA,NA,NA,NA,R,R
1773.34849,ERS5301920,S,NA,NA,S,NA,NA,NA,NA,S,NA,R,S,NA,NA,NA,S,NA,NA,NA,NA,S,R
1773.3485,ERR552524,NA,NA,NA,NA,NA,NA,NA,NA,S,NA,S,NA,NA,NA,NA,NA,NA,NA,S,NA,S,S
1773.34952,ERS5302076,S,NA,NA,S,NA,NA,NA,NA,S,NA,S,S,NA,NA,NA,S,NA,NA,NA,NA,S,R
1773.35014,ERS5302163,S,NA,NA,S,NA,NA,NA,NA,S,NA,S,S,NA,NA,NA,S,NA,NA,NA,NA,R,R
1773.357,ERS5303053,S,NA,NA,S,NA,NA,NA,NA,S,NA,R,S,NA,NA,NA,S,NA,NA,NA,NA,R,R
1773.35755,ERS5303126,S,NA,NA,S,NA,NA,NA,NA,S,NA,R,S,NA,NA,NA,S,NA,NA,NA,NA,R,R
1773.35847,ERS5303252,S,NA,NA,S,NA,NA,NA,NA,S,NA,R,S,NA,NA,NA,S,NA,NA,NA,NA,S,R
1773.35907,ERS5303396,S,NA,NA,S,NA,NA,NA,NA,S,NA,S,S,NA,NA,NA,S,NA,NA,NA,NA,R,R
1773.3623,ERR040109,NA,NA,NA,NA,NA,NA,NA,NA,S,NA,S,NA,NA,NA,NA,NA,NA,NA,S,NA,S,NA
1773.36689,ERS5312601,S,NA,NA,S,NA,NA,NA,NA,S,NA,S,S,NA,NA,NA,S,NA,NA,NA,NA,S,R
1773.36771,ERS5312694,S,NA,NA,S,NA,NA,NA,NA,S,NA,S,S,NA,NA,NA,S,NA,NA,NA,NA,S,R
1773.3705,ERS5317778,S,NA,NA,S,NA,NA,NA,NA,S,NA,S,S,NA,NA,NA,S,NA,NA,NA,NA,R,R
1773.37767,ERS5319190,S,NA,NA,S,NA,NA,NA,NA,S,NA,R,S,NA,NA,NA,S,NA,NA,NA,NA,R,R
1773.37945,ERS5319681,S,NA,NA,S,NA,NA,NA,NA,S,NA,R,S,NA,NA,NA,S,NA,NA,NA,NA,R,R
1773.38188,ERS5319966,S,NA,NA,S,NA,NA,NA,NA,S,NA,S,S,NA,NA,NA,S,NA,NA,NA,NA,S,R
1773.38292,ERS5320075,S,NA,NA,S,NA,NA,NA,NA,S,NA,R,S,NA,NA,NA,R,NA,NA,NA,NA,R,R
1773.38609,ERS5320427,S,NA,NA,S,NA,NA,NA,NA,S,NA,S,S,NA,NA,NA,S,NA,NA,NA,NA,S,R
1773.38663,ERS5320487,S,NA,NA,S,NA,NA,NA,NA,S,NA,R,S,NA,NA,NA,S,NA,NA,NA,NA,S,R
1773.3925,ERS6403010,S,NA,NA,S,NA,NA,NA,NA,S,NA,R,S,NA,NA,NA,S,NA,NA,NA,NA,R,S
1773.39306,ERS6403072,S,NA,NA,S,NA,NA,NA,NA,S,NA,S,S,NA,NA,NA,S,NA,NA,NA,NA,R,R
1773.39572,ERS6403391,S,NA,NA,R,NA,NA,NA,NA,S,NA,S,S,NA,NA,NA,S,NA,NA,NA,NA,S,R
1773.39702,ERS6403531,S,NA,NA,S,NA,NA,NA,NA,S,NA,S,S,NA,NA,NA,S,NA,NA,NA,NA,S,R
1773.3988,SRR2100190,NA,NA,NA,NA,NA,NA,NA,NA,S,NA,S,NA,NA,NA,NA,NA,NA,NA,S,NA,S,NA
1773.3996,ERS6421510,S,NA,NA,S,NA,NA,NA,NA,S,NA,S,S,NA,NA,NA,S,NA,NA,NA,NA,S,R
1773.40085,ERS6421640,S,NA,NA,S,NA,NA,NA,NA,S,NA,S,S,NA,NA,NA,S,NA,NA,NA,NA,S,R
1773.40454,ERS6422147,S,NA,NA,S,NA,NA,NA,NA,S,NA,S,S,NA,NA,NA,S,NA,NA,NA,NA,S,R
1773.40502,ERS6422196,S,NA,NA,S,NA,NA,NA,NA,S,NA,S,S,NA,NA,NA,S,NA,NA,NA,NA,R,R
1773.43062,ERS5320019,S,NA,NA,S,NA,NA,NA,NA,S,NA,R,S,NA,NA,NA,S,NA,NA,NA,NA,R,R
1773.43089,ERS5319214,S,NA,NA,S,NA,NA,NA,NA,S,NA,R,S,NA,NA,NA,S,NA,NA,NA,NA,R,R
1773.4344,ERS5317351,S,NA,NA,S,NA,NA,NA,NA,S,NA,S,S,NA,NA,NA,S,NA,NA,NA,NA,R,R
1773.4415,SRR2100618,NA,NA,NA,NA,NA,NA,NA,NA,S,NA,S,NA,NA,NA,NA,NA,NA,NA,S,NA,S,NA
1773.4585,SRR2100794,NA,NA,NA,NA,NA,NA,NA,NA,S,NA,S,NA,NA,NA,NA,NA,NA,NA,S,NA,S,NA
1773.4601,SRR2100811,NA,S,NA,NA,NA,NA,NA,NA,S,NA,S,NA,NA,NA,S,NA,NA,NA,S,NA,S,S
1773.462,SRR2100831,NA,NA,NA,NA,S,NA,NA,NA,S,NA,R,NA,NA,NA,NA,NA,NA,NA,S,NA,S,NA
1773.4681,SRR2100894,NA,NA,NA,NA,S,NA,NA,NA,S,NA,R,NA,NA,NA,NA,NA,NA,NA,S,NA,S,NA
1773.4822,SRR2101041,NA,NA,NA,NA,NA,NA,NA,NA,S,NA,S,NA,NA,NA,NA,NA,NA,NA,S,NA,S,NA
1773.5191,SRR2101523,S,S,NA,S,NA,NA,NA,NA,S,NA,S,S,NA,NA,S,NA,NA,NA,S,NA,S,S
1773.5523,ERR552979,NA,NA,NA,NA,NA,NA,NA,NA,R,NA,R,NA,NA,NA,NA,NA,NA,NA,S,NA,R,R
1773.5728,ERR400377,NA,NA,NA,NA,NA,NA,NA,NA,S,NA,S,NA,NA,NA,NA,NA,NA,NA,S,NA,S,S
1773.5771,SRR2099964,NA,NA,NA,NA,NA,NA,NA,NA,S,NA,R,NA,NA,NA,NA,NA,NA,NA,S,NA,S,S
1773.5824,SRR2100017,NA,NA,NA,NA,NA,NA,NA,NA,S,NA,S,NA,NA,NA,NA,NA,NA,NA,S,NA,S,NA
1773.583,SRR2100023,NA,NA,NA,NA,NA,NA,NA,NA,S,NA,S,NA,NA,NA,NA,NA,NA,NA,S,NA,S,NA
1773.18674,ERR1034800,S,NA,NA,S,NA,NA,NA,NA,S,NA,S,S,NA,NA,NA,S,NA,NA,S,NA,R,R
1773.19713,ERR181923,S,NA,NA,S,NA,NA,NA,NA,S,NA,S,S,NA,NA,NA,S,NA,NA,NA,NA,S,R
1773.20977,ERR3256156,S,NA,NA,S,NA,NA,NA,NA,S,NA,S,S,NA,NA,NA,S,NA,NA,NA,NA,S,S
1773.21009,ERR3256187,S,NA,NA,S,NA,NA,NA,NA,S,NA,S,S,NA,NA,NA,S,NA,NA,NA,NA,S,R
1773.31224,ERS1987217,S,NA,NA,S,NA,NA,NA,NA,S,NA,S,S,NA,NA,NA,S,NA,NA,NA,NA,R,R
1773.31284,ERS1987289,S,NA,NA,S,NA,NA,NA,NA,S,NA,S,S,NA,NA,NA,S,NA,NA,NA,NA,S,R
1773.3129,ERS1987292,S,NA,NA,S,NA,NA,NA,NA,S,NA,S,S,NA,NA,NA,S,NA,NA,NA,NA,S,R
1773.3134,ERS1987348,S,NA,NA,S,NA,NA,NA,NA,S,NA,S,S,NA,NA,NA,S,NA,NA,NA,NA,R,R
1773.32067,ERS3371851,S,NA,NA,S,NA,NA,NA,NA,S,NA,S,S,NA,NA,NA,S,NA,NA,NA,NA,S,R
1773.32307,ERS5281205,R,NA,NA,R,NA,NA,NA,NA,R,NA,R,R,NA,NA,NA,R,NA,NA,NA,NA,R,R
1773.32464,ERS5281463,S,NA,NA,S,NA,NA,NA,NA,R,NA,R,S,NA,NA,NA,S,NA,NA,NA,NA,R,R
1773.32498,ERS5281521,S,NA,NA,S,NA,NA,NA,NA,R,NA,R,S,NA,NA,NA,S,NA,NA,NA,NA,R,R
1773.325,ERS5281517,S,NA,NA,S,NA,NA,NA,NA,R,NA,R,S,NA,NA,NA,R,NA,NA,NA,NA,R,R
1773.32687,ERS5281743,S,NA,NA,S,NA,NA,NA,NA,S,NA,R,S,NA,NA,NA,S,NA,NA,NA,NA,R,R
1773.33164,ERS5282379,S,NA,NA,S,NA,NA,NA,NA,R,NA,R,S,NA,NA,NA,S,NA,NA,NA,NA,R,R
1773.33211,ERS5282440,S,NA,NA,S,NA,NA,NA,NA,S,NA,S,S,NA,NA,NA,S,NA,NA,NA,NA,R,R
1773.33743,ERS5298071,S,NA,NA,S,NA,NA,NA,NA,S,NA,S,S,NA,NA,NA,S,NA,NA,NA,NA,S,R
1773.33757,ERS5298088,S,NA,NA,S,NA,NA,NA,NA,S,NA,S,S,NA,NA,NA,S,NA,NA,NA,NA,S,R
1773.33763,ERS5298093,S,NA,NA,S,NA,NA,NA,NA,S,NA,R,S,NA,NA,NA,S,NA,NA,NA,NA,S,R
1773.33792,ERS5298121,S,NA,NA,S,NA,NA,NA,NA,S,NA,S,S,NA,NA,NA,S,NA,NA,NA,NA,S,R
1773.33827,ERS5298159,S,NA,NA,S,NA,NA,NA,NA,S,NA,S,S,NA,NA,NA,S,NA,NA,NA,NA,S,R
1773.33891,ERS5298231,S,NA,NA,S,NA,NA,NA,NA,S,NA,R,S,NA,NA,NA,S,NA,NA,NA,NA,R,R
1773.33902,ERS5298238,S,NA,NA,S,NA,NA,NA,NA,S,NA,R,S,NA,NA,NA,S,NA,NA,NA,NA,R,R
1773.33932,ERS5298269,S,NA,NA,S,NA,NA,NA,NA,S,NA,S,S,NA,NA,NA,S,NA,NA,NA,NA,S,R
1773.33975,ERS5298317,S,NA,NA,S,NA,NA,NA,NA,S,NA,R,S,NA,NA,NA,S,NA,NA,NA,NA,S,R
1773.33979,ERS5298329,S,NA,NA,S,NA,NA,NA,NA,S,NA,S,S,NA,NA,NA,S,NA,NA,NA,NA,R,R
1773.34235,ERS5298762,S,NA,NA,S,NA,NA,NA,NA,S,NA,S,S,NA,NA,NA,S,NA,NA,NA,NA,S,R
1773.34246,ERS5298784,S,NA,NA,S,NA,NA,NA,NA,S,NA,S,S,NA,NA,NA,S,NA,NA,NA,NA,R,S
1773.3439,ERS5300626,S,NA,NA,S,NA,NA,NA,NA,S,NA,S,S,NA,NA,NA,S,NA,NA,NA,NA,S,R
1773.34425,ERS5300679,S,NA,NA,S,NA,NA,NA,NA,S,NA,R,S,NA,NA,NA,S,NA,NA,NA,NA,R,R
1773.34494,ERS5300758,S,NA,NA,S,NA,NA,NA,NA,S,NA,S,S,NA,NA,NA,S,NA,NA,NA,NA,S,R
1773.34548,ERS5300822,S,NA,NA,S,NA,NA,NA,NA,S,NA,S,S,NA,NA,NA,S,NA,NA,NA,NA,S,R
1773.34627,ERS5301012,S,NA,NA,S,NA,NA,NA,NA,R,NA,R,S,NA,NA,NA,S,NA,NA,NA,NA,R,R
1773.34637,ERS5301022,S,NA,NA,S,NA,NA,NA,NA,S,NA,R,S,NA,NA,NA,S,NA,NA,NA,NA,R,R
1773.34694,ERS5301202,S,NA,NA,S,NA,NA,NA,NA,R,NA,R,S,NA,NA,NA,S,NA,NA,NA,NA,R,R
1773.34705,ERS5301227,S,NA,NA,S,NA,NA,NA,NA,S,NA,S,S,NA,NA,NA,S,NA,NA,NA,NA,R,R
1773.34797,ERS5301853,S,NA,NA,R,NA,NA,NA,NA,S,NA,S,S,NA,NA,NA,S,NA,NA,NA,NA,S,R
1773.34995,ERS5302129,S,NA,NA,S,NA,NA,NA,NA,S,NA,S,S,NA,NA,NA,S,NA,NA,NA,NA,R,R
1773.35035,ERS5302195,S,NA,NA,S,NA,NA,NA,NA,S,NA,S,S,NA,NA,NA,S,NA,NA,NA,NA,S,R
1773.35134,ERS5302321,S,NA,NA,S,NA,NA,NA,NA,S,NA,S,S,NA,NA,NA,S,NA,NA,NA,NA,R,R
1773.35281,ERS5302502,S,NA,NA,S,NA,NA,NA,NA,S,NA,S,S,NA,NA,NA,S,NA,NA,NA,NA,S,R
1773.35627,ERS5302925,S,NA,NA,S,NA,NA,NA,NA,S,NA,S,S,NA,NA,NA,S,NA,NA,NA,NA,S,R
1773.35851,ERS5303268,S,NA,NA,S,NA,NA,NA,NA,R,NA,R,S,NA,NA,NA,S,NA,NA,NA,NA,R,R
1773.35929,ERS5303417,S,NA,NA,S,NA,NA,NA,NA,S,NA,S,S,NA,NA,NA,S,NA,NA,NA,NA,S,R
1773.36028,ERS5303549,S,NA,NA,S,NA,NA,NA,NA,S,NA,R,S,NA,NA,NA,S,NA,NA,NA,NA,R,R
1773.36063,ERS5303584,S,NA,NA,R,NA,NA,NA,NA,S,NA,S,S,NA,NA,NA,S,NA,NA,NA,NA,S,R
1773.36179,ERS5303939,S,NA,NA,S,NA,NA,NA,NA,S,NA,R,S,NA,NA,NA,S,NA,NA,NA,NA,S,R
1773.3658,ERS5312490,S,NA,NA,S,NA,NA,NA,NA,S,NA,S,S,NA,NA,NA,S,NA,NA,NA,NA,S,R
1773.36633,ERS5312541,S,NA,NA,S,NA,NA,NA,NA,S,NA,S,S,NA,NA,NA,S,NA,NA,NA,NA,S,R
1773.36694,ERS5312606,S,NA,NA,S,NA,NA,NA,NA,S,NA,S,S,NA,NA,NA,S,NA,NA,NA,NA,S,S
1773.36707,ERS5312620,R,NA,NA,R,NA,NA,NA,NA,R,NA,R,R,NA,NA,NA,S,NA,NA,NA,NA,R,R
1773.36712,ERS5312626,S,NA,NA,S,NA,NA,NA,NA,S,NA,R,S,NA,NA,NA,S,NA,NA,NA,NA,S,R
1773.36776,ERS5312701,S,NA,NA,S,NA,NA,NA,NA,S,NA,S,S,NA,NA,NA,S,NA,NA,NA,NA,S,R
1773.36906,ERS5317612,S,NA,NA,S,NA,NA,NA,NA,S,NA,S,S,NA,NA,NA,S,NA,NA,NA,NA,S,S
1773.37835,ERS5319466,S,NA,NA,S,NA,NA,NA,NA,S,NA,R,S,NA,NA,NA,S,NA,NA,NA,NA,S,R
1773.38437,ERS5320250,S,NA,NA,S,NA,NA,NA,NA,S,NA,S,S,NA,NA,NA,S,NA,NA,NA,NA,S,R
1773.38461,ERS5320273,S,NA,NA,S,NA,NA,NA,NA,S,NA,S,S,NA,NA,NA,S,NA,NA,NA,NA,S,R
1773.38546,ERS5320371,S,NA,NA,S,NA,NA,NA,NA,S,NA,S,S,NA,NA,NA,S,NA,NA,NA,NA,R,R
1773.38594,ERS5320414,S,NA,NA,S,NA,NA,NA,NA,S,NA,S,S,NA,NA,NA,S,NA,NA,NA,NA,S,R
1773.38716,ERS5320624,S,NA,NA,S,NA,NA,NA,NA,S,NA,R,S,NA,NA,NA,S,NA,NA,NA,NA,R,R
1773.38735,ERS5320646,S,NA,NA,S,NA,NA,NA,NA,R,NA,R,S,NA,NA,NA,S,NA,NA,NA,NA,S,R
1773.39158,ERS6402905,S,NA,NA,S,NA,NA,NA,NA,S,NA,S,S,NA,NA,NA,S,NA,NA,NA,NA,S,R
1773.39191,ERS6402944,S,NA,NA,S,NA,NA,NA,NA,S,NA,S,S,NA,NA,NA,S,NA,NA,NA,NA,S,R
1773.39212,ERS6402915,S,NA,NA,S,NA,NA,NA,NA,S,NA,S,S,NA,NA,NA,S,NA,NA,NA,NA,S,R
1773.39233,ERS6402993,S,NA,NA,S,NA,NA,NA,NA,S,NA,R,S,NA,NA,NA,S,NA,NA,NA,NA,R,R
1773.3931,ERS6403079,S,NA,NA,S,NA,NA,NA,NA,S,NA,S,S,NA,NA,NA,S,NA,NA,NA,NA,R,R
1773.39379,ERS6403155,S,NA,NA,S,NA,NA,NA,NA,S,NA,S,S,NA,NA,NA,S,NA,NA,NA,NA,S,R
1773.39818,ERS6403669,S,NA,NA,S,NA,NA,NA,NA,S,NA,S,S,NA,NA,NA,S,NA,NA,NA,NA,S,R
1773.3995,ERS6421493,S,NA,NA,S,NA,NA,NA,NA,S,NA,S,S,NA,NA,NA,S,NA,NA,NA,NA,S,R
1773.39972,ERS6421519,S,NA,NA,S,NA,NA,NA,NA,S,NA,S,S,NA,NA,NA,S,NA,NA,NA,NA,S,R
1773.40023,ERS6421571,S,NA,NA,S,NA,NA,NA,NA,S,NA,S,S,NA,NA,NA,S,NA,NA,NA,NA,S,R
1773.40255,ERS6421821,S,NA,NA,S,NA,NA,NA,NA,S,NA,S,S,NA,NA,NA,S,NA,NA,NA,NA,S,R
1773.40301,ERS6421914,S,NA,NA,S,NA,NA,NA,NA,R,NA,R,S,NA,NA,NA,S,NA,NA,NA,NA,R,R
1773.40453,ERS6422146,S,NA,NA,S,NA,NA,NA,NA,S,NA,S,S,NA,NA,NA,S,NA,NA,NA,NA,S,R
1773.40609,ERR4050139,S,NA,NA,S,NA,NA,NA,NA,S,NA,S,S,NA,NA,NA,S,NA,NA,NA,NA,S,S
1773.42135,ERS5282837,S,NA,S,S,NA,S,NA,S,R,R,R,S,R,S,R,S,S,NA,NA,R,R,R
1773.42185,ERS5282890,R,NA,S,R,NA,S,NA,S,S,S,R,S,R,S,S,S,S,NA,NA,R,R,R
1773.4222,ERS5282928,S,NA,S,S,NA,S,NA,S,S,R,R,S,R,S,S,S,S,NA,NA,S,R,R
1773.42637,ERR6929531,S,NA,NA,S,NA,NA,NA,NA,S,NA,S,S,NA,NA,NA,S,NA,NA,NA,NA,R,S
1773.42695,ERR7361962,R,NA,NA,R,NA,NA,NA,NA,R,NA,R,R,NA,NA,NA,R,NA,NA,NA,NA,S,S
1773.42773,ERR7362047,S,NA,NA,S,NA,NA,NA,NA,S,NA,R,S,NA,NA,NA,S,NA,NA,NA,NA,S,R
1773.43004,ERS5301280,S,NA,NA,S,NA,NA,NA,NA,S,NA,S,S,NA,NA,NA,S,NA,NA,NA,NA,R,R
1773.43015,ERS5301300,S,NA,NA,S,NA,NA,NA,NA,S,NA,S,S,NA,NA,NA,S,NA,NA,NA,NA,S,R
1773.43111,ERS5301840,S,NA,NA,S,NA,NA,NA,NA,S,NA,S,S,NA,NA,NA,S,NA,NA,NA,NA,S,R
1773.43114,ERS5301844,S,NA,NA,S,NA,NA,NA,NA,S,NA,S,S,NA,NA,NA,S,NA,NA,NA,NA,R,R
1773.43155,ERS5302134,S,NA,NA,S,NA,NA,NA,NA,S,NA,S,S,NA,NA,NA,S,NA,NA,NA,NA,S,R
1773.43198,ERS5302082,S,NA,NA,S,NA,NA,NA,NA,S,NA,S,S,NA,NA,NA,S,NA,NA,NA,NA,S,R
1773.43343,ERS5319442,S,NA,NA,R,NA,NA,NA,NA,S,NA,S,S,NA,NA,NA,S,NA,NA,NA,NA,S,R
1773.43404,ERS5317380,S,NA,NA,S,NA,NA,NA,NA,S,NA,S,S,NA,NA,NA,S,NA,NA,NA,NA,R,R
1773.43599,ERS5317538,S,NA,NA,S,NA,NA,NA,NA,S,NA,R,S,NA,NA,NA,S,NA,NA,NA,NA,R,R
1773.18224,ERR1873462,R,NA,NA,R,NA,NA,S,NA,R,S,R,R,NA,NA,S,S,S,NA,R,NA,R,R
1773.18298,ERR1035268,S,NA,NA,S,NA,NA,NA,NA,S,NA,R,S,NA,NA,NA,S,NA,NA,NA,NA,R,R
1773.18482,ERR1034832,S,NA,NA,S,NA,NA,NA,NA,R,S,R,S,NA,NA,NA,S,NA,NA,R,NA,R,R
1773.18514,ERR1034863,S,NA,NA,S,NA,NA,S,NA,S,S,R,S,NA,NA,NA,S,S,NA,NA,NA,R,R
1773.18573,ERR1036280,S,NA,NA,S,NA,NA,S,NA,S,R,R,S,NA,NA,NA,S,S,NA,S,NA,R,R
1773.18624,ERR1034748,S,NA,NA,S,S,NA,NA,NA,S,NA,R,S,NA,NA,NA,S,NA,NA,R,NA,S,R
1773.18964,ERR161106,S,NA,NA,S,NA,NA,NA,NA,S,NA,S,S,NA,NA,NA,S,NA,NA,NA,NA,S,S
1773.19833,ERR182055,S,NA,NA,S,NA,NA,NA,NA,S,NA,S,S,NA,NA,NA,S,NA,NA,NA,NA,S,R
1773.19841,ERR182052,S,NA,NA,S,NA,NA,NA,NA,S,NA,S,S,NA,NA,NA,S,NA,NA,NA,NA,S,R
1773.20027,ERR212122,S,NA,NA,S,NA,NA,NA,NA,S,NA,S,S,NA,NA,NA,S,NA,NA,S,NA,S,S
1773.20603,ERR1035112,S,NA,NA,S,NA,NA,NA,NA,S,NA,S,S,NA,NA,NA,S,NA,NA,NA,NA,S,R
1773.31269,ERS1987270,S,NA,NA,S,NA,NA,NA,NA,S,NA,S,S,NA,NA,NA,S,NA,NA,NA,NA,S,R
1773.3135,ERS1987357,S,NA,NA,S,NA,NA,NA,NA,S,NA,S,S,NA,NA,NA,S,NA,NA,NA,NA,S,R
1773.31366,ERS1987379,S,NA,NA,S,NA,NA,NA,NA,S,NA,S,S,NA,NA,NA,S,NA,NA,NA,NA,R,R
1773.32422,ERS5281383,S,NA,NA,S,NA,NA,NA,NA,S,NA,R,S,NA,NA,NA,R,NA,NA,NA,NA,R,R
1773.32576,ERS5281602,S,NA,NA,S,NA,NA,NA,NA,S,NA,S,S,NA,NA,NA,S,NA,NA,NA,NA,S,S
1773.33112,ERS5282318,S,NA,NA,S,NA,NA,NA,NA,R,NA,R,S,NA,NA,NA,R,NA,NA,NA,NA,R,R
1773.34151,ERS5298657,S,NA,NA,S,NA,NA,NA,NA,S,NA,S,S,NA,NA,NA,S,NA,NA,NA,NA,S,R
1773.38384,ERS5320182,S,NA,NA,S,NA,NA,NA,NA,S,NA,S,S,NA,NA,NA,S,NA,NA,NA,NA,S,R
1773.38535,ERS5320362,S,NA,NA,S,NA,NA,NA,NA,S,NA,S,S,NA,NA,NA,S,NA,NA,NA,NA,S,R
1773.3899,ERS6402705,S,NA,NA,S,NA,NA,NA,NA,S,NA,R,S,NA,NA,NA,R,NA,NA,NA,NA,R,S
1773.39182,ERS6402934,S,NA,NA,S,NA,NA,NA,NA,S,NA,S,S,NA,NA,NA,S,NA,NA,NA,NA,R,R
1773.39685,ERS6403508,S,NA,NA,S,NA,NA,NA,NA,S,NA,S,S,NA,NA,NA,S,NA,NA,NA,NA,R,R
1773.40056,ERS6421606,S,NA,NA,S,NA,NA,NA,NA,S,NA,S,S,NA,NA,NA,S,NA,NA,NA,NA,R,R
1773.40802,ERS5281361,S,NA,S,S,NA,S,NA,S,R,R,R,S,R,S,R,R,S,NA,NA,R,R,R
1773.40837,ERS5281390,S,NA,S,S,NA,S,NA,S,S,S,S,S,R,S,S,S,S,NA,NA,S,S,R
1773.43467,ERS5317421,S,NA,NA,S,NA,NA,NA,NA,S,NA,S,S,NA,NA,NA,S,NA,NA,NA,NA,S,S
1773.43563,ERS5317547,S,NA,NA,S,NA,NA,NA,NA,S,NA,S,S,NA,NA,NA,S,NA,NA,NA,NA,S,S
1773.18981,ERR161114,S,NA,NA,S,NA,NA,NA,NA,S,NA,S,S,NA,NA,NA,S,NA,NA,NA,NA,S,R
1773.19078,ERR163960,S,NA,NA,S,NA,NA,NA,NA,S,NA,S,S,NA,NA,NA,S,NA,NA,NA,NA,S,S
1773.20164,ERR221601,S,NA,NA,S,NA,NA,NA,NA,S,NA,S,S,NA,NA,NA,S,NA,NA,NA,NA,S,R
1773.32893,ERS5282039,S,NA,NA,S,NA,NA,NA,NA,S,NA,S,S,NA,NA,NA,S,NA,NA,NA,NA,R,R
1773.33234,ERS5282472,S,NA,NA,S,NA,NA,NA,NA,S,NA,S,S,NA,NA,NA,S,NA,NA,NA,NA,R,R
1773.35413,ERS5302654,S,NA,NA,S,NA,NA,NA,NA,S,NA,S,S,NA,NA,NA,S,NA,NA,NA,NA,R,R
1773.3615,ERS5303901,S,NA,NA,S,NA,NA,NA,NA,S,NA,S,S,NA,NA,NA,S,NA,NA,NA,NA,R,R
1773.36586,ERS5312494,S,NA,NA,S,NA,NA,NA,NA,S,NA,S,S,NA,NA,NA,S,NA,NA,NA,NA,S,S
1773.36919,ERS5317630,S,NA,NA,S,NA,NA,NA,NA,S,NA,S,S,NA,NA,NA,S,NA,NA,NA,NA,R,R
1773.37988,ERS5319729,S,NA,NA,S,NA,NA,NA,NA,S,NA,S,S,NA,NA,NA,S,NA,NA,NA,NA,S,R
1773.38383,ERS5320183,S,NA,NA,S,NA,NA,NA,NA,S,NA,S,S,NA,NA,NA,S,NA,NA,NA,NA,S,S
1773.39406,ERS6403189,S,NA,NA,S,NA,NA,NA,NA,S,NA,R,S,NA,NA,NA,S,NA,NA,NA,NA,R,R
1773.40258,ERS6421825,S,NA,NA,S,NA,NA,NA,NA,S,NA,S,S,NA,NA,NA,S,NA,NA,NA,NA,S,R
1773.43256,ERS3371664,R,NA,NA,R,NA,NA,NA,NA,S,NA,R,R,NA,NA,NA,R,NA,NA,NA,NA,R,S
1773.33198,ERS5282430,S,NA,NA,R,NA,NA,NA,NA,R,NA,R,S,NA,NA,NA,S,NA,NA,NA,NA,R,R
1773.36855,ERS5317504,S,NA,NA,S,NA,NA,NA,NA,S,NA,S,S,NA,NA,NA,S,NA,NA,NA,NA,S,S
1773.39194,ERS6402947,S,NA,NA,S,NA,NA,NA,NA,S,NA,S,S,NA,NA,NA,S,NA,NA,NA,NA,S,R
1773.43347,ERS5319536,S,NA,NA,S,NA,NA,NA,NA,S,NA,S,S,NA,NA,NA,S,NA,NA,NA,NA,S,S
1773.36908,ERS5317620,S,NA,NA,S,NA,NA,NA,NA,S,NA,S,S,NA,NA,NA,S,NA,NA,NA,NA,S,R
1773.1908,ERR163961,S,NA,NA,S,NA,NA,NA,NA,S,NA,S,S,NA,NA,NA,S,NA,NA,NA,NA,S,S
1773.3703,ERS5317758,S,NA,NA,S,NA,NA,NA,NA,S,NA,S,S,NA,NA,NA,S,NA,NA,NA,NA,S,S
1773.33467,ERS5282770,S,NA,NA,S,NA,NA,NA,NA,S,NA,S,S,NA,NA,NA,S,NA,NA,NA,NA,S,S
1773.1211,ERS053621,S,NA,NA,S,NA,NA,NA,NA,R,NA,R,NA,NA,NA,R,R,NA,S,R,NA,R,R
1773.20962,ERR3256139,S,NA,NA,S,NA,NA,NA,NA,S,NA,S,S,NA,NA,NA,S,NA,NA,NA,NA,S,S
1773.20965,ERR3256143,S,NA,NA,S,NA,NA,NA,NA,S,NA,R,S,NA,NA,NA,S,NA,NA,NA,NA,R,S
1773.20989,ERR3256166,S,NA,NA,S,NA,NA,NA,NA,S,NA,S,S,NA,NA,NA,S,NA,NA,NA,NA,S,S
1773.21012,ERR3256192,S,NA,NA,S,NA,NA,NA,NA,S,NA,R,S,NA,NA,NA,S,NA,NA,NA,NA,R,S
1773.2105,ERR3256230,S,NA,NA,S,NA,NA,NA,NA,S,NA,S,S,NA,NA,NA,S,NA,NA,NA,NA,S,S
1773.21712,ERR3256258,S,NA,NA,S,NA,NA,NA,NA,S,NA,R,S,NA,NA,NA,S,NA,NA,NA,NA,R,S
1773.21714,ERR3256266,S,NA,NA,S,NA,NA,NA,NA,S,NA,S,S,NA,NA,NA,S,NA,NA,NA,NA,S,S
1773.21719,ERR3256270,S,NA,NA,S,NA,NA,NA,NA,R,NA,R,S,NA,NA,NA,S,NA,NA,NA,NA,S,S
1773.2173,ERR3256279,S,NA,NA,S,NA,NA,NA,NA,S,NA,R,S,NA,NA,NA,S,NA,NA,NA,NA,S,S
1773.2443,ERR552942,NA,NA,NA,NA,NA,NA,NA,NA,S,NA,S,NA,NA,NA,NA,NA,NA,NA,S,NA,S,S
1773.248,ERR553076,NA,NA,NA,NA,NA,NA,NA,NA,S,NA,S,NA,NA,NA,NA,NA,NA,NA,S,NA,S,S
1773.2533,ERR553245,NA,NA,NA,NA,NA,NA,NA,NA,S,NA,S,NA,NA,NA,NA,NA,NA,NA,S,NA,S,S
1773.2553,ERR553240,NA,NA,NA,NA,NA,NA,NA,NA,S,NA,S,NA,NA,NA,NA,NA,NA,NA,S,NA,S,S
1773.2586,ERR552114,NA,NA,NA,NA,NA,NA,NA,NA,S,NA,S,NA,NA,NA,NA,NA,NA,NA,S,NA,S,S
1773.2612,ERR552062,NA,NA,NA,NA,NA,NA,NA,NA,S,NA,S,NA,NA,NA,NA,NA,NA,NA,S,NA,S,S
1773.2689,ERR551741,NA,NA,NA,NA,NA,NA,NA,NA,S,NA,S,NA,NA,NA,NA,NA,NA,NA,S,NA,S,S
1773.2764,ERR553359,NA,NA,NA,NA,NA,NA,NA,NA,S,NA,S,NA,NA,NA,NA,NA,NA,NA,S,NA,S,S
1773.2818,ERR551282,NA,NA,NA,NA,NA,NA,NA,NA,S,NA,S,NA,NA,NA,NA,NA,NA,NA,S,NA,S,S
1773.2823,ERR552871,NA,NA,NA,NA,NA,NA,NA,NA,S,NA,S,NA,NA,NA,NA,NA,NA,NA,S,NA,S,S
1773.2828,ERR551893,NA,NA,NA,NA,NA,NA,NA,NA,S,NA,S,NA,NA,NA,NA,NA,NA,NA,S,NA,S,S
1773.2875,ERR551413,NA,NA,NA,NA,NA,NA,NA,NA,S,NA,S,NA,NA,NA,NA,NA,NA,NA,S,NA,S,S
1773.2878,ERR552820,NA,NA,NA,NA,NA,NA,NA,NA,S,NA,S,NA,NA,NA,NA,NA,NA,NA,S,NA,S,S
1773.288,ERR551840,NA,NA,NA,NA,NA,NA,NA,NA,S,NA,S,NA,NA,NA,NA,NA,NA,NA,S,NA,S,S
1773.2927,ERR551025,NA,NA,NA,NA,NA,NA,NA,NA,S,NA,S,NA,NA,NA,NA,NA,NA,NA,S,NA,S,S
1773.294,ERR552706,NA,NA,NA,NA,NA,NA,NA,NA,S,NA,S,NA,NA,NA,NA,NA,NA,NA,S,NA,S,S
1773.2962,ERR552137,NA,NA,NA,NA,NA,NA,NA,NA,S,NA,S,NA,NA,NA,NA,NA,NA,NA,S,NA,S,S
1773.3042,ERR551026,NA,NA,NA,NA,NA,NA,NA,NA,S,NA,S,NA,NA,NA,NA,NA,NA,NA,S,NA,S,S
1773.3128,ERR551541,NA,NA,NA,NA,NA,NA,NA,NA,S,NA,S,NA,NA,NA,NA,NA,NA,NA,S,NA,S,S
1773.31368,ERS1987375,S,NA,NA,S,NA,NA,NA,NA,S,NA,S,S,NA,NA,NA,S,NA,NA,NA,NA,S,R
1773.3177,ERR551064,NA,NA,NA,NA,NA,NA,NA,NA,S,NA,S,NA,NA,NA,NA,NA,NA,NA,S,NA,S,S
1773.31892,ERS3371656,S,NA,NA,S,NA,NA,NA,NA,S,NA,R,S,NA,NA,NA,S,NA,NA,NA,NA,R,R
1773.32062,ERS3371839,S,NA,NA,S,NA,NA,NA,NA,S,NA,R,S,NA,NA,NA,S,NA,NA,NA,NA,R,R
1773.3207,ERS3371848,S,NA,NA,S,NA,NA,NA,NA,S,NA,S,S,NA,NA,NA,S,NA,NA,NA,NA,S,R
1773.32103,ERS3371887,S,NA,NA,S,NA,NA,NA,NA,S,NA,S,S,NA,NA,NA,S,NA,NA,NA,NA,R,R
1773.3288,ERR551260,NA,NA,NA,NA,NA,NA,NA,NA,S,NA,S,NA,NA,NA,NA,NA,NA,NA,S,NA,S,R
1773.3308,ERR552291,NA,NA,NA,NA,NA,NA,NA,NA,S,NA,S,NA,NA,NA,NA,NA,NA,NA,S,NA,S,S
1773.3332,ERR550656,NA,NA,NA,NA,NA,NA,NA,NA,S,NA,S,NA,NA,NA,NA,NA,NA,NA,S,NA,S,S
1773.33632,ERS5297938,S,NA,NA,S,NA,NA,NA,NA,S,NA,S,S,NA,NA,NA,S,NA,NA,NA,NA,R,R
1773.33682,ERS5298006,S,NA,NA,S,NA,NA,NA,NA,S,NA,S,S,NA,NA,NA,S,NA,NA,NA,NA,R,S
1773.33718,ERS5298041,S,NA,NA,S,NA,NA,NA,NA,S,NA,S,S,NA,NA,NA,S,NA,NA,NA,NA,R,R
1773.33796,ERS5298127,S,NA,NA,S,NA,NA,NA,NA,S,NA,S,S,NA,NA,NA,S,NA,NA,NA,NA,S,R
1773.33866,ERS5298201,S,NA,NA,S,NA,NA,NA,NA,S,NA,S,S,NA,NA,NA,S,NA,NA,NA,NA,S,R
1773.33879,ERS5298212,S,NA,NA,S,NA,NA,NA,NA,S,NA,S,S,NA,NA,NA,S,NA,NA,NA,NA,R,R
1773.33906,ERS5298244,S,NA,NA,S,NA,NA,NA,NA,S,NA,S,S,NA,NA,NA,S,NA,NA,NA,NA,R,R
1773.34138,ERS5298649,S,NA,NA,S,NA,NA,NA,NA,R,NA,R,S,NA,NA,NA,S,NA,NA,NA,NA,S,S
1773.3415,ERR552674,NA,NA,NA,NA,NA,NA,NA,NA,S,NA,S,NA,NA,NA,NA,NA,NA,NA,S,NA,S,S
1773.34259,ERS5298797,S,NA,NA,S,NA,NA,NA,NA,S,NA,S,S,NA,NA,NA,S,NA,NA,NA,NA,S,R
1773.345,ERR551864,NA,NA,NA,NA,NA,NA,NA,NA,S,NA,S,NA,NA,NA,NA,NA,NA,NA,S,NA,S,S
1773.34696,ERS5301205,S,NA,NA,S,NA,NA,NA,NA,S,NA,S,S,NA,NA,NA,S,NA,NA,NA,NA,S,R
1773.35002,ERS5302154,S,NA,NA,S,NA,NA,NA,NA,S,NA,S,S,NA,NA,NA,S,NA,NA,NA,NA,R,R
1773.351,ERR553339,NA,NA,NA,NA,NA,NA,NA,NA,S,NA,S,NA,NA,NA,NA,NA,NA,NA,S,NA,S,S
1773.35318,ERS5302548,S,NA,NA,S,NA,NA,NA,NA,S,NA,R,S,NA,NA,NA,S,NA,NA,NA,NA,R,R
1773.35353,ERS5302586,S,NA,NA,S,NA,NA,NA,NA,S,NA,S,S,NA,NA,NA,S,NA,NA,NA,NA,S,R
1773.35702,ERS5303055,S,NA,NA,S,NA,NA,NA,NA,S,NA,R,S,NA,NA,NA,S,NA,NA,NA,NA,R,R
1773.35708,ERS5303062,S,NA,NA,S,NA,NA,NA,NA,S,NA,R,S,NA,NA,NA,S,NA,NA,NA,NA,R,R
1773.35711,ERS5303071,S,NA,NA,S,NA,NA,NA,NA,S,NA,S,S,NA,NA,NA,S,NA,NA,NA,NA,R,R
1773.35939,ERS5303431,S,NA,NA,S,NA,NA,NA,NA,S,NA,S,S,NA,NA,NA,S,NA,NA,NA,NA,S,R
1773.36107,ERS5303634,S,NA,NA,S,NA,NA,NA,NA,S,NA,R,S,NA,NA,NA,S,NA,NA,NA,NA,S,R
1773.36373,ERS5304192,S,NA,NA,S,NA,NA,NA,NA,S,NA,S,S,NA,NA,NA,S,NA,NA,NA,NA,S,R
1773.36475,ERS5312370,S,NA,NA,S,NA,NA,NA,NA,S,NA,R,S,NA,NA,NA,S,NA,NA,NA,NA,R,R
1773.36661,ERS5312576,S,NA,NA,S,NA,NA,NA,NA,S,NA,S,S,NA,NA,NA,S,NA,NA,NA,NA,S,R
1773.36716,ERS5312632,S,NA,NA,S,NA,NA,NA,NA,S,NA,S,S,NA,NA,NA,S,NA,NA,NA,NA,S,R
1773.36743,ERS5312657,S,NA,NA,S,NA,NA,NA,NA,S,NA,R,S,NA,NA,NA,S,NA,NA,NA,NA,R,R
1773.37845,ERS5319474,S,NA,NA,S,NA,NA,NA,NA,R,NA,R,S,NA,NA,NA,S,NA,NA,NA,NA,R,R
1773.3842,SRR2100101,NA,NA,NA,NA,S,NA,NA,NA,S,NA,R,NA,NA,NA,NA,NA,NA,NA,S,NA,R,S
1773.39056,ERS6402782,S,NA,NA,S,NA,NA,NA,NA,S,NA,S,S,NA,NA,NA,S,NA,NA,NA,NA,S,R
1773.39243,ERS6403006,S,NA,NA,S,NA,NA,NA,NA,S,NA,S,S,NA,NA,NA,S,NA,NA,NA,NA,R,R
1773.39274,ERS6403043,S,NA,NA,S,NA,NA,NA,NA,S,NA,S,S,NA,NA,NA,S,NA,NA,NA,NA,R,R
1773.39282,ERS6403050,S,NA,NA,S,NA,NA,NA,NA,S,NA,S,S,NA,NA,NA,S,NA,NA,NA,NA,S,R
1773.39291,ERS6403062,S,NA,NA,S,NA,NA,NA,NA,S,NA,S,S,NA,NA,NA,S,NA,NA,NA,NA,R,R
1773.39782,ERS6403622,S,NA,NA,S,NA,NA,NA,NA,S,NA,S,S,NA,NA,NA,S,NA,NA,NA,NA,S,S
1773.40006,ERS6421551,S,NA,NA,S,NA,NA,NA,NA,S,NA,S,S,NA,NA,NA,S,NA,NA,NA,NA,S,R
1773.404,ERS6422042,S,NA,NA,S,NA,NA,NA,NA,S,NA,S,S,NA,NA,NA,S,NA,NA,NA,NA,S,R
1773.42026,ERS5282725,S,NA,S,S,NA,S,NA,S,R,R,R,S,R,S,R,S,S,NA,NA,R,R,R
1773.43344,ERS5319439,S,NA,NA,R,NA,NA,NA,NA,S,NA,S,S,NA,NA,NA,S,NA,NA,NA,NA,S,R
1773.4538,SRR2100744,NA,NA,NA,NA,NA,NA,NA,NA,S,NA,S,NA,NA,NA,NA,NA,NA,NA,S,NA,S,NA
1773.456,SRR2100769,NA,NA,NA,NA,NA,NA,NA,NA,S,NA,S,NA,NA,NA,NA,NA,NA,NA,S,NA,S,NA
1773.4649,SRR2100860,NA,NA,NA,NA,NA,NA,NA,NA,S,NA,S,NA,NA,NA,NA,NA,NA,NA,S,NA,S,NA
1773.4661,SRR2100872,NA,NA,NA,NA,S,NA,NA,NA,S,NA,R,NA,NA,NA,NA,NA,NA,NA,S,NA,S,NA
1773.4662,SRR2100873,NA,NA,NA,NA,NA,NA,NA,NA,R,NA,R,NA,NA,NA,NA,NA,NA,NA,S,NA,R,NA
1773.5223,SRR2101558,S,S,NA,S,NA,NA,NA,NA,S,NA,S,S,NA,NA,S,NA,NA,NA,NA,NA,NA,S
1773.5229,SRR2101564,NA,NA,NA,NA,NA,NA,NA,NA,NA,NA,S,NA,NA,NA,NA,NA,NA,NA,NA,NA,NA,NA
1773.5527,ERR551915,NA,NA,NA,NA,NA,NA,NA,NA,S,NA,S,NA,NA,NA,NA,NA,NA,NA,S,NA,S,S
1773.584,SRR2100033,NA,NA,NA,NA,NA,NA,NA,NA,S,NA,S,NA,NA,NA,NA,NA,NA,NA,S,NA,S,NA
1773.5868,SRR2100061,NA,NA,NA,NA,NA,NA,NA,NA,S,NA,S,NA,NA,NA,NA,NA,NA,NA,S,NA,S,NA
1773.18566,ERR1036284,R,NA,NA,R,NA,NA,S,NA,R,R,R,R,NA,NA,NA,S,S,NA,R,NA,R,R
1773.18641,ERR1034764,S,NA,NA,S,S,NA,NA,NA,S,NA,R,S,NA,NA,NA,S,NA,NA,R,NA,R,R
1773.18657,ERR1034789,R,NA,NA,R,R,NA,S,NA,S,R,R,R,NA,NA,NA,R,S,NA,R,NA,S,R
1773.19851,ERR190342,S,NA,NA,S,NA,NA,NA,NA,S,NA,S,S,NA,NA,NA,S,NA,NA,NA,NA,S,R
1773.20943,ERR3256120,S,NA,NA,S,NA,NA,NA,NA,S,NA,S,S,NA,NA,NA,S,NA,NA,NA,NA,S,S
1773.21041,ERR3256219,S,NA,NA,S,NA,NA,NA,NA,S,NA,R,S,NA,NA,NA,S,NA,NA,NA,NA,R,S
1773.21715,ERR3256265,S,NA,NA,S,NA,NA,NA,NA,S,NA,S,S,NA,NA,NA,S,NA,NA,NA,NA,R,S
1773.21723,ERR3256275,S,NA,NA,S,NA,NA,NA,NA,S,NA,S,S,NA,NA,NA,S,NA,NA,NA,NA,S,S
1773.31051,ERS1987031,S,NA,NA,S,NA,NA,NA,NA,S,NA,R,S,NA,NA,NA,S,NA,NA,NA,NA,R,R
1773.31248,ERS1987252,S,NA,NA,S,NA,NA,NA,NA,S,NA,S,S,NA,NA,NA,S,NA,NA,NA,NA,S,R
1773.313,ERS1987299,S,NA,NA,S,NA,NA,NA,NA,S,NA,S,S,NA,NA,NA,S,NA,NA,NA,NA,R,R
1773.31389,ERS1987400,S,NA,NA,S,NA,NA,NA,NA,S,NA,S,S,NA,NA,NA,S,NA,NA,NA,NA,S,R
1773.3184,ERS3371603,S,NA,NA,S,NA,NA,NA,NA,S,NA,S,S,NA,NA,NA,S,NA,NA,NA,NA,R,R
1773.3206,ERS3371837,S,NA,NA,S,NA,NA,NA,NA,S,NA,R,S,NA,NA,NA,S,NA,NA,NA,NA,S,R
1773.32082,ERS3371867,S,NA,NA,S,NA,NA,NA,NA,S,NA,R,S,NA,NA,NA,S,NA,NA,NA,NA,R,R
1773.3235,ERS5281256,S,NA,NA,S,NA,NA,NA,NA,S,NA,S,S,NA,NA,NA,S,NA,NA,NA,NA,S,R
1773.32419,ERS5281373,S,NA,NA,S,NA,NA,NA,NA,R,NA,R,S,NA,NA,NA,S,NA,NA,NA,NA,R,R
1773.32456,ERS5281443,S,NA,NA,S,NA,NA,NA,NA,R,NA,R,S,NA,NA,NA,S,NA,NA,NA,NA,R,R
1773.32536,ERS5281557,S,NA,NA,S,NA,NA,NA,NA,S,NA,S,S,NA,NA,NA,S,NA,NA,NA,NA,R,R
1773.33077,ERS5282267,S,NA,NA,R,NA,NA,NA,NA,S,NA,S,S,NA,NA,NA,S,NA,NA,NA,NA,R,R
1773.33081,ERS5282273,S,NA,NA,S,NA,NA,NA,NA,S,NA,S,S,NA,NA,NA,S,NA,NA,NA,NA,S,R
1773.33208,ERS5282443,R,NA,NA,R,NA,NA,NA,NA,S,NA,R,R,NA,NA,NA,S,NA,NA,NA,NA,R,R
1773.33254,ERS5282502,S,NA,NA,S,NA,NA,NA,NA,R,NA,R,S,NA,NA,NA,R,NA,NA,NA,NA,R,R
1773.33279,ERS5282529,S,NA,NA,S,NA,NA,NA,NA,S,NA,S,S,NA,NA,NA,S,NA,NA,NA,NA,S,R
1773.333,ERS5282555,S,NA,NA,S,NA,NA,NA,NA,S,NA,R,S,NA,NA,NA,S,NA,NA,NA,NA,R,R
1773.33306,ERS5282562,S,NA,NA,S,NA,NA,NA,NA,S,NA,S,S,NA,NA,NA,S,NA,NA,NA,NA,S,S
1773.33509,ERS5282865,S,NA,NA,S,NA,NA,NA,NA,S,NA,S,S,NA,NA,NA,S,NA,NA,NA,NA,R,R
1773.3358,ERS5297864,S,NA,NA,S,NA,NA,NA,NA,S,NA,S,S,NA,NA,NA,S,NA,NA,NA,NA,R,R
1773.33581,ERS5297871,S,NA,NA,S,NA,NA,NA,NA,R,NA,R,S,NA,NA,NA,S,NA,NA,NA,NA,S,R
1773.33602,ERS5297895,R,NA,NA,S,NA,NA,NA,NA,S,NA,R,R,NA,NA,NA,S,NA,NA,NA,NA,S,S
1773.33611,ERS5297904,R,NA,NA,R,NA,NA,NA,NA,S,NA,R,R,NA,NA,NA,S,NA,NA,NA,NA,S,S
1773.33648,ERS5297959,S,NA,NA,S,NA,NA,NA,NA,S,NA,S,S,NA,NA,NA,S,NA,NA,NA,NA,S,R
1773.33966,ERS5298309,R,NA,NA,S,NA,NA,NA,NA,S,NA,R,R,NA,NA,NA,R,NA,NA,NA,NA,S,S
1773.34304,ERS5300536,S,NA,NA,S,NA,NA,NA,NA,S,NA,S,S,NA,NA,NA,S,NA,NA,NA,NA,S,R
1773.34388,ERS5300618,S,NA,NA,S,NA,NA,NA,NA,S,NA,S,S,NA,NA,NA,S,NA,NA,NA,NA,S,R
1773.34459,ERS5300713,S,NA,NA,S,NA,NA,NA,NA,S,NA,R,S,NA,NA,NA,S,NA,NA,NA,NA,R,R
1773.34986,ERS5302111,S,NA,NA,S,NA,NA,NA,NA,S,NA,S,S,NA,NA,NA,S,NA,NA,NA,NA,S,R
1773.34989,ERS5302123,S,NA,NA,S,NA,NA,NA,NA,S,NA,R,S,NA,NA,NA,S,NA,NA,NA,NA,R,R
1773.35143,ERS5302331,R,NA,NA,R,NA,NA,NA,NA,R,NA,R,R,NA,NA,NA,S,NA,NA,NA,NA,R,R
1773.35169,ERS5302358,S,NA,NA,S,NA,NA,NA,NA,S,NA,S,S,NA,NA,NA,S,NA,NA,NA,NA,S,R
1773.35288,ERS5302517,S,NA,NA,S,NA,NA,NA,NA,S,NA,S,S,NA,NA,NA,S,NA,NA,NA,NA,S,R
1773.35371,ERS5302607,S,NA,NA,S,NA,NA,NA,NA,S,NA,S,S,NA,NA,NA,S,NA,NA,NA,NA,S,R
1773.35446,ERS5302694,S,NA,NA,R,NA,NA,NA,NA,R,NA,S,S,NA,NA,NA,S,NA,NA,NA,NA,R,R
1773.35824,ERS5303228,S,NA,NA,S,NA,NA,NA,NA,S,NA,R,S,NA,NA,NA,S,NA,NA,NA,NA,R,R
1773.36171,ERS5303923,S,NA,NA,S,NA,NA,NA,NA,S,NA,R,S,NA,NA,NA,S,NA,NA,NA,NA,R,R
1773.36608,ERS5312515,S,NA,NA,S,NA,NA,NA,NA,S,NA,S,S,NA,NA,NA,S,NA,NA,NA,NA,S,R
1773.36616,ERS5312526,S,NA,NA,S,NA,NA,NA,NA,S,NA,S,S,NA,NA,NA,S,NA,NA,NA,NA,R,R
1773.36632,ERS5312545,S,NA,NA,S,NA,NA,NA,NA,S,NA,S,S,NA,NA,NA,S,NA,NA,NA,NA,R,R
1773.36653,ERS5312564,S,NA,NA,R,NA,NA,NA,NA,S,NA,S,S,NA,NA,NA,S,NA,NA,NA,NA,S,R
1773.3672,ERS5312636,S,NA,NA,S,NA,NA,NA,NA,S,NA,S,S,NA,NA,NA,S,NA,NA,NA,NA,S,R
1773.36725,ERS5312641,S,NA,NA,S,NA,NA,NA,NA,S,NA,R,S,NA,NA,NA,S,NA,NA,NA,NA,R,R
1773.36735,ERS5312653,S,NA,NA,S,NA,NA,NA,NA,R,NA,R,S,NA,NA,NA,S,NA,NA,NA,NA,R,R
1773.3679,ERS5317221,S,NA,NA,S,NA,NA,NA,NA,S,NA,S,S,NA,NA,NA,S,NA,NA,NA,NA,R,R
1773.36895,ERS5317605,S,NA,NA,S,NA,NA,NA,NA,S,NA,S,S,NA,NA,NA,S,NA,NA,NA,NA,S,R
1773.3701,ERS5317731,S,NA,NA,S,NA,NA,NA,NA,S,NA,S,S,NA,NA,NA,S,NA,NA,NA,NA,S,S
1773.37064,ERS5317799,S,NA,NA,S,NA,NA,NA,NA,S,NA,S,S,NA,NA,NA,S,NA,NA,NA,NA,S,R
1773.37909,ERS5319645,S,NA,NA,S,NA,NA,NA,NA,S,NA,R,S,NA,NA,NA,S,NA,NA,NA,NA,R,R
1773.38389,ERS5320191,S,NA,NA,S,NA,NA,NA,NA,S,NA,S,S,NA,NA,NA,S,NA,NA,NA,NA,S,R
1773.38394,ERS5320196,S,NA,NA,S,NA,NA,NA,NA,S,NA,S,S,NA,NA,NA,S,NA,NA,NA,NA,S,S
1773.38397,ERS5320205,S,NA,NA,S,NA,NA,NA,NA,S,NA,S,S,NA,NA,NA,S,NA,NA,NA,NA,S,R
1773.38401,ERS5320206,S,NA,NA,S,NA,NA,NA,NA,S,NA,S,S,NA,NA,NA,S,NA,NA,NA,NA,R,R
1773.38419,ERS5320227,S,NA,NA,S,NA,NA,NA,NA,S,NA,S,S,NA,NA,NA,S,NA,NA,NA,NA,S,R
1773.38438,ERS5320242,S,NA,NA,S,NA,NA,NA,NA,S,NA,S,S,NA,NA,NA,S,NA,NA,NA,NA,S,R
1773.38445,ERS5320256,S,NA,NA,S,NA,NA,NA,NA,S,NA,S,S,NA,NA,NA,S,NA,NA,NA,NA,R,R
1773.38458,ERS5320266,S,NA,NA,S,NA,NA,NA,NA,S,NA,S,S,NA,NA,NA,S,NA,NA,NA,NA,R,R
1773.3856,ERS5320384,S,NA,NA,S,NA,NA,NA,NA,S,NA,S,S,NA,NA,NA,S,NA,NA,NA,NA,R,R
1773.38604,ERS5320430,S,NA,NA,S,NA,NA,NA,NA,S,NA,S,S,NA,NA,NA,S,NA,NA,NA,NA,S,R
1773.38727,ERS5320641,S,NA,NA,S,NA,NA,NA,NA,S,NA,R,S,NA,NA,NA,S,NA,NA,NA,NA,S,S
1773.39035,ERS6402763,S,NA,NA,S,NA,NA,NA,NA,S,NA,S,S,NA,NA,NA,S,NA,NA,NA,NA,R,R
1773.3915,ERS6402897,S,NA,NA,S,NA,NA,NA,NA,S,NA,S,S,NA,NA,NA,S,NA,NA,NA,NA,S,R
1773.39174,ERS6402922,S,NA,NA,S,NA,NA,NA,NA,S,NA,S,S,NA,NA,NA,S,NA,NA,NA,NA,S,S
1773.39263,ERS6403028,S,NA,NA,S,NA,NA,NA,NA,S,NA,S,S,NA,NA,NA,S,NA,NA,NA,NA,S,R
1773.39314,ERS6403087,S,NA,NA,S,NA,NA,NA,NA,S,NA,S,S,NA,NA,NA,S,NA,NA,NA,NA,S,R
1773.39457,ERS6403246,S,NA,NA,S,NA,NA,NA,NA,S,NA,S,S,NA,NA,NA,S,NA,NA,NA,NA,S,R
1773.39519,ERS6403318,R,NA,NA,R,NA,NA,NA,NA,S,NA,R,R,NA,NA,NA,R,NA,NA,NA,NA,S,S
1773.39546,ERS6403354,R,NA,NA,R,NA,NA,NA,NA,S,NA,R,R,NA,NA,NA,S,NA,NA,NA,NA,R,S
1773.39554,ERS6403366,R,NA,NA,R,NA,NA,NA,NA,S,NA,R,R,NA,NA,NA,R,NA,NA,NA,NA,S,S
1773.39788,ERS6403633,S,NA,NA,S,NA,NA,NA,NA,S,NA,S,S,NA,NA,NA,S,NA,NA,NA,NA,S,R
1773.39823,ERS6403672,S,NA,NA,S,NA,NA,NA,NA,S,NA,S,S,NA,NA,NA,S,NA,NA,NA,NA,S,R
1773.39978,ERS6421526,S,NA,NA,S,NA,NA,NA,NA,S,NA,S,S,NA,NA,NA,S,NA,NA,NA,NA,S,R
1773.40005,ERS6421553,S,NA,NA,S,NA,NA,NA,NA,S,NA,S,S,NA,NA,NA,S,NA,NA,NA,NA,S,R
1773.40186,ERS6421749,S,NA,NA,S,NA,NA,NA,NA,S,NA,R,S,NA,NA,NA,S,NA,NA,NA,NA,R,R
1773.40219,ERS6421781,S,NA,NA,S,NA,NA,NA,NA,S,NA,S,S,NA,NA,NA,S,NA,NA,NA,NA,S,S
1773.40237,ERS6421798,S,NA,NA,S,NA,NA,NA,NA,S,NA,R,S,NA,NA,NA,S,NA,NA,NA,NA,R,R
1773.40313,ERS6421924,S,NA,NA,S,NA,NA,NA,NA,S,NA,S,S,NA,NA,NA,S,NA,NA,NA,NA,S,R
1773.40356,ERS6421991,S,NA,NA,S,NA,NA,NA,NA,S,NA,S,S,NA,NA,NA,S,NA,NA,NA,NA,S,R
1773.40372,ERS6422006,S,NA,NA,S,NA,NA,NA,NA,S,NA,R,S,NA,NA,NA,S,NA,NA,NA,NA,S,R
1773.40437,ERS6422132,S,NA,NA,S,NA,NA,NA,NA,S,NA,S,S,NA,NA,NA,S,NA,NA,NA,NA,S,R
1773.40524,ERS6422222,S,NA,NA,S,NA,NA,NA,NA,S,NA,S,S,NA,NA,NA,S,NA,NA,NA,NA,S,R
1773.40565,ERR275226,S,NA,NA,S,NA,NA,NA,NA,S,NA,R,S,NA,NA,NA,S,NA,NA,NA,NA,R,R
1773.40689,ERS5281235,S,NA,S,S,NA,S,NA,S,S,R,R,S,R,S,R,S,S,NA,NA,R,R,R
1773.41967,ERS5282663,S,NA,S,S,NA,S,NA,R,R,R,R,S,S,R,R,S,S,NA,NA,S,R,R
1773.4224,ERS5282945,S,NA,S,S,NA,S,NA,S,S,R,S,S,R,S,S,S,S,NA,NA,S,S,S
1773.42514,ERS5283240,S,NA,S,S,NA,S,NA,S,S,R,S,S,S,S,S,S,S,NA,NA,S,S,S
1773.42671,ERR7361938,S,NA,NA,S,NA,NA,NA,NA,S,NA,S,S,NA,NA,NA,S,NA,NA,NA,NA,S,R
1773.4268,ERR7361948,S,NA,NA,S,NA,NA,NA,NA,S,NA,S,S,NA,NA,NA,S,NA,NA,NA,NA,S,S
1773.43059,ERS5312670,R,NA,NA,R,NA,NA,NA,NA,S,NA,R,R,NA,NA,NA,R,NA,NA,NA,NA,R,R
1773.43333,ERS5320861,S,NA,NA,S,NA,NA,NA,NA,S,NA,R,S,NA,NA,NA,S,NA,NA,NA,NA,S,R
1773.43348,ERS5319453,S,NA,NA,S,NA,NA,NA,NA,S,NA,R,S,NA,NA,NA,S,NA,NA,NA,NA,R,R
1773.43396,ERS5317306,S,NA,NA,S,NA,NA,NA,NA,S,NA,S,S,NA,NA,NA,S,NA,NA,NA,NA,R,R
1773.43585,ERS5317469,S,NA,NA,S,NA,NA,NA,NA,S,NA,S,S,NA,NA,NA,S,NA,NA,NA,NA,R,R
1773.43601,ERS6403334,S,NA,NA,S,NA,NA,NA,NA,R,NA,R,S,NA,NA,NA,S,NA,NA,NA,NA,R,R
1773.43635,ERS6403065,S,NA,NA,S,NA,NA,NA,NA,S,NA,S,S,NA,NA,NA,S,NA,NA,NA,NA,S,S
1773.18432,ERR1035209,S,NA,NA,S,NA,NA,NA,NA,S,NA,R,S,NA,NA,NA,S,NA,NA,S,NA,S,R
1773.20445,ERR1035009,S,NA,NA,S,NA,NA,NA,NA,S,R,R,S,NA,NA,NA,S,NA,NA,NA,NA,R,R
1773.20958,ERR3256137,S,NA,NA,S,NA,NA,NA,NA,S,NA,R,S,NA,NA,NA,S,NA,NA,NA,NA,R,R
1773.3194,ERS3371710,R,NA,NA,R,NA,NA,NA,NA,S,NA,R,R,NA,NA,NA,S,NA,NA,NA,NA,R,R
1773.32047,ERS3371830,S,NA,NA,S,NA,NA,NA,NA,S,NA,R,S,NA,NA,NA,S,NA,NA,NA,NA,R,R
1773.32685,ERS5281736,S,NA,NA,S,NA,NA,NA,NA,S,NA,R,S,NA,NA,NA,S,NA,NA,NA,NA,R,R
1773.33135,ERS5282346,S,NA,NA,S,NA,NA,NA,NA,R,NA,R,S,NA,NA,NA,S,NA,NA,NA,NA,R,R
1773.33464,ERS5282757,S,NA,NA,S,NA,NA,NA,NA,S,NA,S,S,NA,NA,NA,S,NA,NA,NA,NA,S,R
1773.33486,ERS5282798,S,NA,NA,S,NA,NA,NA,NA,R,NA,R,S,NA,NA,NA,S,NA,NA,NA,NA,R,R
1773.33716,ERS5298043,S,NA,NA,S,NA,NA,NA,NA,S,NA,R,S,NA,NA,NA,S,NA,NA,NA,NA,R,R
1773.33889,ERS5298226,S,NA,NA,S,NA,NA,NA,NA,S,NA,S,S,NA,NA,NA,S,NA,NA,NA,NA,R,R
1773.35878,ERS5303342,R,NA,NA,R,NA,NA,NA,NA,S,NA,R,R,NA,NA,NA,S,NA,NA,NA,NA,R,R
1773.36299,ERS5304105,S,NA,NA,S,NA,NA,NA,NA,S,NA,S,S,NA,NA,NA,S,NA,NA,NA,NA,R,R
1773.36583,ERS5312493,S,NA,NA,S,NA,NA,NA,NA,S,NA,S,S,NA,NA,NA,S,NA,NA,NA,NA,R,R
1773.36888,ERS5317594,S,NA,NA,S,NA,NA,NA,NA,S,NA,R,S,NA,NA,NA,S,NA,NA,NA,NA,S,R
1773.36898,ERS5317608,S,NA,NA,S,NA,NA,NA,NA,S,NA,S,S,NA,NA,NA,S,NA,NA,NA,NA,S,S
1773.36973,ERS5317694,S,NA,NA,S,NA,NA,NA,NA,S,NA,S,S,NA,NA,NA,S,NA,NA,NA,NA,R,R
1773.38543,ERS5320365,S,NA,NA,S,NA,NA,NA,NA,S,NA,R,S,NA,NA,NA,S,NA,NA,NA,NA,S,R
1773.38834,ERS5320782,S,NA,NA,S,NA,NA,NA,NA,S,NA,R,S,NA,NA,NA,S,NA,NA,NA,NA,S,S
1773.3927,ERS6403036,S,NA,NA,S,NA,NA,NA,NA,S,NA,R,S,NA,NA,NA,S,NA,NA,NA,NA,S,R
1773.42098,ERS5282801,S,NA,S,S,NA,S,NA,S,S,S,S,S,S,S,S,S,S,NA,NA,S,S,S
1773.42179,ERS5282883,S,NA,S,S,NA,S,NA,R,R,R,R,S,R,S,R,S,S,NA,NA,R,S,S
1773.43375,ERS5317390,S,NA,NA,S,NA,NA,NA,NA,S,NA,S,S,NA,NA,NA,S,NA,NA,NA,NA,R,R
1773.43536,ERS5317456,S,NA,NA,S,NA,NA,NA,NA,S,NA,S,S,NA,NA,NA,S,NA,NA,NA,NA,R,R
1773.18469,ERR1034820,S,NA,NA,S,NA,NA,S,NA,S,S,S,S,NA,NA,NA,S,S,NA,NA,NA,S,R
1773.18505,ERR1034854,S,NA,NA,S,NA,NA,S,NA,S,R,R,S,NA,NA,NA,S,S,NA,NA,NA,R,R
1773.18554,ERR1034905,S,NA,NA,S,NA,NA,R,NA,R,R,R,R,NA,NA,NA,S,S,NA,R,NA,R,R
1773.18652,ERR1034781,S,NA,NA,S,NA,NA,NA,NA,S,NA,S,S,NA,NA,NA,S,NA,NA,NA,NA,R,R
1773.19901,ERR190400,S,NA,NA,S,NA,NA,NA,NA,S,NA,S,S,NA,NA,NA,S,NA,NA,NA,NA,R,R
1773.20617,ERR1035123,S,NA,NA,S,NA,NA,NA,NA,S,NA,S,S,NA,NA,NA,S,NA,NA,NA,NA,S,S
1773.20956,ERR3256133,S,NA,NA,S,NA,NA,NA,NA,S,NA,S,S,NA,NA,NA,S,NA,NA,NA,NA,S,S
1773.18518,ERR1034868,S,NA,NA,S,NA,NA,S,NA,S,R,R,R,NA,NA,NA,S,S,NA,R,NA,R,R
1773.3187,ERS3371635,S,NA,NA,S,NA,NA,NA,NA,R,NA,R,S,NA,NA,NA,S,NA,NA,NA,NA,R,R
1773.32523,ERS5281543,S,NA,NA,S,NA,NA,NA,NA,S,NA,R,S,NA,NA,NA,S,NA,NA,NA,NA,R,R
1773.33118,ERS5282327,R,NA,NA,R,NA,NA,NA,NA,S,NA,R,R,NA,NA,NA,S,NA,NA,NA,NA,R,R
1773.33123,ERS5282333,S,NA,NA,S,NA,NA,NA,NA,S,NA,R,S,NA,NA,NA,R,NA,NA,NA,NA,R,R
1773.33398,ERS5282679,S,NA,NA,S,NA,NA,NA,NA,R,NA,R,S,NA,NA,NA,S,NA,NA,NA,NA,R,R
1773.33534,ERS5283071,S,NA,NA,S,NA,NA,NA,NA,S,NA,R,S,NA,NA,NA,S,NA,NA,NA,NA,R,R
1773.3378,ERS5298112,S,NA,NA,S,NA,NA,NA,NA,S,NA,S,S,NA,NA,NA,S,NA,NA,NA,NA,S,R
1773.36188,ERS5303959,S,NA,NA,S,NA,NA,NA,NA,S,NA,R,S,NA,NA,NA,S,NA,NA,NA,NA,R,R
1773.36618,ERS5312527,S,NA,NA,S,NA,NA,NA,NA,S,NA,S,S,NA,NA,NA,S,NA,NA,NA,NA,R,R
1773.37011,ERS5317733,S,NA,NA,S,NA,NA,NA,NA,S,NA,S,S,NA,NA,NA,S,NA,NA,NA,NA,R,R
1773.37056,ERS5317789,S,NA,NA,S,NA,NA,NA,NA,S,NA,R,S,NA,NA,NA,S,NA,NA,NA,NA,S,R
1773.3847,ERS5320278,S,NA,NA,S,NA,NA,NA,NA,S,NA,S,S,NA,NA,NA,S,NA,NA,NA,NA,R,R
1773.39055,ERS6402779,S,NA,NA,S,NA,NA,NA,NA,S,NA,S,S,NA,NA,NA,S,NA,NA,NA,NA,S,R
1773.39743,ERS6403574,R,NA,NA,R,NA,NA,NA,NA,S,NA,R,R,NA,NA,NA,S,NA,NA,NA,NA,R,R
1773.33286,ERS5282534,S,NA,NA,S,NA,NA,NA,NA,S,NA,R,S,NA,NA,NA,S,NA,NA,NA,NA,R,R
1773.33504,ERS5282860,S,NA,NA,S,NA,NA,NA,NA,R,NA,R,S,NA,NA,NA,S,NA,NA,NA,NA,R,R
1773.3379,ERS5298123,S,NA,NA,S,NA,NA,NA,NA,S,NA,S,S,NA,NA,NA,S,NA,NA,NA,NA,S,R
1773.33815,ERS5298145,S,NA,NA,S,NA,NA,NA,NA,S,NA,S,S,NA,NA,NA,S,NA,NA,NA,NA,R,R
1773.34567,ERS5300842,S,NA,NA,S,NA,NA,NA,NA,S,NA,S,S,NA,NA,NA,S,NA,NA,NA,NA,S,R
1773.38562,ERS5320386,S,NA,NA,S,NA,NA,NA,NA,S,NA,S,S,NA,NA,NA,S,NA,NA,NA,NA,R,R
1773.40302,ERS6421912,S,NA,NA,S,NA,NA,NA,NA,R,NA,R,S,NA,NA,NA,S,NA,NA,NA,NA,R,R
1773.43324,ERS5320796,S,NA,NA,S,NA,NA,NA,NA,S,NA,R,S,NA,NA,NA,S,NA,NA,NA,NA,S,S
1773.36945,ERS5317667,S,NA,NA,S,NA,NA,NA,NA,S,NA,S,S,NA,NA,NA,S,NA,NA,NA,NA,S,R
1773.1584,ERS096333,NA,NA,NA,NA,NA,NA,NA,NA,S,NA,S,NA,NA,NA,NA,NA,NA,NA,S,NA,S,S
1773.18988,ERR161132,S,NA,NA,S,NA,NA,NA,NA,S,NA,S,S,NA,NA,NA,S,NA,NA,NA,NA,S,R
1773.19659,ERR181867,S,NA,NA,S,NA,NA,NA,NA,S,NA,S,S,NA,NA,NA,S,NA,NA,NA,NA,R,R
1773.19668,ERR181877,S,NA,NA,S,NA,NA,NA,NA,S,NA,S,S,NA,NA,NA,S,NA,NA,S,NA,R,S
1773.20998,ERR3256175,S,NA,NA,S,NA,NA,NA,NA,S,NA,S,S,NA,NA,NA,S,NA,NA,NA,NA,S,S
1773.21031,ERR3256212,S,NA,NA,S,NA,NA,NA,NA,S,NA,R,S,NA,NA,NA,S,NA,NA,NA,NA,S,S
1773.21034,ERR3256213,S,NA,NA,S,NA,NA,NA,NA,S,NA,S,S,NA,NA,NA,S,NA,NA,NA,NA,S,S
1773.21047,ERR3256226,S,NA,NA,S,NA,NA,NA,NA,S,NA,S,S,NA,NA,NA,S,NA,NA,NA,NA,R,S
1773.21735,ERR3256286,S,NA,NA,S,NA,NA,NA,NA,S,NA,S,S,NA,NA,NA,S,NA,NA,NA,NA,S,S
1773.23406,ERR2120263,S,NA,NA,S,NA,NA,NA,NA,R,NA,R,S,NA,NA,S,S,NA,NA,R,NA,R,S
1773.2505,ERR552846,NA,NA,NA,NA,NA,NA,NA,NA,S,NA,S,NA,NA,NA,NA,NA,NA,NA,S,NA,S,S
1773.2558,ERR550702,NA,NA,NA,NA,NA,NA,NA,NA,S,NA,S,NA,NA,NA,NA,NA,NA,NA,S,NA,S,S
1773.2584,ERR553307,NA,NA,NA,NA,NA,NA,NA,NA,S,NA,S,NA,NA,NA,NA,NA,NA,NA,S,NA,S,S
1773.2614,ERR552459,NA,S,NA,S,NA,NA,NA,NA,S,NA,R,NA,NA,NA,NA,NA,NA,NA,S,NA,S,R
1773.2708,ERR551244,NA,NA,NA,NA,NA,NA,NA,NA,S,NA,S,NA,NA,NA,NA,NA,NA,NA,S,NA,S,S
1773.2833,ERR552835,NA,NA,NA,NA,NA,NA,NA,NA,S,NA,S,NA,NA,NA,NA,NA,NA,NA,S,NA,S,S
1773.2851,ERR552757,NA,NA,NA,NA,NA,NA,NA,NA,S,NA,S,NA,NA,NA,NA,NA,NA,NA,S,NA,S,S
1773.2855,ERR550938,NA,NA,NA,NA,NA,NA,NA,NA,S,NA,S,NA,NA,NA,NA,NA,NA,NA,S,NA,S,S
1773.2896,ERR551490,NA,NA,NA,NA,NA,NA,NA,NA,S,NA,S,NA,NA,NA,NA,NA,NA,NA,S,NA,S,S
1773.2906,ERR551277,NA,NA,NA,NA,NA,NA,NA,NA,S,NA,S,NA,NA,NA,NA,NA,NA,NA,S,NA,S,S
1773.293,ERR551018,NA,NA,NA,NA,NA,NA,NA,NA,S,NA,S,NA,NA,NA,NA,NA,NA,NA,S,NA,S,S
1773.29372,ERR2041929,S,NA,NA,S,NA,NA,NA,NA,S,NA,R,S,NA,NA,NA,S,NA,NA,S,NA,R,R
1773.2984,ERR552758,NA,NA,NA,NA,NA,NA,NA,NA,S,NA,S,NA,NA,NA,NA,NA,NA,NA,S,NA,S,S
1773.307,ERR552688,NA,NA,NA,NA,NA,NA,NA,NA,S,NA,S,NA,NA,NA,NA,NA,NA,NA,S,NA,S,S
1773.3086,ERR551396,NA,NA,NA,NA,NA,NA,NA,NA,S,NA,S,NA,NA,NA,NA,NA,NA,NA,S,NA,S,S
1773.31092,ERS1987081,S,NA,NA,S,NA,NA,NA,NA,S,NA,S,S,NA,NA,NA,S,NA,NA,NA,NA,S,R
1773.31232,ERS1987236,S,NA,NA,S,NA,NA,NA,NA,S,NA,S,S,NA,NA,NA,S,NA,NA,NA,NA,S,R
1773.31241,ERS1987255,S,NA,NA,S,NA,NA,NA,NA,S,NA,S,S,NA,NA,NA,S,NA,NA,NA,NA,R,R
1773.31315,ERS1987313,S,NA,NA,S,NA,NA,NA,NA,S,NA,R,S,NA,NA,NA,S,NA,NA,NA,NA,S,R
1773.31347,ERS1987350,S,NA,NA,S,NA,NA,NA,NA,S,NA,S,S,NA,NA,NA,S,NA,NA,NA,NA,S,R
1773.31365,ERS1987377,S,NA,NA,S,NA,NA,NA,NA,S,NA,S,S,NA,NA,NA,S,NA,NA,NA,NA,S,R
1773.3137,ERR552375,NA,NA,NA,NA,NA,NA,NA,NA,S,NA,S,NA,NA,NA,NA,NA,NA,NA,S,NA,S,S
1773.3175,ERR551114,NA,NA,NA,NA,NA,NA,NA,NA,S,NA,S,NA,NA,NA,NA,NA,NA,NA,S,NA,S,S
1773.31908,ERS3371674,S,NA,NA,S,NA,NA,NA,NA,S,NA,R,S,NA,NA,NA,S,NA,NA,NA,NA,S,R
1773.32098,ERS3371884,S,NA,NA,S,NA,NA,NA,NA,S,NA,R,S,NA,NA,NA,S,NA,NA,NA,NA,R,R
1773.32101,ERS3371854,S,NA,NA,S,NA,NA,NA,NA,S,NA,R,S,NA,NA,NA,S,NA,NA,NA,NA,S,R
1773.3333,ERR550692,NA,NA,NA,NA,NA,NA,NA,NA,S,NA,S,NA,NA,NA,NA,NA,NA,NA,S,NA,S,S
1773.3407,ERR552153,NA,NA,NA,NA,NA,NA,NA,NA,S,NA,S,NA,NA,NA,NA,NA,NA,NA,S,NA,S,S
1773.3417,ERS5298682,S,NA,NA,S,NA,NA,NA,NA,S,NA,S,S,NA,NA,NA,S,NA,NA,NA,NA,S,R
1773.34173,ERS5298684,S,NA,NA,S,NA,NA,NA,NA,S,NA,S,S,NA,NA,NA,S,NA,NA,NA,NA,R,R
1773.3425,ERR552072,NA,NA,NA,NA,NA,NA,NA,NA,S,NA,S,NA,NA,NA,NA,NA,NA,NA,S,NA,S,S
1773.3445,ERR553267,NA,NA,NA,NA,NA,NA,NA,NA,S,NA,S,NA,NA,NA,NA,NA,NA,NA,S,NA,S,S
1773.34506,ERS5300775,R,NA,NA,R,NA,NA,NA,NA,R,NA,R,R,NA,NA,NA,S,NA,NA,NA,NA,R,R
1773.34977,ERS5302105,S,NA,NA,S,NA,NA,NA,NA,S,NA,S,S,NA,NA,NA,S,NA,NA,NA,NA,S,R
1773.3508,ERR551889,NA,NA,NA,NA,NA,NA,NA,NA,S,NA,S,NA,NA,NA,NA,NA,NA,NA,S,NA,S,S
1773.35199,ERS5302392,S,NA,NA,S,NA,NA,NA,NA,S,NA,S,S,NA,NA,NA,S,NA,NA,NA,NA,S,R
1773.35286,ERS5302505,S,NA,NA,S,NA,NA,NA,NA,S,NA,S,S,NA,NA,NA,S,NA,NA,NA,NA,S,R
1773.35348,ERS5302579,S,NA,NA,S,NA,NA,NA,NA,S,NA,S,S,NA,NA,NA,S,NA,NA,NA,NA,R,R
1773.35444,ERS5302695,S,NA,NA,S,NA,NA,NA,NA,S,NA,S,S,NA,NA,NA,S,NA,NA,NA,NA,S,S
1773.35925,ERS5303410,S,NA,NA,S,NA,NA,NA,NA,S,NA,S,S,NA,NA,NA,S,NA,NA,NA,NA,S,R
1773.36102,ERS5303633,S,NA,NA,S,NA,NA,NA,NA,S,NA,R,S,NA,NA,NA,S,NA,NA,NA,NA,R,R
1773.36498,ERS5312397,S,NA,NA,S,NA,NA,NA,NA,S,NA,R,S,NA,NA,NA,S,NA,NA,NA,NA,R,R
1773.36693,ERS5312605,S,NA,NA,S,NA,NA,NA,NA,S,NA,S,S,NA,NA,NA,S,NA,NA,NA,NA,S,R
1773.36857,ERS5317525,S,NA,NA,S,NA,NA,NA,NA,S,NA,R,S,NA,NA,NA,S,NA,NA,NA,NA,R,R
1773.37807,ERS5319249,S,NA,NA,S,NA,NA,NA,NA,S,NA,R,S,NA,NA,NA,S,NA,NA,NA,NA,R,R
1773.3821,ERR046964,NA,NA,NA,NA,NA,NA,NA,NA,S,NA,S,NA,NA,NA,NA,NA,NA,NA,S,NA,S,NA
1773.3833,SRR2100096,NA,NA,NA,NA,NA,NA,NA,NA,S,NA,S,NA,NA,NA,NA,NA,NA,NA,S,NA,S,NA
1773.38452,ERS5320201,S,NA,NA,S,NA,NA,NA,NA,S,NA,S,S,NA,NA,NA,S,NA,NA,NA,NA,S,R
1773.38516,ERS5320338,S,NA,NA,S,NA,NA,NA,NA,S,NA,S,S,NA,NA,NA,S,NA,NA,NA,NA,R,R
1773.3869,ERS5320588,S,NA,NA,S,NA,NA,NA,NA,R,NA,R,S,NA,NA,NA,S,NA,NA,NA,NA,R,R
1773.39503,ERS6403300,S,NA,NA,S,NA,NA,NA,NA,S,NA,S,S,NA,NA,NA,S,NA,NA,NA,NA,S,R
1773.39734,ERS6403563,S,NA,NA,S,NA,NA,NA,NA,S,NA,S,S,NA,NA,NA,S,NA,NA,NA,NA,S,R
1773.3974,ERS6403571,S,NA,NA,S,NA,NA,NA,NA,S,NA,S,S,NA,NA,NA,S,NA,NA,NA,NA,S,R
1773.39944,ERS6421495,S,NA,NA,S,NA,NA,NA,NA,S,NA,S,S,NA,NA,NA,S,NA,NA,NA,NA,S,R
1773.4035,SRR2100235,NA,NA,NA,NA,NA,NA,NA,NA,S,NA,S,NA,NA,NA,NA,NA,NA,NA,S,NA,S,NA
1773.40429,ERS6422067,S,NA,NA,S,NA,NA,NA,NA,S,NA,S,S,NA,NA,NA,S,NA,NA,NA,NA,S,R
1773.4072,ERS5281277,S,NA,S,S,NA,S,NA,S,R,R,R,S,R,S,R,S,R,NA,NA,R,R,R
1773.40795,ERS5281353,S,NA,S,S,NA,S,NA,R,S,R,S,S,R,R,S,S,S,NA,NA,S,S,S
1773.40905,ERS5281465,S,NA,S,S,NA,S,NA,S,S,S,S,S,R,S,S,S,S,NA,NA,R,R,R
1773.42168,ERS5282871,S,NA,S,S,NA,S,NA,S,S,S,S,S,R,S,S,S,S,NA,NA,S,S,R
1773.42662,ERR7361922,S,NA,NA,S,NA,NA,NA,NA,S,NA,S,S,NA,NA,NA,S,NA,NA,NA,NA,R,R
1773.42979,ERS5301069,S,NA,NA,S,NA,NA,NA,NA,S,NA,R,S,NA,NA,NA,S,NA,NA,NA,NA,R,R
1773.43545,ERS5317492,S,NA,NA,S,NA,NA,NA,NA,S,NA,S,S,NA,NA,NA,S,NA,NA,NA,NA,S,R
1773.43557,ERS5317551,S,NA,NA,S,NA,NA,NA,NA,S,NA,S,S,NA,NA,NA,S,NA,NA,NA,NA,S,S
1773.43688,ERS5282109,S,NA,S,S,NA,S,NA,R,R,S,S,S,R,S,R,S,S,NA,NA,S,S,R
1773.4445,SRR2100648,NA,NA,NA,NA,NA,NA,NA,NA,S,NA,S,NA,NA,NA,NA,NA,NA,NA,S,NA,S,NA
1773.4522,SRR2100726,NA,NA,NA,NA,NA,NA,NA,NA,S,NA,S,NA,NA,NA,NA,NA,NA,NA,S,NA,S,NA
1773.4536,SRR2100741,NA,NA,NA,NA,NA,NA,NA,NA,S,NA,S,NA,NA,NA,NA,NA,NA,NA,S,NA,S,NA
1773.458,SRR2100789,NA,NA,NA,NA,NA,NA,NA,NA,S,NA,S,NA,NA,NA,NA,NA,NA,NA,S,NA,S,NA
1773.4598,SRR2100808,S,S,NA,S,NA,NA,NA,NA,S,NA,S,S,NA,NA,S,NA,NA,NA,S,NA,S,NA
1773.4644,SRR2100855,S,R,NA,S,R,NA,NA,NA,S,NA,R,S,NA,NA,S,NA,NA,NA,S,NA,R,NA
1773.4645,SRR2100856,NA,NA,NA,NA,NA,NA,NA,NA,S,NA,S,NA,NA,NA,NA,NA,NA,NA,S,NA,S,NA
1773.465,SRR2100861,NA,NA,NA,NA,NA,NA,NA,NA,S,NA,S,NA,NA,NA,NA,NA,NA,NA,S,NA,S,NA
1773.4659,SRR2100870,NA,NA,NA,NA,NA,NA,NA,NA,R,NA,R,NA,NA,NA,NA,NA,NA,NA,S,NA,R,NA
1773.4663,SRR2100874,NA,NA,NA,NA,S,NA,NA,NA,S,NA,R,NA,NA,NA,NA,NA,NA,NA,S,NA,S,NA
1773.467,SRR2100883,NA,NA,NA,NA,S,NA,NA,NA,S,NA,R,NA,NA,NA,NA,NA,NA,NA,S,NA,S,NA
1773.4804,SRR2101022,NA,NA,NA,NA,NA,NA,NA,NA,S,NA,S,NA,NA,NA,NA,NA,NA,NA,S,NA,S,NA
1773.5088,SRR2101416,NA,S,NA,NA,NA,NA,NA,NA,NA,NA,S,NA,NA,NA,S,NA,NA,NA,NA,NA,NA,NA
1773.5177,SRR2101508,S,S,NA,S,NA,NA,NA,NA,S,NA,S,S,NA,NA,S,NA,NA,NA,S,NA,S,S
1773.5279,SRR2101616,S,S,NA,S,NA,NA,NA,NA,S,NA,S,S,NA,NA,S,NA,NA,NA,S,NA,S,S
1773.5841,SRR2100034,NA,NA,NA,NA,NA,NA,NA,NA,S,NA,S,NA,NA,NA,NA,NA,NA,NA,S,NA,S,NA
1773.5864,SRR2100057,NA,NA,NA,NA,NA,NA,NA,NA,S,NA,S,NA,NA,NA,NA,NA,NA,NA,S,NA,S,NA
1773.18297,ERR1035267,S,NA,NA,S,NA,NA,NA,NA,S,NA,R,S,NA,NA,NA,S,NA,NA,NA,NA,R,S
1773.18415,ERR1035177,R,NA,NA,S,NA,NA,S,NA,S,S,R,S,NA,NA,R,S,S,NA,S,NA,R,R
1773.18855,ERR124641,S,NA,NA,S,NA,NA,NA,NA,S,NA,S,S,NA,NA,NA,S,NA,NA,NA,NA,S,R
1773.19704,ERR181914,S,NA,NA,S,NA,NA,NA,NA,S,NA,S,S,NA,NA,NA,S,NA,NA,NA,NA,S,S
1773.20044,ERR212140,S,NA,NA,S,NA,NA,NA,NA,S,NA,S,S,NA,NA,NA,S,NA,NA,NA,NA,R,R
1773.20173,ERR221615,S,NA,NA,S,NA,NA,NA,NA,S,NA,S,S,NA,NA,NA,S,NA,NA,NA,NA,S,R
1773.20944,ERR3256121,S,NA,NA,S,NA,NA,NA,NA,S,NA,S,S,NA,NA,NA,S,NA,NA,NA,NA,S,S
1773.20969,ERR3256148,S,NA,NA,S,NA,NA,NA,NA,S,NA,R,S,NA,NA,NA,S,NA,NA,NA,NA,S,S
1773.20973,ERR3256147,S,NA,NA,S,NA,NA,NA,NA,S,NA,S,S,NA,NA,NA,S,NA,NA,NA,NA,S,S
1773.20979,ERR3256157,S,NA,NA,S,NA,NA,NA,NA,S,NA,S,S,NA,NA,NA,S,NA,NA,NA,NA,S,S
1773.31045,ERS1987024,S,NA,NA,S,NA,NA,NA,NA,S,NA,S,S,NA,NA,NA,S,NA,NA,NA,NA,S,R
1773.32051,ERS3371833,S,NA,NA,S,NA,NA,NA,NA,S,NA,R,S,NA,NA,NA,S,NA,NA,NA,NA,R,R
1773.32053,ERS3371831,S,NA,NA,S,NA,NA,NA,NA,S,NA,R,S,NA,NA,NA,S,NA,NA,NA,NA,S,R
1773.32104,ERS3371888,S,NA,NA,S,NA,NA,NA,NA,S,NA,S,S,NA,NA,NA,S,NA,NA,NA,NA,S,R
1773.32383,ERS5281318,S,NA,NA,R,NA,NA,NA,NA,S,NA,R,S,NA,NA,NA,S,NA,NA,NA,NA,R,R
1773.32731,ERS5281839,S,NA,NA,S,NA,NA,NA,NA,S,NA,S,S,NA,NA,NA,S,NA,NA,NA,NA,S,S
1773.3297,ERS5282139,S,NA,NA,S,NA,NA,NA,NA,S,NA,S,S,NA,NA,NA,S,NA,NA,NA,NA,S,R
1773.33101,ERS5282312,S,NA,NA,S,NA,NA,NA,NA,R,NA,R,S,NA,NA,NA,S,NA,NA,NA,NA,R,R
1773.33142,ERS5282357,S,NA,NA,S,NA,NA,NA,NA,S,NA,R,S,NA,NA,NA,S,NA,NA,NA,NA,R,R
1773.33341,ERS5282590,S,NA,NA,S,NA,NA,NA,NA,S,NA,R,S,NA,NA,NA,S,NA,NA,NA,NA,R,R
1773.33567,ERS5297854,R,NA,NA,R,NA,NA,NA,NA,S,NA,R,R,NA,NA,NA,S,NA,NA,NA,NA,S,S
1773.33578,ERS5297863,S,NA,NA,S,NA,NA,NA,NA,S,NA,S,S,NA,NA,NA,S,NA,NA,NA,NA,S,R
1773.33607,ERS5297908,R,NA,NA,R,NA,NA,NA,NA,S,NA,R,R,NA,NA,NA,S,NA,NA,NA,NA,R,S
1773.33623,ERS5297923,S,NA,NA,S,NA,NA,NA,NA,S,NA,S,S,NA,NA,NA,S,NA,NA,NA,NA,S,R
1773.33624,ERS5297925,S,NA,NA,S,NA,NA,NA,NA,S,NA,S,S,NA,NA,NA,S,NA,NA,NA,NA,S,R
1773.33652,ERS5297980,S,NA,NA,S,NA,NA,NA,NA,S,NA,S,S,NA,NA,NA,S,NA,NA,NA,NA,R,S
1773.33668,ERS5297992,S,NA,NA,S,NA,NA,NA,NA,S,NA,S,S,NA,NA,NA,S,NA,NA,NA,NA,R,S
1773.337,ERS5298029,R,NA,NA,R,NA,NA,NA,NA,S,NA,R,R,NA,NA,NA,S,NA,NA,NA,NA,S,R
1773.33731,ERS5298059,S,NA,NA,S,NA,NA,NA,NA,R,NA,R,S,NA,NA,NA,S,NA,NA,NA,NA,R,S
1773.33775,ERS5298104,S,NA,NA,S,NA,NA,NA,NA,S,NA,S,S,NA,NA,NA,S,NA,NA,NA,NA,S,R
1773.33784,ERS5298114,S,NA,NA,S,NA,NA,NA,NA,S,NA,S,S,NA,NA,NA,S,NA,NA,NA,NA,S,R
1773.33852,ERS5298187,S,NA,NA,S,NA,NA,NA,NA,S,NA,S,S,NA,NA,NA,S,NA,NA,NA,NA,S,R
1773.33864,ERS5298199,S,NA,NA,S,NA,NA,NA,NA,R,NA,R,S,NA,NA,NA,S,NA,NA,NA,NA,R,R
1773.33918,ERS5298260,S,NA,NA,S,NA,NA,NA,NA,S,NA,R,S,NA,NA,NA,S,NA,NA,NA,NA,S,R
1773.33963,ERS5298308,S,NA,NA,S,NA,NA,NA,NA,R,NA,R,S,NA,NA,NA,S,NA,NA,NA,NA,S,R
1773.34006,ERS5298502,R,NA,NA,R,NA,NA,NA,NA,S,NA,S,R,NA,NA,NA,S,NA,NA,NA,NA,R,R
1773.34053,ERS5298558,S,NA,NA,S,NA,NA,NA,NA,S,NA,S,S,NA,NA,NA,S,NA,NA,NA,NA,R,R
1773.34233,ERS5298761,S,NA,NA,S,NA,NA,NA,NA,S,NA,R,S,NA,NA,NA,S,NA,NA,NA,NA,R,R
1773.34252,ERS5298785,S,NA,NA,S,NA,NA,NA,NA,S,NA,S,S,NA,NA,NA,S,NA,NA,NA,NA,R,R
1773.34282,ERS5298820,S,NA,NA,S,NA,NA,NA,NA,S,NA,R,S,NA,NA,NA,S,NA,NA,NA,NA,R,R
1773.3432,ERS5300552,S,NA,NA,S,NA,NA,NA,NA,S,NA,S,S,NA,NA,NA,S,NA,NA,NA,NA,S,R
1773.34407,ERS5300633,S,NA,NA,S,NA,NA,NA,NA,S,NA,S,S,NA,NA,NA,S,NA,NA,NA,NA,R,R
1773.34676,ERS5301089,S,NA,NA,S,NA,NA,NA,NA,S,NA,S,S,NA,NA,NA,S,NA,NA,NA,NA,S,R
1773.34779,ERS5301821,S,NA,NA,S,NA,NA,NA,NA,S,NA,S,S,NA,NA,NA,S,NA,NA,NA,NA,R,R
1773.34781,ERS5301822,S,NA,NA,S,NA,NA,NA,NA,S,NA,R,S,NA,NA,NA,S,NA,NA,NA,NA,R,R
1773.34984,ERS5302108,S,NA,NA,S,NA,NA,NA,NA,S,NA,S,S,NA,NA,NA,S,NA,NA,NA,NA,R,R
1773.35019,ERS5302181,S,NA,NA,S,NA,NA,NA,NA,S,NA,R,S,NA,NA,NA,S,NA,NA,NA,NA,R,R
1773.35306,ERS5302534,S,NA,NA,S,NA,NA,NA,NA,S,NA,S,S,NA,NA,NA,S,NA,NA,NA,NA,R,R
1773.35373,ERS5302604,S,NA,NA,S,NA,NA,NA,NA,S,NA,S,S,NA,NA,NA,S,NA,NA,NA,NA,S,R
1773.35423,ERS5302672,S,NA,NA,S,NA,NA,NA,NA,S,NA,S,S,NA,NA,NA,S,NA,NA,NA,NA,R,R
1773.35436,ERS5302678,S,NA,NA,S,NA,NA,NA,NA,S,NA,R,S,NA,NA,NA,S,NA,NA,NA,NA,R,S
1773.35452,ERS5302698,S,NA,NA,S,NA,NA,NA,NA,S,NA,S,S,NA,NA,NA,S,NA,NA,NA,NA,S,R
1773.35457,ERS5302711,S,NA,NA,S,NA,NA,NA,NA,S,NA,S,S,NA,NA,NA,S,NA,NA,NA,NA,S,R
1773.35486,ERS5302743,S,NA,NA,S,NA,NA,NA,NA,S,NA,S,S,NA,NA,NA,S,NA,NA,NA,NA,S,R
1773.35731,ERS5303097,S,NA,NA,S,NA,NA,NA,NA,S,NA,S,S,NA,NA,NA,S,NA,NA,NA,NA,S,R
1773.35909,ERS5303391,S,NA,NA,S,NA,NA,NA,NA,S,NA,S,S,NA,NA,NA,S,NA,NA,NA,NA,S,R
1773.3593,ERS5303421,S,NA,NA,R,NA,NA,NA,NA,S,NA,S,S,NA,NA,NA,S,NA,NA,NA,NA,S,R
1773.36042,ERS5303562,R,NA,NA,R,NA,NA,NA,NA,S,NA,R,R,NA,NA,NA,S,NA,NA,NA,NA,R,R
1773.36153,ERS5303904,S,NA,NA,S,NA,NA,NA,NA,S,NA,S,S,NA,NA,NA,S,NA,NA,NA,NA,S,R
1773.36369,ERS5304190,S,NA,NA,S,NA,NA,NA,NA,S,NA,S,S,NA,NA,NA,S,NA,NA,NA,NA,S,R
1773.36611,ERS5312524,S,NA,NA,S,NA,NA,NA,NA,S,NA,S,S,NA,NA,NA,S,NA,NA,NA,NA,R,R
1773.36698,ERS5312608,S,NA,NA,S,NA,NA,NA,NA,S,NA,S,S,NA,NA,NA,S,NA,NA,NA,NA,S,R
1773.36789,ERS5317222,S,NA,NA,S,NA,NA,NA,NA,S,NA,S,S,NA,NA,NA,S,NA,NA,NA,NA,R,R
1773.36798,ERS5317233,S,NA,NA,S,NA,NA,NA,NA,S,NA,S,S,NA,NA,NA,S,NA,NA,NA,NA,S,S
1773.36867,ERS5317566,S,NA,NA,S,NA,NA,NA,NA,S,NA,S,S,NA,NA,NA,S,NA,NA,NA,NA,S,R
1773.36869,ERS5317568,S,NA,NA,S,NA,NA,NA,NA,S,NA,S,S,NA,NA,NA,S,NA,NA,NA,NA,S,R
1773.36932,ERS5317640,S,NA,NA,S,NA,NA,NA,NA,S,NA,S,S,NA,NA,NA,S,NA,NA,NA,NA,R,R
1773.36941,ERS5317636,S,NA,NA,S,NA,NA,NA,NA,S,NA,S,S,NA,NA,NA,S,NA,NA,NA,NA,S,R
1773.3779,ERS5319223,S,NA,NA,S,NA,NA,NA,NA,S,NA,S,S,NA,NA,NA,S,NA,NA,NA,NA,R,R
1773.38399,ERS5320202,S,NA,NA,S,NA,NA,NA,NA,S,NA,S,S,NA,NA,NA,S,NA,NA,NA,NA,S,R
1773.38521,ERS5320346,S,NA,NA,S,NA,NA,NA,NA,S,NA,R,S,NA,NA,NA,S,NA,NA,NA,NA,R,R
1773.38529,ERS5320354,S,NA,NA,S,NA,NA,NA,NA,S,NA,S,S,NA,NA,NA,S,NA,NA,NA,NA,S,R
1773.38611,ERS5320433,S,NA,NA,S,NA,NA,NA,NA,S,NA,S,S,NA,NA,NA,S,NA,NA,NA,NA,S,R
1773.38673,ERS5320495,S,NA,NA,S,NA,NA,NA,NA,S,NA,S,S,NA,NA,NA,S,NA,NA,NA,NA,S,R
1773.3883,ERS5320780,S,NA,NA,S,NA,NA,NA,NA,S,NA,R,S,NA,NA,NA,S,NA,NA,NA,NA,S,R
1773.39016,ERS6402732,S,NA,NA,S,NA,NA,NA,NA,S,NA,S,S,NA,NA,NA,S,NA,NA,NA,NA,S,R
1773.39044,ERS6402767,S,NA,NA,S,NA,NA,NA,NA,S,NA,S,S,NA,NA,NA,S,NA,NA,NA,NA,S,R
1773.39149,ERS6402899,S,NA,NA,S,NA,NA,NA,NA,S,NA,S,S,NA,NA,NA,S,NA,NA,NA,NA,S,S
1773.3918,ERS6402931,S,NA,NA,S,NA,NA,NA,NA,S,NA,R,S,NA,NA,NA,S,NA,NA,NA,NA,S,R
1773.39196,ERS6402949,S,NA,NA,S,NA,NA,NA,NA,S,NA,S,S,NA,NA,NA,S,NA,NA,NA,NA,S,R
1773.39251,ERS6403016,S,NA,NA,S,NA,NA,NA,NA,S,NA,S,S,NA,NA,NA,S,NA,NA,NA,NA,S,R
1773.39284,ERS6403049,S,NA,NA,S,NA,NA,NA,NA,S,NA,S,S,NA,NA,NA,S,NA,NA,NA,NA,S,S
1773.39316,ERS6403088,R,NA,NA,R,NA,NA,NA,NA,R,NA,R,R,NA,NA,NA,R,NA,NA,NA,NA,S,S
1773.39404,ERS6403185,S,NA,NA,S,NA,NA,NA,NA,S,NA,S,S,NA,NA,NA,S,NA,NA,NA,NA,S,S
1773.39408,ERS6403190,S,NA,NA,S,NA,NA,NA,NA,S,NA,R,S,NA,NA,NA,S,NA,NA,NA,NA,R,R
1773.39686,ERS6403515,S,NA,NA,S,NA,NA,NA,NA,S,NA,S,S,NA,NA,NA,S,NA,NA,NA,NA,R,S
1773.39699,ERS6403529,S,NA,NA,S,NA,NA,NA,NA,S,NA,S,S,NA,NA,NA,S,NA,NA,NA,NA,S,R
1773.39965,ERS6421513,S,NA,NA,S,NA,NA,NA,NA,S,NA,S,S,NA,NA,NA,S,NA,NA,NA,NA,S,R
1773.40008,ERS6421556,S,NA,NA,S,NA,NA,NA,NA,S,NA,S,S,NA,NA,NA,S,NA,NA,NA,NA,S,R
1773.40018,ERS6421567,S,NA,NA,S,NA,NA,NA,NA,S,NA,S,S,NA,NA,NA,S,NA,NA,NA,NA,S,R
1773.40025,ERS6421574,S,NA,NA,S,NA,NA,NA,NA,S,NA,S,S,NA,NA,NA,S,NA,NA,NA,NA,S,R
1773.40168,ERS6421732,S,NA,NA,S,NA,NA,NA,NA,S,NA,S,S,NA,NA,NA,S,NA,NA,NA,NA,S,R
1773.40245,ERS6421811,S,NA,NA,S,NA,NA,NA,NA,S,NA,S,S,NA,NA,NA,S,NA,NA,NA,NA,S,R
1773.40288,ERS6421896,R,NA,NA,R,NA,NA,NA,NA,S,NA,R,R,NA,NA,NA,S,NA,NA,NA,NA,R,R
1773.40333,ERS6421971,S,NA,NA,S,NA,NA,NA,NA,S,NA,S,S,NA,NA,NA,S,NA,NA,NA,NA,S,S
1773.40384,ERS6422022,S,NA,NA,S,NA,NA,NA,NA,S,NA,S,S,NA,NA,NA,S,NA,NA,NA,NA,S,R
1773.40441,ERS6422126,R,NA,NA,R,NA,NA,NA,NA,S,NA,R,R,NA,NA,NA,S,NA,NA,NA,NA,R,S
1773.40443,ERS6422136,S,NA,NA,S,NA,NA,NA,NA,S,NA,S,S,NA,NA,NA,S,NA,NA,NA,NA,S,R
1773.41153,ERS5281734,S,NA,S,S,NA,S,NA,S,S,S,R,S,S,S,S,S,R,NA,NA,R,R,R
1773.41716,ERS5282401,S,NA,S,R,NA,S,NA,S,R,S,R,S,R,S,R,S,S,NA,NA,R,R,R
1773.41838,ERS5282535,S,NA,S,S,NA,S,NA,S,R,R,R,S,S,S,S,S,S,NA,NA,R,R,R
1773.42079,ERS5282776,S,NA,S,S,NA,S,NA,S,S,S,S,S,R,S,R,S,S,NA,NA,S,R,R
1773.4211,ERS5282810,S,NA,S,S,NA,S,NA,S,S,S,S,S,S,S,S,S,S,NA,NA,S,S,R
1773.42493,ERS5283219,S,NA,S,S,NA,S,NA,R,R,R,R,S,R,S,R,S,R,NA,NA,R,R,R
1773.42653,ERR7361914,S,NA,NA,S,NA,NA,NA,NA,S,NA,S,S,NA,NA,NA,S,NA,NA,NA,NA,S,R
1773.42676,ERR7361941,S,NA,NA,S,NA,NA,NA,NA,S,NA,S,S,NA,NA,NA,S,NA,NA,NA,NA,S,R
1773.42752,ERR7362028,S,NA,NA,S,NA,NA,NA,NA,S,NA,S,S,NA,NA,NA,S,NA,NA,NA,NA,S,S
1773.43053,ERS5319693,S,NA,NA,S,NA,NA,NA,NA,S,NA,S,S,NA,NA,NA,S,NA,NA,NA,NA,R,R
1773.43077,ERS5320459,S,NA,NA,S,NA,NA,NA,NA,S,NA,S,S,NA,NA,NA,S,NA,NA,NA,NA,S,S
1773.43243,ERS3371849,S,NA,NA,S,NA,NA,NA,NA,S,NA,R,S,NA,NA,NA,S,NA,NA,NA,NA,R,R
1773.43247,ERS3371901,S,NA,NA,S,NA,NA,NA,NA,S,NA,R,S,NA,NA,NA,S,NA,NA,NA,NA,R,S
1773.43353,ERS5319538,S,NA,NA,S,NA,NA,NA,NA,S,NA,S,S,NA,NA,NA,S,NA,NA,NA,NA,S,R
1773.43446,ERS5317310,S,NA,NA,S,NA,NA,NA,NA,S,NA,S,S,NA,NA,NA,S,NA,NA,NA,NA,S,R
1773.43541,ERS5317479,S,NA,NA,S,NA,NA,NA,NA,S,NA,S,S,NA,NA,NA,S,NA,NA,NA,NA,S,R
1773.43592,ERS5317494,S,NA,NA,S,NA,NA,NA,NA,S,NA,S,S,NA,NA,NA,S,NA,NA,NA,NA,R,R
1773.43631,ERS6402994,S,NA,NA,S,NA,NA,NA,NA,S,NA,R,S,NA,NA,NA,S,NA,NA,NA,NA,R,R
1773.18372,ERR1035364,S,NA,NA,S,NA,NA,NA,NA,R,NA,R,S,NA,NA,NA,S,NA,NA,NA,NA,R,S
1773.18512,ERR1034865,S,NA,NA,R,NA,NA,S,NA,S,S,R,S,NA,NA,NA,S,S,NA,S,NA,R,R
1773.1946,ERR176807,S,NA,NA,S,NA,NA,NA,NA,S,NA,S,S,NA,NA,NA,S,NA,NA,NA,NA,S,R
1773.20981,ERR3256160,S,NA,NA,S,NA,NA,NA,NA,S,NA,S,S,NA,NA,NA,S,NA,NA,NA,NA,S,S
1773.21028,ERR3256206,S,NA,NA,S,NA,NA,NA,NA,S,NA,R,S,NA,NA,NA,S,NA,NA,NA,NA,S,S
1773.21733,ERR3256283,S,NA,NA,S,NA,NA,NA,NA,S,NA,R,S,NA,NA,NA,S,NA,NA,NA,NA,R,R
1773.33075,ERS5282265,S,NA,NA,S,NA,NA,NA,NA,S,NA,S,S,NA,NA,NA,S,NA,NA,NA,NA,S,R
1773.33216,ERS5282449,S,NA,NA,S,NA,NA,NA,NA,S,NA,S,S,NA,NA,NA,S,NA,NA,NA,NA,R,R
1773.33674,ERS5298002,S,NA,NA,S,NA,NA,NA,NA,S,NA,S,S,NA,NA,NA,S,NA,NA,NA,NA,S,R
1773.34814,ERS5301874,S,NA,NA,S,NA,NA,NA,NA,S,NA,S,S,NA,NA,NA,S,NA,NA,NA,NA,R,R
1773.36571,ERS5312480,S,NA,NA,S,NA,NA,NA,NA,S,NA,S,S,NA,NA,NA,S,NA,NA,NA,NA,R,S
1773.36889,ERS5317600,S,NA,NA,S,NA,NA,NA,NA,S,NA,S,S,NA,NA,NA,S,NA,NA,NA,NA,R,R
1773.38457,ERS5320267,S,NA,NA,S,NA,NA,NA,NA,S,NA,S,S,NA,NA,NA,S,NA,NA,NA,NA,S,R
1773.38591,ERS5320412,S,NA,NA,S,NA,NA,NA,NA,S,NA,S,S,NA,NA,NA,S,NA,NA,NA,NA,S,R
1773.38664,ERS5320486,S,NA,NA,S,NA,NA,NA,NA,S,NA,R,S,NA,NA,NA,S,NA,NA,NA,NA,S,R
1773.38709,ERS5320613,S,NA,NA,S,NA,NA,NA,NA,S,NA,R,S,NA,NA,NA,S,NA,NA,NA,NA,R,R
1773.38721,ERS5320631,S,NA,NA,R,NA,NA,NA,NA,S,NA,S,S,NA,NA,NA,S,NA,NA,NA,NA,R,R
1773.39006,ERS6402719,S,NA,NA,S,NA,NA,NA,NA,S,NA,S,S,NA,NA,NA,S,NA,NA,NA,NA,R,R
1773.39484,ERS6403280,S,NA,NA,S,NA,NA,NA,NA,S,NA,S,S,NA,NA,NA,S,NA,NA,NA,NA,S,R
1773.39549,ERS6403358,S,NA,NA,S,NA,NA,NA,NA,S,NA,R,S,NA,NA,NA,S,NA,NA,NA,NA,R,S
1773.39948,ERS6421492,S,NA,NA,S,NA,NA,NA,NA,S,NA,S,S,NA,NA,NA,S,NA,NA,NA,NA,S,R
1773.4036,ERS6421994,S,NA,NA,S,NA,NA,NA,NA,S,NA,R,S,NA,NA,NA,S,NA,NA,NA,NA,S,R
1773.40638,ERS5281195,S,NA,S,S,NA,S,NA,S,S,R,R,S,R,S,R,S,S,NA,NA,R,R,R
1773.42462,ERS5283178,S,NA,S,S,NA,R,NA,R,R,S,R,S,R,R,R,R,R,NA,NA,R,R,R
1773.42621,ERR6929514,S,NA,NA,S,NA,NA,NA,NA,S,NA,S,S,NA,NA,NA,S,NA,NA,NA,NA,R,S
1773.42961,ERS5300998,S,NA,NA,S,NA,NA,NA,NA,S,NA,R,S,NA,NA,NA,S,NA,NA,NA,NA,S,R
1773.43533,ERS5317452,S,NA,NA,S,NA,NA,NA,NA,S,NA,S,S,NA,NA,NA,S,NA,NA,NA,NA,R,S
1773.18397,ERR1034603,R,NA,NA,R,R,NA,NA,NA,S,S,R,R,NA,NA,NA,S,NA,NA,R,NA,R,S
1773.18966,ERR161107,S,NA,NA,S,NA,NA,NA,NA,S,NA,S,S,NA,NA,NA,S,NA,NA,NA,NA,S,R
1773.18984,ERR161131,S,NA,NA,S,NA,NA,NA,NA,S,NA,S,S,NA,NA,NA,S,NA,NA,NA,NA,S,S
1773.23342,ERR1654681,S,NA,NA,S,NA,NA,NA,NA,S,NA,R,S,NA,NA,NA,S,NA,NA,NA,NA,R,R
1773.19079,ERR163954,S,NA,NA,S,NA,NA,NA,NA,S,NA,S,S,NA,NA,NA,S,NA,NA,NA,NA,S,S
1773.32439,ERS5281418,S,NA,NA,S,NA,NA,NA,NA,S,NA,R,S,NA,NA,NA,S,NA,NA,NA,NA,R,R
1773.32723,ERS5281828,S,NA,NA,S,NA,NA,NA,NA,S,NA,S,S,NA,NA,NA,S,NA,NA,NA,NA,R,R
1773.33171,ERS5282389,S,NA,NA,S,NA,NA,NA,NA,R,NA,R,S,NA,NA,NA,S,NA,NA,NA,NA,R,R
1773.34086,ERS5298593,S,NA,NA,S,NA,NA,NA,NA,S,NA,S,S,NA,NA,NA,S,NA,NA,NA,NA,S,R
1773.36686,ERS5312600,S,NA,NA,R,NA,NA,NA,NA,S,NA,S,S,NA,NA,NA,S,NA,NA,NA,NA,R,R
1773.36984,ERS5317707,S,NA,NA,S,NA,NA,NA,NA,S,NA,R,S,NA,NA,NA,S,NA,NA,NA,NA,S,R
1773.37076,ERS5317809,S,NA,NA,S,NA,NA,NA,NA,R,NA,R,S,NA,NA,NA,S,NA,NA,NA,NA,R,R
1773.38189,ERS5319967,S,NA,NA,S,NA,NA,NA,NA,S,NA,S,S,NA,NA,NA,S,NA,NA,NA,NA,R,R
1773.38454,ERS5320262,S,NA,NA,S,NA,NA,NA,NA,S,NA,S,S,NA,NA,NA,S,NA,NA,NA,NA,S,S
1773.39294,ERS6403063,S,NA,NA,S,NA,NA,NA,NA,S,NA,R,S,NA,NA,NA,S,NA,NA,NA,NA,R,R
1773.39821,ERS6403617,R,NA,NA,R,NA,NA,NA,NA,S,NA,R,R,NA,NA,NA,S,NA,NA,NA,NA,S,S
1773.40119,ERS6421677,S,NA,NA,S,NA,NA,NA,NA,S,NA,S,S,NA,NA,NA,S,NA,NA,NA,NA,S,R
1773.40521,ERS6422210,S,NA,NA,S,NA,NA,NA,NA,S,NA,S,S,NA,NA,NA,S,NA,NA,NA,NA,S,R
1773.42285,ERS5282993,S,NA,S,S,NA,S,NA,S,R,S,S,S,S,S,S,S,S,NA,NA,S,R,R
1773.42383,ERS5283106,S,NA,S,S,NA,S,NA,S,R,R,R,S,S,S,S,S,S,NA,NA,S,S,R
1773.43465,ERS5317402,S,NA,NA,S,NA,NA,NA,NA,S,NA,S,S,NA,NA,NA,S,NA,NA,NA,NA,S,S
1773.43522,ERS5317481,S,NA,NA,S,NA,NA,NA,NA,S,NA,S,S,NA,NA,NA,S,NA,NA,NA,NA,R,R
1773.19053,ERR163932,S,NA,NA,S,NA,NA,NA,NA,S,NA,S,S,NA,NA,NA,S,NA,NA,NA,NA,S,S
1773.19067,ERR163939,S,NA,NA,S,NA,NA,NA,NA,S,NA,S,S,NA,NA,NA,S,NA,NA,NA,NA,S,R
1773.31509,ERS2394585,S,NA,NA,S,NA,NA,NA,NA,S,NA,S,S,NA,NA,NA,S,NA,NA,NA,NA,R,R
1773.33441,ERS5282731,S,NA,NA,S,NA,NA,NA,NA,R,NA,R,S,NA,NA,NA,S,NA,NA,NA,NA,R,R
1773.34383,ERS5300613,S,NA,NA,S,NA,NA,NA,NA,S,NA,S,S,NA,NA,NA,S,NA,NA,NA,NA,S,R
1773.35594,ERS5302876,S,NA,NA,S,NA,NA,NA,NA,S,NA,S,S,NA,NA,NA,S,NA,NA,NA,NA,S,R
1773.36967,ERS5317688,S,NA,NA,S,NA,NA,NA,NA,S,NA,S,S,NA,NA,NA,S,NA,NA,NA,NA,S,R
1773.40145,ERS6421709,S,NA,NA,S,NA,NA,NA,NA,S,NA,S,S,NA,NA,NA,S,NA,NA,NA,NA,S,R
1773.37016,ERS5317755,S,NA,NA,S,NA,NA,NA,NA,S,NA,S,S,NA,NA,NA,S,NA,NA,NA,NA,S,S
1773.18296,ERR1035276,S,NA,NA,S,NA,NA,NA,NA,S,NA,R,S,NA,NA,NA,S,NA,NA,NA,NA,R,R
1773.18603,ERR1034723,S,NA,NA,S,S,NA,NA,NA,S,NA,S,S,NA,NA,NA,S,NA,NA,R,NA,S,R
1773.18621,ERR1034747,S,NA,NA,S,S,NA,NA,NA,S,NA,R,S,NA,NA,NA,S,NA,NA,NA,NA,S,R
1773.18625,ERR1034752,S,NA,NA,S,S,NA,NA,NA,S,NA,R,S,NA,NA,NA,S,NA,NA,NA,NA,S,S
1773.20993,ERR3256170,S,NA,NA,S,NA,NA,NA,NA,S,NA,S,S,NA,NA,NA,S,NA,NA,NA,NA,S,S
1773.21,ERR3256180,S,NA,NA,S,NA,NA,NA,NA,S,NA,S,S,NA,NA,NA,S,NA,NA,NA,NA,S,S
1773.21038,ERR3256215,S,NA,NA,S,NA,NA,NA,NA,S,NA,S,S,NA,NA,NA,S,NA,NA,NA,NA,S,S
1773.21043,ERR3256222,S,NA,NA,S,NA,NA,NA,NA,S,NA,R,S,NA,NA,NA,S,NA,NA,NA,NA,S,S
1773.21048,ERR3256227,S,NA,NA,S,NA,NA,NA,NA,S,NA,S,S,NA,NA,NA,S,NA,NA,NA,NA,S,S
1773.2437,ERR552204,NA,NA,NA,NA,NA,NA,NA,NA,S,NA,S,NA,NA,NA,NA,NA,NA,NA,S,NA,S,S
1773.2438,ERR551085,NA,NA,NA,NA,NA,NA,NA,NA,S,NA,S,NA,NA,NA,NA,NA,NA,NA,S,NA,S,S
1773.2474,ERR551257,NA,NA,NA,NA,NA,NA,NA,NA,S,NA,S,NA,NA,NA,NA,NA,NA,NA,S,NA,S,S
1773.2475,ERR552941,NA,NA,NA,NA,NA,NA,NA,NA,S,NA,S,NA,NA,NA,NA,NA,NA,NA,S,NA,S,S
1773.2527,ERR551302,NA,NA,NA,NA,NA,NA,NA,NA,S,NA,S,NA,NA,NA,NA,NA,NA,NA,S,NA,S,S
1773.255,ERR553341,NA,NA,NA,NA,NA,NA,NA,NA,S,NA,S,NA,NA,NA,NA,NA,NA,NA,S,NA,S,S
1773.2561,ERR551473,NA,NA,NA,NA,NA,NA,NA,NA,S,NA,S,NA,NA,NA,NA,NA,NA,NA,S,NA,S,S
1773.2622,ERR551008,NA,NA,NA,NA,NA,NA,NA,NA,S,NA,S,NA,NA,NA,NA,NA,NA,NA,S,NA,S,S
1773.281,ERR550709,NA,NA,NA,NA,NA,NA,NA,NA,S,NA,S,NA,NA,NA,NA,NA,NA,NA,S,NA,S,S
1773.2847,ERR550678,NA,NA,NA,NA,NA,NA,NA,NA,S,NA,S,NA,NA,NA,NA,NA,NA,NA,S,NA,S,S
1773.2849,ERR551761,NA,NA,NA,NA,NA,NA,NA,NA,S,NA,S,NA,NA,NA,NA,NA,NA,NA,S,NA,S,S
1773.2866,ERR551602,NA,NA,NA,NA,NA,NA,NA,NA,S,NA,S,NA,NA,NA,NA,NA,NA,NA,S,NA,S,S
1773.2891,ERR550745,NA,NA,NA,NA,NA,NA,NA,NA,S,NA,S,NA,NA,NA,NA,NA,NA,NA,S,NA,S,S
1773.2894,ERR551301,NA,NA,NA,NA,NA,NA,NA,NA,S,NA,S,NA,NA,NA,NA,NA,NA,NA,S,NA,S,S
1773.2898,ERR552168,NA,NA,NA,NA,NA,NA,NA,NA,S,NA,S,NA,NA,NA,NA,NA,NA,NA,S,NA,S,S
1773.2963,ERR552957,NA,NA,NA,NA,NA,NA,NA,NA,S,NA,S,NA,NA,NA,NA,NA,NA,NA,S,NA,S,R
1773.3015,ERR552394,NA,NA,NA,NA,NA,NA,NA,NA,S,NA,S,NA,NA,NA,NA,NA,NA,NA,S,NA,S,S
1773.302,ERR552547,NA,NA,NA,NA,NA,NA,NA,NA,S,NA,S,NA,NA,NA,NA,NA,NA,NA,S,NA,S,S
1773.3025,ERR551160,NA,NA,NA,NA,NA,NA,NA,NA,S,NA,S,NA,NA,NA,NA,NA,NA,NA,S,NA,S,S
1773.3085,ERR553223,NA,NA,NA,NA,NA,NA,NA,NA,S,NA,S,NA,NA,NA,NA,NA,NA,NA,S,NA,S,S
1773.3089,ERR551712,NA,NA,NA,NA,NA,NA,NA,NA,S,NA,S,NA,NA,NA,NA,NA,NA,NA,S,NA,S,S
1773.3131,ERS1987321,S,NA,NA,S,NA,NA,NA,NA,S,NA,S,S,NA,NA,NA,S,NA,NA,NA,NA,S,R
1773.31322,ERS1987325,S,NA,NA,S,NA,NA,NA,NA,S,NA,R,S,NA,NA,NA,S,NA,NA,NA,NA,S,R
1773.31338,ERS1987345,S,NA,NA,S,NA,NA,NA,NA,S,NA,S,S,NA,NA,NA,S,NA,NA,NA,NA,R,R
1773.31359,ERS1987368,S,NA,NA,S,NA,NA,NA,NA,S,NA,S,S,NA,NA,NA,S,NA,NA,NA,NA,S,R
1773.31393,ERS1987404,S,NA,NA,S,NA,NA,NA,NA,S,NA,S,S,NA,NA,NA,S,NA,NA,NA,NA,S,R
1773.3149,ERR551012,NA,NA,NA,NA,NA,NA,NA,NA,S,NA,S,NA,NA,NA,NA,NA,NA,NA,S,NA,S,S
1773.3173,ERR551874,NA,NA,NA,NA,NA,NA,NA,NA,S,NA,S,NA,NA,NA,NA,NA,NA,NA,S,NA,S,S
1773.319,ERS3371667,S,NA,NA,S,NA,NA,NA,NA,S,NA,R,S,NA,NA,NA,S,NA,NA,NA,NA,S,R
1773.32044,ERS3371821,S,NA,NA,S,NA,NA,NA,NA,S,NA,R,S,NA,NA,NA,S,NA,NA,NA,NA,S,R
1773.3205,ERR552293,NA,NA,NA,NA,NA,NA,NA,NA,S,NA,S,NA,NA,NA,NA,NA,NA,NA,S,NA,S,S
1773.3226,ERR552868,NA,NA,NA,NA,NA,NA,NA,NA,S,NA,S,NA,NA,NA,NA,NA,NA,NA,S,NA,S,S
1773.32276,ERS3372076,R,NA,NA,R,NA,NA,NA,NA,S,NA,R,R,NA,NA,NA,S,NA,NA,NA,NA,S,R
1773.32484,ERS5281500,S,NA,NA,S,NA,NA,NA,NA,S,NA,S,S,NA,NA,NA,S,NA,NA,NA,NA,S,R
1773.3264,ERR551518,NA,NA,NA,NA,NA,NA,NA,NA,S,NA,S,NA,NA,NA,NA,NA,NA,NA,S,NA,S,S
1773.32667,ERS5281699,S,NA,NA,S,NA,NA,NA,NA,S,NA,R,S,NA,NA,NA,S,NA,NA,NA,NA,R,R
1773.3275,ERR551213,NA,NA,NA,NA,NA,NA,NA,NA,S,NA,S,NA,NA,NA,NA,NA,NA,NA,S,NA,S,S
1773.3349,ERR553232,NA,NA,NA,NA,NA,NA,NA,NA,S,NA,R,NA,NA,NA,NA,NA,NA,NA,S,NA,S,S
1773.33675,ERS5298001,S,NA,NA,S,NA,NA,NA,NA,S,NA,S,S,NA,NA,NA,S,NA,NA,NA,NA,R,R
1773.33692,ERS5298017,S,NA,NA,S,NA,NA,NA,NA,S,NA,S,S,NA,NA,NA,S,NA,NA,NA,NA,R,S
1773.33785,ERS5298117,S,NA,NA,S,NA,NA,NA,NA,S,NA,S,S,NA,NA,NA,S,NA,NA,NA,NA,S,R
1773.33833,ERS5298167,R,NA,NA,R,NA,NA,NA,NA,R,NA,R,R,NA,NA,NA,S,NA,NA,NA,NA,R,R
1773.34397,ERS5300636,S,NA,NA,S,NA,NA,NA,NA,S,NA,S,S,NA,NA,NA,S,NA,NA,NA,NA,S,R
1773.34589,ERS5300878,S,NA,NA,S,NA,NA,NA,NA,R,NA,R,S,NA,NA,NA,S,NA,NA,NA,NA,R,R
1773.3466,ERR551482,NA,NA,NA,NA,NA,NA,NA,NA,S,NA,S,NA,NA,NA,NA,NA,NA,NA,S,NA,S,S
1773.3469,ERR552205,NA,NA,NA,NA,NA,NA,NA,NA,S,NA,S,NA,NA,NA,NA,NA,NA,NA,S,NA,S,S
1773.34943,ERS5302057,S,NA,NA,S,NA,NA,NA,NA,S,NA,S,S,NA,NA,NA,S,NA,NA,NA,NA,R,R
1773.34954,ERS5302077,S,NA,NA,S,NA,NA,NA,NA,S,NA,S,S,NA,NA,NA,S,NA,NA,NA,NA,R,R
1773.34961,ERS5302086,S,NA,NA,S,NA,NA,NA,NA,S,NA,S,S,NA,NA,NA,S,NA,NA,NA,NA,S,R
1773.35041,ERS5302198,S,NA,NA,S,NA,NA,NA,NA,S,NA,S,S,NA,NA,NA,S,NA,NA,NA,NA,S,R
1773.35168,ERS5302357,S,NA,NA,S,NA,NA,NA,NA,S,NA,S,S,NA,NA,NA,S,NA,NA,NA,NA,R,R
1773.35297,ERS5302518,S,NA,NA,S,NA,NA,NA,NA,S,NA,R,S,NA,NA,NA,S,NA,NA,NA,NA,R,R
1773.35364,ERS5302598,S,NA,NA,S,NA,NA,NA,NA,S,NA,S,S,NA,NA,NA,S,NA,NA,NA,NA,S,R
1773.35443,ERS5302688,S,NA,NA,S,NA,NA,NA,NA,S,NA,S,S,NA,NA,NA,S,NA,NA,NA,NA,S,R
1773.35943,ERS5303433,S,NA,NA,S,NA,NA,NA,NA,S,NA,S,S,NA,NA,NA,S,NA,NA,NA,NA,S,R
1773.3611,ERR040097,NA,NA,NA,NA,NA,NA,NA,NA,S,NA,S,NA,NA,NA,NA,NA,NA,NA,S,NA,S,NA
1773.37782,ERS5319210,S,NA,NA,S,NA,NA,NA,NA,S,NA,R,S,NA,NA,NA,S,NA,NA,NA,NA,S,R
1773.38331,ERS5320116,S,NA,NA,S,NA,NA,NA,NA,S,NA,S,S,NA,NA,NA,S,NA,NA,NA,NA,S,S
1773.3844,ERR046988,NA,NA,NA,NA,NA,NA,NA,NA,S,NA,S,NA,NA,NA,NA,NA,NA,NA,S,NA,S,NA
1773.39346,ERS6403119,S,NA,NA,R,NA,NA,NA,NA,S,NA,S,S,NA,NA,NA,S,NA,NA,NA,NA,S,R
1773.40147,ERS6421710,S,NA,NA,S,NA,NA,NA,NA,S,NA,S,S,NA,NA,NA,S,NA,NA,NA,NA,S,R
1773.4023,ERS6421787,S,NA,NA,S,NA,NA,NA,NA,S,NA,S,S,NA,NA,NA,S,NA,NA,NA,NA,S,R
1773.40278,ERS6421884,S,NA,NA,S,NA,NA,NA,NA,S,NA,S,S,NA,NA,NA,S,NA,NA,NA,NA,S,R
1773.40309,ERS6421922,S,NA,NA,S,NA,NA,NA,NA,S,NA,S,S,NA,NA,NA,S,NA,NA,NA,NA,S,R
1773.4045,SRR2100246,S,S,NA,S,S,NA,NA,NA,S,NA,R,S,NA,NA,S,NA,NA,NA,S,NA,R,S
1773.40574,ERR3323715,S,NA,NA,S,NA,NA,NA,NA,R,NA,R,S,NA,NA,NA,S,NA,NA,NA,NA,S,R
1773.4073,ERS5281295,S,NA,S,S,NA,S,NA,S,S,R,S,S,S,S,S,S,S,NA,NA,S,S,S
1773.4113,ERS5281691,S,NA,S,S,NA,S,NA,S,S,S,S,S,S,S,S,S,S,NA,NA,S,S,S
1773.42465,ERS5283192,S,NA,S,S,NA,S,NA,S,S,S,S,S,S,S,S,S,S,NA,NA,S,S,R
1773.4301,SRR2100501,NA,NA,NA,NA,NA,NA,NA,NA,S,NA,S,NA,NA,NA,NA,NA,NA,NA,S,NA,S,NA
1773.43337,ERS5302173,S,NA,NA,S,NA,NA,NA,NA,S,NA,S,S,NA,NA,NA,S,NA,NA,NA,NA,S,R
1773.43481,ERS5317544,S,NA,NA,S,NA,NA,NA,NA,S,NA,S,S,NA,NA,NA,S,NA,NA,NA,NA,R,R
1773.43577,ERS5320595,S,NA,NA,S,NA,NA,NA,NA,S,NA,R,S,NA,NA,NA,S,NA,NA,NA,NA,S,R
1773.452,SRR2100724,NA,NA,NA,NA,NA,NA,NA,NA,S,NA,S,NA,NA,NA,NA,NA,NA,NA,S,NA,S,NA
1773.4526,SRR2100730,NA,NA,NA,NA,NA,NA,NA,NA,S,NA,S,NA,NA,NA,NA,NA,NA,NA,S,NA,S,NA
1773.4608,SRR2100818,NA,NA,NA,NA,NA,NA,NA,NA,S,NA,S,NA,NA,NA,NA,NA,NA,NA,S,NA,S,NA
1773.4656,SRR2100867,NA,NA,NA,NA,NA,NA,NA,NA,S,NA,S,NA,NA,NA,NA,NA,NA,NA,S,NA,S,NA
1773.4959,SRR2101201,NA,NA,NA,NA,NA,NA,NA,NA,S,NA,S,NA,NA,NA,NA,NA,NA,NA,S,NA,S,NA
1773.514,SRR2101469,S,S,NA,S,NA,NA,NA,NA,S,NA,R,S,NA,NA,S,NA,NA,NA,S,NA,S,S
1773.5295,SRR2101635,S,S,NA,S,NA,NA,NA,NA,S,NA,R,S,NA,NA,S,NA,NA,NA,S,NA,S,S
1773.5367,SRR2101720,S,S,NA,S,NA,NA,NA,NA,S,NA,S,R,NA,NA,S,NA,NA,NA,S,NA,S,S
1773.5482,ERR552729,NA,NA,NA,NA,NA,NA,NA,NA,S,NA,S,NA,NA,NA,NA,NA,NA,NA,S,NA,S,S
1773.5508,ERR551038,NA,NA,NA,NA,NA,NA,NA,NA,S,NA,R,NA,NA,NA,NA,NA,NA,NA,S,NA,S,S
1773.5804,SRR2099997,NA,NA,NA,NA,NA,NA,NA,NA,S,NA,S,NA,NA,NA,NA,NA,NA,NA,S,NA,S,NA
1773.18508,ERR1034849,S,NA,NA,S,NA,NA,S,NA,S,S,R,S,NA,NA,NA,S,S,NA,NA,NA,S,R
1773.18623,ERR1034749,S,NA,NA,S,S,NA,NA,NA,S,NA,S,S,NA,NA,NA,S,NA,NA,NA,NA,S,R
1773.19409,ERR176748,S,NA,NA,S,NA,NA,NA,NA,S,NA,S,S,NA,NA,NA,S,NA,NA,NA,NA,S,R
1773.19461,ERR176813,S,NA,NA,S,NA,NA,NA,NA,S,NA,S,S,NA,NA,NA,S,NA,NA,NA,NA,S,S
1773.19835,ERR182050,S,NA,NA,S,NA,NA,NA,NA,S,NA,S,S,NA,NA,NA,S,NA,NA,NA,NA,S,R
1773.2005,ERR212149,S,NA,NA,S,NA,NA,NA,NA,S,NA,S,S,NA,NA,NA,S,NA,NA,NA,NA,S,R
1773.20994,ERR3256167,S,NA,NA,S,NA,NA,NA,NA,S,NA,S,S,NA,NA,NA,S,NA,NA,NA,NA,S,S
1773.21019,ERR3256201,S,NA,NA,S,NA,NA,NA,NA,S,NA,S,S,NA,NA,NA,S,NA,NA,NA,NA,S,S
1773.3105,ERS1987029,S,NA,NA,S,NA,NA,NA,NA,S,NA,S,S,NA,NA,NA,S,NA,NA,NA,NA,R,R
1773.31069,ERS1987052,S,NA,NA,S,NA,NA,NA,NA,S,NA,S,S,NA,NA,NA,S,NA,NA,NA,NA,S,R
1773.31095,ERS1987085,R,NA,NA,R,NA,NA,NA,NA,S,NA,R,R,NA,NA,NA,S,NA,NA,NA,NA,R,R
1773.31282,ERS1987285,S,NA,NA,S,NA,NA,NA,NA,S,NA,S,S,NA,NA,NA,S,NA,NA,NA,NA,R,R
1773.31312,ERS1987316,S,NA,NA,S,NA,NA,NA,NA,S,NA,S,S,NA,NA,NA,S,NA,NA,NA,NA,R,S
1773.31314,ERS1987319,S,NA,NA,S,NA,NA,NA,NA,S,NA,R,S,NA,NA,NA,S,NA,NA,NA,NA,R,S
1773.31355,ERS1987359,S,NA,NA,S,NA,NA,NA,NA,S,NA,S,S,NA,NA,NA,S,NA,NA,NA,NA,S,R
1773.31377,ERS1987390,S,NA,NA,S,NA,NA,NA,NA,S,NA,S,S,NA,NA,NA,S,NA,NA,NA,NA,S,R
1773.31796,ERS3371557,S,NA,NA,S,NA,NA,NA,NA,S,NA,S,S,NA,NA,NA,S,NA,NA,NA,NA,S,R
1773.31902,ERS3371669,S,NA,NA,S,NA,NA,NA,NA,S,NA,R,S,NA,NA,NA,S,NA,NA,NA,NA,R,R
1773.32071,ERS3371855,S,NA,NA,S,NA,NA,NA,NA,S,NA,S,S,NA,NA,NA,S,NA,NA,NA,NA,R,R
1773.32095,ERS3371879,S,NA,NA,S,NA,NA,NA,NA,S,NA,R,S,NA,NA,NA,S,NA,NA,NA,NA,R,R
1773.32117,ERS3371903,S,NA,NA,S,NA,NA,NA,NA,S,NA,R,S,NA,NA,NA,S,NA,NA,NA,NA,S,R
1773.32178,ERS3371970,R,NA,NA,R,NA,NA,NA,NA,S,NA,R,R,NA,NA,NA,S,NA,NA,NA,NA,R,R
1773.32331,ERS5281237,S,NA,NA,S,NA,NA,NA,NA,R,NA,R,S,NA,NA,NA,S,NA,NA,NA,NA,R,R
1773.32359,ERS5281271,S,NA,NA,S,NA,NA,NA,NA,S,NA,R,S,NA,NA,NA,S,NA,NA,NA,NA,R,R
1773.32447,ERS5281433,S,NA,NA,S,NA,NA,NA,NA,R,NA,R,S,NA,NA,NA,S,NA,NA,NA,NA,R,R
1773.32644,ERS5281671,S,NA,NA,S,NA,NA,NA,NA,R,NA,R,S,NA,NA,NA,S,NA,NA,NA,NA,R,R
1773.32695,ERS5281761,S,NA,NA,S,NA,NA,NA,NA,S,NA,S,S,NA,NA,NA,S,NA,NA,NA,NA,S,R
1773.33061,ERS5282253,S,NA,NA,S,NA,NA,NA,NA,S,NA,R,S,NA,NA,NA,S,NA,NA,NA,NA,R,R
1773.33193,ERS5282427,S,NA,NA,S,NA,NA,NA,NA,S,NA,S,S,NA,NA,NA,S,NA,NA,NA,NA,R,R
1773.33321,ERS5282576,S,NA,NA,S,NA,NA,NA,NA,S,NA,S,S,NA,NA,NA,S,NA,NA,NA,NA,S,S
1773.3339,ERS5282669,S,NA,NA,S,NA,NA,NA,NA,S,NA,R,S,NA,NA,NA,S,NA,NA,NA,NA,R,R
1773.33629,ERS5297940,S,NA,NA,S,NA,NA,NA,NA,S,NA,S,S,NA,NA,NA,S,NA,NA,NA,NA,S,R
1773.33631,ERS5297935,S,NA,NA,S,NA,NA,NA,NA,S,NA,S,S,NA,NA,NA,S,NA,NA,NA,NA,S,R
1773.33748,ERS5298078,S,NA,NA,S,NA,NA,NA,NA,S,NA,R,S,NA,NA,NA,S,NA,NA,NA,NA,S,R
1773.33749,ERS5298079,S,NA,NA,S,NA,NA,NA,NA,S,NA,S,S,NA,NA,NA,S,NA,NA,NA,NA,S,R
1773.33803,ERS5298132,S,NA,NA,S,NA,NA,NA,NA,S,NA,S,S,NA,NA,NA,S,NA,NA,NA,NA,R,R
1773.33831,ERS5298168,S,NA,NA,S,NA,NA,NA,NA,S,NA,S,S,NA,NA,NA,S,NA,NA,NA,NA,S,R
1773.34,ERS5298490,S,NA,NA,S,NA,NA,NA,NA,S,NA,R,S,NA,NA,NA,S,NA,NA,NA,NA,R,R
1773.34214,ERS5298735,S,NA,NA,S,NA,NA,NA,NA,S,NA,S,S,NA,NA,NA,S,NA,NA,NA,NA,R,R
1773.34288,ERS5298828,S,NA,NA,S,NA,NA,NA,NA,S,NA,S,S,NA,NA,NA,S,NA,NA,NA,NA,S,R
1773.3429,ERS5298829,S,NA,NA,S,NA,NA,NA,NA,S,NA,S,S,NA,NA,NA,S,NA,NA,NA,NA,S,R
1773.34297,ERS5300525,S,NA,NA,S,NA,NA,NA,NA,S,NA,S,S,NA,NA,NA,S,NA,NA,NA,NA,R,R
1773.34428,ERS5300684,S,NA,NA,S,NA,NA,NA,NA,S,NA,R,S,NA,NA,NA,S,NA,NA,NA,NA,R,R
1773.34432,ERS5300681,S,NA,NA,S,NA,NA,NA,NA,S,NA,R,S,NA,NA,NA,S,NA,NA,NA,NA,S,R
1773.34495,ERS5300760,S,NA,NA,S,NA,NA,NA,NA,S,NA,S,S,NA,NA,NA,S,NA,NA,NA,NA,R,R
1773.34512,ERS5300778,S,NA,NA,S,NA,NA,NA,NA,S,NA,S,S,NA,NA,NA,S,NA,NA,NA,NA,S,R
1773.35122,ERS5302304,S,NA,NA,S,NA,NA,NA,NA,S,NA,R,S,NA,NA,NA,S,NA,NA,NA,NA,S,R
1773.35397,ERS5302635,S,NA,NA,S,NA,NA,NA,NA,S,NA,S,S,NA,NA,NA,S,NA,NA,NA,NA,S,R
1773.3543,ERS5302682,S,NA,NA,S,NA,NA,NA,NA,S,NA,S,S,NA,NA,NA,S,NA,NA,NA,NA,S,R
1773.35873,ERS5303335,R,NA,NA,R,NA,NA,NA,NA,S,NA,R,R,NA,NA,NA,S,NA,NA,NA,NA,R,R
1773.35903,ERS5303384,S,NA,NA,S,NA,NA,NA,NA,S,NA,S,S,NA,NA,NA,S,NA,NA,NA,NA,S,R
1773.36035,ERS5303556,S,NA,NA,S,NA,NA,NA,NA,S,NA,S,S,NA,NA,NA,S,NA,NA,NA,NA,S,R
1773.36101,ERS5303627,S,NA,NA,S,NA,NA,NA,NA,S,NA,R,S,NA,NA,NA,S,NA,NA,NA,NA,S,R
1773.36742,ERS5312662,S,NA,NA,S,NA,NA,NA,NA,S,NA,R,S,NA,NA,NA,S,NA,NA,NA,NA,S,R
1773.36755,ERS5312677,S,NA,NA,S,NA,NA,NA,NA,S,NA,S,S,NA,NA,NA,S,NA,NA,NA,NA,S,R
1773.36786,ERS5317223,S,NA,NA,S,NA,NA,NA,NA,S,NA,S,S,NA,NA,NA,S,NA,NA,NA,NA,R,R
1773.36841,ERS5317290,S,NA,NA,S,NA,NA,NA,NA,S,NA,S,S,NA,NA,NA,S,NA,NA,NA,NA,R,R
1773.36868,ERS5317565,S,NA,NA,S,NA,NA,NA,NA,S,NA,S,S,NA,NA,NA,S,NA,NA,NA,NA,R,R
1773.37024,ERS5317741,S,NA,NA,S,NA,NA,NA,NA,S,NA,S,S,NA,NA,NA,S,NA,NA,NA,NA,R,R
1773.37029,ERS5317757,S,NA,NA,S,NA,NA,NA,NA,S,NA,R,S,NA,NA,NA,S,NA,NA,NA,NA,R,S
1773.37071,ERS5317804,S,NA,NA,S,NA,NA,NA,NA,S,NA,S,S,NA,NA,NA,S,NA,NA,NA,NA,R,R
1773.37746,ERS5319171,S,NA,NA,S,NA,NA,NA,NA,S,NA,S,S,NA,NA,NA,S,NA,NA,NA,NA,S,R
1773.37856,ERS5319486,S,NA,NA,S,NA,NA,NA,NA,S,NA,R,S,NA,NA,NA,S,NA,NA,NA,NA,R,R
1773.37878,ERS5319507,S,NA,NA,S,NA,NA,NA,NA,S,NA,S,S,NA,NA,NA,S,NA,NA,NA,NA,R,R
1773.37886,ERS5319516,S,NA,NA,S,NA,NA,NA,NA,S,NA,S,S,NA,NA,NA,S,NA,NA,NA,NA,S,R
1773.38264,ERS5320048,S,NA,NA,S,NA,NA,NA,NA,S,NA,R,S,NA,NA,NA,S,NA,NA,NA,NA,R,R
1773.3854,ERS5320361,S,NA,NA,S,NA,NA,NA,NA,S,NA,S,S,NA,NA,NA,S,NA,NA,NA,NA,S,R
1773.38919,ERS5320898,S,NA,NA,S,NA,NA,NA,NA,S,NA,S,S,NA,NA,NA,S,NA,NA,NA,NA,R,R
1773.39008,ERS6402725,S,NA,NA,S,NA,NA,NA,NA,S,NA,S,S,NA,NA,NA,S,NA,NA,NA,NA,S,R
1773.3916,ERS6402908,S,NA,NA,S,NA,NA,NA,NA,S,NA,S,S,NA,NA,NA,S,NA,NA,NA,NA,S,R
1773.39324,ERS6403095,S,NA,NA,S,NA,NA,NA,NA,S,NA,S,S,NA,NA,NA,S,NA,NA,NA,NA,S,R
1773.39479,ERS6403283,S,NA,NA,S,NA,NA,NA,NA,S,NA,S,S,NA,NA,NA,S,NA,NA,NA,NA,S,S
1773.39583,ERS6403400,S,NA,NA,S,NA,NA,NA,NA,S,NA,S,S,NA,NA,NA,S,NA,NA,NA,NA,S,R
1773.39719,ERS6403549,S,NA,NA,S,NA,NA,NA,NA,S,NA,S,S,NA,NA,NA,S,NA,NA,NA,NA,S,R
1773.39766,ERS6403609,S,NA,NA,S,NA,NA,NA,NA,S,NA,S,S,NA,NA,NA,S,NA,NA,NA,NA,S,R
1773.40217,ERS6421779,S,NA,NA,S,NA,NA,NA,NA,S,NA,S,S,NA,NA,NA,S,NA,NA,NA,NA,S,R
1773.4027,ERS6421880,R,NA,NA,R,NA,NA,NA,NA,S,NA,R,R,NA,NA,NA,R,NA,NA,NA,NA,R,S
1773.40423,ERS6422060,S,NA,NA,S,NA,NA,NA,NA,S,NA,S,S,NA,NA,NA,S,NA,NA,NA,NA,S,R
1773.40659,ERS5281213,S,NA,S,S,NA,S,NA,S,S,R,R,S,R,S,R,S,S,NA,NA,R,R,R
1773.4089,ERS5281452,S,NA,S,S,NA,S,NA,S,R,S,R,S,R,S,R,S,S,NA,NA,R,R,R
1773.40987,ERS5281546,S,NA,S,S,NA,S,NA,S,S,R,R,S,S,S,S,S,S,NA,NA,S,S,S
1773.41961,ERS5282657,S,NA,S,S,NA,S,NA,S,R,R,R,R,R,S,R,S,S,NA,NA,R,R,R
1773.42097,ERS5282804,S,NA,S,S,NA,S,NA,S,R,R,R,S,R,S,R,S,S,NA,NA,R,R,R
1773.42409,ERS5283136,S,NA,S,S,NA,S,NA,R,S,S,S,S,R,S,S,S,S,NA,NA,S,S,R
1773.42453,ERS5283184,S,NA,S,S,NA,S,NA,R,S,S,S,S,R,S,S,S,S,NA,NA,S,S,R
1773.42619,ERR6929513,S,NA,NA,S,NA,NA,NA,NA,S,NA,S,S,NA,NA,NA,S,NA,NA,NA,NA,R,S
1773.42663,ERR7361930,S,NA,NA,S,NA,NA,NA,NA,S,NA,R,S,NA,NA,NA,S,NA,NA,NA,NA,S,S
1773.43078,ERS5320260,S,NA,NA,S,NA,NA,NA,NA,S,NA,S,S,NA,NA,NA,S,NA,NA,NA,NA,S,R
1773.43109,ERS5301835,S,NA,NA,S,NA,NA,NA,NA,S,NA,R,S,NA,NA,NA,S,NA,NA,NA,NA,R,R
1773.43531,ERS5317447,S,NA,NA,S,NA,NA,NA,NA,S,NA,S,S,NA,NA,NA,S,NA,NA,NA,NA,R,R
1773.43537,ERS5317459,S,NA,NA,S,NA,NA,NA,NA,S,NA,S,S,NA,NA,NA,S,NA,NA,NA,NA,R,R
1773.43609,ERS6421888,S,NA,NA,S,NA,NA,NA,NA,S,NA,S,S,NA,NA,NA,S,NA,NA,NA,NA,S,R
1773.19966,ERR212054,S,NA,NA,S,NA,NA,NA,NA,S,NA,S,S,NA,NA,NA,S,NA,NA,S,NA,S,S
1773.20655,ERR2124108,S,NA,NA,R,NA,NA,NA,NA,R,NA,R,S,NA,NA,NA,S,NA,NA,NA,NA,R,R
1773.20942,ERR3256119,S,NA,NA,S,NA,NA,NA,NA,R,NA,R,S,NA,NA,NA,S,NA,NA,NA,NA,R,S
1773.2336,ERR1654667,S,NA,NA,S,NA,NA,NA,NA,S,NA,S,S,NA,NA,NA,S,NA,NA,NA,NA,R,R
1773.23433,ERR2120290,S,NA,S,S,NA,NA,S,S,S,S,R,S,NA,S,S,S,S,NA,R,NA,R,S
1773.31321,ERS1987327,S,NA,NA,S,NA,NA,NA,NA,S,NA,S,S,NA,NA,NA,S,NA,NA,NA,NA,S,R
1773.31372,ERS1987383,S,NA,NA,S,NA,NA,NA,NA,S,NA,S,S,NA,NA,NA,S,NA,NA,NA,NA,S,R
1773.32302,ERS5281197,S,NA,NA,S,NA,NA,NA,NA,S,NA,R,S,NA,NA,NA,S,NA,NA,NA,NA,R,R
1773.32483,ERS5281497,S,NA,NA,S,NA,NA,NA,NA,R,NA,R,S,NA,NA,NA,S,NA,NA,NA,NA,R,R
1773.33285,ERS5282533,S,NA,NA,S,NA,NA,NA,NA,S,NA,S,S,NA,NA,NA,S,NA,NA,NA,NA,S,R
1773.3334,ERS5282592,S,NA,NA,S,NA,NA,NA,NA,S,NA,S,S,NA,NA,NA,S,NA,NA,NA,NA,S,R
1773.33462,ERS5282768,S,NA,NA,S,NA,NA,NA,NA,R,NA,R,S,NA,NA,NA,S,NA,NA,NA,NA,R,R
1773.33645,ERS5297967,S,NA,NA,S,NA,NA,NA,NA,S,NA,S,S,NA,NA,NA,S,NA,NA,NA,NA,S,R
1773.34761,ERS5301330,S,NA,NA,S,NA,NA,NA,NA,S,NA,S,S,NA,NA,NA,S,NA,NA,NA,NA,R,R
1773.3604,ERS5303560,S,NA,NA,S,NA,NA,NA,NA,S,NA,S,S,NA,NA,NA,S,NA,NA,NA,NA,S,R
1773.38237,ERS5320017,S,NA,NA,S,NA,NA,NA,NA,R,NA,R,S,NA,NA,NA,S,NA,NA,NA,NA,R,R
1773.3842,ERS5320228,S,NA,NA,S,NA,NA,NA,NA,S,NA,S,S,NA,NA,NA,S,NA,NA,NA,NA,S,R
1773.38728,ERS5320643,S,NA,NA,S,NA,NA,NA,NA,R,NA,R,S,NA,NA,NA,S,NA,NA,NA,NA,R,R
1773.3901,ERS6402727,R,NA,NA,R,NA,NA,NA,NA,S,NA,R,R,NA,NA,NA,S,NA,NA,NA,NA,R,R
1773.39443,ERS6403234,S,NA,NA,S,NA,NA,NA,NA,S,NA,S,S,NA,NA,NA,S,NA,NA,NA,NA,R,R
1773.39506,ERS6403303,S,NA,NA,S,NA,NA,NA,NA,R,NA,R,S,NA,NA,NA,S,NA,NA,NA,NA,R,R
1773.39508,ERS6403309,S,NA,NA,S,NA,NA,NA,NA,S,NA,R,S,NA,NA,NA,S,NA,NA,NA,NA,R,S
1773.40588,ERR3323720,S,NA,NA,S,NA,NA,NA,NA,S,NA,S,S,NA,NA,NA,S,NA,NA,NA,NA,R,R
1773.40636,ERS5281187,S,NA,S,S,NA,S,NA,R,R,R,R,S,R,S,R,S,S,NA,NA,R,R,R
1773.42391,ERS5283109,S,NA,S,S,NA,S,NA,S,R,R,S,S,S,S,S,S,S,NA,NA,R,R,R
1773.43504,ERS5317555,S,NA,NA,S,NA,NA,NA,NA,R,NA,R,S,NA,NA,NA,S,NA,NA,NA,NA,R,R
1773.18388,ERR1034594,R,NA,NA,S,R,NA,NA,NA,S,S,R,S,NA,NA,NA,S,NA,NA,R,NA,S,R
1773.21061,ERR3256241,S,NA,NA,S,NA,NA,NA,NA,S,NA,R,S,NA,NA,NA,S,NA,NA,NA,NA,R,S
1773.21721,ERR3256273,S,NA,NA,S,NA,NA,NA,NA,S,NA,S,S,NA,NA,NA,S,NA,NA,NA,NA,S,S
1773.21731,ERR3256288,S,NA,NA,S,NA,NA,NA,NA,S,NA,S,S,NA,NA,NA,S,NA,NA,NA,NA,S,S
1773.23334,ERR1654662,S,NA,NA,S,NA,NA,NA,NA,S,NA,R,S,NA,NA,NA,S,NA,NA,NA,NA,R,R
1773.18443,ERR1035215,S,NA,NA,R,NA,NA,S,NA,S,R,R,S,NA,NA,S,S,S,NA,R,NA,R,R
1773.18502,ERR1034852,S,NA,NA,R,NA,NA,R,NA,R,R,R,S,NA,NA,NA,R,R,NA,R,NA,R,R
1773.36884,ERS5317589,S,NA,NA,S,NA,NA,NA,NA,S,NA,S,S,NA,NA,NA,S,NA,NA,NA,NA,R,R
1773.37072,ERS5317805,S,NA,NA,S,NA,NA,NA,NA,S,NA,S,S,NA,NA,NA,S,NA,NA,NA,NA,S,R
1773.38238,ERS5320033,S,NA,NA,S,NA,NA,NA,NA,S,NA,R,S,NA,NA,NA,R,NA,NA,NA,NA,R,R
1773.3845,ERS5320199,S,NA,NA,S,NA,NA,NA,NA,S,NA,S,S,NA,NA,NA,S,NA,NA,NA,NA,S,R
1773.39717,ERS6403548,S,NA,NA,S,NA,NA,NA,NA,S,NA,R,S,NA,NA,NA,S,NA,NA,NA,NA,S,R
1773.40136,ERS6421701,S,NA,NA,S,NA,NA,NA,NA,S,NA,S,S,NA,NA,NA,S,NA,NA,NA,NA,S,R
1773.40597,ERR3470666,S,NA,NA,S,NA,NA,NA,NA,S,NA,S,S,NA,NA,NA,S,NA,NA,NA,NA,S,S
1773.42374,ERS5283096,R,NA,S,R,NA,S,NA,S,R,S,R,S,R,S,R,R,S,NA,NA,S,R,R
1773.43028,ERS5301315,S,NA,NA,S,NA,NA,NA,NA,S,NA,S,S,NA,NA,NA,S,NA,NA,NA,NA,R,R
1773.18282,ERR1035263,S,NA,NA,S,NA,NA,NA,NA,S,NA,R,S,NA,NA,NA,S,NA,NA,NA,NA,R,S
1773.19945,ERR212025,S,NA,NA,S,NA,NA,NA,NA,S,NA,S,S,NA,NA,NA,S,NA,NA,S,NA,S,S
1773.32409,ERS5281367,S,NA,NA,S,NA,NA,NA,NA,S,NA,S,S,NA,NA,NA,S,NA,NA,NA,NA,R,S
1773.33429,ERS5282713,S,NA,NA,S,NA,NA,NA,NA,S,NA,R,S,NA,NA,NA,S,NA,NA,NA,NA,R,R
1773.36922,ERS5317652,S,NA,NA,S,NA,NA,NA,NA,S,NA,S,S,NA,NA,NA,S,NA,NA,NA,NA,S,S
1773.37876,ERS5319505,S,NA,NA,S,NA,NA,NA,NA,S,NA,S,S,NA,NA,NA,S,NA,NA,NA,NA,S,S
1773.38395,ERS5320198,S,NA,NA,S,NA,NA,NA,NA,S,NA,S,S,NA,NA,NA,S,NA,NA,NA,NA,S,S
1773.39025,ERS6402741,S,NA,NA,S,NA,NA,NA,NA,S,NA,S,S,NA,NA,NA,S,NA,NA,NA,NA,S,R
1773.40876,ERS5281439,S,NA,S,S,NA,S,NA,S,S,R,S,R,R,S,S,S,S,NA,NA,S,S,S
1773.42963,ERS5301001,S,NA,NA,S,NA,NA,NA,NA,S,NA,R,S,NA,NA,NA,S,NA,NA,NA,NA,S,R
1773.43479,ERS5317489,S,NA,NA,S,NA,NA,NA,NA,S,NA,S,S,NA,NA,NA,S,NA,NA,NA,NA,R,R
1773.43576,ERS5317557,S,NA,NA,S,NA,NA,NA,NA,S,NA,S,S,NA,NA,NA,S,NA,NA,NA,NA,S,R
1773.43454,ERS5317365,S,NA,NA,S,NA,NA,NA,NA,S,NA,S,S,NA,NA,NA,S,NA,NA,NA,NA,S,S
1773.18655,ERR1034790,S,NA,NA,S,NA,NA,NA,NA,S,NA,S,S,NA,NA,NA,S,NA,NA,NA,NA,S,R
1773.19831,ERR182056,S,NA,NA,S,NA,NA,NA,NA,S,NA,S,S,NA,NA,NA,S,NA,NA,NA,NA,S,R
1773.19972,ERR212059,S,NA,NA,S,NA,NA,NA,NA,S,NA,R,S,NA,NA,NA,S,NA,NA,S,NA,S,R
1773.20031,ERR212130,S,NA,NA,S,NA,NA,NA,NA,S,NA,S,S,NA,NA,NA,S,NA,NA,NA,NA,S,S
1773.20646,ERR2124091,S,NA,NA,S,NA,NA,NA,NA,S,NA,R,S,NA,NA,NA,R,NA,NA,NA,NA,S,R
1773.20946,ERR3256123,S,NA,NA,S,NA,NA,NA,NA,S,NA,S,S,NA,NA,NA,S,NA,NA,NA,NA,S,S
1773.21004,ERR3256184,S,NA,NA,S,NA,NA,NA,NA,S,NA,S,S,NA,NA,NA,S,NA,NA,NA,NA,S,S
1773.21005,ERR3256178,S,NA,NA,S,NA,NA,NA,NA,S,NA,S,S,NA,NA,NA,S,NA,NA,NA,NA,R,S
1773.21007,ERR3256177,S,NA,NA,S,NA,NA,NA,NA,S,NA,S,S,NA,NA,NA,S,NA,NA,NA,NA,R,S
1773.21063,ERR3256243,S,NA,NA,S,NA,NA,NA,NA,S,NA,S,S,NA,NA,NA,S,NA,NA,NA,NA,S,S
1773.21101,ERR3256281,S,NA,NA,S,NA,NA,NA,NA,S,NA,R,S,NA,NA,NA,S,NA,NA,NA,NA,S,S
1773.21696,ERR3256237,S,NA,NA,S,NA,NA,NA,NA,S,NA,R,S,NA,NA,NA,S,NA,NA,NA,NA,R,R
1773.2447,ERR551858,NA,NA,NA,NA,NA,NA,NA,NA,S,NA,S,NA,NA,NA,NA,NA,NA,NA,S,NA,S,S
1773.2538,ERR551703,NA,NA,NA,NA,NA,NA,NA,NA,S,NA,S,NA,NA,NA,NA,NA,NA,NA,S,NA,S,S
1773.2737,ERR552985,NA,NA,NA,NA,NA,NA,NA,NA,S,NA,S,NA,NA,NA,NA,NA,NA,NA,S,NA,S,S
1773.2758,ERR550871,NA,NA,NA,NA,NA,NA,NA,NA,S,NA,S,NA,NA,NA,NA,NA,NA,NA,S,NA,S,S
1773.2762,ERR551350,NA,NA,NA,NA,NA,NA,NA,NA,S,NA,S,NA,NA,NA,NA,NA,NA,NA,S,NA,S,S
1773.2765,ERR553062,NA,NA,NA,NA,NA,NA,NA,NA,S,NA,S,NA,NA,NA,NA,NA,NA,NA,S,NA,S,S
1773.2766,ERR551358,NA,NA,NA,NA,NA,NA,NA,NA,S,NA,S,NA,NA,NA,NA,NA,NA,NA,S,NA,S,S
1773.283,ERR552657,NA,NA,NA,NA,NA,NA,NA,NA,S,NA,S,NA,NA,NA,NA,NA,NA,NA,S,NA,S,S
1773.2879,ERR551993,NA,NA,NA,NA,NA,NA,NA,NA,S,NA,S,NA,NA,NA,NA,NA,NA,NA,S,NA,S,S
1773.2899,ERR552212,NA,NA,NA,NA,NA,NA,NA,NA,S,NA,S,NA,NA,NA,NA,NA,NA,NA,S,NA,S,S
1773.2924,ERR550660,NA,NA,NA,NA,NA,NA,NA,NA,S,NA,S,NA,NA,NA,NA,NA,NA,NA,S,NA,S,S
1773.297,ERR551344,NA,NA,NA,NA,NA,NA,NA,NA,S,NA,S,NA,NA,NA,NA,NA,NA,NA,S,NA,S,S
1773.3026,ERR551120,NA,NA,NA,NA,NA,NA,NA,NA,S,NA,S,NA,NA,NA,NA,NA,NA,NA,S,NA,S,S
1773.3036,ERR552235,NA,NA,NA,NA,NA,NA,NA,NA,S,NA,S,NA,NA,NA,NA,NA,NA,NA,S,NA,S,S
1773.3037,ERR552912,NA,NA,NA,NA,NA,NA,NA,NA,S,NA,S,NA,NA,NA,NA,NA,NA,NA,S,NA,S,S
1773.3126,ERR551186,NA,NA,NA,NA,NA,NA,NA,NA,S,NA,S,NA,NA,NA,NA,NA,NA,NA,S,NA,S,S
1773.31318,ERS1987322,S,NA,NA,S,NA,NA,NA,NA,S,NA,S,S,NA,NA,NA,S,NA,NA,NA,NA,S,R
1773.31335,ERS1987331,S,NA,NA,S,NA,NA,NA,NA,S,NA,R,S,NA,NA,NA,S,NA,NA,NA,NA,S,R
1773.3176,ERR552076,NA,NA,NA,NA,NA,NA,NA,NA,S,NA,S,NA,NA,NA,NA,NA,NA,NA,S,NA,S,S
1773.32094,ERS3371880,S,NA,NA,S,NA,NA,NA,NA,S,NA,R,S,NA,NA,NA,S,NA,NA,NA,NA,S,R
1773.321,ERR552966,NA,NA,NA,NA,NA,NA,NA,NA,S,NA,S,NA,NA,NA,NA,NA,NA,NA,S,NA,S,S
1773.32102,ERS3371886,S,NA,NA,S,NA,NA,NA,NA,S,NA,R,S,NA,NA,NA,S,NA,NA,NA,NA,S,R
1773.3248,ERR553276,NA,NA,NA,NA,NA,NA,NA,NA,S,NA,S,NA,NA,NA,NA,NA,NA,NA,S,NA,S,S
1773.32652,ERS5281687,S,NA,NA,S,NA,NA,NA,NA,S,NA,S,S,NA,NA,NA,S,NA,NA,NA,NA,S,S
1773.329,ERR552969,NA,NA,NA,NA,NA,NA,NA,NA,S,NA,S,NA,NA,NA,NA,NA,NA,NA,S,NA,S,S
1773.3304,ERR552209,NA,NA,NA,NA,NA,NA,NA,NA,S,NA,S,NA,NA,NA,NA,NA,NA,NA,S,NA,S,S
1773.33711,ERS5298036,S,NA,NA,S,NA,NA,NA,NA,S,NA,S,S,NA,NA,NA,S,NA,NA,NA,NA,S,R
1773.33738,ERS5298068,S,NA,NA,S,NA,NA,NA,NA,S,NA,S,S,NA,NA,NA,S,NA,NA,NA,NA,R,S
1773.33744,ERS5298074,S,NA,NA,S,NA,NA,NA,NA,S,NA,S,S,NA,NA,NA,S,NA,NA,NA,NA,R,S
1773.33862,ERS5298197,S,NA,NA,R,NA,NA,NA,NA,S,NA,S,S,NA,NA,NA,S,NA,NA,NA,NA,S,R
1773.33882,ERS5298221,S,NA,NA,S,NA,NA,NA,NA,S,NA,S,S,NA,NA,NA,S,NA,NA,NA,NA,R,S
1773.34044,ERS5298550,S,NA,NA,S,NA,NA,NA,NA,S,NA,S,S,NA,NA,NA,S,NA,NA,NA,NA,S,R
1773.3422,ERR551348,NA,NA,NA,NA,NA,NA,NA,NA,S,NA,S,NA,NA,NA,NA,NA,NA,NA,S,NA,S,S
1773.3441,ERR552644,NA,NA,NA,NA,NA,NA,NA,NA,S,NA,S,NA,NA,NA,NA,NA,NA,NA,S,NA,S,S
1773.34556,ERS5300838,S,NA,NA,S,NA,NA,NA,NA,S,NA,S,S,NA,NA,NA,S,NA,NA,NA,NA,S,R
1773.3528,ERS5302499,S,NA,NA,S,NA,NA,NA,NA,S,NA,S,S,NA,NA,NA,S,NA,NA,NA,NA,R,R
1773.35843,ERS5303247,S,NA,NA,S,NA,NA,NA,NA,S,NA,R,S,NA,NA,NA,S,NA,NA,NA,NA,S,R
1773.35918,ERS5303403,S,NA,NA,S,NA,NA,NA,NA,S,NA,S,S,NA,NA,NA,S,NA,NA,NA,NA,S,R
1773.3617,ERR040103,NA,NA,NA,NA,NA,NA,NA,NA,S,NA,S,NA,NA,NA,NA,NA,NA,NA,S,NA,S,NA
1773.36301,ERS5304114,S,NA,NA,S,NA,NA,NA,NA,S,NA,R,S,NA,NA,NA,S,NA,NA,NA,NA,R,R
1773.36677,ERS5312588,S,NA,NA,R,NA,NA,NA,NA,S,NA,S,S,NA,NA,NA,S,NA,NA,NA,NA,S,R
1773.36737,ERS5312656,S,NA,NA,S,NA,NA,NA,NA,R,NA,R,S,NA,NA,NA,S,NA,NA,NA,NA,R,R
1773.36739,ERS5312660,R,NA,NA,R,NA,NA,NA,NA,R,NA,R,R,NA,NA,NA,S,NA,NA,NA,NA,R,R
1773.36837,ERS5317285,S,NA,NA,S,NA,NA,NA,NA,S,NA,S,S,NA,NA,NA,S,NA,NA,NA,NA,R,R
1773.37078,ERS5317812,S,NA,NA,S,NA,NA,NA,NA,S,NA,S,S,NA,NA,NA,S,NA,NA,NA,NA,R,R
1773.3754,ERR046880,NA,NA,NA,NA,NA,NA,NA,NA,S,NA,S,NA,NA,NA,NA,NA,NA,NA,S,NA,S,S
1773.3755,ERR046881,NA,NA,NA,NA,NA,NA,NA,NA,S,NA,S,NA,NA,NA,NA,NA,NA,NA,S,NA,S,NA
1773.37843,ERS5319473,S,NA,NA,S,NA,NA,NA,NA,S,NA,S,S,NA,NA,NA,S,NA,NA,NA,NA,S,R
1773.37861,ERS5319491,S,NA,NA,S,NA,NA,NA,NA,S,NA,R,S,NA,NA,NA,S,NA,NA,NA,NA,R,R
1773.3829,ERR046972,NA,NA,NA,NA,NA,NA,NA,NA,S,NA,S,NA,NA,NA,NA,NA,NA,NA,S,NA,S,NA
1773.38588,ERS5320356,S,NA,NA,S,NA,NA,NA,NA,S,NA,S,S,NA,NA,NA,S,NA,NA,NA,NA,S,R
1773.39229,ERS6402985,S,NA,NA,S,NA,NA,NA,NA,S,NA,S,S,NA,NA,NA,S,NA,NA,NA,NA,S,R
1773.39499,ERS6403297,S,NA,NA,S,NA,NA,NA,NA,S,NA,S,S,NA,NA,NA,S,NA,NA,NA,NA,S,R
1773.39586,ERS6403408,S,NA,NA,S,NA,NA,NA,NA,S,NA,S,S,NA,NA,NA,S,NA,NA,NA,NA,S,R
1773.3975,ERS6403580,S,NA,NA,S,NA,NA,NA,NA,S,NA,S,S,NA,NA,NA,S,NA,NA,NA,NA,S,R
1773.3979,ERS6403629,S,NA,NA,S,NA,NA,NA,NA,S,NA,S,S,NA,NA,NA,S,NA,NA,NA,NA,R,S
1773.4008,ERS6421635,S,NA,NA,S,NA,NA,NA,NA,S,NA,S,S,NA,NA,NA,S,NA,NA,NA,NA,S,R
1773.4084,ERS5281401,S,NA,S,S,NA,R,NA,S,R,R,S,S,R,S,S,S,S,NA,NA,S,S,S
1773.42701,ERR7361968,S,NA,NA,S,NA,NA,NA,NA,S,NA,S,S,NA,NA,NA,S,NA,NA,NA,NA,R,R
1773.43728,ERS5282998,S,NA,S,S,NA,S,NA,S,S,S,S,S,S,S,S,S,S,NA,NA,S,S,S
1773.4508,SRR2100711,NA,NA,NA,NA,NA,NA,NA,NA,S,NA,S,NA,NA,NA,NA,NA,NA,NA,S,NA,S,NA
1773.4586,SRR2100795,NA,NA,NA,NA,NA,NA,NA,NA,S,NA,S,NA,NA,NA,NA,NA,NA,NA,S,NA,S,NA
1773.4634,SRR2100845,NA,NA,NA,NA,S,NA,NA,NA,S,NA,R,NA,NA,NA,NA,NA,NA,NA,S,NA,S,NA
1773.4643,SRR2100854,NA,NA,NA,NA,R,NA,NA,NA,S,NA,R,NA,NA,NA,NA,NA,NA,NA,S,NA,R,NA
1773.4658,SRR2100869,S,S,NA,S,NA,NA,NA,NA,R,NA,R,S,NA,NA,S,NA,NA,NA,S,NA,R,NA
1773.5231,SRR2101566,NA,S,NA,NA,NA,NA,NA,NA,S,NA,S,NA,NA,NA,S,NA,NA,NA,NA,NA,NA,NA
1773.5485,ERR552267,NA,NA,NA,NA,NA,NA,NA,NA,S,NA,S,NA,NA,NA,NA,NA,NA,NA,S,NA,S,S
1773.5497,ERR551126,NA,NA,NA,NA,NA,NA,NA,NA,R,NA,R,NA,NA,NA,NA,NA,NA,NA,R,NA,R,R
1773.5505,ERR553258,NA,NA,NA,NA,NA,NA,NA,NA,S,NA,S,NA,NA,NA,NA,NA,NA,NA,S,NA,S,S
1773.5847,SRR2100040,NA,NA,NA,NA,NA,NA,NA,NA,S,NA,S,NA,NA,NA,NA,NA,NA,NA,S,NA,S,NA
1773.18586,ERR1036295,S,NA,NA,S,NA,NA,S,NA,R,R,R,S,NA,NA,NA,R,S,NA,NA,NA,R,S
1773.19353,ERR176681,S,NA,NA,S,NA,NA,NA,NA,S,NA,S,S,NA,NA,NA,S,NA,NA,NA,NA,R,S
1773.20035,ERR212132,S,NA,NA,S,NA,NA,NA,NA,S,NA,S,S,NA,NA,NA,S,NA,NA,NA,NA,R,R
1773.2006,ERR212153,S,NA,NA,S,NA,NA,NA,NA,S,NA,S,S,NA,NA,NA,S,NA,NA,NA,NA,R,R
1773.21015,ERR3256193,S,NA,NA,S,NA,NA,NA,NA,S,NA,R,S,NA,NA,NA,S,NA,NA,NA,NA,S,S
1773.21039,ERR3256216,S,NA,NA,S,NA,NA,NA,NA,S,NA,S,S,NA,NA,NA,S,NA,NA,NA,NA,S,S
1773.217,ERR3256248,S,NA,NA,S,NA,NA,NA,NA,S,NA,S,S,NA,NA,NA,S,NA,NA,NA,NA,S,S
1773.21732,ERR3256287,S,NA,NA,S,NA,NA,NA,NA,S,NA,R,S,NA,NA,NA,S,NA,NA,NA,NA,S,S
1773.23437,ERR2120291,S,NA,S,S,NA,NA,S,S,S,S,R,S,NA,S,S,S,S,NA,R,NA,R,S
1773.29165,ERS1157825,S,NA,NA,S,NA,NA,NA,NA,S,R,S,S,NA,NA,NA,S,NA,NA,R,NA,S,S
1773.31046,ERS1987025,S,NA,NA,S,NA,NA,NA,NA,S,NA,S,S,NA,NA,NA,S,NA,NA,NA,NA,R,R
1773.31735,ERS2394940,S,NA,NA,S,NA,NA,NA,NA,S,NA,R,S,NA,NA,NA,S,NA,NA,NA,NA,R,R
1773.31844,ERS3371611,S,NA,NA,S,NA,NA,NA,NA,S,NA,R,S,NA,NA,NA,S,NA,NA,NA,NA,R,R
1773.31938,ERS3371708,R,NA,NA,R,NA,NA,NA,NA,S,NA,R,R,NA,NA,NA,S,NA,NA,NA,NA,R,R
1773.32038,ERS3371813,S,NA,NA,S,NA,NA,NA,NA,S,NA,R,S,NA,NA,NA,S,NA,NA,NA,NA,S,R
1773.32088,ERS3371874,S,NA,NA,S,NA,NA,NA,NA,S,NA,R,S,NA,NA,NA,S,NA,NA,NA,NA,S,R
1773.32091,ERS3371875,S,NA,NA,S,NA,NA,NA,NA,S,NA,R,S,NA,NA,NA,S,NA,NA,NA,NA,R,R
1773.32125,ERS3371906,S,NA,NA,S,NA,NA,NA,NA,S,NA,R,S,NA,NA,NA,S,NA,NA,NA,NA,R,R
1773.32269,ERS3372071,R,NA,NA,R,NA,NA,NA,NA,S,NA,R,R,NA,NA,NA,R,NA,NA,NA,NA,R,R
1773.32313,ERS5281212,S,NA,NA,S,NA,NA,NA,NA,R,NA,R,S,NA,NA,NA,S,NA,NA,NA,NA,R,R
1773.3241,ERS5281365,S,NA,NA,S,NA,NA,NA,NA,S,NA,R,S,NA,NA,NA,S,NA,NA,NA,NA,R,R
1773.32423,ERS5281384,S,NA,NA,S,NA,NA,NA,NA,S,NA,S,S,NA,NA,NA,S,NA,NA,NA,NA,S,R
1773.32472,ERS5281478,R,NA,NA,R,NA,NA,NA,NA,S,NA,R,R,NA,NA,NA,S,NA,NA,NA,NA,R,R
1773.32476,ERS5281484,S,NA,NA,S,NA,NA,NA,NA,S,NA,S,S,NA,NA,NA,R,NA,NA,NA,NA,S,R
1773.33155,ERS5282369,S,NA,NA,S,NA,NA,NA,NA,R,NA,R,S,NA,NA,NA,S,NA,NA,NA,NA,R,R
1773.33247,ERS5282491,S,NA,NA,S,NA,NA,NA,NA,S,NA,S,S,NA,NA,NA,S,NA,NA,NA,NA,S,S
1773.33288,ERS5282539,S,NA,NA,S,NA,NA,NA,NA,S,NA,S,S,NA,NA,NA,S,NA,NA,NA,NA,S,R
1773.33395,ERS5282674,S,NA,NA,S,NA,NA,NA,NA,S,NA,S,S,NA,NA,NA,S,NA,NA,NA,NA,S,S
1773.33477,ERS5282786,S,NA,NA,S,NA,NA,NA,NA,S,NA,R,S,NA,NA,NA,S,NA,NA,NA,NA,S,R
1773.33573,ERS5297856,R,NA,NA,R,NA,NA,NA,NA,S,NA,R,R,NA,NA,NA,S,NA,NA,NA,NA,S,S
1773.33613,ERS5297915,S,NA,NA,S,NA,NA,NA,NA,S,NA,R,S,NA,NA,NA,S,NA,NA,NA,NA,R,R
1773.33661,ERS5297985,S,NA,NA,S,NA,NA,NA,NA,S,NA,R,S,NA,NA,NA,S,NA,NA,NA,NA,R,R
1773.33722,ERS5298047,S,NA,NA,S,NA,NA,NA,NA,S,NA,S,S,NA,NA,NA,S,NA,NA,NA,NA,S,R
1773.33871,ERS5298207,S,NA,NA,S,NA,NA,NA,NA,S,NA,S,S,NA,NA,NA,S,NA,NA,NA,NA,S,R
1773.3409,ERS5298599,S,NA,NA,S,NA,NA,NA,NA,S,NA,S,S,NA,NA,NA,S,NA,NA,NA,NA,R,R
1773.3431,ERS5300542,S,NA,NA,S,NA,NA,NA,NA,S,NA,S,S,NA,NA,NA,S,NA,NA,NA,NA,R,R
1773.34461,ERS5300715,S,NA,NA,S,NA,NA,NA,NA,R,NA,R,S,NA,NA,NA,S,NA,NA,NA,NA,R,R
1773.34652,ERS5301049,S,NA,NA,S,NA,NA,NA,NA,S,NA,R,S,NA,NA,NA,S,NA,NA,NA,NA,R,R
1773.34963,ERS5302087,S,NA,NA,S,NA,NA,NA,NA,S,NA,S,S,NA,NA,NA,S,NA,NA,NA,NA,R,R
1773.35067,ERS5302145,S,NA,NA,S,NA,NA,NA,NA,S,NA,S,S,NA,NA,NA,S,NA,NA,NA,NA,S,R
1773.35132,ERS5302310,S,NA,NA,S,NA,NA,NA,NA,S,NA,R,S,NA,NA,NA,S,NA,NA,NA,NA,R,R
1773.35176,ERS5302366,S,NA,NA,S,NA,NA,NA,NA,S,NA,S,S,NA,NA,NA,S,NA,NA,NA,NA,S,R
1773.35181,ERS5302375,S,NA,NA,S,NA,NA,NA,NA,S,NA,S,S,NA,NA,NA,S,NA,NA,NA,NA,S,R
1773.35302,ERS5302532,S,NA,NA,S,NA,NA,NA,NA,S,NA,R,S,NA,NA,NA,S,NA,NA,NA,NA,R,R
1773.35334,ERS5302567,S,NA,NA,S,NA,NA,NA,NA,S,NA,S,S,NA,NA,NA,S,NA,NA,NA,NA,S,R
1773.35362,ERS5302596,S,NA,NA,S,NA,NA,NA,NA,S,NA,S,S,NA,NA,NA,S,NA,NA,NA,NA,S,R
1773.35399,ERS5302638,S,NA,NA,S,NA,NA,NA,NA,S,NA,S,S,NA,NA,NA,S,NA,NA,NA,NA,S,R
1773.35448,ERS5302708,S,NA,NA,S,NA,NA,NA,NA,S,NA,S,S,NA,NA,NA,S,NA,NA,NA,NA,S,R
1773.35484,ERS5302742,S,NA,NA,S,NA,NA,NA,NA,S,NA,S,S,NA,NA,NA,S,NA,NA,NA,NA,S,R
1773.35502,ERS5302762,S,NA,NA,S,NA,NA,NA,NA,S,NA,S,S,NA,NA,NA,S,NA,NA,NA,NA,S,R
1773.35503,ERS5302761,S,NA,NA,S,NA,NA,NA,NA,S,NA,S,S,NA,NA,NA,S,NA,NA,NA,NA,R,R
1773.35612,ERS5302898,S,NA,NA,S,NA,NA,NA,NA,S,NA,R,S,NA,NA,NA,S,NA,NA,NA,NA,S,R
1773.35902,ERS5303374,R,NA,NA,R,NA,NA,NA,NA,S,NA,R,R,NA,NA,NA,S,NA,NA,NA,NA,R,R
1773.3595,ERS5303444,S,NA,NA,S,NA,NA,NA,NA,S,NA,R,S,NA,NA,NA,S,NA,NA,NA,NA,R,R
1773.36493,ERS5312389,R,NA,NA,S,NA,NA,NA,NA,S,NA,S,R,NA,NA,NA,S,NA,NA,NA,NA,R,R
1773.36566,ERS5312477,S,NA,NA,S,NA,NA,NA,NA,S,NA,S,S,NA,NA,NA,S,NA,NA,NA,NA,R,R
1773.36605,ERS5312517,S,NA,NA,S,NA,NA,NA,NA,S,NA,S,S,NA,NA,NA,S,NA,NA,NA,NA,S,R
1773.36702,ERS5312614,R,NA,NA,R,NA,NA,NA,NA,S,NA,R,R,NA,NA,NA,S,NA,NA,NA,NA,R,R
1773.36731,ERS5312647,S,NA,NA,S,NA,NA,NA,NA,R,NA,R,S,NA,NA,NA,S,NA,NA,NA,NA,R,R
1773.36748,ERS5312665,S,NA,NA,R,NA,NA,NA,NA,R,NA,R,S,NA,NA,NA,S,NA,NA,NA,NA,R,R
1773.36971,ERS5317692,S,NA,NA,S,NA,NA,NA,NA,S,NA,S,S,NA,NA,NA,S,NA,NA,NA,NA,R,R
1773.36976,ERS5317697,S,NA,NA,S,NA,NA,NA,NA,S,NA,S,S,NA,NA,NA,S,NA,NA,NA,NA,R,R
1773.37047,ERS5317780,S,NA,NA,S,NA,NA,NA,NA,S,NA,R,S,NA,NA,NA,S,NA,NA,NA,NA,R,R
1773.3781,ERS5319245,S,NA,NA,S,NA,NA,NA,NA,S,NA,R,S,NA,NA,NA,S,NA,NA,NA,NA,R,R
1773.37838,ERS5319467,S,NA,NA,S,NA,NA,NA,NA,S,NA,S,S,NA,NA,NA,S,NA,NA,NA,NA,R,R
1773.37867,ERS5319492,S,NA,NA,S,NA,NA,NA,NA,S,NA,S,S,NA,NA,NA,S,NA,NA,NA,NA,S,R
1773.37882,ERS5319514,S,NA,NA,S,NA,NA,NA,NA,S,NA,S,S,NA,NA,NA,S,NA,NA,NA,NA,S,R
1773.38282,ERS5320070,S,NA,NA,S,NA,NA,NA,NA,R,NA,R,S,NA,NA,NA,S,NA,NA,NA,NA,R,R
1773.38417,ERS5320222,S,NA,NA,S,NA,NA,NA,NA,S,NA,S,S,NA,NA,NA,S,NA,NA,NA,NA,S,R
1773.38447,ERS5320257,S,NA,NA,S,NA,NA,NA,NA,S,NA,S,S,NA,NA,NA,S,NA,NA,NA,NA,R,R
1773.38474,ERS5320282,S,NA,NA,S,NA,NA,NA,NA,S,NA,R,S,NA,NA,NA,S,NA,NA,NA,NA,R,R
1773.38572,ERS5320396,S,NA,NA,S,NA,NA,NA,NA,S,NA,S,S,NA,NA,NA,S,NA,NA,NA,NA,S,R
1773.38651,ERS5320477,R,NA,NA,R,NA,NA,NA,NA,S,NA,R,R,NA,NA,NA,S,NA,NA,NA,NA,R,R
1773.38695,ERS5320592,S,NA,NA,S,NA,NA,NA,NA,S,NA,S,S,NA,NA,NA,S,NA,NA,NA,NA,S,R
1773.3872,ERS5320628,S,NA,NA,S,NA,NA,NA,NA,S,NA,R,S,NA,NA,NA,S,NA,NA,NA,NA,S,R
1773.39183,ERS6402933,S,NA,NA,S,NA,NA,NA,NA,S,NA,S,S,NA,NA,NA,S,NA,NA,NA,NA,S,R
1773.39192,ERS6402945,S,NA,NA,S,NA,NA,NA,NA,S,NA,S,S,NA,NA,NA,S,NA,NA,NA,NA,S,R
1773.39209,ERS6402963,S,NA,NA,S,NA,NA,NA,NA,S,NA,S,S,NA,NA,NA,S,NA,NA,NA,NA,S,R
1773.39268,ERS6403035,S,NA,NA,S,NA,NA,NA,NA,S,NA,S,S,NA,NA,NA,S,NA,NA,NA,NA,S,R
1773.39393,ERS6403173,S,NA,NA,S,NA,NA,NA,NA,S,NA,R,S,NA,NA,NA,S,NA,NA,NA,NA,S,R
1773.39498,ERS6403292,S,NA,NA,S,NA,NA,NA,NA,S,NA,S,S,NA,NA,NA,S,NA,NA,NA,NA,S,R
1773.39735,ERS6403564,R,NA,NA,R,NA,NA,NA,NA,S,NA,R,R,NA,NA,NA,S,NA,NA,NA,NA,R,R
1773.39748,ERS6403577,S,NA,NA,S,NA,NA,NA,NA,S,NA,R,S,NA,NA,NA,S,NA,NA,NA,NA,R,R
1773.39771,ERS6403612,S,NA,NA,S,NA,NA,NA,NA,S,NA,R,S,NA,NA,NA,S,NA,NA,NA,NA,S,R
1773.39808,ERS6403659,R,NA,NA,S,NA,NA,NA,NA,S,NA,R,R,NA,NA,NA,S,NA,NA,NA,NA,S,S
1773.39826,ERS6403677,S,NA,NA,S,NA,NA,NA,NA,S,NA,R,S,NA,NA,NA,S,NA,NA,NA,NA,R,R
1773.4,ERS6421546,S,NA,NA,S,NA,NA,NA,NA,S,NA,S,S,NA,NA,NA,S,NA,NA,NA,NA,S,R
1773.40059,ERS6421612,S,NA,NA,S,NA,NA,NA,NA,S,NA,S,S,NA,NA,NA,S,NA,NA,NA,NA,S,R
1773.40181,ERS6421743,S,NA,NA,S,NA,NA,NA,NA,S,NA,R,S,NA,NA,NA,S,NA,NA,NA,NA,R,R
1773.40283,ERS6421894,R,NA,NA,R,NA,NA,NA,NA,S,NA,R,R,NA,NA,NA,S,NA,NA,NA,NA,R,S
1773.40417,ERS6422052,S,NA,NA,S,NA,NA,NA,NA,R,NA,R,S,NA,NA,NA,S,NA,NA,NA,NA,R,R
1773.40446,ERS6422139,S,NA,NA,S,NA,NA,NA,NA,S,NA,S,S,NA,NA,NA,S,NA,NA,NA,NA,S,R
1773.40447,ERS6422142,S,NA,NA,S,NA,NA,NA,NA,S,NA,S,S,NA,NA,NA,S,NA,NA,NA,NA,S,R
1773.40655,ERS5281206,S,NA,S,S,NA,S,NA,S,S,S,R,S,S,S,S,S,S,NA,NA,S,R,S
1773.40658,ERS5281207,S,NA,S,S,NA,S,NA,S,S,R,R,S,R,S,R,S,R,NA,NA,R,R,R
1773.40894,ERS5281454,S,NA,S,S,NA,S,NA,S,S,S,R,S,R,S,R,R,S,NA,NA,R,S,S
1773.42119,ERS5282820,S,NA,S,S,NA,S,NA,S,S,R,R,S,S,S,S,S,S,NA,NA,S,R,R
1773.42167,ERS5282872,S,NA,S,S,NA,R,NA,R,R,R,R,S,R,S,R,S,R,NA,NA,R,R,R
1773.42172,ERS5282877,S,NA,S,S,NA,S,NA,S,S,S,S,S,R,S,S,S,S,NA,NA,S,S,R
1773.42411,ERS5283134,S,NA,S,S,NA,S,NA,S,R,S,R,S,R,S,R,R,S,NA,NA,R,R,R
1773.42466,ERS5283189,S,NA,S,S,NA,S,NA,S,R,R,R,S,R,S,R,S,S,NA,NA,R,R,R
1773.42553,ERS5283282,S,NA,S,S,NA,S,NA,S,R,R,R,S,R,S,R,S,S,NA,NA,S,R,R
1773.42667,ERR7361932,S,NA,NA,S,NA,NA,NA,NA,S,NA,S,S,NA,NA,NA,S,NA,NA,NA,NA,R,R
1773.43166,ERS5302183,S,NA,NA,S,NA,NA,NA,NA,S,NA,S,S,NA,NA,NA,S,NA,NA,NA,NA,S,R
1773.43349,ERS5319456,S,NA,NA,S,NA,NA,NA,NA,S,NA,S,S,NA,NA,NA,S,NA,NA,NA,NA,S,R
1773.4342,ERS3371902,S,NA,NA,S,NA,NA,NA,NA,S,NA,R,S,NA,NA,NA,S,NA,NA,NA,NA,S,R
1773.43484,ERS5317476,S,NA,NA,S,NA,NA,NA,NA,S,NA,S,S,NA,NA,NA,S,NA,NA,NA,NA,R,R
1773.43519,ERS5317426,S,NA,NA,S,NA,NA,NA,NA,S,NA,R,S,NA,NA,NA,S,NA,NA,NA,NA,R,R
1773.43574,ERS5317540,S,NA,NA,S,NA,NA,NA,NA,S,NA,S,S,NA,NA,NA,S,NA,NA,NA,NA,S,R
1773.43654,ERS6403592,R,NA,NA,R,NA,NA,NA,NA,S,NA,R,R,NA,NA,NA,R,NA,NA,NA,NA,S,S
1773.43719,ERS5282748,S,NA,S,S,NA,S,NA,R,R,R,R,S,R,S,R,S,S,NA,NA,R,R,R
1773.18356,ERR1035344,S,NA,NA,S,NA,NA,NA,NA,R,NA,R,S,NA,NA,NA,S,NA,NA,NA,NA,R,R
1773.20997,ERR3256176,S,NA,NA,S,NA,NA,NA,NA,S,NA,S,S,NA,NA,NA,S,NA,NA,NA,NA,S,S
1773.21044,ERR3256223,S,NA,NA,S,NA,NA,NA,NA,S,NA,S,S,NA,NA,NA,S,NA,NA,NA,NA,S,S
1773.23362,ERR1654697,S,NA,NA,S,NA,NA,NA,NA,S,NA,S,S,NA,NA,NA,S,NA,NA,NA,NA,R,R
1773.31328,ERS1987342,S,NA,NA,S,NA,NA,NA,NA,S,NA,S,S,NA,NA,NA,S,NA,NA,NA,NA,S,S
1773.32441,ERS5281420,S,NA,NA,S,NA,NA,NA,NA,S,NA,S,S,NA,NA,NA,S,NA,NA,NA,NA,R,R
1773.32527,ERS5281551,S,NA,NA,S,NA,NA,NA,NA,S,NA,S,S,NA,NA,NA,S,NA,NA,NA,NA,R,R
1773.32721,ERS5281814,S,NA,NA,S,NA,NA,NA,NA,S,NA,R,S,NA,NA,NA,S,NA,NA,NA,NA,R,R
1773.33143,ERS5282356,S,NA,NA,S,NA,NA,NA,NA,S,NA,R,S,NA,NA,NA,R,NA,NA,NA,NA,R,R
1773.33407,ERS5282688,S,NA,NA,S,NA,NA,NA,NA,R,NA,R,S,NA,NA,NA,S,NA,NA,NA,NA,R,R
1773.33621,ERS5297924,S,NA,NA,S,NA,NA,NA,NA,S,NA,S,S,NA,NA,NA,S,NA,NA,NA,NA,R,R
1773.34594,ERS5300875,S,NA,NA,S,NA,NA,NA,NA,S,NA,R,S,NA,NA,NA,S,NA,NA,NA,NA,R,R
1773.35499,ERS5302758,S,NA,NA,S,NA,NA,NA,NA,S,NA,S,S,NA,NA,NA,S,NA,NA,NA,NA,S,R
1773.36593,ERS5312502,S,NA,NA,S,NA,NA,NA,NA,S,NA,S,S,NA,NA,NA,S,NA,NA,NA,NA,R,R
1773.36745,ERS5312673,R,NA,NA,R,NA,NA,NA,NA,S,NA,R,R,NA,NA,NA,R,NA,NA,NA,NA,R,R
1773.36754,ERS5312674,R,NA,NA,R,NA,NA,NA,NA,S,NA,R,R,NA,NA,NA,S,NA,NA,NA,NA,R,R
1773.36818,ERS5317252,S,NA,NA,S,NA,NA,NA,NA,S,NA,S,S,NA,NA,NA,S,NA,NA,NA,NA,R,R
1773.3782,ERS5319437,S,NA,NA,S,NA,NA,NA,NA,S,NA,S,S,NA,NA,NA,S,NA,NA,NA,NA,S,R
1773.3843,ERS5320236,S,NA,NA,S,NA,NA,NA,NA,S,NA,S,S,NA,NA,NA,S,NA,NA,NA,NA,S,R
1773.38534,ERS5320359,S,NA,NA,S,NA,NA,NA,NA,S,NA,S,S,NA,NA,NA,S,NA,NA,NA,NA,R,R
1773.38553,ERS5320374,S,NA,NA,S,NA,NA,NA,NA,S,NA,S,S,NA,NA,NA,S,NA,NA,NA,NA,R,R
1773.38748,ERS5320659,S,NA,NA,S,NA,NA,NA,NA,S,NA,R,S,NA,NA,NA,S,NA,NA,NA,NA,S,S
1773.39276,ERS6403039,S,NA,NA,S,NA,NA,NA,NA,S,NA,S,S,NA,NA,NA,S,NA,NA,NA,NA,S,R
1773.39787,ERS6403626,S,NA,NA,S,NA,NA,NA,NA,S,NA,R,S,NA,NA,NA,S,NA,NA,NA,NA,R,R
1773.40027,ERS6421576,S,NA,NA,S,NA,NA,NA,NA,S,NA,S,S,NA,NA,NA,S,NA,NA,NA,NA,S,R
1773.40436,ERS6422134,S,NA,NA,S,NA,NA,NA,NA,S,NA,R,S,NA,NA,NA,S,NA,NA,NA,NA,S,S
1773.41202,ERS5281823,S,NA,S,S,NA,S,NA,S,R,S,R,S,R,S,S,R,S,NA,NA,R,R,S
1773.42102,ERS5282803,S,NA,S,S,NA,S,NA,S,R,R,R,S,R,S,R,S,S,NA,NA,R,R,R
1773.42529,ERS5283255,S,NA,S,S,NA,S,NA,S,S,S,S,S,S,S,S,S,S,NA,NA,R,R,R
1773.436,ERS6403333,S,NA,NA,S,NA,NA,NA,NA,S,NA,R,S,NA,NA,NA,S,NA,NA,NA,NA,R,R
1773.20978,ERR3256158,S,NA,NA,S,NA,NA,NA,NA,S,NA,S,S,NA,NA,NA,S,NA,NA,NA,NA,S,S
1773.19063,ERR163940,S,NA,NA,S,NA,NA,NA,NA,S,NA,S,S,NA,NA,NA,S,NA,NA,NA,NA,S,R
1773.32485,ERS5281499,S,NA,NA,S,NA,NA,NA,NA,R,NA,R,S,NA,NA,NA,S,NA,NA,NA,NA,R,R
1773.33293,ERS5282546,S,NA,NA,S,NA,NA,NA,NA,R,NA,R,S,NA,NA,NA,R,NA,NA,NA,NA,R,R
1773.36098,ERS5303625,S,NA,NA,S,NA,NA,NA,NA,S,NA,R,S,NA,NA,NA,S,NA,NA,NA,NA,S,R
1773.36838,ERS5317288,S,NA,NA,S,NA,NA,NA,NA,S,NA,R,S,NA,NA,NA,S,NA,NA,NA,NA,R,R
1773.37875,ERS5319506,S,NA,NA,S,NA,NA,NA,NA,S,NA,S,S,NA,NA,NA,S,NA,NA,NA,NA,S,S
1773.38564,ERS5320392,S,NA,NA,R,NA,NA,NA,NA,S,NA,S,S,NA,NA,NA,S,NA,NA,NA,NA,S,R
1773.43698,ERS5282451,S,NA,S,S,NA,S,NA,R,S,S,S,S,S,S,S,S,S,NA,NA,S,S,R
1773.36851,ERS5317453,S,NA,NA,S,NA,NA,NA,NA,S,NA,S,S,NA,NA,NA,S,NA,NA,NA,NA,S,S
1773.36942,ERS5317661,S,NA,NA,S,NA,NA,NA,NA,S,NA,S,S,NA,NA,NA,S,NA,NA,NA,NA,S,S
1773.37004,ERS5317729,S,NA,NA,S,NA,NA,NA,NA,S,NA,S,S,NA,NA,NA,S,NA,NA,NA,NA,S,S
1773.38513,ERS5320334,S,NA,NA,S,NA,NA,NA,NA,S,NA,S,S,NA,NA,NA,S,NA,NA,NA,NA,S,S
1773.3874,ERS5320650,S,NA,NA,S,NA,NA,NA,NA,S,NA,S,S,NA,NA,NA,S,NA,NA,NA,NA,S,S
1773.2062,ERR1035130,S,NA,NA,S,NA,NA,NA,NA,S,NA,S,S,NA,NA,NA,S,NA,NA,NA,NA,S,S
1773.2887,ERR551463,NA,NA,NA,NA,NA,NA,NA,NA,S,NA,S,NA,NA,NA,NA,NA,NA,NA,S,NA,S,S
1773.33093,ERS5282303,S,NA,NA,S,NA,NA,NA,NA,S,NA,S,S,NA,NA,NA,S,NA,NA,NA,NA,R,R
1773.4308,ERS5312422,R,NA,NA,R,NA,NA,NA,NA,S,NA,R,R,NA,NA,NA,S,NA,NA,NA,NA,R,R
1773.43436,ERS5317338,S,NA,NA,S,NA,NA,NA,NA,S,NA,S,S,NA,NA,NA,S,NA,NA,NA,NA,S,S
1773.33272,ERS5282521,S,NA,NA,S,NA,NA,NA,NA,S,NA,S,S,NA,NA,NA,S,NA,NA,NA,NA,S,S
1773.37048,ERS5317761,S,NA,NA,S,NA,NA,NA,NA,S,NA,S,S,NA,NA,NA,S,NA,NA,NA,NA,R,R
1773.40561,ERR3085934,S,NA,NA,S,NA,NA,NA,NA,R,NA,R,S,NA,NA,NA,S,NA,NA,NA,NA,R,R
1773.1018,ERS094113,S,NA,NA,S,NA,NA,NA,NA,R,NA,R,NA,NA,NA,S,S,NA,S,S,NA,R,S
1773.1438,ERS066610,NA,NA,NA,NA,NA,NA,NA,NA,S,NA,S,NA,NA,NA,NA,NA,NA,NA,R,NA,S,S
1773.18918,ERR161058,S,NA,NA,S,NA,NA,NA,NA,S,NA,S,S,NA,NA,NA,S,NA,NA,NA,NA,S,S
1773.20938,ERR3256114,S,NA,NA,S,NA,NA,NA,NA,S,NA,R,S,NA,NA,NA,S,NA,NA,NA,NA,R,R
1773.21042,ERR3256221,S,NA,NA,S,NA,NA,NA,NA,S,NA,R,S,NA,NA,NA,S,NA,NA,NA,NA,R,S
1773.21052,ERR3256233,S,NA,NA,S,NA,NA,NA,NA,S,NA,R,S,NA,NA,NA,S,NA,NA,NA,NA,S,S
1773.21698,ERR3256250,S,NA,NA,S,NA,NA,NA,NA,S,NA,S,S,NA,NA,NA,S,NA,NA,NA,NA,S,S
1773.2439,ERR551150,NA,NA,NA,NA,NA,NA,NA,NA,S,NA,S,NA,NA,NA,NA,NA,NA,NA,S,NA,S,S
1773.247,ERR551836,NA,NA,NA,NA,NA,NA,NA,NA,S,NA,S,NA,NA,NA,NA,NA,NA,NA,S,NA,S,S
1773.2481,ERR550698,NA,NA,NA,NA,NA,NA,NA,NA,S,NA,R,NA,NA,NA,NA,NA,NA,NA,S,NA,S,R
1773.2525,ERR551479,NA,NA,NA,NA,NA,NA,NA,NA,S,NA,S,NA,NA,NA,NA,NA,NA,NA,S,NA,S,S
1773.2692,ERR552535,NA,NA,NA,NA,NA,NA,NA,NA,S,NA,S,NA,NA,NA,NA,NA,NA,NA,S,NA,S,S
1773.2741,ERR553079,NA,NA,NA,NA,NA,NA,NA,NA,S,NA,S,NA,NA,NA,NA,NA,NA,NA,S,NA,S,S
1773.2862,ERR552058,NA,NA,NA,NA,NA,NA,NA,NA,S,NA,S,NA,NA,NA,NA,NA,NA,NA,S,NA,S,S
1773.2886,ERR551849,NA,NA,NA,NA,NA,NA,NA,NA,S,NA,S,NA,NA,NA,NA,NA,NA,NA,S,NA,S,S
1773.2895,ERR550811,NA,NA,NA,NA,NA,NA,NA,NA,S,NA,S,NA,NA,NA,NA,NA,NA,NA,S,NA,S,S
1773.29,ERR551388,NA,NA,NA,NA,NA,NA,NA,NA,S,NA,S,NA,NA,NA,NA,NA,NA,NA,S,NA,S,S
1773.291,ERR551097,NA,NA,NA,NA,NA,NA,NA,NA,S,NA,S,NA,NA,NA,NA,NA,NA,NA,S,NA,S,S
1773.2983,ERR552892,NA,NA,NA,NA,NA,NA,NA,NA,S,NA,S,NA,NA,NA,NA,NA,NA,NA,S,NA,S,S
1773.2993,ERR552264,NA,NA,NA,NA,NA,NA,NA,NA,S,NA,S,NA,NA,NA,NA,NA,NA,NA,S,NA,S,S
1773.3049,ERR553155,NA,NA,NA,NA,NA,NA,NA,NA,S,NA,S,NA,NA,NA,NA,NA,NA,NA,S,NA,S,S
1773.31054,ERS1987033,S,NA,NA,S,NA,NA,NA,NA,S,NA,S,S,NA,NA,NA,S,NA,NA,NA,NA,S,R
1773.31327,ERS1987343,S,NA,NA,S,NA,NA,NA,NA,S,NA,S,S,NA,NA,NA,S,NA,NA,NA,NA,S,R
1773.32092,ERS3371877,S,NA,NA,S,NA,NA,NA,NA,S,NA,R,S,NA,NA,NA,S,NA,NA,NA,NA,S,R
1773.3216,ERR552953,NA,NA,NA,NA,NA,NA,NA,NA,S,NA,S,NA,NA,NA,NA,NA,NA,NA,S,NA,S,S
1773.3217,ERS3371963,S,NA,NA,S,NA,NA,NA,NA,S,NA,R,S,NA,NA,NA,S,NA,NA,NA,NA,R,R
1773.322,ERR551723,NA,NA,NA,NA,NA,NA,NA,NA,S,NA,S,NA,NA,NA,NA,NA,NA,NA,S,NA,S,S
1773.32479,ERS5281489,S,NA,NA,S,NA,NA,NA,NA,S,NA,S,S,NA,NA,NA,S,NA,NA,NA,NA,R,R
1773.3306,ERR551747,NA,NA,NA,NA,NA,NA,NA,NA,S,NA,S,NA,NA,NA,NA,NA,NA,NA,S,NA,S,S
1773.33068,ERS5282259,S,NA,NA,S,NA,NA,NA,NA,S,NA,S,S,NA,NA,NA,S,NA,NA,NA,NA,R,R
1773.33524,ERS5283032,S,NA,NA,S,NA,NA,NA,NA,S,NA,R,S,NA,NA,NA,S,NA,NA,NA,NA,R,S
1773.3354,ERR552699,NA,NA,NA,NA,NA,NA,NA,NA,S,NA,S,NA,NA,NA,NA,NA,NA,NA,S,NA,S,S
1773.33721,ERS5298052,S,NA,NA,S,NA,NA,NA,NA,S,NA,S,S,NA,NA,NA,S,NA,NA,NA,NA,R,R
1773.33768,ERS5298095,S,NA,NA,S,NA,NA,NA,NA,S,NA,S,S,NA,NA,NA,S,NA,NA,NA,NA,S,R
1773.33823,ERS5298155,S,NA,NA,S,NA,NA,NA,NA,S,NA,S,S,NA,NA,NA,S,NA,NA,NA,NA,S,R
1773.34218,ERS5298736,S,NA,NA,S,NA,NA,NA,NA,S,NA,S,S,NA,NA,NA,S,NA,NA,NA,NA,S,R
1773.3427,ERR552999,NA,NA,NA,NA,NA,NA,NA,NA,S,NA,S,NA,NA,NA,NA,NA,NA,NA,S,NA,S,S
1773.3439,ERR551447,NA,NA,NA,NA,NA,NA,NA,NA,S,NA,S,NA,NA,NA,NA,NA,NA,NA,S,NA,S,S
1773.347,ERR551297,NA,NA,NA,NA,NA,NA,NA,NA,S,NA,S,NA,NA,NA,NA,NA,NA,NA,S,NA,S,S
1773.3483,ERR550910,NA,NA,NA,NA,NA,NA,NA,NA,S,NA,S,NA,NA,NA,NA,NA,NA,NA,S,NA,S,S
1773.34976,ERS5302102,S,NA,NA,S,NA,NA,NA,NA,S,NA,R,S,NA,NA,NA,S,NA,NA,NA,NA,S,R
1773.35028,ERS5302190,S,NA,NA,S,NA,NA,NA,NA,S,NA,S,S,NA,NA,NA,S,NA,NA,NA,NA,R,R
1773.3529,ERR551145,S,S,NA,S,NA,NA,S,NA,R,NA,R,NA,NA,NA,NA,S,S,S,R,NA,R,R
1773.35299,ERS5302525,S,NA,NA,S,NA,NA,NA,NA,S,NA,R,S,NA,NA,NA,S,NA,NA,NA,NA,S,R
1773.35482,ERS5302737,S,NA,NA,S,NA,NA,NA,NA,S,NA,S,S,NA,NA,NA,S,NA,NA,NA,NA,S,R
1773.36096,ERS5303620,S,NA,NA,S,NA,NA,NA,NA,S,NA,R,S,NA,NA,NA,S,NA,NA,NA,NA,R,R
1773.36699,ERS5312612,S,NA,NA,S,NA,NA,NA,NA,S,NA,S,S,NA,NA,NA,S,NA,NA,NA,NA,R,R
1773.36711,ERS5312625,S,NA,NA,S,NA,NA,NA,NA,S,NA,R,S,NA,NA,NA,S,NA,NA,NA,NA,R,R
1773.3752,ERR046878,NA,NA,NA,NA,NA,NA,NA,NA,S,NA,S,NA,NA,NA,NA,NA,NA,NA,S,NA,S,NA
1773.37788,ERS5319222,S,NA,NA,S,NA,NA,NA,NA,R,NA,R,S,NA,NA,NA,S,NA,NA,NA,NA,R,R
1773.37885,ERS5319512,S,NA,NA,S,NA,NA,NA,NA,S,NA,R,S,NA,NA,NA,S,NA,NA,NA,NA,R,R
1773.3808,ERR046947,NA,NA,NA,NA,NA,NA,NA,NA,S,NA,S,NA,NA,NA,NA,NA,NA,NA,S,NA,S,NA
1773.3819,ERR046960,NA,NA,NA,NA,NA,NA,NA,NA,S,NA,S,NA,NA,NA,NA,NA,NA,NA,S,NA,S,NA
1773.38488,ERS5320299,S,NA,NA,S,NA,NA,NA,NA,S,NA,S,S,NA,NA,NA,S,NA,NA,NA,NA,S,R
1773.3928,SRR2100131,NA,NA,NA,NA,S,NA,NA,NA,S,NA,R,NA,NA,NA,NA,NA,NA,NA,R,NA,S,NA
1773.39936,ERS6421484,S,NA,NA,S,NA,NA,NA,NA,S,NA,S,S,NA,NA,NA,S,NA,NA,NA,NA,S,R
1773.40051,ERS6421605,S,NA,NA,S,NA,NA,NA,NA,S,NA,S,S,NA,NA,NA,S,NA,NA,NA,NA,S,R
1773.4067,SRR2100268,NA,NA,NA,NA,NA,NA,NA,NA,S,NA,S,NA,NA,NA,NA,NA,NA,NA,S,NA,S,NA
1773.40679,ERS5281219,S,NA,R,S,NA,R,NA,R,S,R,S,S,R,R,S,S,S,NA,NA,S,S,R
1773.407,SRR2100272,NA,NA,NA,NA,S,NA,NA,NA,S,NA,R,NA,NA,NA,NA,NA,NA,NA,S,NA,S,NA
1773.41668,ERS5282334,S,NA,S,S,NA,S,NA,S,S,R,R,S,R,S,R,S,S,NA,NA,R,R,R
1773.43265,ERS1987041,S,NA,NA,S,NA,NA,NA,NA,S,NA,R,S,NA,NA,NA,S,NA,NA,NA,NA,S,R
1773.4327,ERS1987238,S,NA,NA,S,NA,NA,NA,NA,S,NA,S,S,NA,NA,NA,S,NA,NA,NA,NA,S,R
1773.43272,ERS1987297,S,NA,NA,S,NA,NA,NA,NA,S,NA,S,S,NA,NA,NA,S,NA,NA,NA,NA,R,R
1773.4436,SRR2100639,NA,NA,NA,NA,NA,NA,NA,NA,S,NA,S,NA,NA,NA,NA,NA,NA,NA,S,NA,S,NA
1773.5117,SRR2101446,S,S,NA,S,NA,NA,NA,NA,S,NA,S,S,NA,NA,S,NA,NA,NA,S,NA,S,S
1773.5176,SRR2101507,S,S,NA,S,NA,NA,NA,NA,S,NA,S,S,NA,NA,S,NA,NA,NA,S,NA,S,S
1773.5337,SRR2101686,S,S,NA,S,NA,NA,NA,NA,S,NA,R,S,NA,NA,S,NA,NA,NA,S,NA,S,R
1773.5394,SRR2101747,S,S,NA,S,NA,NA,NA,NA,S,NA,S,S,NA,NA,S,NA,NA,NA,S,NA,S,S
1773.5501,ERR551725,NA,NA,NA,NA,NA,NA,NA,NA,S,NA,S,NA,NA,NA,NA,NA,NA,NA,S,NA,S,S
1773.551,ERR552095,NA,NA,NA,NA,NA,NA,NA,NA,S,NA,S,NA,NA,NA,NA,NA,NA,NA,S,NA,S,S
1773.5536,ERR551118,NA,NA,NA,NA,NA,NA,NA,NA,S,NA,R,NA,NA,NA,NA,NA,NA,NA,S,NA,S,S
1773.18578,ERR1036292,S,NA,NA,S,NA,NA,S,NA,R,S,R,S,NA,NA,NA,S,S,NA,NA,NA,S,R
1773.1869,ERR1034669,S,NA,NA,S,NA,NA,NA,NA,R,NA,R,S,NA,NA,NA,R,NA,NA,NA,NA,R,R
1773.18962,ERR161108,S,NA,NA,S,NA,NA,NA,NA,S,NA,S,S,NA,NA,NA,S,NA,NA,NA,NA,R,R
1773.19406,ERR176746,S,NA,NA,S,NA,NA,NA,NA,S,NA,S,S,NA,NA,NA,S,NA,NA,NA,NA,S,R
1773.20071,ERR212177,S,NA,NA,S,NA,NA,NA,NA,S,NA,S,S,NA,NA,NA,S,NA,NA,NA,NA,S,R
1773.20474,ERR1035032,S,NA,NA,S,NA,NA,NA,NA,S,S,R,S,NA,NA,NA,R,NA,NA,NA,NA,R,R
1773.20653,ERR2124093,S,NA,NA,S,NA,NA,NA,NA,S,NA,R,S,NA,NA,NA,S,NA,NA,NA,NA,S,S
1773.21027,ERR3256205,S,NA,NA,S,NA,NA,NA,NA,S,NA,S,S,NA,NA,NA,S,NA,NA,NA,NA,S,S
1773.21046,ERR3256224,S,NA,NA,S,NA,NA,NA,NA,S,NA,S,S,NA,NA,NA,S,NA,NA,NA,NA,S,S
1773.21709,ERR3256260,S,NA,NA,S,NA,NA,NA,NA,S,NA,S,S,NA,NA,NA,S,NA,NA,NA,NA,S,S
1773.31253,ERS1987241,S,NA,NA,S,NA,NA,NA,NA,S,NA,S,S,NA,NA,NA,S,NA,NA,NA,NA,R,R
1773.31331,ERS1987339,S,NA,NA,S,NA,NA,NA,NA,S,NA,S,S,NA,NA,NA,S,NA,NA,NA,NA,R,R
1773.31381,ERS1987393,S,NA,NA,S,NA,NA,NA,NA,S,NA,R,S,NA,NA,NA,S,NA,NA,NA,NA,R,S
1773.31791,ERS3371549,S,NA,NA,S,NA,NA,NA,NA,S,NA,S,S,NA,NA,NA,S,NA,NA,NA,NA,S,R
1773.32305,ERS5281201,S,NA,NA,S,NA,NA,NA,NA,S,NA,R,S,NA,NA,NA,S,NA,NA,NA,NA,R,R
1773.32487,ERS5281495,S,NA,NA,S,NA,NA,NA,NA,S,NA,S,S,NA,NA,NA,S,NA,NA,NA,NA,R,R
1773.32508,ERS5281528,S,NA,NA,S,NA,NA,NA,NA,R,NA,R,S,NA,NA,NA,S,NA,NA,NA,NA,R,R
1773.33476,ERS5282782,S,NA,NA,S,NA,NA,NA,NA,S,NA,R,S,NA,NA,NA,S,NA,NA,NA,NA,R,S
1773.33522,ERS5283018,S,NA,NA,S,NA,NA,NA,NA,R,NA,R,S,NA,NA,NA,R,NA,NA,NA,NA,R,R
1773.33612,ERS5297914,R,NA,NA,R,NA,NA,NA,NA,S,NA,R,R,NA,NA,NA,R,NA,NA,NA,NA,S,S
1773.33637,ERS5297946,S,NA,NA,S,NA,NA,NA,NA,S,NA,S,S,NA,NA,NA,S,NA,NA,NA,NA,R,R
1773.33772,ERS5298100,S,NA,NA,S,NA,NA,NA,NA,S,NA,S,S,NA,NA,NA,S,NA,NA,NA,NA,S,R
1773.33799,ERS5298136,S,NA,NA,S,NA,NA,NA,NA,S,NA,S,S,NA,NA,NA,S,NA,NA,NA,NA,R,R
1773.338,ERS5298138,S,NA,NA,S,NA,NA,NA,NA,S,NA,S,S,NA,NA,NA,S,NA,NA,NA,NA,S,R
1773.33817,ERS5298148,S,NA,NA,S,NA,NA,NA,NA,S,NA,S,S,NA,NA,NA,S,NA,NA,NA,NA,S,R
1773.33853,ERS5298189,S,NA,NA,S,NA,NA,NA,NA,S,NA,S,S,NA,NA,NA,S,NA,NA,NA,NA,S,R
1773.34091,ERS5298598,S,NA,NA,S,NA,NA,NA,NA,S,NA,S,S,NA,NA,NA,S,NA,NA,NA,NA,R,R
1773.34395,ERS5300623,S,NA,NA,S,NA,NA,NA,NA,S,NA,S,S,NA,NA,NA,S,NA,NA,NA,NA,S,R
1773.3475,ERS5301302,S,NA,NA,S,NA,NA,NA,NA,S,NA,S,S,NA,NA,NA,S,NA,NA,NA,NA,S,R
1773.35042,ERS5302203,S,NA,NA,S,NA,NA,NA,NA,S,NA,S,S,NA,NA,NA,S,NA,NA,NA,NA,S,R
1773.35123,ERS5302308,S,NA,NA,S,NA,NA,NA,NA,S,NA,S,S,NA,NA,NA,S,NA,NA,NA,NA,R,R
1773.35177,ERS5302368,S,NA,NA,S,NA,NA,NA,NA,S,NA,S,S,NA,NA,NA,S,NA,NA,NA,NA,S,R
1773.35178,ERS5302367,S,NA,NA,S,NA,NA,NA,NA,S,NA,S,S,NA,NA,NA,S,NA,NA,NA,NA,S,R
1773.35292,ERS5302513,S,NA,NA,S,NA,NA,NA,NA,S,NA,S,S,NA,NA,NA,S,NA,NA,NA,NA,S,R
1773.35324,ERS5302556,S,NA,NA,S,NA,NA,NA,NA,S,NA,S,S,NA,NA,NA,S,NA,NA,NA,NA,S,R
1773.35439,ERS5302686,S,NA,NA,S,NA,NA,NA,NA,S,NA,S,S,NA,NA,NA,S,NA,NA,NA,NA,R,R
1773.35828,ERS5303231,S,NA,NA,S,NA,NA,NA,NA,S,NA,R,S,NA,NA,NA,S,NA,NA,NA,NA,R,R
1773.35834,ERS5303236,S,NA,NA,S,NA,NA,NA,NA,R,NA,R,S,NA,NA,NA,S,NA,NA,NA,NA,R,R
1773.36076,ERS5303600,S,NA,NA,S,NA,NA,NA,NA,S,NA,R,S,NA,NA,NA,S,NA,NA,NA,NA,S,R
1773.36298,ERS5304104,S,NA,NA,S,NA,NA,NA,NA,S,NA,S,S,NA,NA,NA,S,NA,NA,NA,NA,R,R
1773.36315,ERS5304129,S,NA,NA,S,NA,NA,NA,NA,S,NA,R,S,NA,NA,NA,S,NA,NA,NA,NA,R,R
1773.36351,ERS5304170,S,NA,NA,S,NA,NA,NA,NA,S,NA,S,S,NA,NA,NA,S,NA,NA,NA,NA,R,R
1773.36584,ERS5312492,S,NA,NA,S,NA,NA,NA,NA,S,NA,S,S,NA,NA,NA,S,NA,NA,NA,NA,S,R
1773.36687,ERS5312598,S,NA,NA,S,NA,NA,NA,NA,S,NA,S,S,NA,NA,NA,S,NA,NA,NA,NA,S,R
1773.37082,ERS5317817,S,NA,NA,S,NA,NA,NA,NA,S,NA,S,S,NA,NA,NA,S,NA,NA,NA,NA,R,R
1773.37683,ERS5319097,S,NA,NA,S,NA,NA,NA,NA,S,NA,S,S,NA,NA,NA,S,NA,NA,NA,NA,R,R
1773.38342,ERS5320128,S,NA,NA,S,NA,NA,NA,NA,S,NA,S,S,NA,NA,NA,S,NA,NA,NA,NA,S,R
1773.38436,ERS5320251,S,NA,NA,S,NA,NA,NA,NA,S,NA,R,S,NA,NA,NA,S,NA,NA,NA,NA,R,R
1773.38541,ERS5320367,S,NA,NA,S,NA,NA,NA,NA,S,NA,S,S,NA,NA,NA,S,NA,NA,NA,NA,S,R
1773.38576,ERS5320400,S,NA,NA,S,NA,NA,NA,NA,S,NA,S,S,NA,NA,NA,S,NA,NA,NA,NA,R,R
1773.38703,ERS5320600,S,NA,NA,S,NA,NA,NA,NA,R,NA,R,S,NA,NA,NA,S,NA,NA,NA,NA,R,R
1773.38719,ERS5320629,S,NA,NA,S,NA,NA,NA,NA,S,NA,R,S,NA,NA,NA,S,NA,NA,NA,NA,R,R
1773.38773,ERS5320700,S,NA,NA,S,NA,NA,NA,NA,S,NA,S,S,NA,NA,NA,S,NA,NA,NA,NA,R,R
1773.38986,ERS6402702,R,NA,NA,R,NA,NA,NA,NA,S,NA,R,R,NA,NA,NA,R,NA,NA,NA,NA,S,S
1773.38996,ERS6402713,S,NA,NA,S,NA,NA,NA,NA,S,NA,S,S,NA,NA,NA,S,NA,NA,NA,NA,S,S
1773.39145,ERS6402894,S,NA,NA,S,NA,NA,NA,NA,S,NA,S,S,NA,NA,NA,S,NA,NA,NA,NA,S,R
1773.39155,ERS6402902,S,NA,NA,S,NA,NA,NA,NA,S,NA,S,S,NA,NA,NA,S,NA,NA,NA,NA,S,R
1773.39204,ERS6402962,S,NA,NA,R,NA,NA,NA,NA,R,NA,S,S,NA,NA,NA,S,NA,NA,NA,NA,S,R
1773.3929,ERS6403057,S,NA,NA,S,NA,NA,NA,NA,S,NA,S,S,NA,NA,NA,S,NA,NA,NA,NA,S,R
1773.39434,ERS6403222,S,NA,NA,S,NA,NA,NA,NA,S,NA,S,S,NA,NA,NA,S,NA,NA,NA,NA,S,R
1773.39684,ERS6403512,S,NA,NA,S,NA,NA,NA,NA,S,NA,S,S,NA,NA,NA,S,NA,NA,NA,NA,S,R
1773.39772,ERS6403599,R,NA,NA,R,NA,NA,NA,NA,S,NA,R,R,NA,NA,NA,S,NA,NA,NA,NA,R,S
1773.39783,ERS6403623,R,NA,NA,S,NA,NA,NA,NA,S,NA,R,R,NA,NA,NA,S,NA,NA,NA,NA,S,S
1773.39795,ERS6403635,S,NA,NA,S,NA,NA,NA,NA,S,NA,R,S,NA,NA,NA,S,NA,NA,NA,NA,R,R
1773.39807,ERS6403650,S,NA,NA,S,NA,NA,NA,NA,S,NA,S,S,NA,NA,NA,S,NA,NA,NA,NA,S,R
1773.40125,ERS6421683,S,NA,NA,S,NA,NA,NA,NA,S,NA,S,S,NA,NA,NA,S,NA,NA,NA,NA,S,R
1773.4021,ERS6421771,S,NA,NA,S,NA,NA,NA,NA,S,NA,S,S,NA,NA,NA,S,NA,NA,NA,NA,S,R
1773.40236,ERS6421800,S,NA,NA,S,NA,NA,NA,NA,S,NA,S,S,NA,NA,NA,S,NA,NA,NA,NA,S,S
1773.40254,ERS6421822,S,NA,NA,S,NA,NA,NA,NA,S,NA,S,S,NA,NA,NA,S,NA,NA,NA,NA,S,R
1773.40275,ERS6421881,R,NA,NA,R,NA,NA,NA,NA,S,NA,R,R,NA,NA,NA,R,NA,NA,NA,NA,R,S
1773.42235,ERS5282936,S,NA,S,S,NA,S,NA,S,S,R,S,S,S,S,S,S,S,NA,NA,S,S,S
1773.42373,ERS5283092,S,NA,S,S,NA,S,NA,S,S,S,S,S,S,S,S,S,S,NA,NA,S,S,R
1773.42397,ERS5283115,S,NA,S,S,NA,S,NA,S,R,S,S,S,R,S,S,S,S,NA,NA,S,R,R
1773.42408,ERS5283129,S,NA,S,S,NA,S,NA,S,R,S,R,S,R,S,S,S,S,NA,NA,S,R,R
1773.42479,ERS5283206,S,NA,S,S,NA,R,NA,S,S,R,R,S,R,S,R,S,S,NA,NA,S,S,S
1773.42672,ERR7361939,S,NA,NA,S,NA,NA,NA,NA,S,NA,S,S,NA,NA,NA,S,NA,NA,NA,NA,R,R
1773.4278,SRR10500308,S,NA,NA,S,NA,NA,NA,NA,S,NA,R,S,NA,NA,NA,S,NA,NA,NA,NA,S,S
1773.43163,ERS5302171,S,NA,NA,S,NA,NA,NA,NA,S,NA,S,S,NA,NA,NA,S,NA,NA,NA,NA,S,R
1773.43372,ERS5317387,S,NA,NA,S,NA,NA,NA,NA,S,NA,S,S,NA,NA,NA,S,NA,NA,NA,NA,R,R
1773.43444,ERS5317305,S,NA,NA,S,NA,NA,NA,NA,S,NA,S,S,NA,NA,NA,S,NA,NA,NA,NA,R,R
1773.43456,ERS5317366,S,NA,NA,S,NA,NA,NA,NA,S,NA,S,S,NA,NA,NA,S,NA,NA,NA,NA,R,S
1773.43492,ERS5317518,S,NA,NA,S,NA,NA,NA,NA,S,NA,S,S,NA,NA,NA,S,NA,NA,NA,NA,R,R
1773.43637,ERS6403644,S,NA,NA,S,NA,NA,NA,NA,S,NA,S,S,NA,NA,NA,S,NA,NA,NA,NA,S,R
1773.43674,ERS6421711,S,NA,NA,S,NA,NA,NA,NA,S,NA,S,S,NA,NA,NA,S,NA,NA,NA,NA,S,R
1773.43729,ERS5282997,S,NA,S,S,NA,S,NA,S,R,R,R,S,R,R,R,S,R,NA,NA,R,R,R
1773.18191,ERR1873553,R,NA,NA,R,NA,NA,S,NA,R,S,R,R,NA,NA,S,R,S,NA,R,NA,R,S
1773.18308,ERR1035292,S,NA,NA,S,NA,NA,NA,NA,S,NA,R,S,NA,NA,NA,S,NA,NA,NA,NA,R,R
1773.18447,ERR1035231,S,NA,NA,S,NA,NA,NA,NA,S,NA,S,S,NA,NA,NA,S,NA,NA,S,NA,R,S
1773.20403,ERR1034968,S,NA,NA,S,NA,NA,NA,NA,S,S,R,S,NA,NA,NA,S,NA,NA,NA,NA,S,R
1773.23335,ERR1654649,S,NA,NA,S,NA,NA,NA,NA,S,NA,R,S,NA,NA,NA,S,NA,NA,NA,NA,S,R
1773.23341,ERR1654673,S,NA,NA,S,NA,NA,NA,NA,S,NA,R,S,NA,NA,NA,S,NA,NA,NA,NA,S,R
1773.33539,ERS5283079,S,NA,NA,S,NA,NA,NA,NA,R,NA,R,S,NA,NA,NA,R,NA,NA,NA,NA,R,R
1773.33618,ERS5297921,S,NA,NA,S,NA,NA,NA,NA,S,NA,S,S,NA,NA,NA,S,NA,NA,NA,NA,S,R
1773.3584,ERS5303245,S,NA,NA,S,NA,NA,NA,NA,S,NA,R,S,NA,NA,NA,S,NA,NA,NA,NA,R,S
1773.36654,ERS5312565,S,NA,NA,S,NA,NA,NA,NA,S,NA,S,S,NA,NA,NA,S,NA,NA,NA,NA,S,R
1773.36751,ERS5312668,S,NA,NA,S,NA,NA,NA,NA,R,NA,R,S,NA,NA,NA,S,NA,NA,NA,NA,R,R
1773.36785,ERS5317224,S,NA,NA,S,NA,NA,NA,NA,S,NA,S,S,NA,NA,NA,S,NA,NA,NA,NA,R,R
1773.37035,ERS5317767,S,NA,NA,S,NA,NA,NA,NA,S,NA,R,S,NA,NA,NA,S,NA,NA,NA,NA,R,R
1773.38322,ERS5320110,S,NA,NA,S,NA,NA,NA,NA,R,NA,R,S,NA,NA,NA,S,NA,NA,NA,NA,R,R
1773.38334,ERS5320118,S,NA,NA,S,NA,NA,NA,NA,S,NA,S,S,NA,NA,NA,S,NA,NA,NA,NA,S,R
1773.39447,ERS6403240,S,NA,NA,S,NA,NA,NA,NA,S,NA,R,S,NA,NA,NA,S,NA,NA,NA,NA,R,R
1773.40132,ERS6421691,S,NA,NA,S,NA,NA,NA,NA,S,NA,S,S,NA,NA,NA,S,NA,NA,NA,NA,S,R
1773.42132,ERS5282834,S,NA,S,S,NA,S,NA,S,R,R,R,S,R,R,R,S,S,NA,NA,R,R,R
1773.43392,ERS5317386,S,NA,NA,S,NA,NA,NA,NA,S,NA,S,S,NA,NA,NA,S,NA,NA,NA,NA,S,R
1773.43472,ERS5317418,S,NA,NA,S,NA,NA,NA,NA,S,NA,S,S,NA,NA,NA,S,NA,NA,NA,NA,S,S
1773.43655,ERS6403652,R,NA,NA,R,NA,NA,NA,NA,S,NA,R,R,NA,NA,NA,S,NA,NA,NA,NA,R,S
1773.20161,ERR221606,S,NA,NA,S,NA,NA,NA,NA,S,NA,S,S,NA,NA,NA,S,NA,NA,NA,NA,S,S
1773.20995,ERR3256169,S,NA,NA,S,NA,NA,NA,NA,S,NA,S,S,NA,NA,NA,S,NA,NA,NA,NA,S,S
1773.23336,ERR1654686,S,NA,NA,S,NA,NA,NA,NA,S,NA,R,S,NA,NA,NA,S,NA,NA,NA,NA,R,R
1773.18544,ERR1034900,R,NA,NA,R,NA,NA,S,NA,S,R,R,R,NA,NA,NA,S,S,NA,NA,NA,R,R
1773.32968,ERS5282136,S,NA,NA,S,NA,NA,NA,NA,S,NA,S,S,NA,NA,NA,S,NA,NA,NA,NA,R,R
1773.32981,ERS5282152,S,NA,NA,S,NA,NA,NA,NA,S,NA,S,S,NA,NA,NA,S,NA,NA,NA,NA,S,S
1773.36555,ERS5312463,S,NA,NA,S,NA,NA,NA,NA,S,NA,R,S,NA,NA,NA,S,NA,NA,NA,NA,R,R
1773.3659,ERS5312500,S,NA,NA,S,NA,NA,NA,NA,S,NA,S,S,NA,NA,NA,S,NA,NA,NA,NA,S,R
1773.37794,ERS5319232,S,NA,NA,S,NA,NA,NA,NA,S,NA,R,S,NA,NA,NA,S,NA,NA,NA,NA,R,R
1773.37813,ERS5319251,S,NA,NA,S,NA,NA,NA,NA,S,NA,S,S,NA,NA,NA,S,NA,NA,NA,NA,R,R
1773.3787,ERS5319500,S,NA,NA,S,NA,NA,NA,NA,S,NA,S,S,NA,NA,NA,S,NA,NA,NA,NA,S,S
1773.38285,ERS5320066,S,NA,NA,S,NA,NA,NA,NA,R,NA,R,S,NA,NA,NA,R,NA,NA,NA,NA,R,R
1773.38316,ERS5320104,S,NA,NA,S,NA,NA,NA,NA,S,NA,S,S,NA,NA,NA,S,NA,NA,NA,NA,R,R
1773.38551,ERS5320378,S,NA,NA,S,NA,NA,NA,NA,S,NA,S,S,NA,NA,NA,S,NA,NA,NA,NA,S,R
1773.40811,ERS5281369,R,NA,S,R,NA,S,NA,S,S,R,R,R,R,S,R,R,S,NA,NA,R,R,R
1773.42344,ERS5283067,S,NA,S,S,NA,S,NA,R,S,S,S,S,R,S,S,S,S,NA,NA,S,S,R
1773.42388,ERS5283117,S,NA,S,S,NA,S,NA,S,S,R,S,S,S,S,S,S,S,NA,NA,S,R,R
1773.3458,ERS5300862,S,NA,NA,S,NA,NA,NA,NA,S,NA,S,S,NA,NA,NA,S,NA,NA,NA,NA,S,S
1773.35923,ERS5303411,S,NA,NA,S,NA,NA,NA,NA,S,NA,S,S,NA,NA,NA,S,NA,NA,NA,NA,R,R
1773.37092,ERS5317829,S,NA,NA,S,NA,NA,NA,NA,S,NA,R,S,NA,NA,NA,S,NA,NA,NA,NA,R,R
1773.38625,ERS5320449,S,NA,NA,S,NA,NA,NA,NA,S,NA,S,S,NA,NA,NA,S,NA,NA,NA,NA,S,S
1773.40955,ERS5281515,R,NA,S,S,NA,R,NA,R,S,R,R,R,R,R,R,S,R,NA,NA,R,S,S
1773.43544,ERS5317478,S,NA,NA,S,NA,NA,NA,NA,S,NA,S,S,NA,NA,NA,S,NA,NA,NA,NA,S,S
1773.33475,ERS5282779,R,NA,NA,R,NA,NA,NA,NA,S,NA,R,R,NA,NA,NA,R,NA,NA,NA,NA,R,R
1773.18611,ERR1034736,S,NA,NA,S,S,NA,NA,NA,S,NA,S,S,NA,NA,NA,S,NA,NA,NA,NA,R,S
1773.19407,ERR176745,S,NA,NA,S,NA,NA,NA,NA,S,NA,S,S,NA,NA,NA,S,NA,NA,NA,NA,S,R
1773.20952,ERR3256129,S,NA,NA,S,NA,NA,NA,NA,S,NA,S,S,NA,NA,NA,S,NA,NA,NA,NA,S,S
1773.21024,ERR3256198,S,NA,NA,S,NA,NA,NA,NA,S,NA,R,S,NA,NA,NA,S,NA,NA,NA,NA,R,S
1773.2521,ERR551266,NA,NA,NA,NA,NA,NA,NA,NA,S,NA,S,NA,NA,NA,NA,NA,NA,NA,S,NA,S,S
1773.2623,ERR550769,NA,NA,NA,NA,NA,NA,NA,NA,S,NA,S,NA,NA,NA,NA,NA,NA,NA,S,NA,S,S
1773.2722,ERR553137,NA,NA,NA,NA,NA,NA,NA,NA,S,NA,S,NA,NA,NA,NA,NA,NA,NA,S,NA,S,S
1773.2744,ERR552059,NA,NA,NA,NA,NA,NA,NA,NA,S,NA,S,NA,NA,NA,NA,NA,NA,NA,S,NA,S,S
1773.2771,ERR552582,NA,NA,NA,NA,NA,NA,NA,NA,S,NA,R,NA,NA,NA,NA,NA,NA,NA,S,NA,S,R
1773.2779,ERR552686,NA,NA,NA,NA,NA,NA,NA,NA,S,NA,S,NA,NA,NA,NA,NA,NA,NA,S,NA,S,S
1773.2897,ERR550865,NA,NA,NA,NA,NA,NA,NA,NA,S,NA,S,NA,NA,NA,NA,NA,NA,NA,S,NA,S,S
1773.2922,ERR552727,NA,NA,NA,NA,NA,NA,NA,NA,S,NA,S,NA,NA,NA,NA,NA,NA,NA,S,NA,S,S
1773.2965,ERR550699,NA,NA,NA,NA,NA,NA,NA,NA,S,NA,S,NA,NA,NA,NA,NA,NA,NA,S,NA,S,S
1773.2981,ERR552861,NA,NA,NA,NA,NA,NA,NA,NA,S,NA,S,NA,NA,NA,NA,NA,NA,NA,S,NA,S,S
1773.2985,ERR552945,NA,NA,NA,NA,NA,NA,NA,NA,S,NA,S,NA,NA,NA,NA,NA,NA,NA,S,NA,S,S
1773.3003,ERR553077,NA,NA,NA,NA,NA,NA,NA,NA,S,NA,S,NA,NA,NA,NA,NA,NA,NA,S,NA,S,S
1773.3023,ERR551679,NA,NA,NA,NA,NA,NA,NA,NA,S,NA,S,NA,NA,NA,NA,NA,NA,NA,S,NA,S,S
1773.3079,ERR552359,NA,NA,NA,NA,NA,NA,NA,NA,S,NA,S,NA,NA,NA,NA,NA,NA,NA,S,NA,S,S
1773.3131,ERR551346,NA,NA,NA,NA,NA,NA,NA,NA,S,NA,S,NA,NA,NA,NA,NA,NA,NA,S,NA,S,S
1773.31374,ERS1987385,S,NA,NA,S,NA,NA,NA,NA,S,NA,R,S,NA,NA,NA,S,NA,NA,NA,NA,R,R
1773.3234,ERR552770,NA,NA,NA,NA,NA,NA,NA,NA,S,NA,S,NA,NA,NA,NA,NA,NA,NA,S,NA,S,S
1773.32466,ERS5281466,S,NA,NA,S,NA,NA,NA,NA,S,NA,S,S,NA,NA,NA,S,NA,NA,NA,NA,R,R
1773.3256,ERR551442,NA,NA,NA,NA,NA,NA,NA,NA,S,NA,S,NA,NA,NA,NA,NA,NA,NA,S,NA,S,S
1773.3276,ERR550695,NA,NA,NA,NA,NA,NA,NA,NA,S,NA,S,NA,NA,NA,NA,NA,NA,NA,S,NA,S,S
1773.3278,ERR550731,NA,NA,NA,NA,NA,NA,NA,NA,S,NA,S,NA,NA,NA,NA,NA,NA,NA,S,NA,S,S
1773.33641,ERS5297952,S,NA,NA,S,NA,NA,NA,NA,S,NA,S,S,NA,NA,NA,S,NA,NA,NA,NA,R,S
1773.33653,ERS5297982,S,NA,NA,S,NA,NA,NA,NA,S,NA,S,S,NA,NA,NA,S,NA,NA,NA,NA,R,S
1773.3406,ERR551796,NA,NA,NA,NA,NA,NA,NA,NA,S,NA,S,NA,NA,NA,NA,NA,NA,NA,S,NA,S,S
1773.34104,ERS5298613,S,NA,NA,S,NA,NA,NA,NA,S,NA,S,S,NA,NA,NA,S,NA,NA,NA,NA,S,R
1773.3455,ERR551503,NA,NA,NA,NA,NA,NA,NA,NA,S,NA,S,NA,NA,NA,NA,NA,NA,NA,S,NA,S,S
1773.3463,ERR552837,NA,NA,NA,NA,NA,NA,NA,NA,S,NA,S,NA,NA,NA,NA,NA,NA,NA,S,NA,S,S
1773.35032,ERS5302192,S,NA,NA,S,NA,NA,NA,NA,S,NA,S,S,NA,NA,NA,S,NA,NA,NA,NA,S,R
1773.3509,ERR553308,NA,NA,NA,NA,NA,NA,NA,NA,S,NA,S,NA,NA,NA,NA,NA,NA,NA,S,NA,S,S
1773.3515,ERR553388,NA,NA,NA,NA,NA,NA,NA,NA,S,NA,S,NA,NA,NA,NA,NA,NA,NA,S,NA,S,S
1773.35275,ERS5302496,S,NA,NA,S,NA,NA,NA,NA,S,NA,S,S,NA,NA,NA,S,NA,NA,NA,NA,S,R
1773.35388,ERS5302626,S,NA,NA,S,NA,NA,NA,NA,S,NA,S,S,NA,NA,NA,S,NA,NA,NA,NA,S,R
1773.35415,ERS5302667,S,NA,NA,S,NA,NA,NA,NA,S,NA,S,S,NA,NA,NA,S,NA,NA,NA,NA,S,R
1773.35635,ERS5302921,S,NA,NA,S,NA,NA,NA,NA,S,NA,S,S,NA,NA,NA,S,NA,NA,NA,NA,R,R
1773.35877,ERS5303333,R,NA,NA,R,NA,NA,NA,NA,S,NA,R,R,NA,NA,NA,S,NA,NA,NA,NA,R,R
1773.35916,ERS5303401,S,NA,NA,S,NA,NA,NA,NA,S,NA,S,S,NA,NA,NA,S,NA,NA,NA,NA,S,R
1773.3652,ERR046761,NA,NA,NA,NA,NA,NA,NA,NA,S,NA,S,NA,NA,NA,NA,NA,NA,NA,S,NA,S,NA
1773.36749,ERS5312667,S,NA,NA,S,NA,NA,NA,NA,R,NA,R,S,NA,NA,NA,S,NA,NA,NA,NA,R,R
1773.3683,ERR046796,S,NA,NA,S,R,NA,NA,NA,R,NA,R,NA,NA,NA,NA,NA,NA,NA,R,NA,R,R
1773.36864,ERS5317553,S,NA,NA,S,NA,NA,NA,NA,S,NA,S,S,NA,NA,NA,S,NA,NA,NA,NA,S,R
1773.3714,ERR046834,NA,NA,NA,NA,S,NA,NA,NA,S,NA,R,NA,NA,NA,NA,NA,NA,NA,S,NA,S,NA
1773.3744,ERR046869,NA,NA,NA,NA,S,NA,NA,NA,S,NA,S,NA,NA,NA,NA,NA,NA,NA,S,NA,S,NA
1773.38256,ERS5320043,S,NA,NA,S,NA,NA,NA,NA,S,NA,R,S,NA,NA,NA,S,NA,NA,NA,NA,R,R
1773.3862,ERR047008,NA,NA,NA,NA,NA,NA,NA,NA,S,NA,S,NA,NA,NA,NA,NA,NA,NA,S,NA,S,NA
1773.38717,ERS5320620,S,NA,NA,S,NA,NA,NA,NA,S,NA,R,S,NA,NA,NA,S,NA,NA,NA,NA,R,R
1773.38725,ERS5320633,S,NA,NA,S,NA,NA,NA,NA,S,NA,R,S,NA,NA,NA,S,NA,NA,NA,NA,S,R
1773.39264,ERS6403030,S,NA,NA,S,NA,NA,NA,NA,S,NA,S,S,NA,NA,NA,S,NA,NA,NA,NA,R,R
1773.39397,ERS6403175,S,NA,NA,S,NA,NA,NA,NA,S,NA,S,S,NA,NA,NA,S,NA,NA,NA,NA,S,R
1773.39693,ERS6403520,S,NA,NA,S,NA,NA,NA,NA,S,NA,S,S,NA,NA,NA,S,NA,NA,NA,NA,S,R
1773.40069,ERS6421621,S,NA,NA,S,NA,NA,NA,NA,S,NA,S,S,NA,NA,NA,S,NA,NA,NA,NA,R,R
1773.40207,ERS6421768,S,NA,NA,S,NA,NA,NA,NA,S,NA,S,S,NA,NA,NA,S,NA,NA,NA,NA,S,R
1773.42721,ERR7361997,R,NA,NA,R,NA,NA,NA,NA,S,NA,R,R,NA,NA,NA,R,NA,NA,NA,NA,R,R
1773.42741,ERR7362017,R,NA,NA,R,NA,NA,NA,NA,S,NA,R,R,NA,NA,NA,S,NA,NA,NA,NA,R,R
1773.43074,ERS5320296,S,NA,NA,S,NA,NA,NA,NA,S,NA,S,S,NA,NA,NA,S,NA,NA,NA,NA,R,S
1773.5488,ERR552836,NA,NA,NA,NA,NA,NA,NA,NA,S,NA,S,NA,NA,NA,NA,NA,NA,NA,S,NA,S,S
1773.5742,SRR2099934,NA,NA,NA,NA,NA,NA,NA,NA,S,NA,S,NA,NA,NA,NA,NA,NA,NA,S,NA,S,NA
1773.5845,SRR2100038,NA,NA,NA,NA,NA,NA,NA,NA,S,NA,S,NA,NA,NA,NA,NA,NA,NA,S,NA,S,NA
1773.18659,ERR1034784,R,NA,NA,R,S,NA,S,NA,S,S,R,R,NA,NA,NA,R,S,NA,R,NA,R,R
1773.2097,ERR3256149,S,NA,NA,S,NA,NA,NA,NA,S,NA,S,S,NA,NA,NA,S,NA,NA,NA,NA,S,S
1773.31063,ERS1987045,S,NA,NA,S,NA,NA,NA,NA,S,NA,S,S,NA,NA,NA,S,NA,NA,NA,NA,R,R
1773.31083,ERS1987069,S,NA,NA,S,NA,NA,NA,NA,S,NA,S,S,NA,NA,NA,S,NA,NA,NA,NA,R,R
1773.31362,ERS1987371,S,NA,NA,S,NA,NA,NA,NA,S,NA,S,S,NA,NA,NA,S,NA,NA,NA,NA,S,R
1773.32058,ERS3371834,S,NA,NA,S,NA,NA,NA,NA,S,NA,R,S,NA,NA,NA,S,NA,NA,NA,NA,R,R
1773.32084,ERS3371866,S,NA,NA,S,NA,NA,NA,NA,S,NA,R,S,NA,NA,NA,S,NA,NA,NA,NA,R,R
1773.32096,ERS3371881,S,NA,NA,S,NA,NA,NA,NA,S,NA,R,S,NA,NA,NA,S,NA,NA,NA,NA,R,R
1773.32357,ERS5281275,S,NA,NA,S,NA,NA,NA,NA,S,NA,S,S,NA,NA,NA,S,NA,NA,NA,NA,R,R
1773.32433,ERS5281411,S,NA,NA,S,NA,NA,NA,NA,S,NA,S,S,NA,NA,NA,S,NA,NA,NA,NA,S,R
1773.32434,ERS5281407,S,NA,NA,S,NA,NA,NA,NA,S,NA,S,S,NA,NA,NA,S,NA,NA,NA,NA,S,R
1773.32496,ERS5281514,S,NA,NA,S,NA,NA,NA,NA,S,NA,R,S,NA,NA,NA,S,NA,NA,NA,NA,S,S
1773.32522,ERS5281536,S,NA,NA,S,NA,NA,NA,NA,S,NA,R,S,NA,NA,NA,S,NA,NA,NA,NA,S,R
1773.32537,ERS5281559,S,NA,NA,S,NA,NA,NA,NA,S,NA,R,S,NA,NA,NA,S,NA,NA,NA,NA,R,R
1773.32689,ERS5281752,S,NA,NA,S,NA,NA,NA,NA,S,NA,S,S,NA,NA,NA,S,NA,NA,NA,NA,R,R
1773.32698,ERS5281770,S,NA,NA,R,NA,NA,NA,NA,R,NA,R,S,NA,NA,NA,S,NA,NA,NA,NA,R,R
1773.33152,ERS5282366,S,NA,NA,S,NA,NA,NA,NA,R,NA,R,S,NA,NA,NA,S,NA,NA,NA,NA,R,R
1773.33339,ERS5282599,S,NA,NA,S,NA,NA,NA,NA,S,NA,S,S,NA,NA,NA,S,NA,NA,NA,NA,S,S
1773.33444,ERS5282733,S,NA,NA,S,NA,NA,NA,NA,S,NA,S,S,NA,NA,NA,S,NA,NA,NA,NA,R,R
1773.33537,ERS5283075,S,NA,NA,S,NA,NA,NA,NA,R,NA,R,S,NA,NA,NA,S,NA,NA,NA,NA,R,R
1773.33563,ERS5297848,S,NA,NA,S,NA,NA,NA,NA,S,NA,S,S,NA,NA,NA,S,NA,NA,NA,NA,S,R
1773.33656,ERS5297977,S,NA,NA,S,NA,NA,NA,NA,S,NA,R,S,NA,NA,NA,S,NA,NA,NA,NA,R,R
1773.33658,ERS5297986,S,NA,NA,S,NA,NA,NA,NA,S,NA,S,S,NA,NA,NA,S,NA,NA,NA,NA,S,R
1773.33685,ERS5298010,S,NA,NA,S,NA,NA,NA,NA,S,NA,S,S,NA,NA,NA,S,NA,NA,NA,NA,S,R
1773.33832,ERS5298166,S,NA,NA,S,NA,NA,NA,NA,S,NA,S,S,NA,NA,NA,S,NA,NA,NA,NA,S,R
1773.33874,ERS5298215,S,NA,NA,S,NA,NA,NA,NA,R,NA,R,S,NA,NA,NA,S,NA,NA,NA,NA,R,R
1773.3391,ERS5298245,S,NA,NA,S,NA,NA,NA,NA,S,NA,R,S,NA,NA,NA,S,NA,NA,NA,NA,S,S
1773.33922,ERS5298259,R,NA,NA,S,NA,NA,NA,NA,S,NA,R,R,NA,NA,NA,S,NA,NA,NA,NA,R,R
1773.33953,ERS5298295,S,NA,NA,S,NA,NA,NA,NA,R,NA,R,S,NA,NA,NA,S,NA,NA,NA,NA,R,R
1773.34082,ERS5298587,S,NA,NA,S,NA,NA,NA,NA,S,NA,S,S,NA,NA,NA,S,NA,NA,NA,NA,S,R
1773.34317,ERS5300543,S,NA,NA,S,NA,NA,NA,NA,S,NA,S,S,NA,NA,NA,S,NA,NA,NA,NA,S,R
1773.3453,ERS5300803,S,NA,NA,S,NA,NA,NA,NA,S,NA,R,S,NA,NA,NA,S,NA,NA,NA,NA,R,R
1773.34674,ERS5301099,S,NA,NA,S,NA,NA,NA,NA,S,NA,S,S,NA,NA,NA,S,NA,NA,NA,NA,R,R
1773.34842,ERS5301909,S,NA,NA,S,NA,NA,NA,NA,S,NA,S,S,NA,NA,NA,S,NA,NA,NA,NA,S,R
1773.35036,ERS5302196,S,NA,NA,S,NA,NA,NA,NA,S,NA,R,S,NA,NA,NA,S,NA,NA,NA,NA,R,R
1773.35184,ERS5302376,S,NA,NA,S,NA,NA,NA,NA,S,NA,S,S,NA,NA,NA,S,NA,NA,NA,NA,S,R
1773.35468,ERS5302724,S,NA,NA,S,NA,NA,NA,NA,S,NA,S,S,NA,NA,NA,S,NA,NA,NA,NA,S,S
1773.35855,ERS5303253,S,NA,NA,S,NA,NA,NA,NA,S,NA,S,S,NA,NA,NA,S,NA,NA,NA,NA,S,R
1773.36051,ERS5303567,R,NA,NA,R,NA,NA,NA,NA,S,NA,R,R,NA,NA,NA,S,NA,NA,NA,NA,S,R
1773.36334,ERS5304149,S,NA,NA,S,NA,NA,NA,NA,S,NA,S,S,NA,NA,NA,S,NA,NA,NA,NA,R,R
1773.36607,ERS5312514,S,NA,NA,S,NA,NA,NA,NA,S,NA,S,S,NA,NA,NA,S,NA,NA,NA,NA,R,R
1773.36684,ERS5312595,S,NA,NA,S,NA,NA,NA,NA,S,NA,S,S,NA,NA,NA,S,NA,NA,NA,NA,S,R
1773.36744,ERS5312659,S,NA,NA,S,NA,NA,NA,NA,R,NA,R,S,NA,NA,NA,S,NA,NA,NA,NA,R,R
1773.37088,ERS5317825,S,NA,NA,S,NA,NA,NA,NA,S,NA,S,S,NA,NA,NA,S,NA,NA,NA,NA,R,R
1773.37779,ERS5319212,S,NA,NA,S,NA,NA,NA,NA,S,NA,R,S,NA,NA,NA,S,NA,NA,NA,NA,S,R
1773.37833,ERS5319459,S,NA,NA,S,NA,NA,NA,NA,S,NA,S,S,NA,NA,NA,S,NA,NA,NA,NA,S,S
1773.37892,ERS5319522,S,NA,NA,S,NA,NA,NA,NA,S,NA,S,S,NA,NA,NA,S,NA,NA,NA,NA,R,R
1773.37895,ERS5319526,S,NA,NA,S,NA,NA,NA,NA,S,NA,S,S,NA,NA,NA,S,NA,NA,NA,NA,R,R
1773.38416,ERS5320223,S,NA,NA,S,NA,NA,NA,NA,S,NA,S,S,NA,NA,NA,S,NA,NA,NA,NA,S,S
1773.38444,ERS5320253,S,NA,NA,S,NA,NA,NA,NA,S,NA,S,S,NA,NA,NA,S,NA,NA,NA,NA,R,R
1773.38639,ERS5320463,S,NA,NA,S,NA,NA,NA,NA,S,NA,S,S,NA,NA,NA,S,NA,NA,NA,NA,S,R
1773.38689,ERS5320586,S,NA,NA,R,NA,NA,NA,NA,R,NA,R,S,NA,NA,NA,S,NA,NA,NA,NA,R,R
1773.39026,ERS6402745,S,NA,NA,S,NA,NA,NA,NA,S,NA,S,S,NA,NA,NA,S,NA,NA,NA,NA,S,R
1773.3903,ERS6402749,R,NA,NA,R,NA,NA,NA,NA,S,NA,R,R,NA,NA,NA,S,NA,NA,NA,NA,S,R
1773.39152,ERS6402901,S,NA,NA,S,NA,NA,NA,NA,S,NA,S,S,NA,NA,NA,S,NA,NA,NA,NA,S,R
1773.39237,ERS6402998,S,NA,NA,S,NA,NA,NA,NA,S,NA,S,S,NA,NA,NA,S,NA,NA,NA,NA,R,R
1773.39292,ERS6403060,R,NA,NA,R,NA,NA,NA,NA,S,NA,R,R,NA,NA,NA,S,NA,NA,NA,NA,R,S
1773.39441,ERS6403235,S,NA,NA,S,NA,NA,NA,NA,S,NA,S,S,NA,NA,NA,R,NA,NA,NA,NA,S,R
1773.39471,ERS6403269,R,NA,NA,R,NA,NA,NA,NA,R,NA,R,R,NA,NA,NA,R,NA,NA,NA,NA,S,S
1773.39587,ERS6403405,S,NA,NA,S,NA,NA,NA,NA,S,NA,S,S,NA,NA,NA,S,NA,NA,NA,NA,S,R
1773.3969,ERS6403517,R,NA,NA,R,NA,NA,NA,NA,S,NA,R,R,NA,NA,NA,R,NA,NA,NA,NA,R,S
1773.39742,ERS6403573,R,NA,NA,R,NA,NA,NA,NA,S,NA,R,R,NA,NA,NA,S,NA,NA,NA,NA,S,R
1773.39762,ERS6403605,S,NA,NA,S,NA,NA,NA,NA,S,NA,R,S,NA,NA,NA,S,NA,NA,NA,NA,R,R
1773.39764,ERS6403607,S,NA,NA,S,NA,NA,NA,NA,S,NA,S,S,NA,NA,NA,S,NA,NA,NA,NA,S,R
1773.39974,ERS6421522,S,NA,NA,S,NA,NA,NA,NA,S,NA,S,S,NA,NA,NA,S,NA,NA,NA,NA,R,R
1773.40024,ERS6421572,S,NA,NA,S,NA,NA,NA,NA,S,NA,S,S,NA,NA,NA,S,NA,NA,NA,NA,S,R
1773.40099,ERS6421652,S,NA,NA,S,NA,NA,NA,NA,S,NA,S,S,NA,NA,NA,S,NA,NA,NA,NA,R,R
1773.40138,ERS6421699,S,NA,NA,S,NA,NA,NA,NA,S,NA,S,S,NA,NA,NA,S,NA,NA,NA,NA,S,R
1773.40215,ERS6421777,S,NA,NA,S,NA,NA,NA,NA,S,NA,S,S,NA,NA,NA,S,NA,NA,NA,NA,S,R
1773.40225,ERS6421790,S,NA,NA,S,NA,NA,NA,NA,S,NA,S,S,NA,NA,NA,S,NA,NA,NA,NA,S,R
1773.40229,ERS6421788,S,NA,NA,S,NA,NA,NA,NA,S,NA,S,S,NA,NA,NA,S,NA,NA,NA,NA,S,R
1773.40595,ERR3323731,S,NA,NA,S,NA,NA,NA,NA,S,NA,S,S,NA,NA,NA,S,NA,NA,NA,NA,R,R
1773.42129,ERS5282831,S,NA,S,S,NA,S,NA,R,S,S,S,S,R,S,S,S,S,NA,NA,S,S,R
1773.42238,ERS5282943,S,NA,S,S,NA,S,NA,S,S,S,S,S,S,S,S,R,S,NA,NA,S,R,R
1773.42332,ERS5283052,S,NA,S,S,NA,R,NA,S,R,R,R,S,R,S,R,S,R,NA,NA,R,R,R
1773.42403,ERS5283127,S,NA,S,S,NA,S,NA,S,R,R,S,S,S,S,S,S,S,NA,NA,S,R,R
1773.42717,ERR7361998,S,NA,NA,S,NA,NA,NA,NA,S,NA,R,S,NA,NA,NA,S,NA,NA,NA,NA,R,R
1773.42769,ERR7362042,S,NA,NA,S,NA,NA,NA,NA,S,NA,R,S,NA,NA,NA,S,NA,NA,NA,NA,S,R
1773.43129,ERS5301927,S,NA,NA,S,NA,NA,NA,NA,S,NA,S,S,NA,NA,NA,S,NA,NA,NA,NA,S,R
1773.43234,ERS3371999,R,NA,NA,R,NA,NA,NA,NA,S,NA,R,R,NA,NA,NA,S,NA,NA,NA,NA,R,R
1773.43257,ERS3372088,R,NA,NA,R,NA,NA,NA,NA,R,NA,R,R,NA,NA,NA,S,NA,NA,NA,NA,R,R
1773.43441,ERS5317359,S,NA,NA,S,NA,NA,NA,NA,S,NA,S,S,NA,NA,NA,S,NA,NA,NA,NA,S,R
1773.18577,ERR1036296,S,NA,NA,S,NA,NA,S,NA,S,R,R,R,NA,NA,NA,R,S,NA,R,NA,R,R
1773.18669,ERR1034802,S,NA,NA,S,NA,NA,NA,NA,R,NA,R,S,NA,NA,NA,S,NA,NA,R,NA,S,R
1773.20058,ERR212156,S,NA,NA,S,NA,NA,NA,NA,S,NA,S,S,NA,NA,NA,S,NA,NA,NA,NA,R,R
1773.23337,ERR1654688,S,NA,NA,S,NA,NA,NA,NA,S,NA,S,S,NA,NA,NA,S,NA,NA,NA,NA,R,R
1773.23386,ERR1654706,S,NA,NA,S,NA,NA,NA,NA,S,NA,R,S,NA,NA,NA,S,NA,NA,NA,NA,S,R
1773.29172,ERS1157837,S,NA,NA,S,NA,NA,NA,NA,S,R,R,S,NA,NA,NA,S,NA,NA,R,NA,S,S
1773.31219,ERS1987218,S,NA,NA,S,NA,NA,NA,NA,S,NA,S,S,NA,NA,NA,S,NA,NA,NA,NA,R,R
1773.3133,ERS1987344,S,NA,NA,S,NA,NA,NA,NA,S,NA,S,S,NA,NA,NA,S,NA,NA,NA,NA,R,R
1773.33375,ERS5282648,S,NA,NA,S,NA,NA,NA,NA,S,NA,S,S,NA,NA,NA,S,NA,NA,NA,NA,S,R
1773.34515,ERS5300780,S,NA,NA,S,NA,NA,NA,NA,S,NA,S,S,NA,NA,NA,S,NA,NA,NA,NA,S,R
1773.3647,ERS5312367,S,NA,NA,S,NA,NA,NA,NA,S,NA,R,S,NA,NA,NA,S,NA,NA,NA,NA,R,R
1773.36598,ERS5312507,S,NA,NA,S,NA,NA,NA,NA,S,NA,S,S,NA,NA,NA,S,NA,NA,NA,NA,S,R
1773.36874,ERS5317570,S,NA,NA,S,NA,NA,NA,NA,S,NA,S,S,NA,NA,NA,S,NA,NA,NA,NA,S,S
1773.37019,ERS5317743,S,NA,NA,S,NA,NA,NA,NA,S,NA,R,S,NA,NA,NA,S,NA,NA,NA,NA,R,R
1773.37687,ERS5319099,S,NA,NA,S,NA,NA,NA,NA,S,NA,S,S,NA,NA,NA,S,NA,NA,NA,NA,R,R
1773.37887,ERS5319517,S,NA,NA,S,NA,NA,NA,NA,S,NA,R,S,NA,NA,NA,S,NA,NA,NA,NA,R,R
1773.38456,ERS5320261,S,NA,NA,S,NA,NA,NA,NA,S,NA,S,S,NA,NA,NA,S,NA,NA,NA,NA,S,R
1773.39036,ERS6402764,S,NA,NA,S,NA,NA,NA,NA,S,NA,S,S,NA,NA,NA,S,NA,NA,NA,NA,S,S
1773.39698,ERS6403524,S,NA,NA,S,NA,NA,NA,NA,S,NA,S,S,NA,NA,NA,S,NA,NA,NA,NA,S,R
1773.39761,ERS6403604,R,NA,NA,R,NA,NA,NA,NA,S,NA,R,R,NA,NA,NA,S,NA,NA,NA,NA,R,R
1773.40228,ERS6421789,S,NA,NA,R,NA,NA,NA,NA,S,NA,R,S,NA,NA,NA,S,NA,NA,NA,NA,R,R
1773.40363,ERS6421995,S,NA,NA,S,NA,NA,NA,NA,S,NA,S,S,NA,NA,NA,S,NA,NA,NA,NA,S,R
1773.41934,ERS5282625,S,NA,S,S,NA,S,NA,S,R,S,R,S,R,S,R,S,S,NA,NA,R,R,R
1773.42582,ERS5283310,S,NA,S,S,NA,S,NA,S,R,R,R,S,R,S,R,S,S,NA,NA,R,S,R
1773.42678,ERR7361944,S,NA,NA,S,NA,NA,NA,NA,S,NA,S,S,NA,NA,NA,S,NA,NA,NA,NA,R,R
1773.43539,ERS5317457,S,NA,NA,S,NA,NA,NA,NA,S,NA,S,S,NA,NA,NA,S,NA,NA,NA,NA,R,R
1773.18375,ERR1034582,R,NA,NA,S,R,NA,NA,NA,S,S,R,S,NA,NA,NA,R,NA,NA,R,NA,R,R
1773.23351,ERR1654668,S,NA,NA,S,NA,NA,NA,NA,S,NA,R,S,NA,NA,NA,S,NA,NA,NA,NA,R,R
1773.23412,ERR2120266,S,NA,NA,S,NA,NA,NA,NA,S,NA,R,S,NA,NA,NA,S,NA,NA,S,NA,R,S
1773.32442,ERS5281423,S,NA,NA,S,NA,NA,NA,NA,S,NA,S,S,NA,NA,NA,S,NA,NA,NA,NA,S,R
1773.32749,ERS5281876,S,NA,NA,S,NA,NA,NA,NA,S,NA,R,S,NA,NA,NA,S,NA,NA,NA,NA,R,R
1773.33849,ERS5298182,R,NA,NA,R,NA,NA,NA,NA,S,NA,R,R,NA,NA,NA,S,NA,NA,NA,NA,R,R
1773.3657,ERS5312479,S,NA,NA,S,NA,NA,NA,NA,S,NA,S,S,NA,NA,NA,S,NA,NA,NA,NA,R,R
1773.36981,ERS5317702,S,NA,NA,S,NA,NA,NA,NA,S,NA,R,S,NA,NA,NA,S,NA,NA,NA,NA,R,R
1773.38287,ERS5320064,S,NA,NA,S,NA,NA,NA,NA,R,NA,R,S,NA,NA,NA,S,NA,NA,NA,NA,R,R
1773.38495,ERS5320305,S,NA,NA,S,NA,NA,NA,NA,S,NA,R,S,NA,NA,NA,S,NA,NA,NA,NA,R,R
1773.40921,ERS5281481,S,NA,S,S,NA,R,NA,S,R,R,S,S,R,S,S,S,S,NA,NA,S,S,S
1773.43432,ERS5317329,S,NA,NA,S,NA,NA,NA,NA,S,NA,S,S,NA,NA,NA,S,NA,NA,NA,NA,S,S
1773.43491,ERS5317510,S,NA,NA,S,NA,NA,NA,NA,S,NA,S,S,NA,NA,NA,S,NA,NA,NA,NA,S,R
1773.3264,ERS5281667,S,NA,NA,S,NA,NA,NA,NA,S,NA,S,S,NA,NA,NA,S,NA,NA,NA,NA,S,R
1773.34393,ERS5300625,S,NA,NA,S,NA,NA,NA,NA,S,NA,S,S,NA,NA,NA,S,NA,NA,NA,NA,S,R
1773.42379,ERS5283100,R,NA,S,R,NA,S,NA,S,R,R,R,R,R,S,R,R,S,NA,NA,R,R,R
1773.43489,ERS5317513,S,NA,NA,S,NA,NA,NA,NA,S,NA,S,S,NA,NA,NA,S,NA,NA,NA,NA,S,R
1773.18414,ERR1035194,R,NA,NA,R,NA,NA,R,NA,S,R,R,R,NA,NA,S,R,R,NA,R,NA,R,S
1773.19656,ERR181872,S,NA,NA,S,NA,NA,NA,NA,S,NA,S,S,NA,NA,NA,S,NA,NA,S,NA,R,R
1773.19751,ERR181958,S,NA,NA,S,NA,NA,NA,NA,S,NA,S,S,NA,NA,NA,S,NA,NA,NA,NA,S,R
1773.19957,ERR212047,S,NA,NA,S,NA,NA,NA,NA,S,NA,S,S,NA,NA,NA,S,NA,NA,NA,NA,R,R
1773.20412,ERR1034962,S,NA,NA,S,NA,NA,NA,NA,S,S,S,S,NA,NA,NA,S,NA,NA,NA,NA,S,R
1773.21001,ERR3256183,S,NA,NA,S,NA,NA,NA,NA,S,NA,S,S,NA,NA,NA,S,NA,NA,NA,NA,S,S
1773.21011,ERR3256190,S,NA,NA,S,NA,NA,NA,NA,S,NA,S,S,NA,NA,NA,S,NA,NA,NA,NA,S,R
1773.21068,ERR3256253,S,NA,NA,S,NA,NA,NA,NA,S,NA,S,S,NA,NA,NA,S,NA,NA,NA,NA,S,S
1773.23391,ERR2120248,S,NA,NA,R,NA,NA,NA,NA,S,S,R,S,NA,S,S,S,S,NA,R,NA,R,R
1773.2455,ERR552813,NA,NA,NA,NA,NA,NA,NA,NA,S,NA,S,NA,NA,NA,NA,NA,NA,NA,S,NA,S,S
1773.2504,ERR551538,NA,NA,NA,NA,NA,NA,NA,NA,S,NA,S,NA,NA,NA,NA,NA,NA,NA,S,NA,S,R
1773.2526,ERR552030,NA,NA,NA,NA,NA,NA,NA,NA,S,NA,R,NA,NA,NA,NA,NA,NA,NA,S,NA,S,S
1773.2578,ERR552903,NA,NA,NA,NA,NA,NA,NA,NA,S,NA,S,NA,NA,NA,NA,NA,NA,NA,S,NA,S,S
1773.2605,ERR553163,S,S,NA,S,NA,NA,NA,NA,S,NA,R,NA,NA,NA,NA,NA,NA,NA,S,NA,R,R
1773.2649,ERR551349,NA,NA,NA,NA,NA,NA,NA,NA,S,NA,S,NA,NA,NA,NA,NA,NA,NA,S,NA,S,S
1773.2652,ERR552054,NA,NA,NA,NA,NA,NA,NA,NA,S,NA,S,NA,NA,NA,NA,NA,NA,NA,S,NA,S,S
1773.2696,ERR551580,NA,NA,NA,NA,NA,NA,NA,NA,S,NA,S,NA,NA,NA,NA,NA,NA,NA,S,NA,S,S
1773.2746,ERR552715,NA,NA,NA,NA,NA,NA,NA,NA,S,NA,S,NA,NA,NA,NA,NA,NA,NA,S,NA,S,S
1773.2794,ERR553225,NA,NA,NA,NA,NA,NA,NA,NA,S,NA,S,NA,NA,NA,NA,NA,NA,NA,S,NA,S,S
1773.2901,ERR552177,NA,NA,NA,NA,NA,NA,NA,NA,S,NA,R,NA,NA,NA,NA,NA,NA,NA,S,NA,S,S
1773.2919,ERR551441,NA,NA,NA,NA,NA,NA,NA,NA,S,NA,S,NA,NA,NA,NA,NA,NA,NA,S,NA,S,S
1773.2937,ERR552271,NA,NA,NA,NA,NA,NA,NA,NA,S,NA,S,NA,NA,NA,NA,NA,NA,NA,S,NA,S,S
1773.2973,ERR551733,NA,NA,NA,NA,NA,NA,NA,NA,S,NA,S,NA,NA,NA,NA,NA,NA,NA,S,NA,S,S
1773.2999,ERR552543,NA,NA,NA,NA,NA,NA,NA,NA,S,NA,S,NA,NA,NA,NA,NA,NA,NA,S,NA,S,S
1773.3005,ERR551661,NA,NA,NA,NA,NA,NA,NA,NA,S,NA,S,NA,NA,NA,NA,NA,NA,NA,S,NA,S,S
1773.3012,ERR553310,NA,NA,NA,NA,NA,NA,NA,NA,S,NA,S,NA,NA,NA,NA,NA,NA,NA,S,NA,S,S
1773.3013,ERR551774,NA,NA,NA,NA,NA,NA,NA,NA,S,NA,S,NA,NA,NA,NA,NA,NA,NA,S,NA,S,S
1773.306,ERR553090,NA,NA,NA,NA,NA,NA,NA,NA,S,NA,S,NA,NA,NA,NA,NA,NA,NA,S,NA,S,S
1773.31145,ERS1987040,S,NA,NA,S,NA,NA,NA,NA,S,NA,S,S,NA,NA,NA,S,NA,NA,NA,NA,S,R
1773.31299,ERS1987300,S,NA,NA,S,NA,NA,NA,NA,S,NA,S,S,NA,NA,NA,S,NA,NA,NA,NA,R,R
1773.31313,ERS1987314,S,NA,NA,S,NA,NA,NA,NA,S,NA,S,S,NA,NA,NA,S,NA,NA,NA,NA,S,R
1773.32057,ERS3371842,S,NA,NA,S,NA,NA,NA,NA,S,NA,R,S,NA,NA,NA,S,NA,NA,NA,NA,S,S
1773.33108,ERS5282315,S,NA,NA,S,NA,NA,NA,NA,S,NA,R,S,NA,NA,NA,S,NA,NA,NA,NA,R,S
1773.33196,ERS5282436,S,NA,NA,S,NA,NA,NA,NA,R,NA,R,S,NA,NA,NA,S,NA,NA,NA,NA,R,R
1773.3334,ERR551546,NA,NA,NA,NA,NA,NA,NA,NA,S,NA,S,NA,NA,NA,NA,NA,NA,NA,S,NA,S,S
1773.3352,ERS5283029,S,NA,NA,S,NA,NA,NA,NA,R,NA,R,S,NA,NA,NA,S,NA,NA,NA,NA,R,R
1773.33617,ERS5297916,S,NA,NA,S,NA,NA,NA,NA,S,NA,S,S,NA,NA,NA,S,NA,NA,NA,NA,S,R
1773.33702,ERS5298030,S,NA,NA,S,NA,NA,NA,NA,S,NA,S,S,NA,NA,NA,S,NA,NA,NA,NA,S,S
1773.33728,ERS5298057,S,NA,NA,S,NA,NA,NA,NA,S,NA,S,S,NA,NA,NA,S,NA,NA,NA,NA,S,R
1773.33789,ERS5298116,S,NA,NA,S,NA,NA,NA,NA,S,NA,S,S,NA,NA,NA,S,NA,NA,NA,NA,R,R
1773.33801,ERS5298131,S,NA,NA,S,NA,NA,NA,NA,S,NA,S,S,NA,NA,NA,S,NA,NA,NA,NA,R,R
1773.33829,ERS5298164,S,NA,NA,S,NA,NA,NA,NA,S,NA,S,S,NA,NA,NA,S,NA,NA,NA,NA,R,R
1773.3416,ERR552229,NA,NA,NA,NA,NA,NA,NA,NA,S,NA,S,NA,NA,NA,NA,NA,NA,NA,S,NA,S,S
1773.34454,ERS5300708,R,NA,NA,R,NA,NA,NA,NA,S,NA,S,R,NA,NA,NA,S,NA,NA,NA,NA,R,R
1773.34539,ERS5300811,S,NA,NA,S,NA,NA,NA,NA,S,NA,S,S,NA,NA,NA,S,NA,NA,NA,NA,R,R
1773.3487,ERR551042,NA,NA,NA,NA,NA,NA,NA,NA,S,NA,S,NA,NA,NA,NA,NA,NA,NA,S,NA,S,S
1773.3489,ERR552270,NA,NA,NA,NA,NA,NA,NA,NA,S,NA,S,NA,NA,NA,NA,NA,NA,NA,S,NA,S,S
1773.34949,ERS5302069,S,NA,NA,S,NA,NA,NA,NA,S,NA,S,S,NA,NA,NA,S,NA,NA,NA,NA,R,R
1773.3507,ERR551293,NA,NA,NA,NA,NA,NA,NA,NA,S,NA,R,NA,NA,NA,NA,NA,NA,NA,S,NA,S,S
1773.35133,ERS5302311,S,NA,NA,S,NA,NA,NA,NA,S,NA,S,S,NA,NA,NA,S,NA,NA,NA,NA,R,R
1773.35197,ERS5302390,S,NA,NA,S,NA,NA,NA,NA,S,NA,S,S,NA,NA,NA,S,NA,NA,NA,NA,R,R
1773.35279,ERS5302497,S,NA,NA,S,NA,NA,NA,NA,S,NA,S,S,NA,NA,NA,S,NA,NA,NA,NA,R,R
1773.3536,ERR038258,NA,NA,NA,NA,NA,NA,NA,NA,S,NA,S,NA,NA,NA,NA,NA,NA,NA,S,NA,S,NA
1773.35905,ERS5303395,S,NA,NA,S,NA,NA,NA,NA,S,NA,S,S,NA,NA,NA,S,NA,NA,NA,NA,R,R
1773.35926,ERS5303412,S,NA,NA,S,NA,NA,NA,NA,S,NA,S,S,NA,NA,NA,S,NA,NA,NA,NA,S,R
1773.36485,ERS5312377,S,NA,NA,S,NA,NA,NA,NA,S,NA,R,S,NA,NA,NA,S,NA,NA,NA,NA,S,R
1773.3704,ERR046821,S,NA,NA,NA,NA,NA,NA,NA,S,NA,R,NA,NA,NA,NA,NA,NA,NA,NA,NA,R,R
1773.38443,ERS5320252,S,NA,NA,S,NA,NA,NA,NA,S,NA,S,S,NA,NA,NA,S,NA,NA,NA,NA,S,R
1773.38531,ERS5320352,S,NA,NA,S,NA,NA,NA,NA,S,NA,S,S,NA,NA,NA,S,NA,NA,NA,NA,S,R
1773.38603,ERS5320432,S,NA,NA,S,NA,NA,NA,NA,S,NA,S,S,NA,NA,NA,S,NA,NA,NA,NA,S,R
1773.39013,ERS6402731,S,NA,NA,S,NA,NA,NA,NA,R,NA,R,S,NA,NA,NA,S,NA,NA,NA,NA,S,R
1773.39022,ERS6402738,R,NA,NA,R,NA,NA,NA,NA,R,NA,R,R,NA,NA,NA,S,NA,NA,NA,NA,R,R
1773.39049,ERS6402774,S,NA,NA,S,NA,NA,NA,NA,S,NA,S,S,NA,NA,NA,S,NA,NA,NA,NA,S,R
1773.39167,ERS6402914,S,NA,NA,S,NA,NA,NA,NA,S,NA,S,S,NA,NA,NA,S,NA,NA,NA,NA,S,R
1773.39424,ERS6403204,S,NA,NA,S,NA,NA,NA,NA,S,NA,R,S,NA,NA,NA,S,NA,NA,NA,NA,S,R
1773.4015,ERS6421713,S,NA,NA,S,NA,NA,NA,NA,S,NA,S,S,NA,NA,NA,S,NA,NA,NA,NA,S,R
1773.40196,ERS6421760,S,NA,NA,S,NA,NA,NA,NA,S,NA,S,S,NA,NA,NA,S,NA,NA,NA,NA,S,R
1773.4242,SRR2100443,NA,NA,NA,NA,NA,NA,NA,NA,S,NA,S,NA,NA,NA,NA,NA,NA,NA,S,NA,S,S
1773.4263,ERR6929526,S,NA,NA,S,NA,NA,NA,NA,S,NA,S,S,NA,NA,NA,S,NA,NA,NA,NA,R,S
1773.42666,ERR7361933,S,NA,NA,S,NA,NA,NA,NA,S,NA,S,S,NA,NA,NA,S,NA,NA,NA,NA,S,R
1773.42687,ERR7361950,S,NA,NA,S,NA,NA,NA,NA,S,NA,S,S,NA,NA,NA,S,NA,NA,NA,NA,S,S
1773.43336,ERS5320875,S,NA,NA,S,NA,NA,NA,NA,S,NA,R,S,NA,NA,NA,S,NA,NA,NA,NA,R,R
1773.4652,SRR2100863,NA,NA,NA,NA,NA,NA,NA,NA,S,NA,S,NA,NA,NA,NA,NA,NA,NA,S,NA,S,NA
1773.4673,SRR2100886,NA,NA,NA,NA,S,NA,NA,NA,S,NA,R,NA,NA,NA,NA,NA,NA,NA,S,NA,S,NA
1773.4685,SRR2100898,NA,NA,NA,NA,S,NA,NA,NA,S,NA,R,NA,NA,NA,NA,NA,NA,NA,S,NA,S,NA
1773.5048,SRR2101375,S,S,NA,S,NA,NA,NA,NA,S,NA,S,S,NA,NA,S,NA,NA,NA,S,NA,S,S
1773.509,SRR2101418,S,S,NA,S,NA,NA,NA,NA,S,NA,S,S,NA,NA,S,NA,NA,NA,S,NA,S,S
1773.5098,SRR2101426,S,R,NA,S,NA,NA,NA,NA,S,NA,S,S,NA,NA,S,NA,NA,NA,NA,NA,NA,S
1773.5258,SRR2101594,S,S,NA,S,NA,NA,NA,NA,S,NA,S,S,NA,NA,S,NA,NA,NA,S,NA,S,S
1773.5292,SRR2101632,S,S,NA,S,NA,NA,NA,NA,S,NA,S,S,NA,NA,S,NA,NA,NA,S,NA,S,S
1773.5323,SRR2101668,S,S,NA,S,NA,NA,NA,NA,S,NA,S,S,NA,NA,S,NA,NA,NA,S,NA,S,S
1773.5474,ERR553131,NA,NA,NA,NA,NA,NA,NA,NA,S,NA,R,NA,NA,NA,NA,NA,NA,NA,S,NA,S,S
1773.5502,ERR551620,NA,NA,NA,NA,NA,NA,NA,NA,R,NA,R,NA,NA,NA,NA,NA,NA,NA,R,NA,S,R
1773.20032,ERR212127,S,NA,NA,S,NA,NA,NA,NA,S,NA,R,S,NA,NA,NA,S,NA,NA,S,NA,S,R
1773.21016,ERR3256194,S,NA,NA,S,NA,NA,NA,NA,S,NA,R,S,NA,NA,NA,S,NA,NA,NA,NA,S,S
1773.31364,ERS1987369,S,NA,NA,S,NA,NA,NA,NA,S,NA,S,S,NA,NA,NA,S,NA,NA,NA,NA,R,R
1773.31384,ERS1987395,S,NA,NA,S,NA,NA,NA,NA,S,NA,S,S,NA,NA,NA,S,NA,NA,NA,NA,R,R
1773.31788,ERS3371551,S,NA,NA,R,NA,NA,NA,NA,S,NA,S,S,NA,NA,NA,S,NA,NA,NA,NA,R,R
1773.31795,ERS3371555,S,NA,NA,S,NA,NA,NA,NA,S,NA,S,S,NA,NA,NA,S,NA,NA,NA,NA,S,R
1773.32081,ERS3371869,S,NA,NA,S,NA,NA,NA,NA,S,NA,S,S,NA,NA,NA,S,NA,NA,NA,NA,S,R
1773.32097,ERS3371885,S,NA,NA,S,NA,NA,NA,NA,S,NA,R,S,NA,NA,NA,S,NA,NA,NA,NA,R,R
1773.32256,ERS3372057,R,NA,NA,R,NA,NA,NA,NA,S,NA,R,S,NA,NA,NA,S,NA,NA,NA,NA,R,R
1773.32378,ERS5281311,S,NA,NA,S,NA,NA,NA,NA,S,NA,R,S,NA,NA,NA,S,NA,NA,NA,NA,R,R
1773.32389,ERS5281326,S,NA,NA,S,NA,NA,NA,NA,R,NA,R,S,NA,NA,NA,S,NA,NA,NA,NA,R,R
1773.32391,ERS5281329,S,NA,NA,S,NA,NA,NA,NA,R,NA,R,S,NA,NA,NA,R,NA,NA,NA,NA,R,R
1773.32406,ERS5281259,R,NA,NA,R,NA,NA,NA,NA,S,NA,R,R,NA,NA,NA,S,NA,NA,NA,NA,R,R
1773.32444,ERS5281434,S,NA,NA,S,NA,NA,NA,NA,S,NA,R,S,NA,NA,NA,S,NA,NA,NA,NA,S,R
1773.32448,ERS5281428,S,NA,NA,S,NA,NA,NA,NA,S,NA,R,S,NA,NA,NA,S,NA,NA,NA,NA,R,R
1773.32738,ERS5281851,S,NA,NA,S,NA,NA,NA,NA,R,NA,R,S,NA,NA,NA,S,NA,NA,NA,NA,R,R
1773.32767,ERS5281900,S,NA,NA,S,NA,NA,NA,NA,S,NA,R,S,NA,NA,NA,S,NA,NA,NA,NA,R,R
1773.32906,ERS5282059,S,NA,NA,S,NA,NA,NA,NA,S,NA,S,S,NA,NA,NA,S,NA,NA,NA,NA,S,S
1773.33228,ERS5282465,S,NA,NA,S,NA,NA,NA,NA,S,NA,R,S,NA,NA,NA,S,NA,NA,NA,NA,R,R
1773.33662,ERS5297988,S,NA,NA,S,NA,NA,NA,NA,S,NA,R,S,NA,NA,NA,S,NA,NA,NA,NA,S,S
1773.33671,ERS5297997,R,NA,NA,R,NA,NA,NA,NA,S,NA,R,R,NA,NA,NA,S,NA,NA,NA,NA,S,S
1773.33699,ERS5298028,S,NA,NA,S,NA,NA,NA,NA,S,NA,R,S,NA,NA,NA,S,NA,NA,NA,NA,R,R
1773.3374,ERS5298070,S,NA,NA,S,NA,NA,NA,NA,S,NA,R,S,NA,NA,NA,S,NA,NA,NA,NA,R,R
1773.33783,ERS5298120,S,NA,NA,S,NA,NA,NA,NA,S,NA,S,S,NA,NA,NA,S,NA,NA,NA,NA,S,R
1773.33798,ERS5298130,S,NA,NA,S,NA,NA,NA,NA,S,NA,S,S,NA,NA,NA,S,NA,NA,NA,NA,S,S
1773.33802,ERS5298133,S,NA,NA,S,NA,NA,NA,NA,S,NA,S,S,NA,NA,NA,S,NA,NA,NA,NA,S,S
1773.33865,ERS5298200,S,NA,NA,S,NA,NA,NA,NA,S,NA,S,S,NA,NA,NA,S,NA,NA,NA,NA,S,R
1773.33977,ERS5298324,S,NA,NA,S,NA,NA,NA,NA,S,NA,R,S,NA,NA,NA,S,NA,NA,NA,NA,R,R
1773.34005,ERS5298503,S,NA,NA,S,NA,NA,NA,NA,R,NA,R,S,NA,NA,NA,S,NA,NA,NA,NA,R,R
1773.34009,ERS5298511,S,NA,NA,S,NA,NA,NA,NA,S,NA,R,S,NA,NA,NA,S,NA,NA,NA,NA,R,R
1773.34209,ERS5298728,S,NA,NA,S,NA,NA,NA,NA,S,NA,S,S,NA,NA,NA,R,NA,NA,NA,NA,R,R
1773.34535,ERS5300809,S,NA,NA,S,NA,NA,NA,NA,S,NA,S,S,NA,NA,NA,S,NA,NA,NA,NA,S,R
1773.34583,ERS5300863,S,NA,NA,S,NA,NA,NA,NA,S,NA,S,S,NA,NA,NA,S,NA,NA,NA,NA,S,R
1773.34778,ERS5301815,S,NA,NA,S,NA,NA,NA,NA,S,NA,R,S,NA,NA,NA,S,NA,NA,NA,NA,R,R
1773.34782,ERS5301824,S,NA,NA,S,NA,NA,NA,NA,S,NA,S,S,NA,NA,NA,S,NA,NA,NA,NA,S,R
1773.3498,ERS5302106,S,NA,NA,S,NA,NA,NA,NA,S,NA,S,S,NA,NA,NA,S,NA,NA,NA,NA,R,R
1773.34996,ERS5302128,S,NA,NA,S,NA,NA,NA,NA,S,NA,S,S,NA,NA,NA,S,NA,NA,NA,NA,S,R
1773.35126,ERS5302307,S,NA,NA,S,NA,NA,NA,NA,S,NA,S,S,NA,NA,NA,S,NA,NA,NA,NA,R,R
1773.35287,ERS5302509,S,NA,NA,S,NA,NA,NA,NA,S,NA,S,S,NA,NA,NA,S,NA,NA,NA,NA,S,R
1773.3538,ERS5302615,S,NA,NA,S,NA,NA,NA,NA,S,NA,S,S,NA,NA,NA,S,NA,NA,NA,NA,S,R
1773.36617,ERS5312528,S,NA,NA,S,NA,NA,NA,NA,S,NA,S,S,NA,NA,NA,S,NA,NA,NA,NA,S,R
1773.36685,ERS5312597,S,NA,NA,S,NA,NA,NA,NA,S,NA,S,S,NA,NA,NA,S,NA,NA,NA,NA,S,R
1773.36722,ERS5312637,S,NA,NA,S,NA,NA,NA,NA,S,NA,R,S,NA,NA,NA,S,NA,NA,NA,NA,S,R
1773.37712,ERS5319132,S,NA,NA,S,NA,NA,NA,NA,S,NA,S,S,NA,NA,NA,S,NA,NA,NA,NA,R,R
1773.37787,ERS5319220,S,NA,NA,S,NA,NA,NA,NA,S,NA,S,S,NA,NA,NA,S,NA,NA,NA,NA,S,R
1773.37812,ERS5319244,S,NA,NA,S,NA,NA,NA,NA,S,NA,R,S,NA,NA,NA,S,NA,NA,NA,NA,S,R
1773.37896,ERS5319525,S,NA,NA,S,NA,NA,NA,NA,S,NA,S,S,NA,NA,NA,S,NA,NA,NA,NA,R,R
1773.38312,ERS5320098,S,NA,NA,R,NA,NA,NA,NA,S,NA,R,S,NA,NA,NA,S,NA,NA,NA,NA,S,R
1773.38392,ERS5320187,S,NA,NA,S,NA,NA,NA,NA,S,NA,S,S,NA,NA,NA,S,NA,NA,NA,NA,S,R
1773.38459,ERS5320265,S,NA,NA,S,NA,NA,NA,NA,S,NA,S,S,NA,NA,NA,S,NA,NA,NA,NA,R,R
1773.3849,ERS5320301,S,NA,NA,S,NA,NA,NA,NA,S,NA,S,S,NA,NA,NA,S,NA,NA,NA,NA,S,R
1773.38491,ERS5320304,S,NA,NA,S,NA,NA,NA,NA,S,NA,S,S,NA,NA,NA,S,NA,NA,NA,NA,R,R
1773.38496,ERS5320313,S,NA,NA,S,NA,NA,NA,NA,S,NA,R,S,NA,NA,NA,S,NA,NA,NA,NA,R,R
1773.38548,ERS5320372,S,NA,NA,S,NA,NA,NA,NA,S,NA,S,S,NA,NA,NA,S,NA,NA,NA,NA,S,R
1773.38574,ERS5320398,S,NA,NA,S,NA,NA,NA,NA,S,NA,R,S,NA,NA,NA,S,NA,NA,NA,NA,R,R
1773.38578,ERS5320247,S,NA,NA,S,NA,NA,NA,NA,S,NA,S,S,NA,NA,NA,S,NA,NA,NA,NA,S,R
1773.3871,ERS5320617,S,NA,NA,S,NA,NA,NA,NA,S,NA,R,S,NA,NA,NA,S,NA,NA,NA,NA,R,R
1773.38734,ERS5320638,S,NA,NA,S,NA,NA,NA,NA,S,NA,R,S,NA,NA,NA,S,NA,NA,NA,NA,R,R
1773.38856,ERS5320816,S,NA,NA,S,NA,NA,NA,NA,S,NA,R,S,NA,NA,NA,S,NA,NA,NA,NA,S,R
1773.38926,ERS5320908,S,NA,NA,S,NA,NA,NA,NA,S,NA,R,S,NA,NA,NA,S,NA,NA,NA,NA,R,R
1773.39032,ERS6402747,S,NA,NA,S,NA,NA,NA,NA,S,NA,S,S,NA,NA,NA,S,NA,NA,NA,NA,S,R
1773.39042,ERS6402768,S,NA,NA,S,NA,NA,NA,NA,S,NA,S,S,NA,NA,NA,S,NA,NA,NA,NA,S,R
1773.39052,ERS6402777,R,NA,NA,R,NA,NA,NA,NA,R,NA,R,R,NA,NA,NA,R,NA,NA,NA,NA,S,S
1773.392,ERS6402954,S,NA,NA,S,NA,NA,NA,NA,S,NA,S,S,NA,NA,NA,S,NA,NA,NA,NA,S,R
1773.39308,ERS6403081,S,NA,NA,S,NA,NA,NA,NA,S,NA,S,S,NA,NA,NA,S,NA,NA,NA,NA,S,R
1773.39311,ERS6403083,S,NA,NA,S,NA,NA,NA,NA,S,NA,S,S,NA,NA,NA,S,NA,NA,NA,NA,S,R
1773.39407,ERS6403187,S,NA,NA,S,NA,NA,NA,NA,S,NA,S,S,NA,NA,NA,S,NA,NA,NA,NA,S,R
1773.39507,ERS6403308,S,NA,NA,S,NA,NA,NA,NA,S,NA,R,S,NA,NA,NA,S,NA,NA,NA,NA,R,R
1773.3968,ERS6403504,S,NA,NA,S,NA,NA,NA,NA,S,NA,S,S,NA,NA,NA,S,NA,NA,NA,NA,R,R
1773.39687,ERS6403513,R,NA,NA,R,NA,NA,NA,NA,S,NA,R,R,NA,NA,NA,S,NA,NA,NA,NA,S,S
1773.39754,ERS6403584,S,NA,NA,S,NA,NA,NA,NA,S,NA,S,S,NA,NA,NA,S,NA,NA,NA,NA,S,R
1773.39799,ERS6403640,S,NA,NA,S,NA,NA,NA,NA,S,NA,R,S,NA,NA,NA,S,NA,NA,NA,NA,R,R
1773.39802,ERS6403648,S,NA,NA,S,NA,NA,NA,NA,S,NA,S,S,NA,NA,NA,S,NA,NA,NA,NA,R,R
1773.39815,ERS6403665,S,NA,NA,S,NA,NA,NA,NA,S,NA,S,S,NA,NA,NA,S,NA,NA,NA,NA,S,R
1773.39817,ERS6403666,S,NA,NA,S,NA,NA,NA,NA,S,NA,S,S,NA,NA,NA,S,NA,NA,NA,NA,S,R
1773.40038,ERS6421590,S,NA,NA,S,NA,NA,NA,NA,S,NA,R,S,NA,NA,NA,S,NA,NA,NA,NA,R,R
1773.4004,ERS6421592,S,NA,NA,S,NA,NA,NA,NA,S,NA,S,S,NA,NA,NA,S,NA,NA,NA,NA,S,R
1773.4007,ERS6421623,S,NA,NA,S,NA,NA,NA,NA,S,NA,S,S,NA,NA,NA,S,NA,NA,NA,NA,S,R
1773.40516,ERS6422208,S,NA,NA,S,NA,NA,NA,NA,S,NA,S,S,NA,NA,NA,S,NA,NA,NA,NA,S,R
1773.40941,ERS5281494,S,NA,S,S,NA,S,NA,S,S,S,S,S,R,S,S,S,S,NA,NA,S,S,R
1773.41179,ERS5281773,S,NA,S,S,NA,S,NA,S,S,S,S,S,S,S,S,S,S,NA,NA,S,R,R
1773.41932,ERS5282621,S,NA,S,S,NA,S,NA,R,R,S,R,S,R,S,S,S,S,NA,NA,R,R,R
1773.42115,ERS5282818,S,NA,R,S,NA,R,NA,R,S,S,S,S,R,S,S,S,S,NA,NA,S,S,R
1773.42183,ERS5282888,S,NA,S,S,NA,S,NA,S,S,S,S,S,R,S,S,S,S,NA,NA,S,S,S
1773.42286,ERS5283000,S,NA,R,S,NA,S,NA,R,S,R,S,S,S,S,S,S,S,NA,NA,S,S,S
1773.42629,ERR6929523,S,NA,NA,S,NA,NA,NA,NA,S,NA,S,S,NA,NA,NA,S,NA,NA,NA,NA,R,S
1773.42958,ERS5300989,S,NA,NA,S,NA,NA,NA,NA,S,NA,S,S,NA,NA,NA,S,NA,NA,NA,NA,R,R
1773.43127,ERS5301916,S,NA,NA,S,NA,NA,NA,NA,S,NA,S,S,NA,NA,NA,S,NA,NA,NA,NA,S,R
1773.43159,ERS5302162,S,NA,NA,S,NA,NA,NA,NA,S,NA,S,S,NA,NA,NA,S,NA,NA,NA,NA,S,R
1773.43377,ERS5317302,S,NA,NA,S,NA,NA,NA,NA,S,NA,R,S,NA,NA,NA,S,NA,NA,NA,NA,R,R
1773.43622,ERS6402753,S,NA,NA,S,NA,NA,NA,NA,S,NA,S,S,NA,NA,NA,S,NA,NA,NA,NA,S,R
1773.43625,ERS6402757,S,NA,NA,S,NA,NA,NA,NA,S,NA,S,S,NA,NA,NA,S,NA,NA,NA,NA,S,R
1773.18322,ERR1035306,S,NA,NA,S,NA,NA,NA,NA,S,NA,R,S,NA,NA,NA,R,NA,NA,NA,NA,R,R
1773.19734,ERR181945,S,NA,NA,S,NA,NA,NA,NA,S,NA,S,S,NA,NA,NA,S,NA,NA,NA,NA,S,R
1773.21071,ERR3256251,S,NA,NA,S,NA,NA,NA,NA,S,NA,R,S,NA,NA,NA,S,NA,NA,NA,NA,S,S
1773.23333,ERR1654654,S,NA,NA,S,NA,NA,NA,NA,S,NA,R,S,NA,NA,NA,S,NA,NA,NA,NA,S,R
1773.23339,ERR1654691,S,NA,NA,S,NA,NA,NA,NA,S,NA,R,S,NA,NA,NA,S,NA,NA,NA,NA,R,R
1773.23349,ERR1654660,S,NA,NA,S,NA,NA,NA,NA,S,NA,R,S,NA,NA,NA,S,NA,NA,NA,NA,R,R
1773.31119,ERS1987113,S,NA,NA,S,NA,NA,NA,NA,S,NA,S,S,NA,NA,NA,S,NA,NA,NA,NA,S,R
1773.32318,ERS5281225,S,NA,NA,S,NA,NA,NA,NA,S,NA,S,S,NA,NA,NA,S,NA,NA,NA,NA,S,R
1773.32404,ERS5281348,S,NA,NA,S,NA,NA,NA,NA,S,NA,S,S,NA,NA,NA,S,NA,NA,NA,NA,R,R
1773.32712,ERS5281795,S,NA,NA,S,NA,NA,NA,NA,S,NA,S,S,NA,NA,NA,S,NA,NA,NA,NA,R,R
1773.32743,ERS5281865,S,NA,NA,S,NA,NA,NA,NA,S,NA,R,S,NA,NA,NA,S,NA,NA,NA,NA,R,R
1773.33669,ERS5297991,S,NA,NA,S,NA,NA,NA,NA,S,NA,S,S,NA,NA,NA,S,NA,NA,NA,NA,S,R
1773.33822,ERS5298154,S,NA,NA,S,NA,NA,NA,NA,S,NA,S,S,NA,NA,NA,S,NA,NA,NA,NA,S,R
1773.33876,ERS5298208,S,NA,NA,S,NA,NA,NA,NA,S,NA,S,S,NA,NA,NA,S,NA,NA,NA,NA,S,S
1773.3389,ERS5298227,S,NA,NA,S,NA,NA,NA,NA,S,NA,S,S,NA,NA,NA,S,NA,NA,NA,NA,R,R
1773.34271,ERS5298813,S,NA,NA,S,NA,NA,NA,NA,S,NA,S,S,NA,NA,NA,S,NA,NA,NA,NA,S,R
1773.34325,ERS5300561,S,NA,NA,S,NA,NA,NA,NA,S,NA,S,S,NA,NA,NA,S,NA,NA,NA,NA,R,R
1773.37062,ERS5317795,S,NA,NA,S,NA,NA,NA,NA,S,NA,S,S,NA,NA,NA,S,NA,NA,NA,NA,S,R
1773.3707,ERS5317800,S,NA,NA,S,NA,NA,NA,NA,S,NA,S,S,NA,NA,NA,S,NA,NA,NA,NA,S,R
1773.3784,ERS5319470,S,NA,NA,S,NA,NA,NA,NA,S,NA,R,S,NA,NA,NA,S,NA,NA,NA,NA,S,R
1773.38344,ERS5320137,S,NA,NA,S,NA,NA,NA,NA,S,NA,S,S,NA,NA,NA,S,NA,NA,NA,NA,S,R
1773.38464,ERS5320271,S,NA,NA,S,NA,NA,NA,NA,S,NA,S,S,NA,NA,NA,S,NA,NA,NA,NA,R,R
1773.38497,ERS5320314,S,NA,NA,S,NA,NA,NA,NA,S,NA,R,S,NA,NA,NA,S,NA,NA,NA,NA,R,R
1773.38646,ERS5320470,S,NA,NA,S,NA,NA,NA,NA,S,NA,S,S,NA,NA,NA,S,NA,NA,NA,NA,S,R
1773.3952,ERS6403315,R,NA,NA,R,NA,NA,NA,NA,S,NA,R,R,NA,NA,NA,S,NA,NA,NA,NA,S,S
1773.39695,ERS6403522,S,NA,NA,S,NA,NA,NA,NA,S,NA,S,S,NA,NA,NA,S,NA,NA,NA,NA,S,R
1773.40277,ERS6421882,S,NA,NA,S,NA,NA,NA,NA,S,NA,R,S,NA,NA,NA,S,NA,NA,NA,NA,S,R
1773.42287,ERS5282999,S,NA,S,S,NA,S,NA,S,R,S,R,S,R,S,R,S,R,NA,NA,R,R,R
1773.18305,ERR1035290,S,NA,NA,S,NA,NA,NA,NA,R,NA,R,S,NA,NA,NA,R,NA,NA,NA,NA,R,S
1773.18486,ERR1034831,R,NA,NA,R,NA,NA,S,NA,S,R,R,R,NA,NA,NA,S,S,NA,NA,NA,R,R
1773.31106,ERS1987097,S,NA,NA,S,NA,NA,NA,NA,S,NA,S,S,NA,NA,NA,S,NA,NA,NA,NA,R,R
1773.32309,ERS5281203,S,NA,NA,S,NA,NA,NA,NA,S,NA,R,S,NA,NA,NA,R,NA,NA,NA,NA,R,R
1773.32424,ERS5281395,S,NA,NA,S,NA,NA,NA,NA,S,NA,S,S,NA,NA,NA,S,NA,NA,NA,NA,S,S
1773.32462,ERS5281458,S,NA,NA,S,NA,NA,NA,NA,R,NA,R,S,NA,NA,NA,S,NA,NA,NA,NA,R,R
1773.33499,ERS5282853,S,NA,NA,S,NA,NA,NA,NA,S,NA,R,S,NA,NA,NA,S,NA,NA,NA,NA,R,R
1773.34256,ERS5298791,S,NA,NA,S,NA,NA,NA,NA,S,NA,S,S,NA,NA,NA,S,NA,NA,NA,NA,S,R
1773.36668,ERS5312579,S,NA,NA,S,NA,NA,NA,NA,S,NA,S,S,NA,NA,NA,S,NA,NA,NA,NA,S,R
1773.37817,ERS5319256,S,NA,NA,S,NA,NA,NA,NA,S,NA,S,S,NA,NA,NA,S,NA,NA,NA,NA,R,R
1773.40532,ERS6422228,R,NA,NA,R,NA,NA,NA,NA,S,NA,R,R,NA,NA,NA,S,NA,NA,NA,NA,R,S
1773.42654,ERR7361921,S,NA,NA,S,NA,NA,NA,NA,S,NA,S,S,NA,NA,NA,S,NA,NA,NA,NA,R,R
1773.43382,ERS5317343,S,NA,NA,S,NA,NA,NA,NA,S,NA,S,S,NA,NA,NA,S,NA,NA,NA,NA,R,R
1773.43509,ERS5317571,S,NA,NA,S,NA,NA,NA,NA,S,NA,S,S,NA,NA,NA,S,NA,NA,NA,NA,R,R
1773.32443,ERS5281424,S,NA,NA,S,NA,NA,NA,NA,S,NA,S,S,NA,NA,NA,S,NA,NA,NA,NA,R,R
1773.38405,ERS5320210,S,NA,NA,S,NA,NA,NA,NA,S,NA,S,S,NA,NA,NA,S,NA,NA,NA,NA,S,S
1773.32362,ERS5281281,S,NA,NA,S,NA,NA,NA,NA,R,NA,R,S,NA,NA,NA,R,NA,NA,NA,NA,R,R
1773.39349,ERS6403123,S,NA,NA,S,NA,NA,NA,NA,S,NA,S,S,NA,NA,NA,S,NA,NA,NA,NA,S,R
1773.43459,ERS5317440,S,NA,NA,S,NA,NA,NA,NA,S,NA,S,S,NA,NA,NA,S,NA,NA,NA,NA,S,S
1773.1224,ERS053666,S,NA,NA,S,NA,NA,NA,NA,R,NA,R,NA,NA,NA,NA,S,NA,S,R,NA,R,R
1773.18971,ERR161110,S,NA,NA,S,NA,NA,NA,NA,S,NA,S,S,NA,NA,NA,S,NA,NA,NA,NA,S,R
1773.2003,ERR212129,S,NA,NA,S,NA,NA,NA,NA,S,NA,S,S,NA,NA,NA,S,NA,NA,NA,NA,S,R
1773.20466,ERR1035026,S,NA,NA,S,NA,NA,NA,NA,S,S,S,S,NA,NA,NA,S,NA,NA,NA,NA,R,R
1773.20933,ERR3256110,S,NA,NA,S,NA,NA,NA,NA,S,NA,R,S,NA,NA,NA,S,NA,NA,NA,NA,R,S
1773.23392,ERR2120249,S,NA,NA,S,NA,NA,NA,NA,S,S,R,S,NA,S,S,S,R,NA,R,NA,R,S
1773.2441,ERR552113,NA,NA,NA,S,NA,NA,NA,NA,R,NA,R,NA,NA,NA,NA,S,NA,S,R,NA,R,R
1773.2444,ERR552440,NA,NA,NA,NA,NA,NA,NA,NA,S,NA,S,NA,NA,NA,NA,NA,NA,NA,S,NA,S,S
1773.2454,ERR552845,NA,NA,NA,NA,NA,NA,NA,NA,S,NA,S,NA,NA,NA,NA,NA,NA,NA,S,NA,S,S
1773.2536,ERR550877,NA,NA,NA,NA,NA,NA,NA,NA,S,NA,S,NA,NA,NA,NA,NA,NA,NA,S,NA,S,S
1773.2587,ERR553368,NA,NA,NA,NA,NA,NA,NA,NA,S,NA,S,NA,NA,NA,NA,NA,NA,NA,S,NA,S,S
1773.261,ERR551368,NA,NA,NA,NA,NA,NA,NA,NA,S,NA,S,NA,NA,NA,NA,NA,NA,NA,S,NA,S,S
1773.2616,ERR553238,NA,NA,NA,NA,NA,NA,NA,NA,R,NA,R,NA,NA,NA,NA,NA,NA,NA,S,NA,R,R
1773.2625,ERR551335,NA,NA,NA,NA,NA,NA,NA,NA,S,NA,S,NA,NA,NA,NA,NA,NA,NA,S,NA,S,S
1773.2654,ERR550617,NA,NA,NA,NA,NA,NA,NA,NA,S,NA,S,NA,NA,NA,NA,NA,NA,NA,S,NA,S,S
1773.2704,ERR551435,NA,NA,NA,NA,NA,NA,NA,NA,S,NA,S,NA,NA,NA,NA,NA,NA,NA,S,NA,S,S
1773.2802,ERR552602,NA,NA,NA,NA,NA,NA,NA,NA,S,NA,S,NA,NA,NA,NA,NA,NA,NA,S,NA,S,S
1773.2881,ERR553199,NA,NA,NA,NA,NA,NA,NA,NA,S,NA,S,NA,NA,NA,NA,NA,NA,NA,S,NA,S,S
1773.2997,ERR551275,NA,NA,NA,NA,NA,NA,NA,NA,S,NA,S,NA,NA,NA,NA,NA,NA,NA,S,NA,S,S
1773.3061,ERR551573,NA,NA,NA,NA,NA,NA,NA,NA,S,NA,S,NA,NA,NA,NA,NA,NA,NA,S,NA,S,S
1773.3071,ERR552914,NA,NA,NA,NA,NA,NA,NA,NA,S,NA,R,NA,NA,NA,NA,NA,NA,NA,S,NA,S,R
1773.3098,ERR552587,NA,NA,NA,NA,NA,NA,NA,NA,S,NA,S,NA,NA,NA,NA,NA,NA,NA,S,NA,S,S
1773.31062,ERS1987042,S,NA,NA,S,NA,NA,NA,NA,S,NA,R,S,NA,NA,NA,S,NA,NA,NA,NA,S,S
1773.3109,ERS1987078,S,NA,NA,S,NA,NA,NA,NA,S,NA,S,S,NA,NA,NA,S,NA,NA,NA,NA,R,S
1773.31103,ERS1987091,S,NA,NA,S,NA,NA,NA,NA,S,NA,S,S,NA,NA,NA,S,NA,NA,NA,NA,S,R
1773.31123,ERS1987116,S,NA,NA,S,NA,NA,NA,NA,S,NA,S,S,NA,NA,NA,S,NA,NA,NA,NA,R,R
1773.312,ERR551303,NA,NA,NA,NA,NA,NA,NA,NA,S,NA,S,NA,NA,NA,NA,NA,NA,NA,S,NA,S,S
1773.3121,ERR552043,NA,NA,NA,NA,NA,NA,NA,NA,S,NA,S,NA,NA,NA,NA,NA,NA,NA,S,NA,S,S
1773.32061,ERS3371840,S,NA,NA,S,NA,NA,NA,NA,S,NA,R,S,NA,NA,NA,S,NA,NA,NA,NA,S,S
1773.3217,ERR551455,NA,NA,NA,NA,NA,NA,NA,NA,S,NA,S,NA,NA,NA,NA,NA,NA,NA,S,NA,S,S
1773.32387,ERS5281322,S,NA,NA,S,NA,NA,NA,NA,S,NA,S,S,NA,NA,NA,S,NA,NA,NA,NA,R,R
1773.3245,ERR551898,NA,NA,NA,NA,NA,NA,NA,NA,S,NA,S,NA,NA,NA,NA,NA,NA,NA,S,NA,S,S
1773.3252,ERR550768,NA,NA,NA,NA,NA,NA,NA,NA,S,NA,S,NA,NA,NA,NA,NA,NA,NA,S,NA,S,R
1773.32569,ERS5281597,S,NA,NA,S,NA,NA,NA,NA,S,NA,S,S,NA,NA,NA,S,NA,NA,NA,NA,R,R
1773.3309,ERS5282285,S,NA,NA,S,NA,NA,NA,NA,S,NA,S,S,NA,NA,NA,S,NA,NA,NA,NA,S,R
1773.3311,ERR553265,NA,NA,NA,NA,NA,NA,NA,NA,S,NA,S,NA,NA,NA,NA,NA,NA,NA,S,NA,S,S
1773.3348,ERR551115,NA,NA,NA,NA,NA,NA,NA,NA,S,NA,S,NA,NA,NA,NA,NA,NA,NA,S,NA,S,S
1773.3383,ERR551532,NA,NA,NA,NA,NA,NA,NA,NA,S,NA,S,NA,NA,NA,NA,NA,NA,NA,S,NA,S,S
1773.33839,ERS5298175,S,NA,NA,S,NA,NA,NA,NA,S,NA,S,S,NA,NA,NA,S,NA,NA,NA,NA,R,S
1773.33946,ERS5298287,S,NA,NA,S,NA,NA,NA,NA,S,NA,S,S,NA,NA,NA,S,NA,NA,NA,NA,R,R
1773.3512,ERR552584,NA,NA,NA,NA,NA,NA,NA,NA,S,NA,S,NA,NA,NA,NA,NA,NA,NA,S,NA,S,S
1773.3534,ERS5302573,S,NA,NA,S,NA,NA,NA,NA,S,NA,S,S,NA,NA,NA,S,NA,NA,NA,NA,R,R
1773.3581,ERR039328,NA,NA,NA,NA,NA,NA,NA,NA,S,NA,S,NA,NA,NA,NA,NA,NA,NA,S,NA,S,NA
1773.35951,ERS5303446,S,NA,NA,S,NA,NA,NA,NA,S,NA,S,S,NA,NA,NA,S,NA,NA,NA,NA,R,R
1773.3603,ERS5303550,S,NA,NA,S,NA,NA,NA,NA,S,NA,R,S,NA,NA,NA,S,NA,NA,NA,NA,S,R
1773.3627,ERR046732,NA,NA,NA,NA,NA,NA,NA,NA,S,NA,S,NA,NA,NA,NA,NA,NA,NA,S,NA,S,NA
1773.36494,ERS5312390,S,NA,NA,S,NA,NA,NA,NA,R,NA,R,S,NA,NA,NA,S,NA,NA,NA,NA,S,R
1773.36646,ERS5312554,S,NA,NA,S,NA,NA,NA,NA,S,NA,S,S,NA,NA,NA,S,NA,NA,NA,NA,S,R
1773.3766,ERR046894,NA,NA,NA,NA,NA,NA,NA,NA,S,NA,S,NA,NA,NA,NA,NA,NA,NA,S,NA,S,NA
1773.37872,ERS5319504,S,NA,NA,S,NA,NA,NA,NA,S,NA,S,S,NA,NA,NA,S,NA,NA,NA,NA,R,R
1773.39,ERR072047,NA,NA,NA,NA,NA,NA,NA,NA,S,NA,S,NA,NA,NA,NA,NA,NA,NA,S,NA,S,NA
1773.39054,ERS6402781,S,NA,NA,S,NA,NA,NA,NA,S,NA,S,S,NA,NA,NA,S,NA,NA,NA,NA,R,S
1773.39809,ERS6403657,S,NA,NA,S,NA,NA,NA,NA,S,NA,S,S,NA,NA,NA,S,NA,NA,NA,NA,R,R
1773.39899,ERS6420799,S,NA,NA,S,NA,NA,NA,NA,S,NA,R,S,NA,NA,NA,S,NA,NA,NA,NA,S,R
1773.40149,ERS6421712,S,NA,NA,S,NA,NA,NA,NA,S,NA,S,S,NA,NA,NA,S,NA,NA,NA,NA,R,R
1773.40163,ERS6421729,S,NA,NA,S,NA,NA,NA,NA,S,NA,S,S,NA,NA,NA,S,NA,NA,NA,NA,S,R
1773.40227,ERS6421793,S,NA,NA,S,NA,NA,NA,NA,S,NA,S,S,NA,NA,NA,S,NA,NA,NA,NA,S,R
1773.40445,ERS6422137,S,NA,NA,S,NA,NA,NA,NA,S,NA,S,S,NA,NA,NA,S,NA,NA,NA,NA,S,R
1773.40455,ERS6422148,S,NA,NA,S,NA,NA,NA,NA,S,NA,S,S,NA,NA,NA,S,NA,NA,NA,NA,S,R
1773.42848,SRR8649111,S,NA,NA,S,NA,NA,NA,NA,S,NA,R,S,NA,NA,NA,S,NA,NA,NA,NA,R,R
1773.43264,ERS1987101,S,NA,NA,S,NA,NA,NA,NA,S,NA,S,S,NA,NA,NA,S,NA,NA,NA,NA,R,R
1773.43274,ERS1987349,S,NA,NA,S,NA,NA,NA,NA,S,NA,S,S,NA,NA,NA,S,NA,NA,NA,NA,S,R
1773.43365,ERS5317309,S,NA,NA,S,NA,NA,NA,NA,S,NA,S,S,NA,NA,NA,S,NA,NA,NA,NA,R,R
1773.4362,ERS6403656,S,NA,NA,S,NA,NA,NA,NA,S,NA,S,S,NA,NA,NA,S,NA,NA,NA,NA,R,S
1773.4618,SRR2100828,S,S,NA,S,S,NA,NA,NA,S,NA,R,S,NA,NA,S,NA,NA,NA,S,NA,R,NA
1773.5184,SRR2101515,S,S,NA,R,NA,NA,NA,NA,S,NA,S,S,NA,NA,S,NA,NA,NA,S,NA,S,S
1773.527,SRR2101607,NA,S,NA,NA,NA,NA,NA,NA,S,NA,R,NA,NA,NA,S,NA,NA,NA,NA,NA,S,R
1773.5329,SRR2101674,S,S,NA,S,NA,NA,NA,NA,S,NA,S,S,NA,NA,S,NA,NA,NA,S,NA,S,S
1773.5349,SRR2101700,S,S,NA,S,NA,NA,NA,NA,S,NA,S,S,NA,NA,S,NA,NA,NA,S,NA,S,S
1773.5395,SRR2101748,S,S,NA,S,NA,NA,NA,NA,S,NA,S,S,NA,NA,S,NA,NA,NA,S,NA,S,S
1773.5454,SRR2101812,S,S,NA,S,NA,NA,NA,NA,S,NA,S,S,NA,NA,S,NA,NA,NA,S,NA,S,S
1773.5478,ERR550665,NA,NA,NA,NA,NA,NA,NA,NA,R,NA,R,NA,NA,NA,NA,NA,NA,NA,R,NA,R,R
1773.1841,ERR1034615,R,NA,NA,R,R,NA,NA,NA,R,S,R,R,NA,NA,NA,R,NA,NA,R,NA,R,R
1773.20045,ERR212144,S,NA,NA,S,NA,NA,NA,NA,S,NA,S,S,NA,NA,NA,S,NA,NA,NA,NA,R,R
1773.32037,ERS3371814,S,NA,NA,S,NA,NA,NA,NA,S,NA,R,S,NA,NA,NA,S,NA,NA,NA,NA,S,R
1773.32339,ERS5281247,S,NA,NA,S,NA,NA,NA,NA,R,NA,S,S,NA,NA,NA,S,NA,NA,NA,NA,R,S
1773.32514,ERS5281533,S,NA,NA,R,NA,NA,NA,NA,R,NA,R,S,NA,NA,NA,S,NA,NA,NA,NA,R,R
1773.32682,ERS5281726,S,NA,NA,S,NA,NA,NA,NA,S,NA,S,S,NA,NA,NA,S,NA,NA,NA,NA,S,R
1773.32703,ERS5281782,S,NA,NA,R,NA,NA,NA,NA,S,NA,S,S,NA,NA,NA,S,NA,NA,NA,NA,S,R
1773.33097,ERS5282294,S,NA,NA,S,NA,NA,NA,NA,S,NA,S,S,NA,NA,NA,S,NA,NA,NA,NA,R,R
1773.33413,ERS5282695,R,NA,NA,R,NA,NA,NA,NA,S,NA,R,R,NA,NA,NA,R,NA,NA,NA,NA,R,R
1773.33571,ERS5297853,S,NA,NA,S,NA,NA,NA,NA,S,NA,S,S,NA,NA,NA,S,NA,NA,NA,NA,S,S
1773.33647,ERS5297960,S,NA,NA,S,NA,NA,NA,NA,S,NA,S,S,NA,NA,NA,S,NA,NA,NA,NA,S,R
1773.33663,ERS5297987,R,NA,NA,S,NA,NA,NA,NA,S,NA,R,R,NA,NA,NA,S,NA,NA,NA,NA,R,S
1773.33688,ERS5298016,R,NA,NA,R,NA,NA,NA,NA,S,NA,R,R,NA,NA,NA,S,NA,NA,NA,NA,R,R
1773.33778,ERS5298107,S,NA,NA,S,NA,NA,NA,NA,S,NA,R,S,NA,NA,NA,S,NA,NA,NA,NA,S,R
1773.33807,ERS5298140,S,NA,NA,S,NA,NA,NA,NA,S,NA,S,S,NA,NA,NA,S,NA,NA,NA,NA,R,R
1773.33884,ERS5298216,S,NA,NA,S,NA,NA,NA,NA,S,NA,S,S,NA,NA,NA,S,NA,NA,NA,NA,S,R
1773.33887,ERS5298224,S,NA,NA,S,NA,NA,NA,NA,S,NA,S,S,NA,NA,NA,S,NA,NA,NA,NA,S,R
1773.33957,ERS5298298,S,NA,NA,S,NA,NA,NA,NA,S,NA,S,S,NA,NA,NA,S,NA,NA,NA,NA,S,R
1773.34139,ERS5298650,S,NA,NA,S,NA,NA,NA,NA,R,NA,R,S,NA,NA,NA,S,NA,NA,NA,NA,S,S
1773.34643,ERS5301038,S,NA,NA,S,NA,NA,NA,NA,S,NA,R,S,NA,NA,NA,S,NA,NA,NA,NA,S,S
1773.34843,ERS5301913,S,NA,NA,S,NA,NA,NA,NA,S,NA,S,S,NA,NA,NA,S,NA,NA,NA,NA,S,R
1773.34958,ERS5302083,S,NA,NA,S,NA,NA,NA,NA,S,NA,S,S,NA,NA,NA,S,NA,NA,NA,NA,S,R
1773.3496,ERS5302090,S,NA,NA,S,NA,NA,NA,NA,S,NA,S,S,NA,NA,NA,S,NA,NA,NA,NA,S,R
1773.34982,ERS5302114,S,NA,NA,S,NA,NA,NA,NA,S,NA,S,S,NA,NA,NA,S,NA,NA,NA,NA,R,R
1773.35156,ERS5302342,S,NA,NA,S,NA,NA,NA,NA,S,NA,S,S,NA,NA,NA,S,NA,NA,NA,NA,R,R
1773.35333,ERS5302565,S,NA,NA,S,NA,NA,NA,NA,S,NA,S,S,NA,NA,NA,S,NA,NA,NA,NA,S,R
1773.35345,ERS5302578,S,NA,NA,S,NA,NA,NA,NA,S,NA,S,S,NA,NA,NA,S,NA,NA,NA,NA,R,R
1773.35361,ERS5302595,S,NA,NA,S,NA,NA,NA,NA,S,NA,S,S,NA,NA,NA,S,NA,NA,NA,NA,R,R
1773.35383,ERS5302621,S,NA,NA,S,NA,NA,NA,NA,S,NA,S,S,NA,NA,NA,S,NA,NA,NA,NA,S,R
1773.35489,ERS5302748,S,NA,NA,S,NA,NA,NA,NA,S,NA,S,S,NA,NA,NA,S,NA,NA,NA,NA,R,R
1773.3587,ERS5303330,R,NA,NA,R,NA,NA,NA,NA,S,NA,R,R,NA,NA,NA,S,NA,NA,NA,NA,R,R
1773.36038,ERS5303558,R,NA,NA,R,NA,NA,NA,NA,S,NA,R,R,NA,NA,NA,S,NA,NA,NA,NA,R,R
1773.36208,ERS5303971,S,NA,NA,S,NA,NA,NA,NA,S,NA,S,S,NA,NA,NA,S,NA,NA,NA,NA,R,R
1773.36767,ERS5312686,S,NA,NA,S,NA,NA,NA,NA,S,NA,S,S,NA,NA,NA,S,NA,NA,NA,NA,S,R
1773.3692,ERS5317653,S,NA,NA,S,NA,NA,NA,NA,S,NA,R,S,NA,NA,NA,S,NA,NA,NA,NA,S,R
1773.38431,ERS5320237,S,NA,NA,S,NA,NA,NA,NA,S,NA,S,S,NA,NA,NA,S,NA,NA,NA,NA,S,R
1773.38448,ERS5320254,S,NA,NA,S,NA,NA,NA,NA,S,NA,R,S,NA,NA,NA,S,NA,NA,NA,NA,R,R
1773.38471,ERS5320279,S,NA,NA,R,NA,NA,NA,NA,S,NA,S,S,NA,NA,NA,S,NA,NA,NA,NA,S,S
1773.38515,ERS5320337,S,NA,NA,S,NA,NA,NA,NA,S,NA,S,S,NA,NA,NA,S,NA,NA,NA,NA,S,R
1773.38575,ERS5320399,S,NA,NA,S,NA,NA,NA,NA,S,NA,R,S,NA,NA,NA,S,NA,NA,NA,NA,R,R
1773.38738,ERS5320644,S,NA,NA,S,NA,NA,NA,NA,S,NA,R,S,NA,NA,NA,S,NA,NA,NA,NA,R,R
1773.38914,ERS5320893,S,NA,NA,S,NA,NA,NA,NA,S,NA,R,S,NA,NA,NA,S,NA,NA,NA,NA,R,R
1773.39005,ERS6402720,S,NA,NA,S,NA,NA,NA,NA,S,NA,R,S,NA,NA,NA,S,NA,NA,NA,NA,R,R
1773.39048,ERS6402773,S,NA,NA,S,NA,NA,NA,NA,S,NA,S,S,NA,NA,NA,S,NA,NA,NA,NA,S,S
1773.39157,ERS6402906,S,NA,NA,S,NA,NA,NA,NA,S,NA,S,S,NA,NA,NA,S,NA,NA,NA,NA,S,R
1773.39235,ERS6402996,S,NA,NA,S,NA,NA,NA,NA,S,NA,S,S,NA,NA,NA,S,NA,NA,NA,NA,S,S
1773.39257,ERS6403020,S,NA,NA,S,NA,NA,NA,NA,S,NA,S,S,NA,NA,NA,S,NA,NA,NA,NA,S,R
1773.393,ERS6403073,S,NA,NA,S,NA,NA,NA,NA,S,NA,R,S,NA,NA,NA,S,NA,NA,NA,NA,R,R
1773.39304,ERS6403075,S,NA,NA,S,NA,NA,NA,NA,S,NA,S,S,NA,NA,NA,S,NA,NA,NA,NA,S,R
1773.39374,ERS6403158,S,NA,NA,S,NA,NA,NA,NA,S,NA,S,S,NA,NA,NA,S,NA,NA,NA,NA,S,R
1773.39477,ERS6403273,S,NA,NA,S,NA,NA,NA,NA,S,NA,R,S,NA,NA,NA,S,NA,NA,NA,NA,R,R
1773.39483,ERS6403281,R,NA,NA,R,NA,NA,NA,NA,S,NA,R,R,NA,NA,NA,S,NA,NA,NA,NA,R,S
1773.39744,ERS6403572,R,NA,NA,R,NA,NA,NA,NA,S,NA,R,R,NA,NA,NA,R,NA,NA,NA,NA,R,S
1773.39774,ERS6403598,R,NA,NA,R,NA,NA,NA,NA,S,NA,R,R,NA,NA,NA,S,NA,NA,NA,NA,R,R
1773.39775,ERS6403619,R,NA,NA,R,NA,NA,NA,NA,S,NA,R,R,NA,NA,NA,S,NA,NA,NA,NA,R,R
1773.39833,ERS6403686,R,NA,NA,R,NA,NA,NA,NA,S,NA,R,R,NA,NA,NA,S,NA,NA,NA,NA,S,S
1773.39941,ERS6421485,S,NA,NA,S,NA,NA,NA,NA,S,NA,S,S,NA,NA,NA,S,NA,NA,NA,NA,S,R
1773.39993,ERS6421539,S,NA,NA,S,NA,NA,NA,NA,S,NA,S,S,NA,NA,NA,S,NA,NA,NA,NA,S,R
1773.40039,ERS6421591,S,NA,NA,S,NA,NA,NA,NA,S,NA,S,S,NA,NA,NA,S,NA,NA,NA,NA,S,R
1773.40046,ERS6421602,S,NA,NA,S,NA,NA,NA,NA,S,NA,S,S,NA,NA,NA,S,NA,NA,NA,NA,S,R
1773.40143,ERS6421705,S,NA,NA,S,NA,NA,NA,NA,S,NA,S,S,NA,NA,NA,S,NA,NA,NA,NA,S,R
1773.40264,ERS6421870,S,NA,NA,S,NA,NA,NA,NA,S,NA,R,S,NA,NA,NA,S,NA,NA,NA,NA,R,S
1773.40273,ERS6421877,R,NA,NA,R,NA,NA,NA,NA,S,NA,R,R,NA,NA,NA,S,NA,NA,NA,NA,R,R
1773.40286,ERS6421891,R,NA,NA,R,NA,NA,NA,NA,S,NA,R,R,NA,NA,NA,R,NA,NA,NA,NA,S,S
1773.40354,ERS6421987,S,NA,NA,S,NA,NA,NA,NA,S,NA,S,S,NA,NA,NA,S,NA,NA,NA,NA,S,R
1773.40434,ERS6422129,S,NA,NA,S,NA,NA,NA,NA,S,NA,S,S,NA,NA,NA,S,NA,NA,NA,NA,S,R
1773.40477,ERS6422167,S,NA,NA,S,NA,NA,NA,NA,S,NA,S,S,NA,NA,NA,S,NA,NA,NA,NA,S,R
1773.40749,ERS5281305,S,NA,S,S,NA,S,NA,S,R,S,R,S,R,S,R,S,S,NA,NA,R,R,R
1773.41758,ERS5282399,S,NA,S,S,NA,S,NA,R,S,R,S,S,R,S,S,S,S,NA,NA,S,S,S
1773.42012,ERS5282712,S,NA,S,S,NA,S,NA,R,R,R,S,S,R,S,R,S,S,NA,NA,S,S,S
1773.42123,ERS5282825,S,NA,S,S,NA,S,NA,R,R,S,S,S,R,S,S,S,S,NA,NA,S,S,R
1773.42195,ERS5282899,S,NA,S,S,NA,S,NA,S,S,S,S,S,S,S,S,S,S,NA,NA,S,S,R
1773.42512,ERS5283239,S,NA,S,S,NA,S,NA,R,R,S,R,S,R,R,S,S,R,NA,NA,S,S,R
1773.4252,ERS5283247,S,NA,S,S,NA,S,NA,S,S,S,S,S,S,S,S,S,S,NA,NA,S,S,R
1773.42589,ERS5283313,S,NA,S,S,NA,S,NA,R,R,R,R,S,R,S,R,S,S,NA,NA,R,R,S
1773.42595,ERS5283320,S,NA,S,S,NA,S,NA,S,R,R,R,S,R,R,R,R,R,NA,NA,R,R,S
1773.42684,ERR7361954,S,NA,NA,S,NA,NA,NA,NA,S,NA,S,S,NA,NA,NA,S,NA,NA,NA,NA,S,R
1773.42751,ERR7362025,S,NA,NA,S,NA,NA,NA,NA,S,NA,R,S,NA,NA,NA,S,NA,NA,NA,NA,R,R
1773.43356,ERS5317284,S,NA,NA,S,NA,NA,NA,NA,S,NA,R,S,NA,NA,NA,S,NA,NA,NA,NA,R,R
1773.43442,ERS5317258,S,NA,NA,S,NA,NA,NA,NA,S,NA,S,S,NA,NA,NA,S,NA,NA,NA,NA,S,R
1773.43617,ERS6402744,S,NA,NA,S,NA,NA,NA,NA,S,NA,S,S,NA,NA,NA,S,NA,NA,NA,NA,S,R
1773.43694,ERS5282117,S,NA,S,S,NA,S,NA,R,S,S,S,S,R,R,R,S,S,NA,NA,S,S,S
1773.18178,ERR1873546,S,NA,NA,S,NA,NA,S,NA,R,R,R,S,NA,NA,S,R,S,NA,R,NA,R,R
1773.18587,ERR1036294,R,NA,NA,S,NA,NA,S,NA,R,R,R,S,NA,NA,NA,R,S,NA,R,NA,R,R
1773.19832,ERR182049,S,NA,NA,S,NA,NA,NA,NA,S,NA,S,S,NA,NA,NA,S,NA,NA,NA,NA,S,R
1773.32477,ERS5281486,S,NA,NA,S,NA,NA,NA,NA,S,NA,R,S,NA,NA,NA,S,NA,NA,NA,NA,R,R
1773.32748,ERS5281879,S,NA,NA,S,NA,NA,NA,NA,S,NA,R,S,NA,NA,NA,R,NA,NA,NA,NA,R,S
1773.33147,ERS5282360,S,NA,NA,S,NA,NA,NA,NA,R,NA,R,S,NA,NA,NA,S,NA,NA,NA,NA,R,R
1773.33156,ERS5282371,S,NA,NA,S,NA,NA,NA,NA,S,NA,S,S,NA,NA,NA,S,NA,NA,NA,NA,S,R
1773.33445,ERS5282735,S,NA,NA,S,NA,NA,NA,NA,S,NA,R,S,NA,NA,NA,S,NA,NA,NA,NA,R,R
1773.33723,ERS5298049,S,NA,NA,S,NA,NA,NA,NA,S,NA,S,S,NA,NA,NA,S,NA,NA,NA,NA,S,R
1773.36091,ERS5303615,S,NA,NA,S,NA,NA,NA,NA,S,NA,R,S,NA,NA,NA,S,NA,NA,NA,NA,R,R
1773.36353,ERS5304169,S,NA,NA,S,NA,NA,NA,NA,S,NA,S,S,NA,NA,NA,S,NA,NA,NA,NA,R,R
1773.36591,ERS5312498,S,NA,NA,S,NA,NA,NA,NA,S,NA,S,S,NA,NA,NA,S,NA,NA,NA,NA,S,R
1773.36873,ERS5317574,S,NA,NA,S,NA,NA,NA,NA,S,NA,S,S,NA,NA,NA,S,NA,NA,NA,NA,R,R
1773.3688,ERS5317581,S,NA,NA,S,NA,NA,NA,NA,S,NA,S,S,NA,NA,NA,S,NA,NA,NA,NA,S,R
1773.37091,ERS5317828,S,NA,NA,S,NA,NA,NA,NA,S,NA,S,S,NA,NA,NA,S,NA,NA,NA,NA,R,R
1773.38396,ERS5320197,S,NA,NA,S,NA,NA,NA,NA,S,NA,S,S,NA,NA,NA,S,NA,NA,NA,NA,S,S
1773.38463,ERS5320269,S,NA,NA,S,NA,NA,NA,NA,S,NA,R,S,NA,NA,NA,S,NA,NA,NA,NA,S,R
1773.39392,ERS6403171,S,NA,NA,S,NA,NA,NA,NA,S,NA,R,S,NA,NA,NA,S,NA,NA,NA,NA,S,R
1773.3977,ERS6403613,S,NA,NA,S,NA,NA,NA,NA,S,NA,R,S,NA,NA,NA,S,NA,NA,NA,NA,R,S
1773.39784,ERS6403624,R,NA,NA,R,NA,NA,NA,NA,S,NA,R,R,NA,NA,NA,S,NA,NA,NA,NA,R,S
1773.40146,ERS6421707,S,NA,NA,S,NA,NA,NA,NA,S,NA,S,S,NA,NA,NA,S,NA,NA,NA,NA,S,R
1773.40352,ERS6421988,S,NA,NA,S,NA,NA,NA,NA,S,NA,S,S,NA,NA,NA,S,NA,NA,NA,NA,S,R
1773.41661,ERS5282331,S,NA,S,S,NA,S,NA,S,S,S,S,S,R,S,S,S,S,NA,NA,S,S,S
1773.42023,ERS5282717,S,NA,S,S,NA,S,NA,S,R,R,R,S,R,S,R,S,S,NA,NA,R,R,R
1773.43668,ERS5283331,S,NA,S,S,NA,R,NA,R,R,R,R,S,R,R,R,R,R,NA,NA,R,R,R
1773.18377,ERR1034583,R,NA,NA,R,R,NA,NA,NA,S,S,R,S,NA,NA,NA,S,NA,NA,R,NA,R,R
1773.18628,ERR1034753,S,NA,NA,S,S,NA,NA,NA,S,NA,R,S,NA,NA,NA,S,NA,NA,NA,NA,S,S
1773.1871,ERR1034579,S,NA,NA,S,NA,NA,NA,NA,S,NA,S,S,NA,NA,NA,S,NA,NA,NA,NA,S,R
1773.23367,ERR1654672,S,NA,NA,S,NA,NA,NA,NA,S,NA,R,S,NA,NA,NA,S,NA,NA,NA,NA,R,R
1773.2342,ERR2120272,S,NA,NA,S,NA,NA,NA,NA,S,NA,S,S,NA,NA,NA,S,NA,NA,S,NA,S,R
1773.23444,ERR2120300,S,NA,NA,S,NA,NA,NA,NA,S,NA,S,S,NA,NA,NA,S,NA,NA,S,NA,S,R
1773.1863,ERR1034755,S,NA,NA,S,S,NA,NA,NA,S,NA,R,S,NA,NA,NA,S,NA,NA,NA,NA,R,R
1773.32988,ERS5282159,S,NA,NA,S,NA,NA,NA,NA,S,NA,S,S,NA,NA,NA,S,NA,NA,NA,NA,S,S
1773.35908,ERS5303393,S,NA,NA,S,NA,NA,NA,NA,S,NA,S,S,NA,NA,NA,S,NA,NA,NA,NA,R,R
1773.36533,ERS5312441,R,NA,NA,R,NA,NA,NA,NA,S,NA,S,R,NA,NA,NA,S,NA,NA,NA,NA,R,R
1773.3687,ERS5317569,S,NA,NA,S,NA,NA,NA,NA,S,NA,R,S,NA,NA,NA,S,NA,NA,NA,NA,S,R
1773.38726,ERS5320640,S,NA,NA,S,NA,NA,NA,NA,R,NA,R,S,NA,NA,NA,S,NA,NA,NA,NA,S,R
1773.38891,ERS5320860,S,NA,NA,S,NA,NA,NA,NA,S,NA,R,S,NA,NA,NA,S,NA,NA,NA,NA,S,S
1773.39038,ERS6402759,S,NA,NA,S,NA,NA,NA,NA,S,NA,S,S,NA,NA,NA,S,NA,NA,NA,NA,S,R
1773.424,ERS5283123,S,NA,S,S,NA,S,NA,R,R,S,S,S,R,S,S,S,S,NA,NA,S,S,R
1773.42478,ERS5283204,S,NA,S,S,NA,S,NA,R,S,S,S,S,R,S,S,S,S,NA,NA,S,S,R
1773.3296,ERS5282128,S,NA,NA,R,NA,NA,NA,NA,S,NA,S,S,NA,NA,NA,S,NA,NA,NA,NA,S,S
1773.38352,ERS5320138,S,NA,NA,S,NA,NA,NA,NA,S,NA,S,S,NA,NA,NA,S,NA,NA,NA,NA,S,R
1773.384,ERS5320208,S,NA,NA,S,NA,NA,NA,NA,S,NA,S,S,NA,NA,NA,S,NA,NA,NA,NA,S,R
1773.3698,ERS5317703,S,NA,NA,S,NA,NA,NA,NA,S,NA,S,S,NA,NA,NA,S,NA,NA,NA,NA,S,S
1773.18423,ERR1035203,S,NA,NA,S,NA,NA,NA,NA,S,NA,R,S,NA,NA,NA,S,NA,NA,R,NA,R,R
1773.20645,ERR2124095,S,NA,NA,S,NA,NA,NA,NA,S,NA,S,S,NA,NA,NA,S,NA,NA,NA,NA,R,R
1773.21035,ERR3256214,S,NA,NA,S,NA,NA,NA,NA,S,NA,S,S,NA,NA,NA,S,NA,NA,NA,NA,S,S
1773.21699,ERR3256249,S,NA,NA,S,NA,NA,NA,NA,S,NA,S,S,NA,NA,NA,S,NA,NA,NA,NA,S,S
1773.2631,ERR550797,NA,NA,NA,NA,NA,NA,NA,NA,S,NA,S,NA,NA,NA,NA,NA,NA,NA,S,NA,S,S
1773.2778,ERR551389,NA,NA,NA,NA,NA,NA,NA,NA,S,NA,S,NA,NA,NA,NA,NA,NA,NA,S,NA,S,S
1773.2829,ERR552759,NA,NA,NA,NA,NA,NA,NA,NA,S,NA,S,NA,NA,NA,NA,NA,NA,NA,S,NA,S,S
1773.2848,ERR552856,NA,NA,NA,NA,NA,NA,NA,NA,S,NA,S,NA,NA,NA,NA,NA,NA,NA,S,NA,S,S
1773.2925,ERR552013,NA,NA,NA,NA,NA,NA,NA,NA,S,NA,S,NA,NA,NA,NA,NA,NA,NA,S,NA,S,S
1773.3097,ERR551157,NA,NA,NA,NA,NA,NA,NA,NA,S,NA,S,NA,NA,NA,NA,NA,NA,NA,S,NA,S,S
1773.31059,ERS1987038,S,NA,NA,S,NA,NA,NA,NA,S,NA,S,S,NA,NA,NA,S,NA,NA,NA,NA,S,R
1773.3107,ERR552730,NA,NA,NA,NA,NA,NA,NA,NA,S,NA,S,NA,NA,NA,NA,NA,NA,NA,S,NA,S,S
1773.31293,ERS1987295,S,NA,NA,S,NA,NA,NA,NA,S,NA,S,S,NA,NA,NA,S,NA,NA,NA,NA,R,R
1773.31818,ERS3371582,S,NA,NA,S,NA,NA,NA,NA,S,NA,R,S,NA,NA,NA,S,NA,NA,NA,NA,R,S
1773.32281,ERS3372084,S,NA,NA,S,NA,NA,NA,NA,R,NA,R,S,NA,NA,NA,S,NA,NA,NA,NA,S,R
1773.32469,ERS5281475,S,NA,NA,S,NA,NA,NA,NA,S,NA,R,S,NA,NA,NA,S,NA,NA,NA,NA,R,R
1773.32678,ERS5281740,S,NA,NA,S,NA,NA,NA,NA,R,NA,R,S,NA,NA,NA,S,NA,NA,NA,NA,R,R
1773.3314,ERR551962,NA,NA,NA,NA,NA,NA,NA,NA,S,NA,R,NA,NA,NA,NA,NA,NA,NA,S,NA,S,R
1773.3337,ERR551326,NA,NA,NA,NA,NA,NA,NA,NA,S,NA,S,NA,NA,NA,NA,NA,NA,NA,S,NA,S,S
1773.334,ERR552324,NA,NA,NA,NA,NA,NA,NA,NA,S,NA,S,NA,NA,NA,NA,NA,NA,NA,S,NA,S,S
1773.33678,ERS5298003,S,NA,NA,S,NA,NA,NA,NA,S,NA,S,S,NA,NA,NA,S,NA,NA,NA,NA,R,S
1773.3386,ERR553086,NA,NA,NA,NA,NA,NA,NA,NA,S,NA,S,NA,NA,NA,NA,NA,NA,NA,S,NA,S,S
1773.3403,ERR551061,NA,NA,NA,NA,NA,NA,NA,NA,S,NA,S,NA,NA,NA,NA,NA,NA,NA,S,NA,S,S
1773.34481,ERS5300743,S,NA,NA,S,NA,NA,NA,NA,S,NA,S,S,NA,NA,NA,S,NA,NA,NA,NA,R,R
1773.3488,ERR553193,NA,NA,NA,NA,NA,NA,NA,NA,S,NA,S,NA,NA,NA,NA,NA,NA,NA,S,NA,S,S
1773.34962,ERS5302089,S,NA,NA,S,NA,NA,NA,NA,S,NA,S,S,NA,NA,NA,S,NA,NA,NA,NA,S,R
1773.35,ERR551559,NA,NA,NA,NA,NA,NA,NA,NA,S,NA,S,NA,NA,NA,NA,NA,NA,NA,S,NA,S,S
1773.3526,ERR552517,S,S,NA,S,NA,NA,S,NA,R,NA,R,NA,NA,NA,NA,S,S,R,R,NA,R,R
1773.35492,ERS5302656,S,NA,NA,S,NA,NA,NA,NA,S,NA,S,S,NA,NA,NA,S,NA,NA,NA,NA,S,R
1773.35762,ERS5303136,S,NA,NA,S,NA,NA,NA,NA,S,NA,R,S,NA,NA,NA,S,NA,NA,NA,NA,R,R
1773.36599,ERS5312510,S,NA,NA,S,NA,NA,NA,NA,S,NA,S,S,NA,NA,NA,S,NA,NA,NA,NA,S,R
1773.36746,ERS5312669,S,NA,NA,S,NA,NA,NA,NA,R,NA,R,S,NA,NA,NA,S,NA,NA,NA,NA,R,R
1773.36793,ERS5317228,S,NA,NA,S,NA,NA,NA,NA,S,NA,S,S,NA,NA,NA,S,NA,NA,NA,NA,S,R
1773.3681,ERR046794,NA,NA,NA,NA,NA,NA,NA,NA,S,NA,S,NA,NA,NA,NA,NA,NA,NA,S,NA,S,NA
1773.3735,ERR046859,NA,NA,NA,NA,NA,NA,NA,NA,S,NA,S,NA,NA,NA,NA,NA,NA,NA,S,NA,S,NA
1773.375,ERR046876,NA,NA,NA,NA,NA,NA,NA,NA,S,NA,S,NA,NA,NA,NA,NA,NA,NA,S,NA,S,NA
1773.3788,ERR046924,NA,NA,NA,NA,NA,NA,NA,NA,S,NA,S,NA,NA,NA,NA,NA,NA,NA,S,NA,S,NA
1773.3789,ERR046925,NA,NA,NA,NA,NA,NA,NA,NA,S,NA,S,NA,NA,NA,NA,NA,NA,NA,S,NA,S,NA
1773.38214,ERS5319993,S,NA,NA,S,NA,NA,NA,NA,S,NA,R,S,NA,NA,NA,S,NA,NA,NA,NA,R,R
1773.3841,SRR2100100,NA,NA,NA,NA,NA,NA,NA,NA,S,NA,S,NA,NA,NA,NA,NA,NA,NA,S,NA,S,NA
1773.387,ERS5320597,S,NA,NA,S,NA,NA,NA,NA,S,NA,S,S,NA,NA,NA,S,NA,NA,NA,NA,R,R
1773.38739,ERS5320649,S,NA,NA,S,NA,NA,NA,NA,S,NA,R,S,NA,NA,NA,S,NA,NA,NA,NA,R,R
1773.38807,ERS5320760,S,NA,NA,S,NA,NA,NA,NA,S,NA,R,S,NA,NA,NA,S,NA,NA,NA,NA,R,S
1773.3917,ERS6402920,S,NA,NA,S,NA,NA,NA,NA,S,NA,S,S,NA,NA,NA,S,NA,NA,NA,NA,S,R
1773.39453,ERS6403251,R,NA,NA,R,NA,NA,NA,NA,R,NA,R,R,NA,NA,NA,S,NA,NA,NA,NA,R,R
1773.39792,ERS6403630,S,NA,NA,S,NA,NA,NA,NA,S,NA,S,S,NA,NA,NA,S,NA,NA,NA,NA,R,S
1773.39796,ERS6403634,S,NA,NA,S,NA,NA,NA,NA,S,NA,S,S,NA,NA,NA,S,NA,NA,NA,NA,S,R
1773.40188,ERS6421750,S,NA,NA,S,NA,NA,NA,NA,S,NA,S,S,NA,NA,NA,S,NA,NA,NA,NA,S,R
1773.43225,ERS5303418,S,NA,NA,S,NA,NA,NA,NA,S,NA,S,S,NA,NA,NA,S,NA,NA,NA,NA,S,R
1773.4623,SRR2100834,NA,NA,NA,NA,NA,NA,NA,NA,S,NA,S,NA,NA,NA,NA,NA,NA,NA,S,NA,S,NA
1773.4651,SRR2100862,NA,NA,NA,NA,NA,NA,NA,NA,S,NA,S,NA,NA,NA,NA,NA,NA,NA,S,NA,S,NA
1773.468,SRR2100893,S,R,NA,NA,R,NA,NA,NA,S,NA,S,S,NA,NA,R,NA,NA,NA,S,NA,S,NA
1773.5008,SRR2101319,S,S,NA,S,NA,NA,NA,NA,S,NA,S,S,NA,NA,S,NA,NA,NA,S,NA,S,S
1773.5226,SRR2101561,S,S,NA,S,NA,NA,NA,NA,S,NA,S,S,NA,NA,S,NA,NA,NA,S,NA,S,S
1773.5308,SRR2101650,S,S,NA,S,NA,NA,NA,NA,S,NA,R,S,NA,NA,S,NA,NA,NA,S,NA,S,S
1773.5533,ERR552282,NA,NA,NA,NA,NA,NA,NA,NA,S,NA,S,NA,NA,NA,NA,NA,NA,NA,S,NA,S,R
1773.5872,SRR2100065,NA,NA,NA,NA,NA,NA,NA,NA,S,NA,R,NA,NA,NA,NA,NA,NA,NA,S,NA,S,NA
1773.18396,ERR1034604,R,NA,NA,R,R,NA,NA,NA,S,R,R,S,NA,NA,NA,R,NA,NA,R,NA,R,R
1773.18694,ERR1034668,S,NA,NA,S,NA,NA,NA,NA,R,NA,R,S,NA,NA,NA,S,NA,NA,NA,NA,R,R
1773.18711,ERR1034580,S,NA,NA,S,NA,NA,NA,NA,S,NA,S,S,NA,NA,NA,S,NA,NA,NA,NA,S,S
1773.31052,ERS1987030,S,NA,NA,S,NA,NA,NA,NA,S,NA,S,S,NA,NA,NA,S,NA,NA,NA,NA,R,R
1773.31363,ERS1987372,S,NA,NA,S,NA,NA,NA,NA,S,NA,S,S,NA,NA,NA,S,NA,NA,NA,NA,S,R
1773.32077,ERS3371864,S,NA,NA,S,NA,NA,NA,NA,S,NA,R,S,NA,NA,NA,S,NA,NA,NA,NA,R,R
1773.321,ERS3371882,S,NA,NA,S,NA,NA,NA,NA,S,NA,R,S,NA,NA,NA,S,NA,NA,NA,NA,S,R
1773.32132,ERS3371919,S,NA,NA,S,NA,NA,NA,NA,S,NA,R,S,NA,NA,NA,S,NA,NA,NA,NA,R,R
1773.32344,ERS5281267,S,NA,NA,S,NA,NA,NA,NA,S,NA,S,S,NA,NA,NA,S,NA,NA,NA,NA,R,R
1773.32438,ERS5281417,S,NA,NA,S,NA,NA,NA,NA,S,NA,S,S,NA,NA,NA,S,NA,NA,NA,NA,S,R
1773.3262,ERS5281648,S,NA,NA,S,NA,NA,NA,NA,S,NA,S,S,NA,NA,NA,S,NA,NA,NA,NA,S,S
1773.32759,ERS5281884,S,NA,NA,S,NA,NA,NA,NA,S,NA,R,S,NA,NA,NA,S,NA,NA,NA,NA,R,R
1773.32924,ERS5282083,S,NA,NA,S,NA,NA,NA,NA,S,NA,S,S,NA,NA,NA,S,NA,NA,NA,NA,R,R
1773.33248,ERS5282495,S,NA,NA,S,NA,NA,NA,NA,S,NA,S,S,NA,NA,NA,S,NA,NA,NA,NA,R,S
1773.33307,ERS5282560,S,NA,NA,S,NA,NA,NA,NA,S,NA,S,S,NA,NA,NA,S,NA,NA,NA,NA,R,R
1773.33406,ERS5282673,S,NA,NA,S,NA,NA,NA,NA,S,NA,R,S,NA,NA,NA,S,NA,NA,NA,NA,R,R
1773.33598,ERS5297891,R,NA,NA,R,NA,NA,NA,NA,S,NA,R,R,NA,NA,NA,S,NA,NA,NA,NA,R,S
1773.3366,ERS5297983,S,NA,NA,S,NA,NA,NA,NA,S,NA,S,S,NA,NA,NA,S,NA,NA,NA,NA,S,R
1773.33672,ERS5297998,R,NA,NA,R,NA,NA,NA,NA,S,NA,R,R,NA,NA,NA,S,NA,NA,NA,NA,R,S
1773.33681,ERS5298005,S,NA,NA,S,NA,NA,NA,NA,S,NA,S,S,NA,NA,NA,S,NA,NA,NA,NA,R,S
1773.33687,ERS5298012,S,NA,NA,S,NA,NA,NA,NA,S,NA,S,S,NA,NA,NA,S,NA,NA,NA,NA,S,R
1773.33706,ERS5298032,S,NA,NA,S,NA,NA,NA,NA,S,NA,S,S,NA,NA,NA,S,NA,NA,NA,NA,S,S
1773.33708,ERS5298040,S,NA,NA,S,NA,NA,NA,NA,S,NA,S,S,NA,NA,NA,S,NA,NA,NA,NA,S,R
1773.33719,ERS5298046,S,NA,NA,S,NA,NA,NA,NA,S,NA,S,S,NA,NA,NA,S,NA,NA,NA,NA,S,R
1773.3372,ERS5298048,S,NA,NA,S,NA,NA,NA,NA,S,NA,R,S,NA,NA,NA,S,NA,NA,NA,NA,R,R
1773.33779,ERS5298110,S,NA,NA,S,NA,NA,NA,NA,S,NA,S,S,NA,NA,NA,S,NA,NA,NA,NA,S,R
1773.33814,ERS5298146,S,NA,NA,S,NA,NA,NA,NA,S,NA,R,S,NA,NA,NA,S,NA,NA,NA,NA,S,R
1773.34046,ERS5298552,S,NA,NA,S,NA,NA,NA,NA,S,NA,S,S,NA,NA,NA,S,NA,NA,NA,NA,S,R
1773.34648,ERS5301042,R,NA,NA,R,NA,NA,NA,NA,S,NA,R,R,NA,NA,NA,S,NA,NA,NA,NA,S,R
1773.3466,ERS5301064,S,NA,NA,S,NA,NA,NA,NA,R,NA,R,S,NA,NA,NA,S,NA,NA,NA,NA,R,R
1773.35188,ERS5302382,S,NA,NA,S,NA,NA,NA,NA,S,NA,S,S,NA,NA,NA,S,NA,NA,NA,NA,S,R
1773.3532,ERS5302552,S,NA,NA,S,NA,NA,NA,NA,S,NA,S,S,NA,NA,NA,S,NA,NA,NA,NA,R,R
1773.35337,ERS5302570,S,NA,NA,S,NA,NA,NA,NA,S,NA,S,S,NA,NA,NA,S,NA,NA,NA,NA,S,R
1773.35349,ERS5302583,S,NA,NA,S,NA,NA,NA,NA,S,NA,S,S,NA,NA,NA,S,NA,NA,NA,NA,R,R
1773.35418,ERS5302665,S,NA,NA,S,NA,NA,NA,NA,S,NA,S,S,NA,NA,NA,S,NA,NA,NA,NA,S,R
1773.35435,ERS5302683,S,NA,NA,S,NA,NA,NA,NA,S,NA,S,S,NA,NA,NA,S,NA,NA,NA,NA,S,R
1773.36491,ERS5312382,S,NA,NA,S,NA,NA,NA,NA,S,NA,R,S,NA,NA,NA,S,NA,NA,NA,NA,R,R
1773.36627,ERS5312530,S,NA,NA,R,NA,NA,NA,NA,S,NA,S,S,NA,NA,NA,S,NA,NA,NA,NA,R,R
1773.36636,ERS5312552,S,NA,NA,S,NA,NA,NA,NA,S,NA,S,S,NA,NA,NA,S,NA,NA,NA,NA,S,R
1773.37033,ERS5317775,S,NA,NA,S,NA,NA,NA,NA,S,NA,R,S,NA,NA,NA,S,NA,NA,NA,NA,R,R
1773.37429,ERS5318631,S,NA,NA,S,NA,NA,NA,NA,S,NA,S,S,NA,NA,NA,S,NA,NA,NA,NA,S,R
1773.37633,ERS5318981,S,NA,NA,S,NA,NA,NA,NA,S,NA,R,S,NA,NA,NA,S,NA,NA,NA,NA,S,R
1773.37761,ERS5319187,S,NA,NA,S,NA,NA,NA,NA,S,NA,R,S,NA,NA,NA,S,NA,NA,NA,NA,R,R
1773.38158,ERS5319918,S,NA,NA,S,NA,NA,NA,NA,S,NA,S,S,NA,NA,NA,S,NA,NA,NA,NA,R,R
1773.38253,ERS5320038,S,NA,NA,S,NA,NA,NA,NA,R,NA,R,S,NA,NA,NA,S,NA,NA,NA,NA,R,R
1773.38263,ERS5320047,S,NA,NA,S,NA,NA,NA,NA,R,NA,R,S,NA,NA,NA,S,NA,NA,NA,NA,R,R
1773.38358,ERS5320147,S,NA,NA,S,NA,NA,NA,NA,S,NA,S,S,NA,NA,NA,S,NA,NA,NA,NA,S,R
1773.38412,ERS5320218,S,NA,NA,S,NA,NA,NA,NA,S,NA,S,S,NA,NA,NA,S,NA,NA,NA,NA,S,R
1773.38482,ERS5320297,S,NA,NA,S,NA,NA,NA,NA,S,NA,S,S,NA,NA,NA,S,NA,NA,NA,NA,S,R
1773.38527,ERS5320345,S,NA,NA,R,NA,NA,NA,NA,R,NA,R,S,NA,NA,NA,S,NA,NA,NA,NA,R,R
1773.38568,ERS5320394,S,NA,NA,S,NA,NA,NA,NA,S,NA,S,S,NA,NA,NA,S,NA,NA,NA,NA,S,R
1773.38659,ERS5320483,S,NA,NA,S,NA,NA,NA,NA,S,NA,S,S,NA,NA,NA,S,NA,NA,NA,NA,S,S
1773.39001,ERS6402717,S,NA,NA,S,NA,NA,NA,NA,S,NA,R,S,NA,NA,NA,S,NA,NA,NA,NA,R,S
1773.39019,ERS6402734,S,NA,NA,S,NA,NA,NA,NA,R,NA,R,S,NA,NA,NA,S,NA,NA,NA,NA,R,R
1773.39162,ERS6402912,S,NA,NA,S,NA,NA,NA,NA,S,NA,S,S,NA,NA,NA,S,NA,NA,NA,NA,S,R
1773.39193,ERS6402946,S,NA,NA,S,NA,NA,NA,NA,S,NA,S,S,NA,NA,NA,S,NA,NA,NA,NA,S,R
1773.3944,ERS6403233,S,NA,NA,S,NA,NA,NA,NA,S,NA,S,S,NA,NA,NA,S,NA,NA,NA,NA,R,R
1773.39476,ERS6403271,S,NA,NA,S,NA,NA,NA,NA,S,NA,S,S,NA,NA,NA,S,NA,NA,NA,NA,S,R
1773.39501,ERS6403298,S,NA,NA,S,NA,NA,NA,NA,S,NA,S,S,NA,NA,NA,S,NA,NA,NA,NA,S,S
1773.39763,ERS6403603,S,NA,NA,S,NA,NA,NA,NA,S,NA,R,S,NA,NA,NA,S,NA,NA,NA,NA,R,R
1773.39773,ERS6403602,R,NA,NA,R,NA,NA,NA,NA,S,NA,R,R,NA,NA,NA,S,NA,NA,NA,NA,S,S
1773.39797,ERS6403638,R,NA,NA,R,NA,NA,NA,NA,S,NA,R,R,NA,NA,NA,S,NA,NA,NA,NA,R,S
1773.3982,ERS6403670,S,NA,NA,S,NA,NA,NA,NA,S,NA,S,S,NA,NA,NA,S,NA,NA,NA,NA,S,R
1773.39834,ERS6403687,R,NA,NA,R,NA,NA,NA,NA,S,NA,R,R,NA,NA,NA,S,NA,NA,NA,NA,R,R
1773.40017,ERS6421568,S,NA,NA,S,NA,NA,NA,NA,S,NA,S,S,NA,NA,NA,S,NA,NA,NA,NA,S,R
1773.40033,ERS6421581,S,NA,NA,S,NA,NA,NA,NA,S,NA,R,S,NA,NA,NA,S,NA,NA,NA,NA,S,S
1773.40036,ERS6421586,S,NA,NA,S,NA,NA,NA,NA,S,NA,S,S,NA,NA,NA,S,NA,NA,NA,NA,S,R
1773.40041,ERS6421593,S,NA,NA,S,NA,NA,NA,NA,S,NA,S,S,NA,NA,NA,S,NA,NA,NA,NA,S,R
1773.40048,ERS6421598,S,NA,NA,S,NA,NA,NA,NA,S,NA,S,S,NA,NA,NA,S,NA,NA,NA,NA,S,S
1773.40078,ERS6421633,S,NA,NA,S,NA,NA,NA,NA,S,NA,S,S,NA,NA,NA,S,NA,NA,NA,NA,R,R
1773.40152,ERS6421717,S,NA,NA,S,NA,NA,NA,NA,S,NA,S,S,NA,NA,NA,S,NA,NA,NA,NA,S,R
1773.40289,ERS6421889,R,NA,NA,R,NA,NA,NA,NA,S,NA,R,R,NA,NA,NA,S,NA,NA,NA,NA,R,S
1773.40353,ERS6421985,S,NA,NA,S,NA,NA,NA,NA,S,NA,S,S,NA,NA,NA,S,NA,NA,NA,NA,S,R
1773.40488,ERS6422183,S,NA,NA,S,NA,NA,NA,NA,S,NA,S,S,NA,NA,NA,S,NA,NA,NA,NA,R,R
1773.40652,ERS5281210,S,NA,S,S,NA,S,NA,S,S,S,R,S,R,S,S,S,S,NA,NA,S,S,S
1773.40935,ERS5281492,S,NA,S,S,NA,S,NA,R,R,R,R,S,R,S,R,S,S,NA,NA,R,R,R
1773.42256,ERS5282963,S,NA,S,S,NA,S,NA,S,S,R,S,S,S,S,S,S,S,NA,NA,S,R,R
1773.42297,ERS5283008,S,NA,S,S,NA,S,NA,R,R,S,S,S,R,S,S,S,S,NA,NA,S,S,R
1773.42647,ERR7361916,S,NA,NA,S,NA,NA,NA,NA,S,NA,S,S,NA,NA,NA,S,NA,NA,NA,NA,S,R
1773.42738,ERR7362019,S,NA,NA,S,NA,NA,NA,NA,S,NA,R,S,NA,NA,NA,R,NA,NA,NA,NA,R,R
1773.43054,ERS5312635,S,NA,NA,S,NA,NA,NA,NA,S,NA,S,S,NA,NA,NA,S,NA,NA,NA,NA,S,R
1773.43113,ERS5301842,S,NA,NA,S,NA,NA,NA,NA,S,NA,S,S,NA,NA,NA,S,NA,NA,NA,NA,S,R
1773.43739,ERR7361995,R,NA,NA,R,NA,NA,NA,NA,S,NA,R,R,NA,NA,NA,R,NA,NA,NA,NA,S,S
1773.18182,ERR1873529,R,NA,NA,R,NA,NA,R,NA,S,R,R,R,NA,NA,R,R,R,NA,R,NA,R,S
1773.1822,ERR1873453,R,NA,NA,R,NA,NA,R,NA,S,R,R,R,NA,NA,R,S,S,NA,R,NA,S,R
1773.19696,ERR181907,S,NA,NA,S,NA,NA,NA,NA,S,NA,R,S,NA,NA,NA,S,NA,NA,S,NA,S,S
1773.1972,ERR181920,S,NA,NA,S,NA,NA,NA,NA,S,NA,S,S,NA,NA,NA,S,NA,NA,S,NA,S,S
1773.19997,ERR212088,S,NA,NA,S,NA,NA,NA,NA,S,NA,R,S,NA,NA,NA,S,NA,NA,S,NA,S,S
1773.20468,ERR1035031,R,NA,NA,R,NA,NA,NA,NA,S,R,R,R,NA,NA,NA,R,NA,NA,NA,NA,R,S
1773.20622,ERR1035121,S,NA,NA,S,NA,NA,NA,NA,S,NA,S,S,NA,NA,NA,S,NA,NA,NA,NA,S,R
1773.23375,ERR1654677,S,NA,NA,S,NA,NA,NA,NA,S,NA,R,S,NA,NA,NA,S,NA,NA,NA,NA,R,R
1773.23378,ERR1654705,S,NA,NA,S,NA,NA,NA,NA,S,NA,R,S,NA,NA,NA,S,NA,NA,NA,NA,S,R
1773.23421,ERR2120271,S,NA,NA,S,NA,NA,NA,NA,S,NA,S,S,NA,NA,NA,S,NA,NA,S,NA,S,R
1773.33291,ERS5282537,S,NA,NA,S,NA,NA,NA,NA,S,NA,S,S,NA,NA,NA,S,NA,NA,NA,NA,R,R
1773.33734,ERS5298066,S,NA,NA,S,NA,NA,NA,NA,S,NA,R,S,NA,NA,NA,S,NA,NA,NA,NA,R,R
1773.33821,ERS5298153,R,NA,NA,R,NA,NA,NA,NA,S,NA,R,R,NA,NA,NA,S,NA,NA,NA,NA,S,S
1773.34788,ERS5301830,S,NA,NA,S,NA,NA,NA,NA,R,NA,R,S,NA,NA,NA,S,NA,NA,NA,NA,R,R
1773.36071,ERS5303592,S,NA,NA,S,NA,NA,NA,NA,R,NA,R,S,NA,NA,NA,S,NA,NA,NA,NA,R,R
1773.36663,ERS5312574,S,NA,NA,S,NA,NA,NA,NA,S,NA,S,S,NA,NA,NA,S,NA,NA,NA,NA,S,R
1773.36952,ERS5317677,S,NA,NA,S,NA,NA,NA,NA,S,NA,S,S,NA,NA,NA,S,NA,NA,NA,NA,R,R
1773.38487,ERS5320298,S,NA,NA,S,NA,NA,NA,NA,S,NA,S,S,NA,NA,NA,S,NA,NA,NA,NA,S,R
1773.38498,ERS5320315,R,NA,NA,R,NA,NA,NA,NA,S,NA,R,S,NA,NA,NA,S,NA,NA,NA,NA,R,R
1773.38518,ERS5320341,R,NA,NA,R,NA,NA,NA,NA,S,NA,R,R,NA,NA,NA,S,NA,NA,NA,NA,R,R
1773.38552,ERS5320379,S,NA,NA,S,NA,NA,NA,NA,S,NA,S,S,NA,NA,NA,S,NA,NA,NA,NA,R,R
1773.38759,ERS5320678,S,NA,NA,S,NA,NA,NA,NA,S,NA,S,S,NA,NA,NA,S,NA,NA,NA,NA,S,S
1773.39227,ERS6402981,S,NA,NA,S,NA,NA,NA,NA,S,NA,S,S,NA,NA,NA,S,NA,NA,NA,NA,R,R
1773.39438,ERS6403229,S,NA,NA,S,NA,NA,NA,NA,S,NA,S,S,NA,NA,NA,S,NA,NA,NA,NA,R,R
1773.3976,ERS6403611,R,NA,NA,R,NA,NA,NA,NA,R,NA,R,R,NA,NA,NA,S,NA,NA,NA,NA,R,R
1773.41801,ERS5282483,S,NA,S,S,NA,S,NA,S,S,R,R,S,R,S,R,S,S,NA,NA,R,R,R
1773.42638,ERR7361908,S,NA,NA,S,NA,NA,NA,NA,S,NA,S,S,NA,NA,NA,S,NA,NA,NA,NA,S,S
1773.42649,ERR7361913,S,NA,NA,S,NA,NA,NA,NA,S,NA,S,S,NA,NA,NA,S,NA,NA,NA,NA,S,R
1773.43532,ERS5317450,S,NA,NA,S,NA,NA,NA,NA,S,NA,R,S,NA,NA,NA,S,NA,NA,NA,NA,R,R
1773.18401,ERR1034608,R,NA,NA,R,R,NA,NA,NA,S,S,S,R,NA,NA,NA,S,NA,NA,R,NA,R,S
1773.18581,ERR1036298,S,NA,NA,S,NA,NA,NA,NA,S,S,R,S,NA,NA,NA,S,NA,NA,NA,NA,R,S
1773.18982,ERR161123,S,NA,NA,S,NA,NA,NA,NA,S,NA,S,S,NA,NA,NA,S,NA,NA,NA,NA,S,S
1773.23352,ERR1654669,S,NA,NA,S,NA,NA,NA,NA,S,NA,R,S,NA,NA,NA,S,NA,NA,NA,NA,R,R
1773.23376,ERR1654704,S,NA,NA,S,NA,NA,NA,NA,S,NA,R,S,NA,NA,NA,S,NA,NA,NA,NA,R,R
1773.23436,ERR2120292,S,NA,S,R,NA,NA,S,S,S,S,R,S,NA,S,S,S,S,NA,R,NA,R,R
1773.23447,ERR2120302,S,NA,NA,S,NA,NA,NA,NA,S,NA,S,S,NA,NA,NA,S,NA,NA,S,NA,S,R
1773.31934,ERS3371704,S,NA,NA,S,NA,NA,NA,NA,S,NA,S,S,NA,NA,NA,S,NA,NA,NA,NA,R,R
1773.32634,ERS5281663,S,NA,NA,S,NA,NA,NA,NA,S,NA,R,S,NA,NA,NA,S,NA,NA,NA,NA,S,S
1773.33616,ERS5297918,S,NA,NA,S,NA,NA,NA,NA,S,NA,S,S,NA,NA,NA,S,NA,NA,NA,NA,S,R
1773.34423,ERS5300657,S,NA,NA,S,NA,NA,NA,NA,S,NA,R,S,NA,NA,NA,S,NA,NA,NA,NA,R,R
1773.36582,ERS5312491,S,NA,NA,R,NA,NA,NA,NA,S,NA,S,S,NA,NA,NA,S,NA,NA,NA,NA,S,R
1773.36714,ERS5312629,S,NA,NA,S,NA,NA,NA,NA,S,NA,S,S,NA,NA,NA,S,NA,NA,NA,NA,S,R
1773.36726,ERS5312643,S,NA,NA,S,NA,NA,NA,NA,S,NA,S,S,NA,NA,NA,S,NA,NA,NA,NA,R,R
1773.36879,ERS5317580,S,NA,NA,S,NA,NA,NA,NA,S,NA,S,S,NA,NA,NA,S,NA,NA,NA,NA,S,S
1773.374,ERS5318601,S,NA,NA,S,NA,NA,NA,NA,S,NA,S,S,NA,NA,NA,S,NA,NA,NA,NA,R,R
1773.37625,ERS5318976,S,NA,NA,S,NA,NA,NA,NA,S,NA,S,S,NA,NA,NA,S,NA,NA,NA,NA,S,R
1773.38528,ERS5320355,S,NA,NA,S,NA,NA,NA,NA,S,NA,S,S,NA,NA,NA,S,NA,NA,NA,NA,S,R
1773.38554,ERS5320377,S,NA,NA,S,NA,NA,NA,NA,S,NA,S,S,NA,NA,NA,S,NA,NA,NA,NA,R,R
1773.43682,ERS5281289,S,NA,S,S,NA,S,NA,R,S,S,S,S,R,S,R,S,S,NA,NA,S,R,S
1773.33148,ERS5282361,R,NA,NA,R,NA,NA,NA,NA,R,NA,R,R,NA,NA,NA,R,NA,NA,NA,NA,S,R
1773.3346,ERS5282766,S,NA,NA,S,NA,NA,NA,NA,R,NA,R,S,NA,NA,NA,S,NA,NA,NA,NA,R,R
1773.40593,ERR3323722,S,NA,NA,S,NA,NA,NA,NA,S,NA,S,S,NA,NA,NA,S,NA,NA,NA,NA,R,R
1773.3311,ERS5282317,S,NA,NA,S,NA,NA,NA,NA,S,NA,S,S,NA,NA,NA,S,NA,NA,NA,NA,S,S
1773.43428,ERS5317292,S,NA,NA,S,NA,NA,NA,NA,S,NA,S,S,NA,NA,NA,S,NA,NA,NA,NA,S,S
1773.43579,ERS5317443,S,NA,NA,S,NA,NA,NA,NA,S,NA,S,S,NA,NA,NA,S,NA,NA,NA,NA,S,S
1773.18418,ERR1035181,S,NA,NA,S,NA,NA,S,NA,S,S,R,S,NA,NA,S,S,S,NA,R,NA,R,R
1773.19402,ERR176742,S,NA,NA,S,NA,NA,NA,NA,S,NA,S,S,NA,NA,NA,S,NA,NA,S,NA,S,R
1773.2545,ERR553190,S,S,NA,S,NA,NA,NA,NA,R,NA,R,NA,NA,NA,NA,NA,NA,NA,R,NA,R,R
1773.2547,ERR551498,NA,NA,NA,NA,NA,NA,NA,NA,S,NA,S,NA,NA,NA,NA,NA,NA,NA,S,NA,S,S
1773.2577,ERR551656,NA,NA,NA,NA,NA,NA,NA,NA,S,NA,S,NA,NA,NA,NA,NA,NA,NA,S,NA,S,S
1773.2589,ERR552061,NA,NA,NA,NA,NA,NA,NA,NA,S,NA,S,NA,NA,NA,NA,NA,NA,NA,S,NA,S,S
1773.2611,ERR551934,NA,NA,NA,NA,NA,NA,NA,NA,S,NA,S,NA,NA,NA,NA,NA,NA,NA,S,NA,S,S
1773.275,ERR551778,NA,NA,NA,NA,NA,NA,NA,NA,S,NA,S,NA,NA,NA,NA,NA,NA,NA,S,NA,S,S
1773.2882,ERR551013,NA,NA,NA,NA,NA,NA,NA,NA,S,NA,S,NA,NA,NA,NA,NA,NA,NA,S,NA,S,S
1773.2935,ERR551029,NA,S,NA,S,NA,NA,NA,NA,S,NA,R,NA,NA,NA,NA,NA,NA,NA,S,NA,S,R
1773.3059,ERR552717,NA,NA,NA,NA,NA,NA,NA,NA,S,NA,S,NA,NA,NA,NA,NA,NA,NA,S,NA,S,S
1773.3068,ERR553373,NA,NA,NA,NA,NA,NA,NA,NA,S,NA,S,NA,NA,NA,NA,NA,NA,NA,S,NA,S,S
1773.3105,ERR552704,NA,NA,NA,NA,NA,NA,NA,NA,S,NA,S,NA,NA,NA,NA,NA,NA,NA,S,NA,S,R
1773.31937,ERS3371709,S,NA,NA,S,NA,NA,NA,NA,S,NA,R,S,NA,NA,NA,S,NA,NA,NA,NA,S,R
1773.32059,ERS3371835,S,NA,NA,S,NA,NA,NA,NA,S,NA,R,S,NA,NA,NA,S,NA,NA,NA,NA,S,S
1773.32065,ERS3371846,S,NA,NA,S,NA,NA,NA,NA,S,NA,R,S,NA,NA,NA,S,NA,NA,NA,NA,S,S
1773.3255,ERR553262,NA,NA,NA,NA,NA,NA,NA,NA,S,NA,S,NA,NA,NA,NA,NA,NA,NA,S,NA,S,S
1773.3261,ERS5281638,S,NA,NA,S,NA,NA,NA,NA,S,NA,S,S,NA,NA,NA,S,NA,NA,NA,NA,R,R
1773.33213,ERS5282442,S,NA,NA,S,NA,NA,NA,NA,S,NA,S,S,NA,NA,NA,S,NA,NA,NA,NA,S,R
1773.33665,ERS5297990,S,NA,NA,S,NA,NA,NA,NA,S,NA,S,S,NA,NA,NA,S,NA,NA,NA,NA,S,R
1773.33726,ERS5298054,S,NA,NA,S,NA,NA,NA,NA,S,NA,S,S,NA,NA,NA,S,NA,NA,NA,NA,S,R
1773.33863,ERS5298198,S,NA,NA,S,NA,NA,NA,NA,S,NA,S,S,NA,NA,NA,S,NA,NA,NA,NA,S,R
1773.341,ERR553327,NA,NA,NA,NA,NA,NA,NA,NA,S,NA,S,NA,NA,NA,NA,NA,NA,NA,S,NA,S,S
1773.34251,ERS5298786,S,NA,NA,S,NA,NA,NA,NA,S,NA,S,S,NA,NA,NA,S,NA,NA,NA,NA,S,R
1773.3447,ERS5300724,S,NA,NA,S,NA,NA,NA,NA,S,NA,S,S,NA,NA,NA,S,NA,NA,NA,NA,R,R
1773.3448,ERR552539,NA,NA,NA,NA,NA,NA,NA,NA,S,NA,R,NA,NA,NA,NA,NA,NA,NA,S,NA,S,S
1773.34645,ERS5301039,S,NA,NA,S,NA,NA,NA,NA,S,NA,S,S,NA,NA,NA,S,NA,NA,NA,NA,R,R
1773.3479,ERR551992,NA,NA,NA,NA,NA,NA,NA,NA,S,NA,S,NA,NA,NA,NA,NA,NA,NA,S,NA,S,S
1773.34834,ERS5301889,S,NA,NA,S,NA,NA,NA,NA,S,NA,S,S,NA,NA,NA,S,NA,NA,NA,NA,R,R
1773.3484,ERS5301908,S,NA,NA,S,NA,NA,NA,NA,S,NA,R,S,NA,NA,NA,S,NA,NA,NA,NA,S,S
1773.34938,ERS5302052,S,NA,NA,S,NA,NA,NA,NA,S,NA,S,S,NA,NA,NA,S,NA,NA,NA,NA,S,S
1773.3521,ERR552441,S,S,NA,S,NA,NA,S,NA,R,NA,R,NA,NA,NA,NA,S,R,S,R,NA,R,R
1773.358,ERR039327,NA,NA,NA,NA,NA,NA,NA,NA,S,NA,S,NA,NA,NA,NA,NA,NA,NA,S,NA,S,NA
1773.3583,ERR039330,NA,NA,NA,NA,NA,NA,NA,NA,S,NA,S,NA,NA,NA,NA,NA,NA,NA,S,NA,S,NA
1773.36715,ERS5312630,S,NA,NA,S,NA,NA,NA,NA,S,NA,S,S,NA,NA,NA,S,NA,NA,NA,NA,S,R
1773.3675,ERS5312666,S,NA,NA,S,NA,NA,NA,NA,R,NA,R,S,NA,NA,NA,S,NA,NA,NA,NA,R,R
1773.3682,ERR046795,NA,NA,NA,NA,NA,NA,NA,NA,S,NA,S,NA,NA,NA,NA,NA,NA,NA,S,NA,S,NA
1773.3684,ERR046797,NA,NA,NA,NA,NA,NA,NA,NA,S,NA,S,NA,NA,NA,NA,NA,NA,NA,S,NA,S,NA
1773.3703,ERR046820,NA,NA,NA,NA,NA,NA,NA,NA,S,NA,S,NA,NA,NA,NA,NA,NA,NA,S,NA,S,S
1773.37058,ERS5317791,S,NA,NA,S,NA,NA,NA,NA,S,NA,R,S,NA,NA,NA,S,NA,NA,NA,NA,R,R
1773.3749,ERR046875,NA,NA,NA,NA,NA,NA,NA,NA,S,NA,S,NA,NA,NA,NA,NA,NA,NA,S,NA,S,S
1773.3751,ERR046877,NA,NA,NA,NA,S,NA,NA,NA,S,NA,S,NA,NA,NA,NA,NA,NA,NA,S,NA,S,R
1773.3753,ERR046879,NA,NA,NA,NA,NA,NA,NA,NA,S,NA,S,NA,NA,NA,NA,NA,NA,NA,S,NA,S,NA
1773.3809,ERR046948,NA,NA,NA,NA,NA,NA,NA,NA,S,NA,S,NA,NA,NA,NA,NA,NA,NA,S,NA,S,NA
1773.3811,ERR046950,NA,NA,NA,NA,NA,NA,NA,NA,S,NA,S,NA,NA,NA,NA,NA,NA,NA,S,NA,S,NA
1773.3812,ERR046951,NA,NA,NA,NA,NA,NA,NA,NA,S,NA,S,NA,NA,NA,NA,NA,NA,NA,S,NA,S,NA
1773.3817,ERR046958,NA,NA,NA,NA,NA,NA,NA,NA,S,NA,S,NA,NA,NA,NA,NA,NA,NA,S,NA,S,NA
1773.3851,ERR046996,NA,NA,NA,NA,NA,NA,NA,NA,S,NA,S,NA,NA,NA,NA,NA,NA,NA,S,NA,S,NA
1773.38624,ERS5320446,S,NA,NA,S,NA,NA,NA,NA,S,NA,S,S,NA,NA,NA,S,NA,NA,NA,NA,S,R
1773.3902,SRR2100107,NA,NA,NA,NA,NA,NA,NA,NA,S,NA,S,NA,NA,NA,NA,NA,NA,NA,S,NA,S,NA
1773.3906,SRR2100109,NA,NA,NA,NA,NA,NA,NA,NA,S,NA,S,NA,NA,NA,NA,NA,NA,NA,S,NA,S,NA
1773.39332,ERS6403104,R,NA,NA,R,NA,NA,NA,NA,R,NA,R,R,NA,NA,NA,S,NA,NA,NA,NA,R,R
1773.3983,ERS6403681,S,NA,NA,S,NA,NA,NA,NA,S,NA,S,S,NA,NA,NA,S,NA,NA,NA,NA,R,R
1773.40045,ERS6421603,S,NA,NA,S,NA,NA,NA,NA,S,NA,S,S,NA,NA,NA,S,NA,NA,NA,NA,S,R
1773.4013,ERS6421695,S,NA,NA,S,NA,NA,NA,NA,S,NA,S,S,NA,NA,NA,S,NA,NA,NA,NA,S,R
1773.40365,ERS6421998,S,NA,NA,S,NA,NA,NA,NA,S,NA,S,S,NA,NA,NA,S,NA,NA,NA,NA,S,R
1773.42125,ERS5282827,S,NA,S,S,NA,S,NA,S,S,S,S,S,R,S,S,S,S,NA,NA,S,S,R
1773.42968,ERS5301027,S,NA,NA,S,NA,NA,NA,NA,S,NA,R,S,NA,NA,NA,S,NA,NA,NA,NA,R,R
1773.42969,ERS5301019,S,NA,NA,S,NA,NA,NA,NA,R,NA,R,S,NA,NA,NA,S,NA,NA,NA,NA,R,R
1773.4535,SRR2100740,S,R,NA,S,NA,NA,NA,NA,R,NA,R,S,NA,NA,R,NA,NA,NA,S,NA,R,R
1773.4616,SRR2100826,S,S,NA,S,R,NA,NA,NA,R,NA,S,S,NA,NA,R,NA,NA,NA,S,NA,S,S
1773.4668,SRR2100881,NA,NA,NA,NA,S,NA,NA,NA,S,NA,R,NA,NA,NA,NA,NA,NA,NA,S,NA,S,NA
1773.4679,SRR2100892,NA,NA,NA,NA,S,NA,NA,NA,S,NA,R,NA,NA,NA,NA,NA,NA,NA,S,NA,S,NA
1773.5154,SRR2101484,S,S,NA,S,NA,NA,NA,NA,S,NA,S,S,NA,NA,S,NA,NA,NA,S,NA,S,S
1773.5467,ERR553212,NA,NA,NA,NA,NA,NA,NA,NA,S,NA,S,NA,NA,NA,NA,NA,NA,NA,S,NA,R,R
1773.5475,ERR552662,NA,NA,NA,NA,NA,NA,NA,NA,R,NA,R,NA,NA,NA,NA,NA,NA,NA,S,NA,R,R
1773.5479,ERR553009,NA,NA,NA,NA,NA,NA,NA,NA,S,NA,S,NA,NA,NA,NA,NA,NA,NA,S,NA,S,S
1773.5503,ERR551924,NA,NA,NA,NA,NA,NA,NA,NA,S,NA,S,NA,NA,NA,NA,NA,NA,NA,S,NA,S,R
1773.5535,ERR553000,NA,NA,NA,NA,NA,NA,NA,NA,R,NA,R,NA,NA,NA,NA,NA,NA,NA,S,NA,R,R
1773.19965,ERR212053,S,NA,NA,S,NA,NA,NA,NA,S,NA,S,S,NA,NA,NA,S,NA,NA,NA,NA,R,R
1773.20939,ERR3256116,S,NA,NA,S,NA,NA,NA,NA,S,NA,S,S,NA,NA,NA,S,NA,NA,NA,NA,S,R
1773.21053,ERR3256232,S,NA,NA,S,NA,NA,NA,NA,S,NA,S,S,NA,NA,NA,S,NA,NA,NA,NA,S,S
1773.21711,ERR3256257,S,NA,NA,S,NA,NA,NA,NA,S,NA,R,S,NA,NA,NA,S,NA,NA,NA,NA,S,S
1773.29377,ERR2041942,S,NA,NA,S,NA,NA,S,NA,R,NA,R,S,NA,NA,NA,S,NA,S,S,NA,R,R
1773.31101,ERS1987094,S,NA,NA,S,NA,NA,NA,NA,S,NA,S,S,NA,NA,NA,S,NA,NA,NA,NA,R,R
1773.31104,ERS1987096,S,NA,NA,S,NA,NA,NA,NA,S,NA,S,S,NA,NA,NA,S,NA,NA,NA,NA,S,R
1773.3132,ERS1987328,S,NA,NA,S,NA,NA,NA,NA,S,NA,R,S,NA,NA,NA,S,NA,NA,NA,NA,R,R
1773.31387,ERS1987399,S,NA,NA,S,NA,NA,NA,NA,S,NA,S,S,NA,NA,NA,S,NA,NA,NA,NA,S,R
1773.31687,ERS2394854,S,NA,NA,S,NA,NA,NA,NA,S,NA,R,S,NA,NA,NA,S,NA,NA,NA,NA,R,S
1773.32052,ERS3371832,S,NA,NA,S,NA,NA,NA,NA,S,NA,R,S,NA,NA,NA,S,NA,NA,NA,NA,R,R
1773.32887,ERS5282034,S,NA,NA,S,NA,NA,NA,NA,R,NA,R,S,NA,NA,NA,S,NA,NA,NA,NA,R,R
1773.3298,ERS5282151,S,NA,NA,S,NA,NA,NA,NA,S,NA,S,S,NA,NA,NA,S,NA,NA,NA,NA,S,R
1773.33215,ERS5282452,S,NA,NA,S,NA,NA,NA,NA,R,NA,R,S,NA,NA,NA,S,NA,NA,NA,NA,R,R
1773.33243,ERS5282482,R,NA,NA,R,NA,NA,NA,NA,S,NA,R,S,NA,NA,NA,S,NA,NA,NA,NA,S,S
1773.33335,ERS5282598,S,NA,NA,S,NA,NA,NA,NA,S,NA,S,S,NA,NA,NA,S,NA,NA,NA,NA,R,R
1773.33532,ERS5283050,S,NA,NA,S,NA,NA,NA,NA,R,NA,R,S,NA,NA,NA,S,NA,NA,NA,NA,R,R
1773.33595,ERS5297885,R,NA,NA,R,NA,NA,NA,NA,S,NA,R,R,NA,NA,NA,S,NA,NA,NA,NA,S,S
1773.33649,ERS5297973,R,NA,NA,S,NA,NA,NA,NA,S,NA,R,R,NA,NA,NA,S,NA,NA,NA,NA,R,S
1773.3365,ERS5297974,R,NA,NA,R,NA,NA,NA,NA,S,NA,R,R,NA,NA,NA,S,NA,NA,NA,NA,S,S
1773.33735,ERS5298065,R,NA,NA,S,NA,NA,NA,NA,S,NA,R,R,NA,NA,NA,R,NA,NA,NA,NA,S,S
1773.33794,ERS5298125,S,NA,NA,S,NA,NA,NA,NA,S,NA,S,S,NA,NA,NA,S,NA,NA,NA,NA,S,R
1773.33888,ERS5298225,S,NA,NA,S,NA,NA,NA,NA,S,NA,S,S,NA,NA,NA,S,NA,NA,NA,NA,S,R
1773.34628,ERS5301015,S,NA,NA,S,NA,NA,NA,NA,S,NA,R,S,NA,NA,NA,S,NA,NA,NA,NA,R,R
1773.34638,ERS5301024,S,NA,NA,S,NA,NA,NA,NA,R,NA,S,S,NA,NA,NA,S,NA,NA,NA,NA,R,R
1773.34693,ERS5301203,S,NA,NA,S,NA,NA,NA,NA,S,NA,S,S,NA,NA,NA,S,NA,NA,NA,NA,S,R
1773.34932,ERS5302045,S,NA,NA,S,NA,NA,NA,NA,S,NA,S,S,NA,NA,NA,S,NA,NA,NA,NA,R,R
1773.3503,ERS5302188,S,NA,NA,S,NA,NA,NA,NA,S,NA,S,S,NA,NA,NA,S,NA,NA,NA,NA,S,R
1773.3504,ERS5302200,S,NA,NA,S,NA,NA,NA,NA,S,NA,S,S,NA,NA,NA,S,NA,NA,NA,NA,S,R
1773.353,ERS5302524,S,NA,NA,S,NA,NA,NA,NA,S,NA,S,S,NA,NA,NA,S,NA,NA,NA,NA,S,R
1773.35342,ERS5302574,S,NA,NA,S,NA,NA,NA,NA,S,NA,S,S,NA,NA,NA,S,NA,NA,NA,NA,S,R
1773.35377,ERS5302612,S,NA,NA,S,NA,NA,NA,NA,S,NA,S,S,NA,NA,NA,S,NA,NA,NA,NA,S,R
1773.35505,ERS5302764,S,NA,NA,S,NA,NA,NA,NA,S,NA,S,S,NA,NA,NA,S,NA,NA,NA,NA,S,R
1773.35643,ERS5302945,S,NA,NA,S,NA,NA,NA,NA,S,NA,S,S,NA,NA,NA,S,NA,NA,NA,NA,S,R
1773.36357,ERS5304179,S,NA,NA,S,NA,NA,NA,NA,S,NA,S,S,NA,NA,NA,S,NA,NA,NA,NA,R,R
1773.36359,ERS5304178,S,NA,NA,S,NA,NA,NA,NA,S,NA,S,S,NA,NA,NA,S,NA,NA,NA,NA,R,R
1773.36557,ERS5312467,S,NA,NA,S,NA,NA,NA,NA,S,NA,R,S,NA,NA,NA,S,NA,NA,NA,NA,R,R
1773.36558,ERS5312466,S,NA,NA,S,NA,NA,NA,NA,S,NA,R,S,NA,NA,NA,S,NA,NA,NA,NA,R,R
1773.36564,ERS5312472,S,NA,NA,R,NA,NA,NA,NA,S,NA,R,S,NA,NA,NA,S,NA,NA,NA,NA,R,R
1773.36622,ERS5312532,S,NA,NA,S,NA,NA,NA,NA,S,NA,S,S,NA,NA,NA,S,NA,NA,NA,NA,R,R
1773.36738,ERS5312661,R,NA,NA,R,NA,NA,NA,NA,S,NA,R,R,NA,NA,NA,S,NA,NA,NA,NA,R,R
1773.36826,ERS5317273,S,NA,NA,S,NA,NA,NA,NA,S,NA,S,S,NA,NA,NA,S,NA,NA,NA,NA,R,R
1773.37066,ERS5317797,R,NA,NA,R,NA,NA,NA,NA,S,NA,R,R,NA,NA,NA,S,NA,NA,NA,NA,R,R
1773.37073,ERS5317808,S,NA,NA,S,NA,NA,NA,NA,S,NA,S,S,NA,NA,NA,S,NA,NA,NA,NA,R,R
1773.37093,ERS5317827,S,NA,NA,S,NA,NA,NA,NA,S,NA,S,S,NA,NA,NA,S,NA,NA,NA,NA,S,R
1773.376,ERS5318940,S,NA,NA,S,NA,NA,NA,NA,S,NA,S,S,NA,NA,NA,S,NA,NA,NA,NA,S,R
1773.37803,ERS5319239,S,NA,NA,S,NA,NA,NA,NA,S,NA,S,S,NA,NA,NA,S,NA,NA,NA,NA,R,R
1773.38192,ERS5319971,R,NA,NA,R,NA,NA,NA,NA,S,NA,R,R,NA,NA,NA,S,NA,NA,NA,NA,R,R
1773.38281,ERS5320071,S,NA,NA,S,NA,NA,NA,NA,R,NA,R,S,NA,NA,NA,S,NA,NA,NA,NA,R,R
1773.38294,ERS5320082,S,NA,NA,S,NA,NA,NA,NA,R,NA,R,S,NA,NA,NA,S,NA,NA,NA,NA,R,R
1773.38523,ERS5320347,S,NA,NA,S,NA,NA,NA,NA,S,NA,R,S,NA,NA,NA,S,NA,NA,NA,NA,S,R
1773.38722,ERS5320632,S,NA,NA,S,NA,NA,NA,NA,S,NA,R,S,NA,NA,NA,S,NA,NA,NA,NA,S,R
1773.38995,ERS6402699,S,NA,NA,S,NA,NA,NA,NA,S,NA,S,S,NA,NA,NA,S,NA,NA,NA,NA,S,S
1773.39017,ERS6402733,S,NA,NA,S,NA,NA,NA,NA,S,NA,S,S,NA,NA,NA,S,NA,NA,NA,NA,S,R
1773.39037,ERS6402760,S,NA,NA,S,NA,NA,NA,NA,S,NA,S,S,NA,NA,NA,S,NA,NA,NA,NA,S,R
1773.39269,ERS6403037,S,NA,NA,S,NA,NA,NA,NA,S,NA,R,S,NA,NA,NA,S,NA,NA,NA,NA,S,R
1773.39301,ERS6403074,S,NA,NA,S,NA,NA,NA,NA,S,NA,S,S,NA,NA,NA,S,NA,NA,NA,NA,S,R
1773.39399,ERS6403179,S,NA,NA,S,NA,NA,NA,NA,S,NA,R,S,NA,NA,NA,S,NA,NA,NA,NA,R,R
1773.39461,ERS6403255,S,NA,NA,S,NA,NA,NA,NA,S,NA,S,S,NA,NA,NA,S,NA,NA,NA,NA,S,R
1773.39473,ERS6403268,S,NA,NA,S,NA,NA,NA,NA,S,NA,R,S,NA,NA,NA,S,NA,NA,NA,NA,R,R
1773.39475,ERS6403272,S,NA,NA,S,NA,NA,NA,NA,S,NA,R,S,NA,NA,NA,S,NA,NA,NA,NA,R,S
1773.39482,ERS6403266,S,NA,NA,S,NA,NA,NA,NA,S,NA,R,S,NA,NA,NA,S,NA,NA,NA,NA,S,S
1773.39601,ERS6403421,S,NA,NA,S,NA,NA,NA,NA,R,NA,R,S,NA,NA,NA,S,NA,NA,NA,NA,R,R
1773.39697,ERS6403523,S,NA,NA,S,NA,NA,NA,NA,R,NA,R,S,NA,NA,NA,S,NA,NA,NA,NA,R,R
1773.39767,ERS6403595,R,NA,NA,R,NA,NA,NA,NA,S,NA,R,R,NA,NA,NA,S,NA,NA,NA,NA,S,R
1773.39777,ERS6403596,R,NA,NA,S,NA,NA,NA,NA,S,NA,R,R,NA,NA,NA,S,NA,NA,NA,NA,S,R
1773.39778,ERS6403597,R,NA,NA,R,NA,NA,NA,NA,S,NA,R,R,NA,NA,NA,S,NA,NA,NA,NA,R,R
1773.39786,ERS6403627,R,NA,NA,R,NA,NA,NA,NA,S,NA,R,R,NA,NA,NA,R,NA,NA,NA,NA,R,S
1773.398,ERS6403641,R,NA,NA,R,NA,NA,NA,NA,S,NA,R,R,NA,NA,NA,S,NA,NA,NA,NA,R,S
1773.3981,ERS6403651,R,NA,NA,R,NA,NA,NA,NA,S,NA,R,R,NA,NA,NA,S,NA,NA,NA,NA,S,S
1773.39812,ERS6403653,S,NA,NA,S,NA,NA,NA,NA,S,NA,R,S,NA,NA,NA,S,NA,NA,NA,NA,R,R
1773.39836,ERS6403690,S,NA,NA,S,NA,NA,NA,NA,S,NA,S,S,NA,NA,NA,S,NA,NA,NA,NA,S,R
1773.40019,ERS6421566,S,NA,NA,S,NA,NA,NA,NA,S,NA,S,S,NA,NA,NA,S,NA,NA,NA,NA,S,R
1773.40097,ERS6421655,S,NA,NA,S,NA,NA,NA,NA,S,NA,S,S,NA,NA,NA,S,NA,NA,NA,NA,S,S
1773.40172,ERS6421735,S,NA,NA,S,NA,NA,NA,NA,S,NA,S,S,NA,NA,NA,S,NA,NA,NA,NA,S,R
1773.4019,ERS6421753,S,NA,NA,S,NA,NA,NA,NA,S,NA,S,S,NA,NA,NA,S,NA,NA,NA,NA,S,R
1773.40233,ERS6421796,S,NA,NA,S,NA,NA,NA,NA,S,NA,S,S,NA,NA,NA,S,NA,NA,NA,NA,S,R
1773.4029,ERS6421890,S,NA,NA,S,NA,NA,NA,NA,S,NA,R,S,NA,NA,NA,S,NA,NA,NA,NA,R,R
1773.40391,ERS6422029,S,NA,NA,S,NA,NA,NA,NA,S,NA,R,S,NA,NA,NA,S,NA,NA,NA,NA,R,R
1773.40732,ERS5281290,S,NA,R,S,NA,S,NA,S,S,R,R,S,R,R,R,S,R,NA,NA,R,R,R
1773.4091,ERS5281469,S,NA,S,S,NA,R,NA,S,R,R,R,S,R,S,R,S,S,NA,NA,R,R,R
1773.40946,ERS5281505,S,NA,S,S,NA,S,NA,S,S,S,S,S,R,S,R,S,S,NA,NA,S,S,R
1773.41115,ERS5281674,S,NA,S,S,NA,S,NA,S,S,R,R,S,R,S,S,R,S,NA,NA,S,R,R
1773.41178,ERS5281771,S,NA,S,S,NA,S,NA,S,R,S,S,S,S,S,S,S,S,NA,NA,S,R,R
1773.41795,ERS5282477,S,NA,S,S,NA,S,NA,S,R,S,R,S,R,S,R,S,R,NA,NA,R,R,R
1773.42452,ERS5283185,S,NA,S,S,NA,S,NA,R,S,S,S,S,R,S,S,S,S,NA,NA,S,S,R
1773.42481,ERS5283207,S,NA,S,S,NA,S,NA,S,R,S,R,S,R,S,S,S,S,NA,NA,S,R,R
1773.42674,ERR7361943,S,NA,NA,S,NA,NA,NA,NA,S,NA,S,S,NA,NA,NA,S,NA,NA,NA,NA,S,R
1773.43055,ERS5312640,S,NA,NA,S,NA,NA,NA,NA,S,NA,S,S,NA,NA,NA,S,NA,NA,NA,NA,S,R
1773.43081,ERS5319110,S,NA,NA,S,NA,NA,NA,NA,S,NA,R,S,NA,NA,NA,S,NA,NA,NA,NA,R,R
1773.43172,ERS5302383,S,NA,NA,S,NA,NA,NA,NA,S,NA,S,S,NA,NA,NA,S,NA,NA,NA,NA,R,R
1773.43495,ERS5317532,S,NA,NA,S,NA,NA,NA,NA,S,NA,S,S,NA,NA,NA,S,NA,NA,NA,NA,R,R
1733.1811,ERR2199911,S,NA,NA,S,NA,NA,NA,NA,S,NA,S,S,NA,NA,NA,S,NA,NA,NA,NA,R,R
1773.1983,ERR182048,S,NA,NA,S,NA,NA,NA,NA,S,NA,S,S,NA,NA,NA,S,NA,NA,NA,NA,S,R
1773.21726,ERR3256267,S,NA,NA,S,NA,NA,NA,NA,S,NA,S,S,NA,NA,NA,S,NA,NA,NA,NA,S,S
1773.23329,ERR1654703,S,NA,NA,S,NA,NA,NA,NA,S,NA,R,S,NA,NA,NA,S,NA,NA,NA,NA,R,R
1773.23332,ERR1654702,S,NA,NA,S,NA,NA,NA,NA,S,NA,R,S,NA,NA,NA,S,NA,NA,NA,NA,R,R
1773.23426,ERR2120286,S,NA,S,R,NA,NA,S,S,S,S,R,S,NA,S,S,S,S,NA,R,NA,R,S
1773.33166,ERS5282392,S,NA,NA,S,NA,NA,NA,NA,S,NA,S,S,NA,NA,NA,S,NA,NA,NA,NA,S,S
1773.33349,ERS5282611,S,NA,NA,S,NA,NA,NA,NA,S,NA,R,S,NA,NA,NA,S,NA,NA,NA,NA,R,R
1773.33555,ERS5283355,S,NA,NA,S,NA,NA,NA,NA,S,NA,R,S,NA,NA,NA,S,NA,NA,NA,NA,S,R
1773.33679,ERS5298007,R,NA,NA,R,NA,NA,NA,NA,S,NA,R,R,NA,NA,NA,S,NA,NA,NA,NA,R,R
1773.33697,ERS5298023,S,NA,NA,S,NA,NA,NA,NA,S,NA,S,S,NA,NA,NA,S,NA,NA,NA,NA,S,R
1773.33795,ERS5298128,S,NA,NA,S,NA,NA,NA,NA,S,NA,S,S,NA,NA,NA,S,NA,NA,NA,NA,S,R
1773.36536,ERS5312444,S,NA,NA,S,NA,NA,NA,NA,S,NA,R,S,NA,NA,NA,R,NA,NA,NA,NA,S,R
1773.36579,ERS5312485,S,NA,NA,S,NA,NA,NA,NA,S,NA,S,S,NA,NA,NA,S,NA,NA,NA,NA,R,R
1773.3674,ERS5312663,S,NA,NA,S,NA,NA,NA,NA,S,NA,R,S,NA,NA,NA,S,NA,NA,NA,NA,R,R
1773.38336,ERS5320129,S,NA,NA,R,NA,NA,NA,NA,S,NA,S,S,NA,NA,NA,S,NA,NA,NA,NA,R,R
1773.38386,ERS5320185,S,NA,NA,S,NA,NA,NA,NA,S,NA,S,S,NA,NA,NA,S,NA,NA,NA,NA,R,R
1773.38446,ERS5320258,S,NA,NA,S,NA,NA,NA,NA,S,NA,S,S,NA,NA,NA,S,NA,NA,NA,NA,S,S
1773.38465,ERS5320268,S,NA,NA,S,NA,NA,NA,NA,S,NA,S,S,NA,NA,NA,S,NA,NA,NA,NA,S,R
1773.38713,ERS5320614,R,NA,NA,R,NA,NA,NA,NA,S,NA,R,R,NA,NA,NA,S,NA,NA,NA,NA,R,R
1773.38917,ERS5320890,S,NA,NA,S,NA,NA,NA,NA,S,NA,R,S,NA,NA,NA,S,NA,NA,NA,NA,R,R
1773.39459,ERS6403239,S,NA,NA,S,NA,NA,NA,NA,R,NA,R,S,NA,NA,NA,S,NA,NA,NA,NA,R,R
1773.39493,ERS6403286,R,NA,NA,R,NA,NA,NA,NA,R,NA,R,R,NA,NA,NA,S,NA,NA,NA,NA,R,R
1773.40157,ERS6421719,S,NA,NA,S,NA,NA,NA,NA,S,NA,S,S,NA,NA,NA,S,NA,NA,NA,NA,S,R
1773.41614,ERS5282278,S,NA,S,S,NA,S,NA,S,R,S,S,S,R,S,S,S,S,NA,NA,S,S,R
1773.41788,ERS5282468,S,NA,S,S,NA,S,NA,S,S,S,S,S,S,S,S,S,S,NA,NA,S,S,R
1773.4244,ERS5283170,S,NA,S,S,NA,S,NA,S,S,S,R,S,S,S,S,S,S,NA,NA,S,R,R
1773.42585,ERS5283314,S,NA,S,S,NA,S,NA,S,S,R,R,S,S,S,S,S,S,NA,NA,S,S,R
1773.43503,ERS5317556,S,NA,NA,S,NA,NA,NA,NA,S,NA,S,S,NA,NA,NA,S,NA,NA,NA,NA,S,R
1773.18215,ERR1873454,R,NA,NA,R,NA,NA,R,NA,R,R,R,R,NA,NA,R,S,S,NA,R,NA,R,R
1773.183,ERR1035282,S,NA,NA,S,NA,NA,NA,NA,S,NA,R,S,NA,NA,NA,S,NA,NA,NA,NA,R,R
1773.18386,ERR1034586,R,NA,NA,R,R,NA,NA,NA,R,S,R,R,NA,NA,NA,R,NA,NA,R,NA,R,S
1773.18548,ERR1034897,S,NA,NA,S,NA,NA,S,NA,S,S,R,S,NA,NA,NA,S,S,NA,NA,NA,R,R
1773.19781,ERR181994,S,NA,NA,S,NA,NA,NA,NA,S,NA,S,S,NA,NA,NA,S,NA,NA,NA,NA,S,R
1773.20458,ERR1035025,R,NA,NA,R,NA,NA,NA,NA,S,S,R,R,NA,NA,NA,S,NA,NA,NA,NA,R,S
1773.2947,ERR551591,S,NA,NA,S,NA,NA,S,NA,S,NA,R,S,NA,NA,NA,S,S,R,R,NA,R,R
1773.18446,ERR1035226,S,NA,NA,S,NA,NA,NA,NA,S,NA,R,S,NA,NA,NA,S,NA,NA,R,NA,R,R
1773.20043,ERR212139,S,NA,NA,S,NA,NA,NA,NA,S,NA,S,S,NA,NA,NA,S,NA,NA,NA,NA,R,S
1773.23403,ERR2120262,S,NA,NA,S,NA,NA,NA,NA,R,NA,R,S,NA,NA,NA,S,NA,NA,R,NA,R,S
1773.36959,ERS5317679,S,NA,NA,S,NA,NA,NA,NA,S,NA,R,S,NA,NA,NA,S,NA,NA,NA,NA,S,R
1773.37763,ERS5319194,S,NA,NA,S,NA,NA,NA,NA,S,NA,S,S,NA,NA,NA,S,NA,NA,NA,NA,R,R
1773.37823,ERS5319441,S,NA,NA,S,NA,NA,NA,NA,S,NA,S,S,NA,NA,NA,S,NA,NA,NA,NA,S,S
1773.37889,ERS5319518,S,NA,NA,S,NA,NA,NA,NA,S,NA,S,S,NA,NA,NA,S,NA,NA,NA,NA,S,S
1773.38251,ERS5320035,S,NA,NA,S,NA,NA,NA,NA,R,NA,R,S,NA,NA,NA,R,NA,NA,NA,NA,R,R
1773.38853,ERS5320811,S,NA,NA,S,NA,NA,NA,NA,S,NA,S,S,NA,NA,NA,S,NA,NA,NA,NA,S,S
1773.39156,ERS6402907,S,NA,NA,S,NA,NA,NA,NA,S,NA,S,S,NA,NA,NA,S,NA,NA,NA,NA,S,S
1773.40913,ERS5281471,S,NA,S,S,NA,S,NA,S,S,S,S,S,S,S,S,S,S,NA,NA,S,R,R
1773.43282,ERS1987373,S,NA,NA,S,NA,NA,NA,NA,S,NA,S,S,NA,NA,NA,S,NA,NA,NA,NA,S,R
1773.43524,ERS5317435,S,NA,NA,S,NA,NA,NA,NA,R,NA,R,S,NA,NA,NA,S,NA,NA,NA,NA,R,R
1773.43613,ERS6403275,S,NA,NA,S,NA,NA,NA,NA,S,NA,R,S,NA,NA,NA,S,NA,NA,NA,NA,R,R
1773.36578,ERS5312486,S,NA,NA,R,NA,NA,NA,NA,S,NA,S,S,NA,NA,NA,S,NA,NA,NA,NA,R,R
1773.36854,ERS5317499,S,NA,NA,S,NA,NA,NA,NA,S,NA,S,S,NA,NA,NA,S,NA,NA,NA,NA,S,S
1773.14,ERS094087,S,NA,NA,S,NA,NA,NA,NA,R,NA,R,NA,NA,NA,R,S,NA,S,S,NA,R,R
1773.1588,ERS096374,NA,NA,NA,NA,NA,NA,NA,NA,S,NA,R,NA,NA,NA,NA,NA,NA,NA,S,NA,S,R
1773.18579,ERR1036293,R,NA,NA,R,NA,NA,S,NA,S,R,R,R,NA,NA,NA,S,S,NA,NA,NA,R,R
1773.21693,ERR3256109,S,NA,NA,S,NA,NA,NA,NA,S,NA,S,S,NA,NA,NA,S,NA,NA,NA,NA,S,S
1773.23419,ERR2120273,S,NA,NA,S,NA,NA,NA,NA,S,NA,S,S,NA,NA,NA,S,NA,NA,S,NA,S,R
1773.2531,ERR550878,NA,NA,NA,NA,NA,NA,NA,NA,S,NA,S,NA,NA,NA,NA,NA,NA,NA,S,NA,S,R
1773.2569,ERR552571,S,S,NA,S,NA,NA,NA,NA,R,NA,R,NA,NA,NA,NA,NA,NA,NA,S,NA,R,R
1773.2579,ERR552338,NA,NA,NA,NA,NA,NA,NA,NA,S,NA,S,NA,NA,NA,NA,NA,NA,NA,S,NA,S,S
1773.2624,ERR552773,NA,NA,NA,NA,NA,NA,NA,NA,S,NA,S,NA,NA,NA,NA,NA,NA,NA,S,NA,S,S
1773.2644,ERR553043,NA,NA,NA,NA,NA,NA,NA,NA,S,NA,S,NA,NA,NA,NA,NA,NA,NA,S,NA,S,S
1773.31075,ERS1987059,S,NA,NA,S,NA,NA,NA,NA,S,NA,S,S,NA,NA,NA,S,NA,NA,NA,NA,R,R
1773.3164,ERR552367,NA,NA,NA,NA,NA,NA,NA,NA,S,NA,S,NA,NA,NA,NA,NA,NA,NA,S,NA,S,S
1773.32049,ERS3371827,S,NA,NA,S,NA,NA,NA,NA,S,NA,R,S,NA,NA,NA,S,NA,NA,NA,NA,R,R
1773.32068,ERS3371853,S,NA,NA,S,NA,NA,NA,NA,S,NA,R,S,NA,NA,NA,S,NA,NA,NA,NA,R,R
1773.32099,ERS3371883,S,NA,NA,S,NA,NA,NA,NA,S,NA,R,S,NA,NA,NA,S,NA,NA,NA,NA,R,R
1773.32111,ERS3371894,S,NA,NA,S,NA,NA,NA,NA,S,NA,R,S,NA,NA,NA,S,NA,NA,NA,NA,S,R
1773.3281,ERR551834,NA,NA,NA,NA,NA,NA,NA,NA,S,NA,S,NA,NA,NA,NA,NA,NA,NA,S,NA,S,S
1773.33548,ERS5283145,S,NA,NA,S,NA,NA,NA,NA,S,NA,S,S,NA,NA,NA,S,NA,NA,NA,NA,S,S
1773.3384,ERS5298174,S,NA,NA,S,NA,NA,NA,NA,S,NA,S,S,NA,NA,NA,S,NA,NA,NA,NA,S,R
1773.3405,ERR551058,NA,NA,NA,NA,NA,NA,NA,NA,S,NA,S,NA,NA,NA,NA,NA,NA,NA,S,NA,S,S
1773.34221,ERS5298745,S,NA,NA,S,NA,NA,NA,NA,S,NA,S,S,NA,NA,NA,S,NA,NA,NA,NA,R,R
1773.3495,ERS5302070,S,NA,NA,S,NA,NA,NA,NA,S,NA,R,S,NA,NA,NA,S,NA,NA,NA,NA,R,R
1773.3542,ERS5302666,S,NA,NA,S,NA,NA,NA,NA,S,NA,S,S,NA,NA,NA,S,NA,NA,NA,NA,S,R
1773.3559,ERR038282,NA,NA,NA,NA,NA,NA,NA,NA,S,NA,S,NA,NA,NA,NA,NA,NA,NA,S,NA,S,NA
1773.3593,ERR039340,NA,NA,NA,NA,NA,NA,NA,NA,S,NA,S,NA,NA,NA,NA,NA,NA,NA,S,NA,S,NA
1773.36074,ERS5303595,S,NA,NA,S,NA,NA,NA,NA,S,NA,R,S,NA,NA,NA,S,NA,NA,NA,NA,R,R
1773.36528,ERS5312437,R,NA,NA,R,NA,NA,NA,NA,S,NA,R,R,NA,NA,NA,S,NA,NA,NA,NA,R,R
1773.36697,ERS5312607,S,NA,NA,S,NA,NA,NA,NA,S,NA,S,S,NA,NA,NA,S,NA,NA,NA,NA,R,R
1773.37589,ERS5318917,S,NA,NA,S,NA,NA,NA,NA,S,NA,S,S,NA,NA,NA,S,NA,NA,NA,NA,S,R
1773.3772,ERR046905,NA,NA,NA,NA,NA,NA,NA,NA,S,NA,S,NA,NA,NA,NA,NA,NA,NA,S,NA,S,NA
1773.37903,ERS5319535,S,NA,NA,S,NA,NA,NA,NA,S,NA,S,S,NA,NA,NA,S,NA,NA,NA,NA,S,S
1773.3799,ERR046937,NA,NA,NA,NA,S,NA,NA,NA,S,NA,NA,NA,NA,NA,NA,NA,NA,NA,NA,NA,NA,NA
1773.381,ERR046949,NA,NA,NA,NA,NA,NA,NA,NA,S,NA,S,NA,NA,NA,NA,NA,NA,NA,S,NA,S,NA
1773.3834,SRR2100097,NA,NA,NA,NA,S,NA,NA,NA,S,NA,R,NA,NA,NA,NA,NA,NA,NA,R,NA,S,NA
1773.3838,ERR046981,NA,NA,NA,NA,NA,NA,NA,NA,S,NA,R,NA,NA,NA,NA,NA,NA,NA,S,NA,S,NA
1773.3841,ERS5320213,S,NA,NA,S,NA,NA,NA,NA,S,NA,S,S,NA,NA,NA,S,NA,NA,NA,NA,R,R
1773.3859,ERR047005,NA,NA,NA,NA,NA,NA,NA,NA,S,NA,S,NA,NA,NA,NA,NA,NA,NA,S,NA,S,NA
1773.38617,ERS5320441,S,NA,NA,S,NA,NA,NA,NA,S,NA,S,S,NA,NA,NA,S,NA,NA,NA,NA,R,R
1773.39199,ERS6402952,S,NA,NA,S,NA,NA,NA,NA,S,NA,S,S,NA,NA,NA,S,NA,NA,NA,NA,S,R
1773.39794,ERS6403636,S,NA,NA,S,NA,NA,NA,NA,S,NA,S,S,NA,NA,NA,S,NA,NA,NA,NA,S,R
1773.40113,ERS6421673,S,NA,NA,S,NA,NA,NA,NA,S,NA,S,S,NA,NA,NA,S,NA,NA,NA,NA,S,R
1773.40135,ERS6421690,S,NA,NA,S,NA,NA,NA,NA,S,NA,S,S,NA,NA,NA,S,NA,NA,NA,NA,S,R
1773.40189,ERS6421751,S,NA,NA,S,NA,NA,NA,NA,S,NA,S,S,NA,NA,NA,S,NA,NA,NA,NA,S,R
1773.40213,ERS6421775,S,NA,NA,S,NA,NA,NA,NA,S,NA,S,S,NA,NA,NA,S,NA,NA,NA,NA,S,R
1773.40214,ERS6421776,S,NA,NA,S,NA,NA,NA,NA,S,NA,S,S,NA,NA,NA,S,NA,NA,NA,NA,S,R
1773.40389,ERS6422026,R,NA,NA,R,NA,NA,NA,NA,R,NA,R,R,NA,NA,NA,S,NA,NA,NA,NA,R,R
1773.42312,ERS5283025,S,NA,S,S,NA,S,NA,S,S,S,R,S,S,S,S,R,S,NA,NA,S,S,R
1773.42449,ERS5283176,S,NA,S,S,NA,S,NA,S,S,R,S,S,R,S,S,S,S,NA,NA,S,R,R
1773.4272,ERR7361991,S,NA,NA,S,NA,NA,NA,NA,S,NA,R,S,NA,NA,NA,S,NA,NA,NA,NA,R,R
1773.42754,ERR7362026,R,NA,NA,R,NA,NA,NA,NA,S,NA,R,R,NA,NA,NA,S,NA,NA,NA,NA,R,R
1773.43605,ERS6403590,S,NA,NA,S,NA,NA,NA,NA,S,NA,S,S,NA,NA,NA,S,NA,NA,NA,NA,S,R
1773.4676,SRR2100889,R,S,NA,R,S,NA,NA,NA,R,NA,R,R,NA,NA,S,NA,NA,NA,S,NA,R,NA
1773.4997,SRR2101307,S,S,NA,S,NA,NA,NA,NA,S,NA,R,S,NA,NA,S,NA,NA,NA,R,NA,R,R
1773.5029,SRR2101356,S,S,NA,S,NA,NA,NA,NA,S,NA,S,S,NA,NA,S,NA,NA,NA,S,NA,S,S
1773.5072,SRR2101399,S,S,NA,S,NA,NA,NA,NA,S,NA,S,S,NA,NA,S,NA,NA,NA,S,NA,S,S
1773.5431,SRR2101787,S,S,NA,S,NA,NA,NA,NA,S,NA,S,S,NA,NA,S,NA,NA,NA,S,NA,S,S
1773.5472,ERR552707,NA,NA,NA,NA,NA,NA,NA,NA,R,NA,R,NA,NA,NA,NA,NA,NA,NA,S,NA,S,R
1773.5473,ERR553226,NA,NA,NA,NA,NA,NA,NA,NA,S,NA,S,NA,NA,NA,NA,NA,NA,NA,R,NA,R,R
1773.549,ERR553371,NA,NA,NA,NA,NA,NA,NA,NA,S,NA,S,NA,NA,NA,NA,NA,NA,NA,S,NA,S,S
1773.5494,ERR551197,NA,NA,NA,NA,NA,NA,NA,NA,S,NA,S,NA,NA,NA,NA,NA,NA,NA,S,NA,S,S
1773.5514,ERR553386,NA,NA,NA,NA,NA,NA,NA,NA,S,NA,S,NA,NA,NA,NA,NA,NA,NA,S,NA,S,R
1773.5526,ERR550712,NA,NA,NA,NA,NA,NA,NA,NA,S,NA,S,NA,NA,NA,NA,NA,NA,NA,S,NA,S,S
1773.5632,ERR400491,NA,NA,NA,NA,NA,NA,NA,NA,S,NA,S,NA,NA,NA,NA,NA,NA,NA,S,NA,S,S
1773.5875,ERR046901,NA,NA,NA,NA,NA,NA,NA,NA,S,NA,S,NA,NA,NA,NA,NA,NA,NA,S,NA,S,NA
1773.18399,ERR1034605,R,NA,NA,S,R,NA,NA,NA,S,S,R,R,NA,NA,NA,R,NA,NA,R,NA,R,R
1773.18503,ERR1034857,S,NA,NA,S,NA,NA,S,NA,R,R,R,S,NA,NA,NA,S,S,NA,R,NA,R,R
1773.18521,ERR1034861,R,NA,NA,R,NA,NA,R,NA,R,S,R,R,NA,NA,NA,S,S,NA,R,NA,R,R
1773.20484,ERR1035049,S,NA,NA,S,NA,NA,NA,NA,S,S,S,S,NA,NA,NA,S,NA,NA,NA,NA,R,R
1773.311,ERS1987090,S,NA,NA,S,NA,NA,NA,NA,S,NA,S,S,NA,NA,NA,S,NA,NA,NA,NA,S,R
1773.31291,ERS1987296,S,NA,NA,S,NA,NA,NA,NA,S,NA,S,S,NA,NA,NA,S,NA,NA,NA,NA,S,R
1773.31367,ERS1987378,S,NA,NA,S,NA,NA,NA,NA,S,NA,S,S,NA,NA,NA,S,NA,NA,NA,NA,R,R
1773.3157,ERS2394689,S,NA,NA,S,NA,NA,NA,NA,S,NA,R,S,NA,NA,NA,S,NA,NA,NA,NA,R,R
1773.31586,ERS2394712,S,NA,NA,S,NA,NA,NA,NA,S,NA,R,S,NA,NA,NA,S,NA,NA,NA,NA,S,R
1773.31699,ERS2394883,S,NA,NA,S,NA,NA,NA,NA,S,NA,R,S,NA,NA,NA,S,NA,NA,NA,NA,R,R
1773.31888,ERS3371651,S,NA,NA,S,NA,NA,NA,NA,R,NA,R,S,NA,NA,NA,S,NA,NA,NA,NA,S,R
1773.32041,ERS3371824,S,NA,NA,S,NA,NA,NA,NA,S,NA,R,S,NA,NA,NA,S,NA,NA,NA,NA,S,R
1773.32042,ERS3371822,S,NA,NA,S,NA,NA,NA,NA,S,NA,R,S,NA,NA,NA,S,NA,NA,NA,NA,R,R
1773.32106,ERS3371890,S,NA,NA,S,NA,NA,NA,NA,S,NA,S,S,NA,NA,NA,S,NA,NA,NA,NA,S,R
1773.32343,ERS5281254,S,NA,NA,S,NA,NA,NA,NA,S,NA,S,S,NA,NA,NA,S,NA,NA,NA,NA,S,S
1773.32399,ERS5281340,S,NA,NA,S,NA,NA,NA,NA,S,NA,R,S,NA,NA,NA,S,NA,NA,NA,NA,R,R
1773.3248,ERS5281487,S,NA,NA,S,NA,NA,NA,NA,S,NA,S,S,NA,NA,NA,S,NA,NA,NA,NA,R,R
1773.32653,ERS5281686,S,NA,NA,S,NA,NA,NA,NA,S,NA,S,S,NA,NA,NA,S,NA,NA,NA,NA,R,R
1773.32714,ERS5281803,S,NA,NA,S,NA,NA,NA,NA,R,NA,R,S,NA,NA,NA,S,NA,NA,NA,NA,R,R
1773.32716,ERS5281808,S,NA,NA,S,NA,NA,NA,NA,S,NA,R,S,NA,NA,NA,S,NA,NA,NA,NA,R,R
1773.32954,ERS5282120,S,NA,NA,S,NA,NA,NA,NA,S,NA,S,S,NA,NA,NA,S,NA,NA,NA,NA,S,S
1773.33162,ERS5282382,S,NA,NA,S,NA,NA,NA,NA,S,NA,R,S,NA,NA,NA,S,NA,NA,NA,NA,R,R
1773.33603,ERS5297900,R,NA,NA,R,NA,NA,NA,NA,S,NA,R,R,NA,NA,NA,S,NA,NA,NA,NA,S,S
1773.33667,ERS5297995,S,NA,NA,S,NA,NA,NA,NA,S,NA,R,S,NA,NA,NA,S,NA,NA,NA,NA,R,R
1773.33709,ERS5298034,S,NA,NA,S,NA,NA,NA,NA,S,NA,S,S,NA,NA,NA,S,NA,NA,NA,NA,S,S
1773.33714,ERS5298045,S,NA,NA,S,NA,NA,NA,NA,S,NA,S,S,NA,NA,NA,S,NA,NA,NA,NA,S,R
1773.33736,ERS5298064,S,NA,NA,S,NA,NA,NA,NA,S,NA,R,S,NA,NA,NA,S,NA,NA,NA,NA,R,R
1773.33769,ERS5298098,S,NA,NA,S,NA,NA,NA,NA,S,NA,R,S,NA,NA,NA,S,NA,NA,NA,NA,S,R
1773.33786,ERS5298113,S,NA,NA,S,NA,NA,NA,NA,S,NA,R,S,NA,NA,NA,S,NA,NA,NA,NA,S,R
1773.34188,ERS5298701,S,NA,NA,S,NA,NA,NA,NA,S,NA,S,S,NA,NA,NA,S,NA,NA,NA,NA,R,S
1773.34225,ERS5298750,S,NA,NA,S,NA,NA,NA,NA,S,NA,S,S,NA,NA,NA,S,NA,NA,NA,NA,R,R
1773.34254,ERS5298792,S,NA,NA,S,NA,NA,NA,NA,S,NA,S,S,NA,NA,NA,S,NA,NA,NA,NA,R,R
1773.34286,ERS5298827,S,NA,NA,S,NA,NA,NA,NA,S,NA,S,S,NA,NA,NA,S,NA,NA,NA,NA,R,R
1773.34544,ERS5300818,S,NA,NA,S,NA,NA,NA,NA,S,NA,S,S,NA,NA,NA,S,NA,NA,NA,NA,S,R
1773.34566,ERS5300847,S,NA,NA,S,NA,NA,NA,NA,S,NA,S,S,NA,NA,NA,S,NA,NA,NA,NA,S,R
1773.34599,ERS5300901,S,NA,NA,S,NA,NA,NA,NA,S,NA,S,S,NA,NA,NA,S,NA,NA,NA,NA,R,R
1773.34966,ERS5302096,S,NA,NA,S,NA,NA,NA,NA,S,NA,S,S,NA,NA,NA,S,NA,NA,NA,NA,S,R
1773.35142,ERS5302329,S,NA,NA,S,NA,NA,NA,NA,S,NA,S,S,NA,NA,NA,S,NA,NA,NA,NA,S,R
1773.35186,ERS5302378,S,NA,NA,S,NA,NA,NA,NA,S,NA,S,S,NA,NA,NA,S,NA,NA,NA,NA,S,R
1773.35343,ERS5302576,S,NA,NA,S,NA,NA,NA,NA,S,NA,S,S,NA,NA,NA,S,NA,NA,NA,NA,R,R
1773.3547,ERS5302726,S,NA,NA,S,NA,NA,NA,NA,S,NA,S,S,NA,NA,NA,S,NA,NA,NA,NA,S,R
1773.36595,ERS5312504,S,NA,NA,S,NA,NA,NA,NA,R,NA,R,S,NA,NA,NA,S,NA,NA,NA,NA,R,R
1773.3669,ERS5312602,S,NA,NA,S,NA,NA,NA,NA,S,NA,S,S,NA,NA,NA,S,NA,NA,NA,NA,S,R
1773.36723,ERS5312639,S,NA,NA,S,NA,NA,NA,NA,S,NA,S,S,NA,NA,NA,S,NA,NA,NA,NA,S,R
1773.37069,ERS5317802,S,NA,NA,S,NA,NA,NA,NA,S,NA,S,S,NA,NA,NA,S,NA,NA,NA,NA,R,R
1773.37708,ERS5319124,S,NA,NA,S,NA,NA,NA,NA,S,NA,S,S,NA,NA,NA,S,NA,NA,NA,NA,R,R
1773.3828,ERS5320072,S,NA,NA,S,NA,NA,NA,NA,R,NA,R,S,NA,NA,NA,S,NA,NA,NA,NA,R,R
1773.38283,ERS5320069,S,NA,NA,S,NA,NA,NA,NA,R,NA,R,S,NA,NA,NA,S,NA,NA,NA,NA,R,R
1773.38319,ERS5320101,S,NA,NA,S,NA,NA,NA,NA,S,NA,R,S,NA,NA,NA,S,NA,NA,NA,NA,R,R
1773.3832,ERS5320106,S,NA,NA,S,NA,NA,NA,NA,S,NA,S,S,NA,NA,NA,S,NA,NA,NA,NA,S,R
1773.38381,ERS5320180,S,NA,NA,S,NA,NA,NA,NA,R,NA,R,S,NA,NA,NA,S,NA,NA,NA,NA,R,R
1773.38398,ERS5320204,S,NA,NA,S,NA,NA,NA,NA,S,NA,S,S,NA,NA,NA,S,NA,NA,NA,NA,S,R
1773.38451,ERS5320200,S,NA,NA,S,NA,NA,NA,NA,S,NA,S,S,NA,NA,NA,S,NA,NA,NA,NA,S,R
1773.38547,ERS5320370,R,NA,NA,R,NA,NA,NA,NA,S,NA,R,R,NA,NA,NA,S,NA,NA,NA,NA,R,R
1773.38661,ERS5320484,S,NA,NA,S,NA,NA,NA,NA,S,NA,S,S,NA,NA,NA,S,NA,NA,NA,NA,S,R
1773.39004,ERS6402718,R,NA,NA,R,NA,NA,NA,NA,S,NA,R,R,NA,NA,NA,S,NA,NA,NA,NA,R,S
1773.39011,ERS6402724,R,NA,NA,R,NA,NA,NA,NA,S,NA,R,R,NA,NA,NA,S,NA,NA,NA,NA,R,S
1773.39246,ERS6403008,S,NA,NA,S,NA,NA,NA,NA,S,NA,R,S,NA,NA,NA,S,NA,NA,NA,NA,S,S
1773.39307,ERS6403076,S,NA,NA,S,NA,NA,NA,NA,S,NA,S,S,NA,NA,NA,S,NA,NA,NA,NA,S,R
1773.39607,ERS6403427,S,NA,NA,S,NA,NA,NA,NA,S,NA,S,S,NA,NA,NA,S,NA,NA,NA,NA,S,R
1773.39696,ERS6403525,S,NA,NA,S,NA,NA,NA,NA,S,NA,S,S,NA,NA,NA,S,NA,NA,NA,NA,S,R
1773.39769,ERS6403616,R,NA,NA,R,NA,NA,NA,NA,S,NA,R,R,NA,NA,NA,S,NA,NA,NA,NA,S,S
1773.39793,ERS6403631,R,NA,NA,R,NA,NA,NA,NA,S,NA,R,R,NA,NA,NA,S,NA,NA,NA,NA,R,S
1773.39804,ERS6403649,S,NA,NA,S,NA,NA,NA,NA,S,NA,S,S,NA,NA,NA,S,NA,NA,NA,NA,S,R
1773.39806,ERS6403661,R,NA,NA,R,NA,NA,NA,NA,S,NA,R,R,NA,NA,NA,S,NA,NA,NA,NA,S,S
1773.40112,ERS6421667,S,NA,NA,S,NA,NA,NA,NA,S,NA,S,S,NA,NA,NA,S,NA,NA,NA,NA,S,R
1773.40116,ERS6421669,S,NA,NA,S,NA,NA,NA,NA,S,NA,S,S,NA,NA,NA,S,NA,NA,NA,NA,S,R
1773.40265,ERS6421860,S,NA,NA,S,NA,NA,NA,NA,S,NA,S,S,NA,NA,NA,S,NA,NA,NA,NA,R,R
1773.40297,ERS6421906,S,NA,NA,S,NA,NA,NA,NA,R,NA,R,S,NA,NA,NA,S,NA,NA,NA,NA,R,R
1773.41143,ERS5281704,S,NA,S,S,NA,R,NA,R,R,S,S,S,R,S,S,S,S,NA,NA,S,S,R
1773.42469,ERS5283194,S,NA,S,S,NA,S,NA,S,S,S,S,S,S,S,S,S,S,NA,NA,S,S,R
1773.42524,ERS5283250,S,NA,S,S,NA,S,NA,S,S,S,R,S,R,S,S,S,S,NA,NA,S,S,R
1773.42641,ERR6929534,S,NA,NA,S,NA,NA,NA,NA,S,NA,S,S,NA,NA,NA,S,NA,NA,NA,NA,R,S
1773.42718,ERR7361992,S,NA,NA,S,NA,NA,NA,NA,R,NA,R,S,NA,NA,NA,R,NA,NA,NA,NA,R,R
1773.43123,ERS5301856,S,NA,NA,S,NA,NA,NA,NA,S,NA,S,S,NA,NA,NA,S,NA,NA,NA,NA,R,R
1773.43188,ERS5303240,S,NA,NA,S,NA,NA,NA,NA,S,NA,R,S,NA,NA,NA,S,NA,NA,NA,NA,S,R
1773.43194,ERS5302079,S,NA,NA,S,NA,NA,NA,NA,S,NA,S,S,NA,NA,NA,S,NA,NA,NA,NA,R,R
1773.43435,ERS5317337,S,NA,NA,S,NA,NA,NA,NA,S,NA,S,S,NA,NA,NA,S,NA,NA,NA,NA,R,R
1773.43496,ERS5317541,S,NA,NA,S,NA,NA,NA,NA,S,NA,S,S,NA,NA,NA,S,NA,NA,NA,NA,S,R
1773.43583,ERS5317455,S,NA,NA,S,NA,NA,NA,NA,S,NA,S,S,NA,NA,NA,S,NA,NA,NA,NA,R,S
1773.43623,ERS6403643,S,NA,NA,S,NA,NA,NA,NA,S,NA,S,S,NA,NA,NA,S,NA,NA,NA,NA,S,R
1773.18313,ERR1035309,S,NA,NA,S,NA,NA,NA,NA,S,NA,R,S,NA,NA,NA,R,NA,NA,NA,NA,R,R
1773.20629,ERR1035135,S,NA,NA,S,NA,NA,NA,NA,S,NA,S,S,NA,NA,NA,S,NA,NA,NA,NA,S,R
1773.31091,ERS1987080,S,NA,NA,S,NA,NA,NA,NA,S,NA,S,S,NA,NA,NA,S,NA,NA,NA,NA,S,S
1773.32623,ERS5281651,S,NA,NA,S,NA,NA,NA,NA,S,NA,S,S,NA,NA,NA,S,NA,NA,NA,NA,S,S
1773.33696,ERS5298022,S,NA,NA,S,NA,NA,NA,NA,S,NA,S,S,NA,NA,NA,S,NA,NA,NA,NA,S,R
1773.33737,ERS5298067,R,NA,NA,S,NA,NA,NA,NA,S,NA,R,R,NA,NA,NA,R,NA,NA,NA,NA,S,S
1773.36836,ERS5317283,S,NA,NA,S,NA,NA,NA,NA,S,NA,S,S,NA,NA,NA,S,NA,NA,NA,NA,R,R
1773.36861,ERS5317527,S,NA,NA,S,NA,NA,NA,NA,S,NA,R,S,NA,NA,NA,S,NA,NA,NA,NA,S,R
1773.37055,ERS5317786,S,NA,NA,S,NA,NA,NA,NA,S,NA,S,S,NA,NA,NA,S,NA,NA,NA,NA,R,R
1773.37067,ERS5317803,S,NA,NA,S,NA,NA,NA,NA,S,NA,S,S,NA,NA,NA,S,NA,NA,NA,NA,R,R
1773.37765,ERS5319192,S,NA,NA,S,NA,NA,NA,NA,S,NA,S,S,NA,NA,NA,S,NA,NA,NA,NA,R,R
1773.37829,ERS5319461,S,NA,NA,S,NA,NA,NA,NA,S,NA,S,S,NA,NA,NA,S,NA,NA,NA,NA,S,R
1773.38526,ERS5320344,S,NA,NA,S,NA,NA,NA,NA,S,NA,R,S,NA,NA,NA,S,NA,NA,NA,NA,R,R
1773.38756,ERS5320675,S,NA,NA,S,NA,NA,NA,NA,S,NA,S,S,NA,NA,NA,S,NA,NA,NA,NA,S,S
1773.39297,ERS6403067,S,NA,NA,S,NA,NA,NA,NA,S,NA,S,S,NA,NA,NA,S,NA,NA,NA,NA,S,R
1773.39389,ERS6403166,S,NA,NA,S,NA,NA,NA,NA,S,NA,R,S,NA,NA,NA,S,NA,NA,NA,NA,S,R
1773.39779,ERS6403618,R,NA,NA,R,NA,NA,NA,NA,S,NA,R,R,NA,NA,NA,S,NA,NA,NA,NA,R,S
1773.40604,ERR4050136,S,NA,NA,S,NA,NA,NA,NA,S,NA,S,S,NA,NA,NA,S,NA,NA,NA,NA,S,S
1773.42236,ERS5282937,S,NA,S,S,NA,S,NA,R,R,S,S,S,R,S,S,S,S,NA,NA,S,S,R
1773.43162,ERS5302182,S,NA,NA,S,NA,NA,NA,NA,S,NA,S,S,NA,NA,NA,S,NA,NA,NA,NA,S,R
1773.23425,ERR2120287,S,NA,S,S,NA,NA,S,S,S,S,R,S,NA,S,S,S,S,NA,R,NA,R,S
1773.23372,ERR1654661,S,NA,NA,S,NA,NA,NA,NA,S,NA,R,S,NA,NA,NA,S,NA,NA,NA,NA,R,R
1773.31231,ERS1987234,S,NA,NA,S,NA,NA,NA,NA,S,NA,S,S,NA,NA,NA,S,NA,NA,NA,NA,S,R
1773.32429,ERS5281402,S,NA,NA,S,NA,NA,NA,NA,S,NA,R,S,NA,NA,NA,S,NA,NA,NA,NA,R,R
1773.33411,ERS5282692,S,NA,NA,S,NA,NA,NA,NA,S,NA,S,S,NA,NA,NA,S,NA,NA,NA,NA,S,S
1773.34097,ERS5298607,S,NA,NA,S,NA,NA,NA,NA,S,NA,S,S,NA,NA,NA,S,NA,NA,NA,NA,S,R
1773.36672,ERS5312586,S,NA,NA,S,NA,NA,NA,NA,S,NA,S,S,NA,NA,NA,S,NA,NA,NA,NA,R,R
1773.36844,ERS5317297,S,NA,NA,S,NA,NA,NA,NA,S,NA,S,S,NA,NA,NA,S,NA,NA,NA,NA,R,R
1773.38911,ERS5320896,S,NA,NA,S,NA,NA,NA,NA,S,NA,R,S,NA,NA,NA,S,NA,NA,NA,NA,S,S
1773.43549,ERS5317493,S,NA,NA,S,NA,NA,NA,NA,S,NA,S,S,NA,NA,NA,S,NA,NA,NA,NA,S,R
1773.43564,ERS5317562,S,NA,NA,S,NA,NA,NA,NA,S,NA,S,S,NA,NA,NA,S,NA,NA,NA,NA,S,R
1773.20398,ERR1034960,S,NA,NA,S,NA,NA,NA,NA,S,S,R,S,NA,NA,NA,S,NA,NA,R,NA,S,R
1773.36696,ERS5312611,S,NA,NA,S,NA,NA,NA,NA,S,NA,S,S,NA,NA,NA,S,NA,NA,NA,NA,S,S
1773.37312,ERS5318478,S,NA,NA,S,NA,NA,NA,NA,S,NA,S,S,NA,NA,NA,S,NA,NA,NA,NA,R,R
1773.38329,ERS5320115,S,NA,NA,S,NA,NA,NA,NA,S,NA,S,S,NA,NA,NA,S,NA,NA,NA,NA,S,R
1773.40043,ERS6421594,S,NA,NA,S,NA,NA,NA,NA,S,NA,S,S,NA,NA,NA,S,NA,NA,NA,NA,S,S
1773.42507,ERS5283233,S,NA,S,S,NA,S,NA,S,S,S,S,S,R,S,S,S,S,NA,NA,R,R,R
1773.43561,ERS5317528,S,NA,NA,S,NA,NA,NA,NA,S,NA,R,S,NA,NA,NA,S,NA,NA,NA,NA,R,R
1773.4359,ERS5317473,S,NA,NA,S,NA,NA,NA,NA,S,NA,S,S,NA,NA,NA,S,NA,NA,NA,NA,R,R
1773.15071,SRR6397463,S,NA,NA,S,NA,NA,NA,NA,S,NA,S,S,NA,NA,NA,S,NA,NA,NA,NA,R,R
1773.3524,ERR552933,R,S,NA,R,NA,NA,S,NA,R,NA,R,NA,NA,NA,NA,S,S,S,R,NA,R,R
1773.36856,ERS5317507,S,NA,NA,S,NA,NA,NA,NA,S,NA,S,S,NA,NA,NA,S,NA,NA,NA,NA,S,S
1773.4354,ERS5317483,S,NA,NA,S,NA,NA,NA,NA,S,NA,R,S,NA,NA,NA,S,NA,NA,NA,NA,R,R
1773.41642,ERS5282308,S,NA,S,S,NA,S,NA,R,S,R,R,R,R,R,R,S,R,NA,NA,R,R,S
1773.4078,ERS5281337,S,NA,S,S,NA,S,NA,S,S,S,S,S,S,S,S,S,S,NA,NA,S,R,R
1773.1831,ERR1035298,S,NA,NA,R,NA,NA,NA,NA,S,NA,R,S,NA,NA,NA,S,NA,NA,NA,NA,R,R
1773.20663,ERR2124099,S,NA,NA,R,NA,NA,NA,NA,S,NA,S,S,NA,NA,NA,S,NA,NA,NA,NA,S,S
1773.2461,ERR551839,NA,NA,NA,NA,NA,NA,NA,NA,S,NA,S,NA,NA,NA,NA,NA,NA,NA,S,NA,S,S
1773.2516,ERR550650,NA,NA,NA,NA,NA,NA,NA,NA,S,NA,S,NA,NA,NA,NA,NA,NA,NA,S,NA,S,S
1773.2535,ERR553109,NA,NA,NA,NA,NA,NA,NA,NA,S,NA,S,NA,NA,NA,NA,NA,NA,NA,S,NA,S,S
1773.2554,ERR551001,NA,NA,NA,NA,NA,NA,NA,NA,S,NA,S,NA,NA,NA,NA,NA,NA,NA,S,NA,S,S
1773.2598,ERR552694,NA,NA,NA,NA,NA,NA,NA,NA,S,NA,S,NA,NA,NA,NA,NA,NA,NA,S,NA,S,R
1773.2627,ERR550790,NA,NA,NA,NA,NA,NA,NA,NA,S,NA,S,NA,NA,NA,NA,NA,NA,NA,S,NA,S,S
1773.2719,ERR552609,NA,NA,NA,NA,NA,NA,NA,NA,S,NA,S,NA,NA,NA,NA,NA,NA,NA,S,NA,S,S
1773.2767,ERR551080,NA,NA,NA,NA,NA,NA,NA,NA,S,NA,S,NA,NA,NA,NA,NA,NA,NA,S,NA,S,S
1773.2941,ERR552583,NA,NA,NA,NA,NA,NA,NA,NA,S,NA,S,NA,NA,NA,NA,NA,NA,NA,S,NA,S,S
1773.305,ERR551125,NA,NA,NA,NA,NA,NA,NA,NA,S,NA,S,NA,NA,NA,NA,NA,NA,NA,S,NA,S,S
1773.3122,ERS1987220,S,NA,NA,S,NA,NA,NA,NA,S,NA,S,S,NA,NA,NA,S,NA,NA,NA,NA,R,R
1773.31301,ERS1987307,S,NA,NA,S,NA,NA,NA,NA,S,NA,R,S,NA,NA,NA,S,NA,NA,NA,NA,R,R
1773.3138,ERR551356,NA,NA,NA,NA,NA,NA,NA,NA,S,NA,S,NA,NA,NA,NA,NA,NA,NA,S,NA,S,S
1773.31894,ERS3371662,R,NA,NA,S,NA,NA,NA,NA,S,NA,R,S,NA,NA,NA,S,NA,NA,NA,NA,R,R
1773.3205,ERS3371828,S,NA,NA,S,NA,NA,NA,NA,S,NA,R,S,NA,NA,NA,S,NA,NA,NA,NA,S,S
1773.32143,ERS3371932,S,NA,NA,S,NA,NA,NA,NA,R,NA,R,S,NA,NA,NA,S,NA,NA,NA,NA,R,S
1773.32301,ERS5281193,S,NA,NA,S,NA,NA,NA,NA,S,NA,R,S,NA,NA,NA,S,NA,NA,NA,NA,R,R
1773.3269,ERR553149,NA,NA,NA,NA,NA,NA,NA,NA,S,NA,S,NA,NA,NA,NA,NA,NA,NA,S,NA,S,S
1773.3285,ERR552944,NA,NA,NA,NA,NA,NA,NA,NA,S,NA,R,NA,NA,NA,NA,NA,NA,NA,S,NA,S,S
1773.3295,ERR551510,S,S,NA,S,NA,NA,NA,NA,R,NA,R,NA,NA,NA,NA,NA,NA,NA,NA,NA,R,R
1773.33585,ERS5297869,S,NA,NA,S,NA,NA,NA,NA,S,NA,S,S,NA,NA,NA,S,NA,NA,NA,NA,S,R
1773.3363,ERR552532,S,S,NA,S,NA,NA,NA,NA,R,NA,R,NA,NA,NA,NA,NA,NA,NA,R,NA,R,R
1773.3414,ERR552750,NA,NA,NA,NA,NA,NA,NA,NA,S,NA,S,NA,NA,NA,NA,NA,NA,NA,S,NA,S,S
1773.3558,ERR038281,NA,NA,NA,NA,NA,NA,NA,NA,S,NA,S,NA,NA,NA,NA,NA,NA,NA,S,NA,S,NA
1773.3568,ERR038292,NA,NA,NA,NA,NA,NA,NA,NA,S,NA,S,NA,NA,NA,NA,NA,NA,NA,S,NA,S,NA
1773.357,ERR038294,S,R,NA,S,NA,NA,NA,NA,S,NA,S,NA,NA,NA,S,NA,NA,NA,S,NA,S,S
1773.3646,ERR046755,NA,NA,NA,NA,NA,NA,NA,NA,S,NA,S,NA,NA,NA,NA,NA,NA,NA,S,NA,S,NA
1773.3653,ERR046762,NA,NA,NA,NA,NA,NA,NA,NA,S,NA,S,NA,NA,NA,NA,NA,NA,NA,S,NA,S,NA
1773.3672,ERR046782,NA,NA,NA,NA,NA,NA,NA,NA,S,NA,S,NA,NA,NA,NA,NA,NA,NA,S,NA,S,NA
1773.3673,ERS5312648,S,NA,NA,S,NA,NA,NA,NA,S,NA,R,S,NA,NA,NA,S,NA,NA,NA,NA,S,R
1773.3674,ERR046784,NA,NA,NA,NA,R,NA,NA,NA,R,NA,R,NA,NA,NA,NA,NA,NA,NA,S,NA,S,NA
1773.37638,ERS5318993,S,NA,NA,S,NA,NA,NA,NA,S,NA,R,S,NA,NA,NA,S,NA,NA,NA,NA,S,R
1773.3828,ERR046971,NA,NA,NA,NA,NA,NA,NA,NA,S,NA,S,NA,NA,NA,NA,NA,NA,NA,S,NA,S,NA
1773.3835,SRR2100098,NA,NA,NA,NA,NA,NA,NA,NA,S,NA,S,NA,NA,NA,NA,NA,NA,NA,S,NA,S,NA
1773.3855,ERR047000,NA,NA,NA,NA,NA,NA,NA,NA,S,NA,S,NA,NA,NA,NA,NA,NA,NA,S,NA,S,NA
1773.3864,ERR047010,NA,NA,NA,NA,NA,NA,NA,NA,S,NA,S,NA,NA,NA,NA,NA,NA,NA,S,NA,S,NA
1773.39024,ERS6402740,S,NA,NA,S,NA,NA,NA,NA,S,NA,S,S,NA,NA,NA,S,NA,NA,NA,NA,S,R
1773.39222,ERS6402979,S,NA,NA,S,NA,NA,NA,NA,S,NA,S,S,NA,NA,NA,S,NA,NA,NA,NA,S,R
1773.39937,ERS6421487,S,NA,NA,S,NA,NA,NA,NA,S,NA,S,S,NA,NA,NA,S,NA,NA,NA,NA,S,R
1773.40123,ERS6421678,S,NA,NA,S,NA,NA,NA,NA,S,NA,S,S,NA,NA,NA,S,NA,NA,NA,NA,S,R
1773.40179,ERS6421742,S,NA,NA,S,NA,NA,NA,NA,S,NA,S,S,NA,NA,NA,S,NA,NA,NA,NA,S,R
1773.40826,ERS5281389,S,NA,S,S,NA,S,NA,S,S,R,R,S,R,S,S,S,R,NA,NA,R,R,R
1773.42467,ERS5283193,S,NA,S,S,NA,S,NA,S,S,S,S,S,R,S,S,S,S,NA,NA,S,S,R
1773.42498,ERS5283224,S,NA,S,S,NA,S,NA,S,S,S,R,S,R,S,S,S,S,NA,NA,S,R,R
1773.43603,ERS6403589,S,NA,NA,S,NA,NA,NA,NA,S,NA,S,S,NA,NA,NA,S,NA,NA,NA,NA,S,R
1773.4989,SRR2101278,NA,NA,NA,NA,NA,NA,NA,NA,S,NA,S,NA,NA,NA,NA,NA,NA,NA,S,NA,S,S
1773.5137,SRR2101466,S,S,NA,S,NA,NA,NA,NA,S,NA,S,S,NA,NA,S,NA,NA,NA,S,NA,S,S
1773.5208,SRR2101543,NA,NA,NA,NA,NA,NA,NA,NA,NA,NA,S,NA,NA,NA,NA,NA,NA,NA,NA,NA,NA,NA
1773.5272,SRR2101609,S,S,NA,S,NA,NA,NA,NA,S,NA,S,S,NA,NA,S,NA,NA,NA,S,NA,S,S
1773.5324,SRR2101669,S,S,NA,S,NA,NA,NA,NA,S,NA,S,S,NA,NA,S,NA,NA,NA,S,NA,S,S
1773.5382,SRR2101735,S,S,NA,S,NA,NA,NA,NA,S,NA,S,S,NA,NA,S,NA,NA,NA,S,NA,S,S
1773.5461,ERR552132,NA,NA,NA,NA,NA,NA,NA,NA,S,NA,S,NA,NA,NA,NA,NA,NA,NA,S,NA,S,R
1773.5471,ERR551336,NA,NA,NA,NA,NA,NA,NA,NA,S,NA,S,NA,NA,NA,NA,NA,NA,NA,S,NA,S,S
1773.18537,ERR1034893,S,NA,NA,S,NA,NA,S,NA,R,R,R,R,NA,NA,NA,S,S,NA,NA,NA,R,R
1773.18612,ERR1034739,S,NA,NA,S,S,NA,NA,NA,R,NA,R,S,NA,NA,NA,S,NA,NA,NA,NA,R,S
1773.19391,ERR176735,S,NA,NA,S,NA,NA,NA,NA,S,NA,S,S,NA,NA,NA,S,NA,NA,S,NA,S,S
1773.2099,ERR3256173,S,NA,NA,S,NA,NA,NA,NA,S,NA,S,S,NA,NA,NA,S,NA,NA,NA,NA,S,S
1773.31089,ERS1987075,S,NA,NA,S,NA,NA,NA,NA,S,NA,S,S,NA,NA,NA,S,NA,NA,NA,NA,S,R
1773.31218,ERS1987216,R,NA,NA,R,NA,NA,NA,NA,S,NA,R,R,NA,NA,NA,S,NA,NA,NA,NA,R,R
1773.31369,ERS1987380,S,NA,NA,S,NA,NA,NA,NA,S,NA,S,S,NA,NA,NA,S,NA,NA,NA,NA,S,R
1773.3152,ERS2394602,S,NA,NA,S,NA,NA,NA,NA,S,NA,R,S,NA,NA,NA,S,NA,NA,NA,NA,S,R
1773.31528,ERS2394622,S,NA,NA,S,NA,NA,NA,NA,S,NA,R,S,NA,NA,NA,S,NA,NA,NA,NA,R,R
1773.31563,ERS2394672,S,NA,NA,S,NA,NA,NA,NA,S,NA,S,S,NA,NA,NA,S,NA,NA,NA,NA,S,R
1773.31705,ERS2394894,S,NA,NA,S,NA,NA,NA,NA,S,NA,R,S,NA,NA,NA,S,NA,NA,NA,NA,R,R
1773.31808,ERS3371572,S,NA,NA,S,NA,NA,NA,NA,S,NA,S,S,NA,NA,NA,S,NA,NA,NA,NA,S,R
1773.32118,ERS3371905,S,NA,NA,S,NA,NA,NA,NA,S,NA,R,S,NA,NA,NA,S,NA,NA,NA,NA,R,R
1773.32351,ERS5281255,S,NA,NA,S,NA,NA,NA,NA,R,NA,R,S,NA,NA,NA,S,NA,NA,NA,NA,R,R
1773.32489,ERS5281503,R,NA,NA,R,NA,NA,NA,NA,S,NA,R,R,NA,NA,NA,S,NA,NA,NA,NA,R,R
1773.32493,ERS5281510,S,NA,NA,S,NA,NA,NA,NA,R,NA,R,S,NA,NA,NA,S,NA,NA,NA,NA,R,R
1773.32607,ERS5281636,S,NA,NA,R,NA,NA,NA,NA,S,NA,S,S,NA,NA,NA,S,NA,NA,NA,NA,S,R
1773.32672,ERS5281707,S,NA,NA,S,NA,NA,NA,NA,R,NA,R,S,NA,NA,NA,S,NA,NA,NA,NA,R,R
1773.3269,ERS5281745,S,NA,NA,S,NA,NA,NA,NA,S,NA,R,S,NA,NA,NA,S,NA,NA,NA,NA,R,R
1773.32744,ERS5281869,S,NA,NA,S,NA,NA,NA,NA,R,NA,R,S,NA,NA,NA,S,NA,NA,NA,NA,R,R
1773.32885,ERS5282030,S,NA,NA,S,NA,NA,NA,NA,S,NA,S,S,NA,NA,NA,S,NA,NA,NA,NA,R,S
1773.32987,ERS5282158,S,NA,NA,S,NA,NA,NA,NA,S,NA,S,S,NA,NA,NA,S,NA,NA,NA,NA,S,S
1773.33078,ERS5282269,S,NA,NA,S,NA,NA,NA,NA,S,NA,R,S,NA,NA,NA,S,NA,NA,NA,NA,R,R
1773.33134,ERS5282347,S,NA,NA,S,NA,NA,NA,NA,S,NA,S,S,NA,NA,NA,S,NA,NA,NA,NA,S,R
1773.33185,ERS5282410,S,NA,NA,S,NA,NA,NA,NA,R,NA,R,S,NA,NA,NA,S,NA,NA,NA,NA,R,R
1773.33588,ERS5297877,R,NA,NA,R,NA,NA,NA,NA,S,NA,R,R,NA,NA,NA,S,NA,NA,NA,NA,S,R
1773.33713,ERS5298035,S,NA,NA,S,NA,NA,NA,NA,S,NA,S,S,NA,NA,NA,S,NA,NA,NA,NA,S,S
1773.34978,ERS5302103,S,NA,NA,S,NA,NA,NA,NA,S,NA,S,S,NA,NA,NA,S,NA,NA,NA,NA,S,S
1773.35368,ERS5302602,S,NA,NA,S,NA,NA,NA,NA,S,NA,S,S,NA,NA,NA,S,NA,NA,NA,NA,S,R
1773.35375,ERS5302609,S,NA,NA,S,NA,NA,NA,NA,S,NA,S,S,NA,NA,NA,S,NA,NA,NA,NA,S,R
1773.35408,ERS5302647,S,NA,NA,S,NA,NA,NA,NA,S,NA,S,S,NA,NA,NA,S,NA,NA,NA,NA,S,R
1773.35433,ERS5302679,S,NA,NA,S,NA,NA,NA,NA,S,NA,S,S,NA,NA,NA,S,NA,NA,NA,NA,S,R
1773.35496,ERS5302755,S,NA,NA,S,NA,NA,NA,NA,S,NA,S,S,NA,NA,NA,S,NA,NA,NA,NA,S,R
1773.35914,ERS5303397,S,NA,NA,S,NA,NA,NA,NA,S,NA,S,S,NA,NA,NA,S,NA,NA,NA,NA,S,R
1773.36057,ERS5303572,S,NA,NA,S,NA,NA,NA,NA,S,NA,R,S,NA,NA,NA,S,NA,NA,NA,NA,R,R
1773.36565,ERS5312473,S,NA,NA,S,NA,NA,NA,NA,S,NA,S,S,NA,NA,NA,S,NA,NA,NA,NA,S,R
1773.36567,ERS5312476,S,NA,NA,R,NA,NA,NA,NA,R,NA,R,S,NA,NA,NA,S,NA,NA,NA,NA,R,R
1773.36569,ERS5312478,S,NA,NA,S,NA,NA,NA,NA,S,NA,S,S,NA,NA,NA,S,NA,NA,NA,NA,S,R
1773.36603,ERS5312511,S,NA,NA,S,NA,NA,NA,NA,S,NA,S,S,NA,NA,NA,S,NA,NA,NA,NA,R,R
1773.36703,ERS5312616,S,NA,NA,S,NA,NA,NA,NA,S,NA,S,S,NA,NA,NA,S,NA,NA,NA,NA,S,R
1773.37474,ERS5318713,S,NA,NA,S,NA,NA,NA,NA,S,NA,S,S,NA,NA,NA,S,NA,NA,NA,NA,S,R
1773.38052,ERS5319801,S,NA,NA,S,NA,NA,NA,NA,S,NA,R,S,NA,NA,NA,S,NA,NA,NA,NA,S,R
1773.38268,ERS5320049,S,NA,NA,S,NA,NA,NA,NA,R,NA,R,S,NA,NA,NA,S,NA,NA,NA,NA,R,R
1773.38349,ERS5320131,S,NA,NA,S,NA,NA,NA,NA,S,NA,S,S,NA,NA,NA,S,NA,NA,NA,NA,S,R
1773.3838,ERS5320181,S,NA,NA,S,NA,NA,NA,NA,S,NA,S,S,NA,NA,NA,S,NA,NA,NA,NA,S,R
1773.3846,ERS5320264,S,NA,NA,S,NA,NA,NA,NA,S,NA,S,S,NA,NA,NA,S,NA,NA,NA,NA,R,R
1773.38466,ERS5320274,S,NA,NA,S,NA,NA,NA,NA,S,NA,S,S,NA,NA,NA,S,NA,NA,NA,NA,R,R
1773.38492,ERS5320302,S,NA,NA,S,NA,NA,NA,NA,S,NA,S,S,NA,NA,NA,S,NA,NA,NA,NA,S,S
1773.3852,ERS5320343,S,NA,NA,S,NA,NA,NA,NA,S,NA,R,S,NA,NA,NA,S,NA,NA,NA,NA,S,R
1773.38861,ERS5320825,S,NA,NA,S,NA,NA,NA,NA,S,NA,R,S,NA,NA,NA,S,NA,NA,NA,NA,R,R
1773.39205,ERS6402960,S,NA,NA,S,NA,NA,NA,NA,S,NA,S,S,NA,NA,NA,S,NA,NA,NA,NA,S,R
1773.39224,ERS6402974,S,NA,NA,S,NA,NA,NA,NA,S,NA,S,S,NA,NA,NA,S,NA,NA,NA,NA,S,R
1773.39247,ERS6403009,S,NA,NA,S,NA,NA,NA,NA,S,NA,S,S,NA,NA,NA,S,NA,NA,NA,NA,S,R
1773.39293,ERS6403061,S,NA,NA,S,NA,NA,NA,NA,S,NA,S,S,NA,NA,NA,S,NA,NA,NA,NA,S,R
1773.3947,ERS6403270,S,NA,NA,S,NA,NA,NA,NA,S,NA,R,S,NA,NA,NA,S,NA,NA,NA,NA,R,R
1773.39692,ERS6403519,S,NA,NA,S,NA,NA,NA,NA,S,NA,S,S,NA,NA,NA,S,NA,NA,NA,NA,S,R
1773.39789,ERS6403628,R,NA,NA,R,NA,NA,NA,NA,S,NA,R,R,NA,NA,NA,S,NA,NA,NA,NA,S,S
1773.39842,ERS6403696,S,NA,NA,S,NA,NA,NA,NA,S,NA,S,S,NA,NA,NA,S,NA,NA,NA,NA,S,R
1773.39945,ERS6421496,S,NA,NA,S,NA,NA,NA,NA,R,NA,R,S,NA,NA,NA,S,NA,NA,NA,NA,R,R
1773.40156,ERS6421720,S,NA,NA,S,NA,NA,NA,NA,S,NA,R,S,NA,NA,NA,S,NA,NA,NA,NA,R,R
1773.40158,ERS6421718,S,NA,NA,S,NA,NA,NA,NA,S,NA,S,S,NA,NA,NA,S,NA,NA,NA,NA,S,R
1773.40193,ERS6421755,S,NA,NA,S,NA,NA,NA,NA,S,NA,S,S,NA,NA,NA,S,NA,NA,NA,NA,S,R
1773.40208,ERS6421774,S,NA,NA,S,NA,NA,NA,NA,S,NA,S,S,NA,NA,NA,S,NA,NA,NA,NA,S,R
1773.4028,ERS6421886,S,NA,NA,S,NA,NA,NA,NA,S,NA,R,S,NA,NA,NA,S,NA,NA,NA,NA,R,S
1773.40362,ERS6421996,S,NA,NA,S,NA,NA,NA,NA,S,NA,S,S,NA,NA,NA,S,NA,NA,NA,NA,S,R
1773.40467,ERS6422159,S,NA,NA,S,NA,NA,NA,NA,S,NA,S,S,NA,NA,NA,S,NA,NA,NA,NA,R,R
1773.40495,ERS6422187,S,NA,NA,S,NA,NA,NA,NA,S,NA,S,S,NA,NA,NA,S,NA,NA,NA,NA,S,R
1773.40496,ERS6422190,S,NA,NA,S,NA,NA,NA,NA,S,NA,S,S,NA,NA,NA,S,NA,NA,NA,NA,S,R
1773.40525,ERS6422223,S,NA,NA,S,NA,NA,NA,NA,S,NA,S,S,NA,NA,NA,S,NA,NA,NA,NA,R,R
1773.40794,ERS5281354,S,NA,S,S,NA,S,NA,S,R,R,R,S,R,S,R,S,S,NA,NA,R,R,R
1773.42214,ERS5282917,S,NA,S,S,NA,S,NA,S,S,S,S,S,S,S,S,S,S,NA,NA,S,S,R
1773.42463,ERS5283190,S,NA,S,S,NA,S,NA,S,R,R,R,S,R,S,R,S,S,NA,NA,R,R,R
1773.42523,ERS5283249,S,NA,S,S,NA,S,NA,S,S,S,S,S,R,S,S,S,S,NA,NA,S,S,S
1773.42548,ERS5283275,S,NA,S,S,NA,S,NA,R,S,R,S,S,R,S,S,S,S,NA,NA,S,S,S
1773.42574,ERS5283301,S,NA,S,S,NA,S,NA,S,R,S,S,S,R,S,S,S,R,NA,NA,S,S,R
1773.42724,ERR7361986,S,NA,NA,S,NA,NA,NA,NA,S,NA,R,S,NA,NA,NA,S,NA,NA,NA,NA,R,R
1773.42772,ERR7362046,S,NA,NA,S,NA,NA,NA,NA,S,NA,R,S,NA,NA,NA,S,NA,NA,NA,NA,R,S
1773.42966,ERS5301004,S,NA,NA,S,NA,NA,NA,NA,S,NA,S,S,NA,NA,NA,S,NA,NA,NA,NA,R,R
1773.43092,ERS5319159,S,NA,NA,S,NA,NA,NA,NA,S,NA,S,S,NA,NA,NA,S,NA,NA,NA,NA,R,R
1773.43135,ERS5301839,S,NA,NA,S,NA,NA,NA,NA,S,NA,S,S,NA,NA,NA,S,NA,NA,NA,NA,S,R
1773.43358,ERS5317308,S,NA,NA,S,NA,NA,NA,NA,S,NA,S,S,NA,NA,NA,S,NA,NA,NA,NA,S,R
1773.43379,ERS5317298,S,NA,NA,S,NA,NA,NA,NA,S,NA,S,S,NA,NA,NA,S,NA,NA,NA,NA,R,R
1773.43634,ERS6403041,S,NA,NA,S,NA,NA,NA,NA,S,NA,S,S,NA,NA,NA,S,NA,NA,NA,NA,S,R
1773.43643,ERS6403645,S,NA,NA,S,NA,NA,NA,NA,S,NA,S,S,NA,NA,NA,S,NA,NA,NA,NA,S,R
1773.18424,ERR1035196,S,NA,NA,S,NA,NA,R,NA,R,R,R,S,NA,NA,S,R,S,NA,R,NA,R,R
1773.18442,ERR1035214,S,NA,NA,S,NA,NA,S,NA,R,R,R,S,NA,NA,S,R,S,NA,R,NA,R,R
1773.204,ERR1034953,S,NA,NA,S,NA,NA,NA,NA,S,S,R,S,NA,NA,NA,S,NA,NA,NA,NA,R,R
1773.2047,ERR1035036,R,NA,NA,R,NA,NA,NA,NA,S,S,R,R,NA,NA,NA,S,NA,NA,NA,NA,R,R
1773.23356,ERR1654683,S,NA,NA,S,NA,NA,NA,NA,S,NA,R,S,NA,NA,NA,S,NA,NA,NA,NA,R,R
1773.31082,ERS1987070,S,NA,NA,S,NA,NA,NA,NA,S,NA,S,S,NA,NA,NA,S,NA,NA,NA,NA,R,R
1773.3238,ERS5281313,S,NA,NA,S,NA,NA,NA,NA,S,NA,R,S,NA,NA,NA,R,NA,NA,NA,NA,R,S
1773.33086,ERS5282277,S,NA,NA,S,NA,NA,NA,NA,S,NA,S,S,NA,NA,NA,S,NA,NA,NA,NA,S,R
1773.33566,ERS5297846,R,NA,NA,R,NA,NA,NA,NA,S,NA,R,R,NA,NA,NA,S,NA,NA,NA,NA,R,S
1773.33592,ERS5297886,R,NA,NA,S,NA,NA,NA,NA,S,NA,R,R,NA,NA,NA,S,NA,NA,NA,NA,R,S
1773.36545,ERS5312453,R,NA,NA,R,NA,NA,NA,NA,R,NA,R,R,NA,NA,NA,S,NA,NA,NA,NA,R,R
1773.36764,ERS5312685,S,NA,NA,S,NA,NA,NA,NA,S,NA,S,S,NA,NA,NA,S,NA,NA,NA,NA,S,R
1773.36811,ERS5317250,S,NA,NA,S,NA,NA,NA,NA,S,NA,S,S,NA,NA,NA,S,NA,NA,NA,NA,S,R
1773.37034,ERS5317773,S,NA,NA,S,NA,NA,NA,NA,S,NA,S,S,NA,NA,NA,S,NA,NA,NA,NA,R,R
1773.38333,ERS5320117,S,NA,NA,S,NA,NA,NA,NA,S,NA,S,S,NA,NA,NA,S,NA,NA,NA,NA,S,R
1773.3862,ERS5320442,S,NA,NA,S,NA,NA,NA,NA,S,NA,S,S,NA,NA,NA,S,NA,NA,NA,NA,S,R
1773.40274,ERS6421878,S,NA,NA,S,NA,NA,NA,NA,S,NA,R,S,NA,NA,NA,S,NA,NA,NA,NA,R,S
1773.42027,ERS5282726,S,NA,S,S,NA,S,NA,S,S,R,R,S,R,S,R,S,S,NA,NA,R,R,S
1773.42245,ERS5282950,S,NA,S,S,NA,S,NA,S,S,S,S,S,R,S,S,S,S,NA,NA,S,S,R
1773.42588,ERS5283312,S,NA,S,S,NA,S,NA,S,S,S,R,S,S,S,S,S,R,NA,NA,R,R,R
1773.18429,ERR1035207,S,NA,NA,S,NA,NA,S,NA,R,R,R,S,NA,NA,S,R,S,NA,R,NA,R,R
1773.20592,ERR1035099,S,NA,NA,R,NA,NA,NA,NA,S,S,R,S,NA,NA,NA,R,NA,NA,R,NA,R,R
1773.20612,ERR1035124,S,NA,NA,R,NA,NA,NA,NA,S,NA,S,S,NA,NA,NA,S,NA,NA,NA,NA,R,R
1773.3267,ERS5281716,S,NA,NA,S,NA,NA,NA,NA,S,NA,S,S,NA,NA,NA,S,NA,NA,NA,NA,S,S
1773.34947,ERS5302067,S,NA,NA,S,NA,NA,NA,NA,S,NA,S,S,NA,NA,NA,S,NA,NA,NA,NA,S,R
1773.38265,ERS5320050,S,NA,NA,S,NA,NA,NA,NA,S,NA,R,S,NA,NA,NA,S,NA,NA,NA,NA,R,R
1773.42436,ERS5283166,S,NA,S,S,NA,S,NA,S,R,S,R,S,R,S,R,S,S,NA,NA,R,R,R
1773.32552,ERS5281575,S,NA,NA,S,NA,NA,NA,NA,S,NA,S,S,NA,NA,NA,S,NA,NA,NA,NA,S,S
1773.33221,ERS5282457,S,NA,NA,S,NA,NA,NA,NA,S,NA,S,S,NA,NA,NA,S,NA,NA,NA,NA,S,S
1773.37727,ERS5319149,S,NA,NA,S,NA,NA,NA,NA,S,NA,R,S,NA,NA,NA,S,NA,NA,NA,NA,S,R
1773.43386,ERS5317362,S,NA,NA,S,NA,NA,NA,NA,S,NA,S,S,NA,NA,NA,S,NA,NA,NA,NA,R,R
1773.4358,ERS5317454,S,NA,NA,S,NA,NA,NA,NA,S,NA,R,S,NA,NA,NA,S,NA,NA,NA,NA,S,R
1773.23373,ERR1654707,S,NA,NA,S,NA,NA,NA,NA,S,NA,R,S,NA,NA,NA,S,NA,NA,NA,NA,R,R
1773.23379,ERR1654708,S,NA,NA,S,NA,NA,NA,NA,S,NA,S,S,NA,NA,NA,S,NA,NA,NA,NA,S,R
1773.43555,ERS5317515,S,NA,NA,S,NA,NA,NA,NA,S,NA,S,S,NA,NA,NA,S,NA,NA,NA,NA,R,R
1773.5103,SRR2101431,S,S,NA,S,NA,NA,NA,NA,S,NA,S,S,NA,NA,S,NA,NA,NA,S,NA,S,S
1773.33287,ERS5282536,S,NA,NA,S,NA,NA,NA,NA,S,NA,R,S,NA,NA,NA,S,NA,NA,NA,NA,R,R
1773.18165,ERR1873532,R,NA,NA,R,NA,NA,S,NA,R,S,R,R,NA,NA,S,S,S,NA,R,NA,R,R
1773.18403,ERR1034607,R,NA,NA,S,R,NA,NA,NA,R,S,R,R,NA,NA,NA,S,NA,NA,R,NA,R,S
1773.2651,ERR552233,NA,NA,NA,NA,NA,NA,NA,NA,S,NA,S,NA,NA,NA,NA,NA,NA,NA,S,NA,S,R
1773.2761,ERR552578,NA,NA,NA,NA,NA,NA,NA,NA,S,NA,R,NA,NA,NA,NA,NA,NA,NA,S,NA,S,R
1773.2846,ERR552680,NA,NA,NA,NA,NA,NA,NA,NA,S,NA,S,NA,NA,NA,NA,NA,NA,NA,S,NA,S,S
1773.2917,ERR553374,NA,NA,NA,NA,NA,NA,NA,NA,S,NA,S,NA,NA,NA,NA,NA,NA,NA,S,NA,S,S
1773.2955,ERR551232,NA,NA,NA,NA,NA,NA,NA,NA,S,NA,S,NA,NA,NA,NA,NA,NA,NA,S,NA,S,S
1773.31332,ERS1987333,S,NA,NA,S,NA,NA,NA,NA,S,NA,S,S,NA,NA,NA,S,NA,NA,NA,NA,R,S
1773.32127,ERS3371915,S,NA,NA,S,NA,NA,NA,NA,R,NA,R,S,NA,NA,NA,S,NA,NA,NA,NA,R,R
1773.3263,ERR550759,NA,NA,NA,NA,NA,NA,NA,NA,S,NA,S,NA,NA,NA,NA,NA,NA,NA,S,NA,S,S
1773.33606,ERS5297912,S,NA,NA,R,NA,NA,NA,NA,S,NA,S,S,NA,NA,NA,S,NA,NA,NA,NA,S,R
1773.33633,ERS5297942,S,NA,NA,S,NA,NA,NA,NA,S,NA,S,S,NA,NA,NA,S,NA,NA,NA,NA,S,R
1773.33683,ERS5298009,S,NA,NA,S,NA,NA,NA,NA,S,NA,S,S,NA,NA,NA,S,NA,NA,NA,NA,S,R
1773.33873,ERS5298214,S,NA,NA,S,NA,NA,NA,NA,S,NA,S,S,NA,NA,NA,S,NA,NA,NA,NA,S,R
1773.34924,ERS5302038,S,NA,NA,S,NA,NA,NA,NA,S,NA,S,S,NA,NA,NA,S,NA,NA,NA,NA,S,R
1773.3523,ERR551701,S,S,NA,S,NA,NA,S,NA,R,NA,R,NA,NA,NA,NA,S,S,S,R,NA,R,R
1773.3535,ERR038257,NA,NA,NA,NA,NA,NA,NA,NA,S,NA,S,NA,NA,NA,NA,NA,NA,NA,S,NA,S,NA
1773.3535,ERS5302580,S,NA,NA,S,NA,NA,NA,NA,S,NA,S,S,NA,NA,NA,S,NA,NA,NA,NA,R,R
1773.3659,ERR046768,NA,NA,NA,NA,NA,NA,NA,NA,S,NA,S,NA,NA,NA,NA,NA,NA,NA,S,NA,S,NA
1773.36662,ERS5312575,S,NA,NA,S,NA,NA,NA,NA,S,NA,S,S,NA,NA,NA,S,NA,NA,NA,NA,S,R
1773.36774,ERS5312698,S,NA,NA,R,NA,NA,NA,NA,S,NA,S,S,NA,NA,NA,S,NA,NA,NA,NA,S,R
1773.3702,ERR046819,NA,NA,NA,NA,NA,NA,NA,NA,S,NA,S,NA,NA,NA,NA,NA,NA,NA,S,NA,S,NA
1773.3806,ERR046945,NA,NA,NA,NA,NA,NA,NA,NA,S,NA,S,NA,NA,NA,NA,NA,NA,NA,S,NA,S,NA
1773.383,SRR2100095,NA,NA,NA,NA,NA,NA,NA,NA,S,NA,S,NA,NA,NA,NA,NA,NA,NA,S,NA,S,NA
1773.3845,ERR046990,NA,NA,NA,NA,NA,NA,NA,NA,S,NA,S,NA,NA,NA,NA,NA,NA,NA,S,NA,S,NA
1773.38503,ERS5320328,S,NA,NA,S,NA,NA,NA,NA,S,NA,S,S,NA,NA,NA,S,NA,NA,NA,NA,R,R
1773.3853,ERR046998,NA,NA,NA,NA,NA,NA,NA,NA,S,NA,S,NA,NA,NA,NA,NA,NA,NA,S,NA,S,NA
1773.3868,ERR047014,NA,NA,NA,NA,NA,NA,NA,NA,S,NA,S,NA,NA,NA,NA,NA,NA,NA,S,NA,S,NA
1773.38989,ERS6402706,R,NA,NA,S,NA,NA,NA,NA,S,NA,R,R,NA,NA,NA,S,NA,NA,NA,NA,R,R
1773.39,ERS6402714,R,NA,NA,R,NA,NA,NA,NA,S,NA,R,R,NA,NA,NA,S,NA,NA,NA,NA,R,R
1773.39064,ERS6402790,S,NA,NA,S,NA,NA,NA,NA,S,NA,S,S,NA,NA,NA,S,NA,NA,NA,NA,S,R
1773.39446,ERS6403226,S,NA,NA,S,NA,NA,NA,NA,S,NA,S,S,NA,NA,NA,S,NA,NA,NA,NA,R,R
1773.39454,ERS6403248,S,NA,NA,S,NA,NA,NA,NA,S,NA,S,S,NA,NA,NA,S,NA,NA,NA,NA,S,R
1773.39561,ERS6403379,S,NA,NA,S,NA,NA,NA,NA,R,NA,S,S,NA,NA,NA,S,NA,NA,NA,NA,R,R
1773.3978,ERS6403621,S,NA,NA,S,NA,NA,NA,NA,S,NA,S,S,NA,NA,NA,S,NA,NA,NA,NA,S,R
1773.39785,ERS6403625,S,NA,NA,S,NA,NA,NA,NA,S,NA,S,S,NA,NA,NA,S,NA,NA,NA,NA,S,R
1773.39811,ERS6403658,S,NA,NA,S,NA,NA,NA,NA,R,NA,R,S,NA,NA,NA,S,NA,NA,NA,NA,R,R
1773.40823,ERS5281382,S,NA,S,S,NA,S,NA,S,S,R,S,S,S,S,S,S,S,NA,NA,S,R,R
1773.43084,ERS5319197,S,NA,NA,S,NA,NA,NA,NA,S,NA,R,S,NA,NA,NA,S,NA,NA,NA,NA,R,R
1773.43394,ERS5317274,S,NA,NA,S,NA,NA,NA,NA,S,NA,R,S,NA,NA,NA,S,NA,NA,NA,NA,R,R
1773.4613,SRR2100823,NA,NA,NA,NA,S,NA,NA,NA,S,NA,R,NA,NA,NA,NA,NA,NA,NA,S,NA,S,NA
1773.4633,SRR2100844,NA,NA,NA,NA,NA,NA,NA,NA,S,NA,S,NA,NA,NA,NA,NA,NA,NA,R,NA,S,NA
1773.4655,SRR2100866,NA,NA,NA,NA,S,NA,NA,NA,S,NA,R,NA,NA,NA,NA,NA,NA,NA,S,NA,S,NA
1773.4677,SRR2100890,S,S,NA,S,S,NA,NA,NA,S,NA,R,S,NA,NA,S,NA,NA,NA,R,NA,R,NA
1773.5023,SRR2101343,S,S,NA,S,NA,NA,NA,NA,S,NA,S,S,NA,NA,S,NA,NA,NA,S,NA,S,S
1773.5055,SRR2101382,S,S,NA,S,NA,NA,NA,NA,S,NA,S,S,NA,NA,S,NA,NA,NA,S,NA,S,S
1773.5097,SRR2101425,S,S,NA,S,NA,NA,NA,NA,S,NA,S,S,NA,NA,S,NA,NA,NA,S,NA,S,S
1773.5116,SRR2101445,S,S,NA,S,NA,NA,NA,NA,S,NA,S,S,NA,NA,S,NA,NA,NA,S,NA,S,S
1773.531,SRR2101652,S,S,NA,S,NA,NA,NA,NA,S,NA,S,S,NA,NA,S,NA,NA,NA,S,NA,S,S
1773.5362,SRR2101715,S,S,NA,S,NA,NA,NA,NA,S,NA,S,S,NA,NA,S,NA,NA,NA,S,NA,S,S
1773.5378,SRR2101731,S,R,NA,S,NA,NA,NA,NA,S,NA,R,S,NA,NA,R,NA,NA,NA,R,NA,R,R
1773.5434,SRR2101790,S,S,NA,S,NA,NA,NA,NA,S,NA,S,S,NA,NA,S,NA,NA,NA,S,NA,S,S
1773.5489,ERR552523,NA,NA,NA,NA,NA,NA,NA,NA,S,NA,S,NA,NA,NA,NA,NA,NA,NA,S,NA,S,S
1773.5511,ERR551998,NA,NA,NA,NA,NA,NA,NA,NA,S,NA,S,NA,NA,NA,NA,NA,NA,NA,S,NA,S,R
1773.553,ERR553037,NA,NA,NA,NA,NA,NA,NA,NA,R,NA,R,NA,NA,NA,NA,NA,NA,NA,S,NA,R,R
1773.5532,ERR552411,NA,NA,NA,NA,NA,NA,NA,NA,S,NA,S,NA,NA,NA,NA,NA,NA,NA,S,NA,S,R
1773.5877,ERR046986,NA,NA,NA,NA,NA,NA,NA,NA,S,NA,R,NA,NA,NA,NA,NA,NA,NA,S,NA,S,NA
1773.29162,ERS1157824,S,NA,NA,S,NA,NA,NA,NA,S,R,S,S,NA,NA,NA,S,NA,NA,S,NA,S,R
1773.29427,ERR551130,R,NA,NA,S,NA,NA,S,NA,R,NA,R,S,NA,NA,NA,S,S,S,R,NA,R,R
1773.31072,ERS1987054,S,NA,NA,S,NA,NA,NA,NA,S,NA,R,S,NA,NA,NA,S,NA,NA,NA,NA,R,R
1773.31076,ERS1987061,S,NA,NA,S,NA,NA,NA,NA,S,NA,S,S,NA,NA,NA,S,NA,NA,NA,NA,S,R
1773.31099,ERS1987088,S,NA,NA,S,NA,NA,NA,NA,S,NA,S,S,NA,NA,NA,S,NA,NA,NA,NA,R,R
1773.32046,ERS3371817,S,NA,NA,S,NA,NA,NA,NA,S,NA,R,S,NA,NA,NA,S,NA,NA,NA,NA,R,R
1773.32124,ERS3371908,S,NA,NA,S,NA,NA,NA,NA,S,NA,R,S,NA,NA,NA,S,NA,NA,NA,NA,S,R
1773.3254,ERS5281561,S,NA,NA,S,NA,NA,NA,NA,S,NA,S,S,NA,NA,NA,S,NA,NA,NA,NA,R,R
1773.32605,ERS5281633,S,NA,NA,S,NA,NA,NA,NA,S,NA,R,S,NA,NA,NA,S,NA,NA,NA,NA,R,R
1773.32625,ERS5281653,S,NA,NA,S,NA,NA,NA,NA,S,NA,R,S,NA,NA,NA,S,NA,NA,NA,NA,R,R
1773.32632,ERS5281664,S,NA,NA,S,NA,NA,NA,NA,S,NA,R,S,NA,NA,NA,R,NA,NA,NA,NA,R,R
1773.32715,ERS5281805,S,NA,NA,S,NA,NA,NA,NA,R,NA,R,S,NA,NA,NA,S,NA,NA,NA,NA,R,R
1773.32724,ERS5281825,S,NA,NA,S,NA,NA,NA,NA,R,NA,R,S,NA,NA,NA,S,NA,NA,NA,NA,R,R
1773.32752,ERS5281882,S,NA,NA,S,NA,NA,NA,NA,S,NA,S,S,NA,NA,NA,S,NA,NA,NA,NA,S,R
1773.33219,ERS5282456,S,NA,NA,S,NA,NA,NA,NA,S,NA,R,S,NA,NA,NA,S,NA,NA,NA,NA,R,R
1773.33374,ERS5282639,S,NA,NA,S,NA,NA,NA,NA,S,NA,S,S,NA,NA,NA,S,NA,NA,NA,NA,S,R
1773.33454,ERS5282746,S,NA,NA,S,NA,NA,NA,NA,S,NA,S,S,NA,NA,NA,S,NA,NA,NA,NA,R,R
1773.33666,ERS5297994,S,NA,NA,S,NA,NA,NA,NA,S,NA,R,S,NA,NA,NA,S,NA,NA,NA,NA,R,R
1773.33684,ERS5298011,S,NA,NA,S,NA,NA,NA,NA,S,NA,R,S,NA,NA,NA,S,NA,NA,NA,NA,R,R
1773.33686,ERS5298013,S,NA,NA,S,NA,NA,NA,NA,S,NA,S,S,NA,NA,NA,S,NA,NA,NA,NA,S,R
1773.33715,ERS5298042,S,NA,NA,S,NA,NA,NA,NA,S,NA,S,S,NA,NA,NA,S,NA,NA,NA,NA,S,R
1773.33717,ERS5298044,R,NA,NA,R,NA,NA,NA,NA,S,NA,R,R,NA,NA,NA,S,NA,NA,NA,NA,S,S
1773.33998,ERS5298348,S,NA,NA,S,NA,NA,NA,NA,S,NA,S,S,NA,NA,NA,S,NA,NA,NA,NA,R,R
1773.34635,ERS5301021,S,NA,NA,S,NA,NA,NA,NA,R,NA,R,S,NA,NA,NA,S,NA,NA,NA,NA,R,R
1773.34956,ERS5302080,S,NA,NA,S,NA,NA,NA,NA,S,NA,S,S,NA,NA,NA,S,NA,NA,NA,NA,S,R
1773.34957,ERS5302081,S,NA,NA,S,NA,NA,NA,NA,S,NA,R,S,NA,NA,NA,S,NA,NA,NA,NA,R,R
1773.34968,ERS5302094,S,NA,NA,S,NA,NA,NA,NA,S,NA,S,S,NA,NA,NA,S,NA,NA,NA,NA,S,R
1773.3533,ERS5302562,S,NA,NA,S,NA,NA,NA,NA,S,NA,S,S,NA,NA,NA,S,NA,NA,NA,NA,S,R
1773.35378,ERS5302614,S,NA,NA,S,NA,NA,NA,NA,S,NA,S,S,NA,NA,NA,S,NA,NA,NA,NA,S,R
1773.35405,ERS5302644,S,NA,NA,S,NA,NA,NA,NA,S,NA,S,S,NA,NA,NA,S,NA,NA,NA,NA,S,R
1773.36626,ERS5312529,S,NA,NA,S,NA,NA,NA,NA,S,NA,S,S,NA,NA,NA,S,NA,NA,NA,NA,S,R
1773.36761,ERS5312690,S,NA,NA,S,NA,NA,NA,NA,S,NA,S,S,NA,NA,NA,S,NA,NA,NA,NA,R,R
1773.37494,ERS5318747,S,NA,NA,S,NA,NA,NA,NA,S,NA,S,S,NA,NA,NA,S,NA,NA,NA,NA,S,R
1773.37816,ERS5319252,S,NA,NA,S,NA,NA,NA,NA,S,NA,S,S,NA,NA,NA,S,NA,NA,NA,NA,R,R
1773.38135,ERS5319894,S,NA,NA,S,NA,NA,NA,NA,S,NA,R,S,NA,NA,NA,S,NA,NA,NA,NA,R,R
1773.38298,ERS5320083,S,NA,NA,S,NA,NA,NA,NA,R,NA,R,S,NA,NA,NA,S,NA,NA,NA,NA,R,R
1773.38306,ERS5320093,S,NA,NA,R,NA,NA,NA,NA,R,NA,R,S,NA,NA,NA,S,NA,NA,NA,NA,R,R
1773.38486,ERS5320290,S,NA,NA,S,NA,NA,NA,NA,S,NA,S,S,NA,NA,NA,S,NA,NA,NA,NA,S,R
1773.38493,ERS5320303,S,NA,NA,S,NA,NA,NA,NA,S,NA,S,S,NA,NA,NA,S,NA,NA,NA,NA,S,R
1773.39061,ERS6402787,S,NA,NA,S,NA,NA,NA,NA,S,NA,S,S,NA,NA,NA,S,NA,NA,NA,NA,S,R
1773.39333,ERS6403103,S,NA,NA,S,NA,NA,NA,NA,S,NA,S,S,NA,NA,NA,S,NA,NA,NA,NA,S,R
1773.39416,ERS6403196,S,NA,NA,S,NA,NA,NA,NA,S,NA,R,S,NA,NA,NA,S,NA,NA,NA,NA,R,R
1773.39674,ERS6403499,S,NA,NA,S,NA,NA,NA,NA,S,NA,S,S,NA,NA,NA,S,NA,NA,NA,NA,R,R
1773.40049,ERS6421600,S,NA,NA,S,NA,NA,NA,NA,S,NA,S,S,NA,NA,NA,S,NA,NA,NA,NA,S,S
1773.40101,ERS6421657,S,NA,NA,S,NA,NA,NA,NA,S,NA,S,S,NA,NA,NA,S,NA,NA,NA,NA,R,R
1773.40117,ERS6421670,S,NA,NA,S,NA,NA,NA,NA,S,NA,S,S,NA,NA,NA,S,NA,NA,NA,NA,S,R
1773.40118,ERS6421675,S,NA,NA,S,NA,NA,NA,NA,S,NA,S,S,NA,NA,NA,S,NA,NA,NA,NA,S,R
1773.40171,ERS6421730,S,NA,NA,S,NA,NA,NA,NA,S,NA,S,S,NA,NA,NA,S,NA,NA,NA,NA,S,R
1773.40222,ERS6421784,S,NA,NA,S,NA,NA,NA,NA,S,NA,S,S,NA,NA,NA,S,NA,NA,NA,NA,R,R
1773.4026,ERS6421862,S,NA,NA,S,NA,NA,NA,NA,S,NA,R,S,NA,NA,NA,S,NA,NA,NA,NA,S,S
1773.41887,ERS5282578,S,NA,S,S,NA,S,NA,S,S,S,S,S,R,S,S,S,R,NA,NA,S,S,R
1773.4228,ERS5282984,S,NA,S,S,NA,S,NA,S,S,S,S,S,S,S,S,S,S,NA,NA,S,S,S
1773.42491,ERS5283217,S,NA,S,S,NA,S,NA,R,S,S,S,S,R,R,S,S,S,NA,NA,S,S,R
1773.42696,ERR7361965,S,NA,NA,S,NA,NA,NA,NA,S,NA,R,S,NA,NA,NA,S,NA,NA,NA,NA,S,R
1773.42703,ERR7361975,R,NA,NA,R,NA,NA,NA,NA,S,NA,R,R,NA,NA,NA,R,NA,NA,NA,NA,S,S
1773.42785,SRR10500315,S,NA,NA,S,NA,NA,NA,NA,S,NA,R,S,NA,NA,NA,S,NA,NA,NA,NA,R,S
1773.42878,SRR8758886,S,NA,NA,S,NA,NA,NA,NA,S,NA,R,S,NA,NA,NA,S,NA,NA,NA,NA,S,R
1773.43066,ERS5320074,S,NA,NA,S,NA,NA,NA,NA,S,NA,R,S,NA,NA,NA,S,NA,NA,NA,NA,R,R
1773.43094,ERS5312475,S,NA,NA,R,NA,NA,NA,NA,S,NA,S,S,NA,NA,NA,S,NA,NA,NA,NA,R,R
1773.4346,ERS5317451,S,NA,NA,S,NA,NA,NA,NA,S,NA,R,S,NA,NA,NA,S,NA,NA,NA,NA,R,R
1773.43619,ERS6403655,R,NA,NA,R,NA,NA,NA,NA,S,NA,R,R,NA,NA,NA,S,NA,NA,NA,NA,R,S
1773.4365,ERS6422068,R,NA,NA,S,NA,NA,NA,NA,S,NA,R,R,NA,NA,NA,R,NA,NA,NA,NA,S,S
1773.43738,ERR7361972,R,NA,NA,R,NA,NA,NA,NA,S,NA,R,R,NA,NA,NA,S,NA,NA,NA,NA,R,S
1773.18371,ERR1035358,S,NA,NA,S,NA,NA,NA,NA,S,NA,S,S,NA,NA,NA,R,NA,NA,NA,NA,R,R
1773.2333,ERR1654699,S,NA,NA,S,NA,NA,NA,NA,S,NA,R,S,NA,NA,NA,S,NA,NA,NA,NA,R,R
1773.23354,ERR1654682,S,NA,NA,S,NA,NA,NA,NA,S,NA,R,S,NA,NA,NA,S,NA,NA,NA,NA,R,R
1773.23393,ERR2120251,S,NA,NA,S,NA,NA,NA,NA,R,NA,R,S,NA,NA,NA,S,NA,NA,R,NA,R,S
1773.32373,ERS5281297,S,NA,NA,S,NA,NA,NA,NA,S,NA,S,S,NA,NA,NA,S,NA,NA,NA,NA,S,S
1773.32481,ERS5281488,S,NA,NA,S,NA,NA,NA,NA,S,NA,R,S,NA,NA,NA,S,NA,NA,NA,NA,R,S
1773.32633,ERS5281661,S,NA,NA,S,NA,NA,NA,NA,R,NA,R,S,NA,NA,NA,S,NA,NA,NA,NA,R,R
1773.3332,ERS5282574,S,NA,NA,S,NA,NA,NA,NA,S,NA,R,S,NA,NA,NA,S,NA,NA,NA,NA,R,R
1773.35605,ERS5302891,S,NA,NA,S,NA,NA,NA,NA,S,NA,S,S,NA,NA,NA,S,NA,NA,NA,NA,S,R
1773.35835,ERS5303238,R,NA,NA,R,NA,NA,NA,NA,S,NA,R,R,NA,NA,NA,S,NA,NA,NA,NA,R,R
1773.37716,ERS5319138,S,NA,NA,S,NA,NA,NA,NA,S,NA,R,S,NA,NA,NA,S,NA,NA,NA,NA,R,R
1773.38324,ERS5320107,S,NA,NA,S,NA,NA,NA,NA,R,NA,R,S,NA,NA,NA,R,NA,NA,NA,NA,R,R
1773.38327,ERS5320113,S,NA,NA,S,NA,NA,NA,NA,S,NA,S,S,NA,NA,NA,S,NA,NA,NA,NA,S,R
1773.38542,ERS5320366,S,NA,NA,S,NA,NA,NA,NA,S,NA,S,S,NA,NA,NA,S,NA,NA,NA,NA,R,R
1773.39015,ERS6402728,R,NA,NA,R,NA,NA,NA,NA,S,NA,R,R,NA,NA,NA,S,NA,NA,NA,NA,R,S
1773.39047,ERS6402772,S,NA,NA,S,NA,NA,NA,NA,S,NA,S,S,NA,NA,NA,S,NA,NA,NA,NA,S,R
1773.42468,ERS5283196,S,NA,S,S,NA,S,NA,S,R,S,S,S,R,S,S,S,S,NA,NA,S,S,R
1773.42482,ERS5283208,S,NA,S,S,NA,S,NA,R,R,S,S,S,R,S,S,S,R,NA,NA,S,S,R
1773.43587,ERS5317472,S,NA,NA,S,NA,NA,NA,NA,S,NA,R,S,NA,NA,NA,S,NA,NA,NA,NA,R,R
1773.18392,ERR1034596,R,NA,NA,R,R,NA,NA,NA,R,S,R,R,NA,NA,NA,S,NA,NA,R,NA,R,S
1773.20476,ERR1035038,R,NA,NA,R,NA,NA,NA,NA,S,S,R,R,NA,NA,NA,R,NA,NA,NA,NA,R,S
1773.23327,ERR1654701,S,NA,NA,S,NA,NA,NA,NA,S,NA,S,S,NA,NA,NA,S,NA,NA,NA,NA,S,R
1773.23369,ERR1654694,S,NA,NA,S,NA,NA,NA,NA,S,NA,R,S,NA,NA,NA,S,NA,NA,NA,NA,R,R
1773.31113,ERS1987105,S,NA,NA,S,NA,NA,NA,NA,S,NA,R,S,NA,NA,NA,S,NA,NA,NA,NA,S,R
1773.33428,ERS5282714,S,NA,NA,S,NA,NA,NA,NA,S,NA,R,S,NA,NA,NA,S,NA,NA,NA,NA,R,R
1773.35593,ERS5302878,S,NA,NA,S,NA,NA,NA,NA,S,NA,S,S,NA,NA,NA,S,NA,NA,NA,NA,S,R
1773.36741,ERS5312664,S,NA,NA,S,NA,NA,NA,NA,S,NA,R,S,NA,NA,NA,S,NA,NA,NA,NA,R,R
1773.36958,ERS5317680,S,NA,NA,S,NA,NA,NA,NA,S,NA,S,S,NA,NA,NA,S,NA,NA,NA,NA,R,R
1773.37675,ERS5319047,S,NA,NA,S,NA,NA,NA,NA,S,NA,R,S,NA,NA,NA,S,NA,NA,NA,NA,S,R
1773.37744,ERS5319170,S,NA,NA,S,NA,NA,NA,NA,S,NA,R,S,NA,NA,NA,S,NA,NA,NA,NA,R,R
1773.38255,ERS5320039,R,NA,NA,R,NA,NA,NA,NA,R,NA,R,R,NA,NA,NA,R,NA,NA,NA,NA,R,R
1773.38274,ERS5320057,S,NA,NA,S,NA,NA,NA,NA,R,NA,R,S,NA,NA,NA,R,NA,NA,NA,NA,R,R
1773.38579,ERS5320246,S,NA,NA,S,NA,NA,NA,NA,S,NA,S,S,NA,NA,NA,S,NA,NA,NA,NA,S,S
1773.4006,ERS6421613,S,NA,NA,S,NA,NA,NA,NA,S,NA,S,S,NA,NA,NA,S,NA,NA,NA,NA,S,R
1773.42128,ERS5282830,S,NA,S,S,NA,S,NA,R,S,S,S,S,R,R,S,S,R,NA,NA,S,S,R
1773.42508,ERS5283235,S,NA,S,S,NA,S,NA,S,S,S,S,S,S,S,S,S,S,NA,NA,S,S,R
1773.42768,ERR7362043,S,NA,NA,S,NA,NA,NA,NA,S,NA,R,S,NA,NA,NA,S,NA,NA,NA,NA,S,R
1773.32566,ERS5281594,S,NA,NA,S,NA,NA,NA,NA,S,NA,R,S,NA,NA,NA,S,NA,NA,NA,NA,S,S
1773.32974,ERS5282145,S,NA,NA,S,NA,NA,NA,NA,S,NA,S,S,NA,NA,NA,S,NA,NA,NA,NA,S,S
1773.36676,ERS5312587,S,NA,NA,S,NA,NA,NA,NA,S,NA,S,S,NA,NA,NA,S,NA,NA,NA,NA,S,R
1773.38291,ERS5320065,S,NA,NA,S,NA,NA,NA,NA,S,NA,R,S,NA,NA,NA,R,NA,NA,NA,NA,R,R
1773.38296,ERS5320081,S,NA,NA,S,NA,NA,NA,NA,R,NA,R,S,NA,NA,NA,S,NA,NA,NA,NA,R,R
1773.43359,ERS5317330,S,NA,NA,S,NA,NA,NA,NA,S,NA,S,S,NA,NA,NA,S,NA,NA,NA,NA,R,R
1773.43518,ERS5317425,S,NA,NA,S,NA,NA,NA,NA,S,NA,S,S,NA,NA,NA,S,NA,NA,NA,NA,S,R
1773.20966,ERR3256142,S,NA,NA,S,NA,NA,NA,NA,S,NA,R,S,NA,NA,NA,S,NA,NA,NA,NA,R,S
1773.2452,ERR552249,NA,NA,NA,NA,NA,NA,NA,NA,S,NA,S,NA,NA,NA,NA,NA,NA,NA,S,NA,S,S
1773.2595,ERR551405,NA,NA,NA,NA,NA,NA,NA,NA,S,NA,S,NA,NA,NA,NA,NA,NA,NA,S,NA,S,R
1773.266,ERR551632,NA,NA,NA,NA,NA,NA,NA,NA,S,NA,S,NA,NA,NA,NA,NA,NA,NA,S,NA,S,R
1773.2837,ERR551225,NA,NA,NA,NA,NA,NA,NA,NA,S,NA,S,NA,NA,NA,NA,NA,NA,NA,S,NA,S,S
1773.2914,ERR550628,NA,NA,NA,NA,NA,NA,NA,NA,S,NA,S,NA,NA,NA,NA,NA,NA,NA,S,NA,S,S
1773.3106,ERS1987039,S,NA,NA,S,NA,NA,NA,NA,S,NA,S,S,NA,NA,NA,S,NA,NA,NA,NA,R,R
1773.31065,ERS1987046,S,NA,NA,S,NA,NA,NA,NA,S,NA,R,S,NA,NA,NA,S,NA,NA,NA,NA,R,R
1773.3115,ERR553051,R,S,NA,R,NA,NA,NA,NA,R,NA,R,NA,NA,NA,NA,NA,NA,NA,R,NA,R,R
1773.3125,ERR553362,NA,NA,NA,NA,NA,NA,NA,NA,S,NA,S,NA,NA,NA,NA,NA,NA,NA,S,NA,S,S
1773.31323,ERS1987329,S,NA,NA,S,NA,NA,NA,NA,S,NA,S,S,NA,NA,NA,S,NA,NA,NA,NA,R,R
1773.31345,ERS1987355,S,NA,NA,S,NA,NA,NA,NA,S,NA,S,S,NA,NA,NA,S,NA,NA,NA,NA,R,R
1773.31351,ERS1987365,S,NA,NA,S,NA,NA,NA,NA,S,NA,S,S,NA,NA,NA,S,NA,NA,NA,NA,S,R
1773.3151,ERR550685,S,S,NA,S,NA,NA,NA,NA,R,NA,R,NA,NA,NA,NA,NA,NA,NA,S,NA,R,R
1773.32108,ERS3371893,S,NA,NA,S,NA,NA,NA,NA,S,NA,R,S,NA,NA,NA,S,NA,NA,NA,NA,S,S
1773.3211,ERS3371895,S,NA,NA,S,NA,NA,NA,NA,S,NA,R,S,NA,NA,NA,S,NA,NA,NA,NA,S,R
1773.3221,ERR552028,NA,NA,NA,NA,NA,NA,NA,NA,S,NA,S,NA,NA,NA,NA,NA,NA,NA,S,NA,S,S
1773.3288,ERS5282024,S,NA,NA,S,NA,NA,NA,NA,S,NA,S,S,NA,NA,NA,S,NA,NA,NA,NA,R,R
1773.3335,ERR551007,NA,NA,NA,NA,NA,NA,NA,NA,S,NA,S,NA,NA,NA,NA,NA,NA,NA,S,NA,S,S
1773.33639,ERS5297951,S,NA,NA,S,NA,NA,NA,NA,S,NA,S,S,NA,NA,NA,S,NA,NA,NA,NA,S,R
1773.33677,ERS5298004,S,NA,NA,S,NA,NA,NA,NA,R,NA,R,S,NA,NA,NA,S,NA,NA,NA,NA,R,R
1773.33703,ERS5298026,S,NA,NA,S,NA,NA,NA,NA,S,NA,S,S,NA,NA,NA,S,NA,NA,NA,NA,S,R
1773.33742,ERS5298073,S,NA,NA,S,NA,NA,NA,NA,S,NA,S,S,NA,NA,NA,S,NA,NA,NA,NA,S,R
1773.3397,ERS5298326,S,NA,NA,S,NA,NA,NA,NA,S,NA,S,S,NA,NA,NA,S,NA,NA,NA,NA,R,R
1773.35174,ERS5302363,S,NA,NA,S,NA,NA,NA,NA,S,NA,S,S,NA,NA,NA,S,NA,NA,NA,NA,R,R
1773.3519,ERR551290,S,S,NA,S,NA,NA,S,NA,R,NA,R,NA,NA,NA,NA,S,S,S,R,NA,R,R
1773.3528,ERR552774,R,S,NA,R,NA,NA,S,NA,S,NA,R,NA,NA,NA,NA,S,S,S,R,NA,R,R
1773.3537,ERR038259,NA,NA,NA,NA,NA,NA,NA,NA,S,NA,S,NA,NA,NA,NA,NA,NA,NA,S,NA,S,NA
1773.3639,ERR046744,NA,NA,NA,NA,NA,NA,NA,NA,S,NA,S,NA,NA,NA,NA,NA,NA,NA,S,NA,S,NA
1773.3685,ERR046798,NA,NA,NA,NA,NA,NA,NA,NA,S,NA,S,NA,NA,NA,NA,NA,NA,NA,S,NA,S,S
1773.3732,ERR046855,NA,NA,NA,NA,S,NA,NA,NA,S,NA,R,NA,NA,NA,NA,NA,NA,NA,S,NA,R,NA
1773.3763,ERR046890,NA,NA,NA,NA,NA,NA,NA,NA,S,NA,S,NA,NA,NA,NA,NA,NA,NA,S,NA,S,NA
1773.3787,ERR046923,NA,NA,NA,NA,NA,NA,NA,NA,S,NA,S,NA,NA,NA,NA,NA,NA,NA,S,NA,S,NA
1773.3792,ERR046928,NA,NA,NA,NA,NA,NA,NA,NA,S,NA,S,NA,NA,NA,NA,NA,NA,NA,S,NA,S,NA
1773.3813,ERR046952,NA,NA,NA,NA,NA,NA,NA,NA,S,NA,S,NA,NA,NA,NA,NA,NA,NA,S,NA,S,NA
1773.3814,ERR046953,NA,NA,NA,NA,S,NA,NA,NA,S,NA,S,NA,NA,NA,NA,NA,NA,NA,S,NA,S,NA
1773.382,ERR046963,NA,NA,NA,NA,NA,NA,NA,NA,S,NA,S,NA,NA,NA,NA,NA,NA,NA,S,NA,S,NA
1773.3854,ERR046999,NA,NA,NA,NA,NA,NA,NA,NA,S,NA,S,NA,NA,NA,NA,NA,NA,NA,S,NA,S,NA
1773.38557,ERS5320381,S,NA,NA,S,NA,NA,NA,NA,S,NA,S,S,NA,NA,NA,S,NA,NA,NA,NA,S,R
1773.3863,ERR047009,NA,NA,NA,NA,NA,NA,NA,NA,S,NA,S,NA,NA,NA,NA,NA,NA,NA,S,NA,S,NA
1773.38987,ERS6402703,R,NA,NA,R,NA,NA,NA,NA,S,NA,R,R,NA,NA,NA,S,NA,NA,NA,NA,R,R
1773.391,SRR2100112,NA,NA,NA,NA,NA,NA,NA,NA,S,NA,S,NA,NA,NA,NA,NA,NA,NA,S,NA,S,NA
1773.39466,ERS6403261,S,NA,NA,S,NA,NA,NA,NA,S,NA,R,S,NA,NA,NA,S,NA,NA,NA,NA,S,R
1773.39805,ERS6403660,R,NA,NA,R,NA,NA,NA,NA,S,NA,S,R,NA,NA,NA,S,NA,NA,NA,NA,R,R
1773.39863,ERS6420759,S,NA,NA,S,NA,NA,NA,NA,S,NA,S,S,NA,NA,NA,S,NA,NA,NA,NA,R,R
1773.4003,ERS6421583,S,NA,NA,S,NA,NA,NA,NA,S,NA,S,S,NA,NA,NA,S,NA,NA,NA,NA,S,R
1773.40034,ERS6421587,S,NA,NA,S,NA,NA,NA,NA,S,NA,S,S,NA,NA,NA,S,NA,NA,NA,NA,S,R
1773.40165,ERS6421728,S,NA,NA,S,NA,NA,NA,NA,S,NA,S,S,NA,NA,NA,S,NA,NA,NA,NA,S,R
1773.40209,ERS6421773,S,NA,NA,S,NA,NA,NA,NA,S,NA,S,S,NA,NA,NA,S,NA,NA,NA,NA,S,R
1773.40431,ERS6422069,S,NA,NA,S,NA,NA,NA,NA,S,NA,S,S,NA,NA,NA,S,NA,NA,NA,NA,S,R
1773.42204,ERS5282914,S,NA,S,S,NA,S,NA,R,S,S,S,S,R,S,S,S,S,NA,NA,S,S,S
1773.4243,SRR2100444,NA,NA,NA,NA,NA,NA,NA,NA,S,NA,S,NA,NA,NA,NA,NA,NA,NA,S,NA,S,S
1773.43195,ERS5302061,S,NA,NA,S,NA,NA,NA,NA,S,NA,S,S,NA,NA,NA,S,NA,NA,NA,NA,S,R
1773.4343,ERS5317304,S,NA,NA,S,NA,NA,NA,NA,S,NA,S,S,NA,NA,NA,S,NA,NA,NA,NA,R,R
1773.5051,SRR2101378,NA,S,NA,NA,NA,NA,NA,NA,S,NA,S,NA,NA,NA,S,NA,NA,NA,NA,NA,NA,NA
1773.5063,SRR2101390,NA,S,NA,NA,NA,NA,NA,NA,S,NA,S,NA,NA,NA,S,NA,NA,NA,NA,NA,NA,NA
1773.5144,SRR2101474,S,S,NA,S,NA,NA,NA,NA,S,NA,S,S,NA,NA,S,NA,NA,NA,S,NA,S,S
1773.515,SRR2101479,S,S,NA,S,NA,NA,NA,NA,S,NA,S,S,NA,NA,S,NA,NA,NA,S,NA,S,S
1773.5376,SRR2101729,S,S,NA,S,NA,NA,NA,NA,S,NA,S,S,NA,NA,S,NA,NA,NA,S,NA,S,S
1773.5459,ERR552605,NA,NA,NA,NA,NA,NA,NA,NA,S,NA,S,NA,NA,NA,NA,NA,NA,NA,S,NA,S,S
1773.5487,ERR551566,NA,NA,NA,NA,NA,NA,NA,NA,S,NA,S,NA,NA,NA,NA,NA,NA,NA,S,NA,S,S
1773.5496,ERR552082,NA,NA,NA,NA,NA,NA,NA,NA,S,NA,S,NA,NA,NA,NA,NA,NA,NA,S,NA,S,S
1773.5522,ERR552094,NA,NA,NA,NA,NA,NA,NA,NA,S,NA,S,NA,NA,NA,NA,NA,NA,NA,S,NA,S,S
1773.5861,SRR2100054,NA,NA,NA,NA,NA,NA,NA,NA,S,NA,S,NA,NA,NA,NA,NA,NA,NA,S,NA,S,NA
1773.18384,ERR1034587,R,NA,NA,S,R,NA,NA,NA,R,S,R,R,NA,NA,NA,R,NA,NA,R,NA,R,R
1773.1996,ERR212038,S,NA,NA,S,NA,NA,NA,NA,S,NA,S,S,NA,NA,NA,S,NA,NA,NA,NA,S,S
1773.20033,ERR212128,S,NA,NA,S,NA,NA,NA,NA,S,NA,S,S,NA,NA,NA,S,NA,NA,NA,NA,S,R
1773.23357,ERR1654652,R,NA,NA,R,NA,NA,NA,NA,S,NA,R,R,NA,NA,NA,S,NA,NA,NA,NA,R,R
1773.31309,ERS1987317,S,NA,NA,S,NA,NA,NA,NA,S,NA,S,S,NA,NA,NA,S,NA,NA,NA,NA,R,R
1773.31589,ERS2394715,R,NA,NA,R,NA,NA,NA,NA,S,NA,R,R,NA,NA,NA,S,NA,NA,NA,NA,R,R
1773.31662,ERS2394823,S,NA,NA,S,NA,NA,NA,NA,S,NA,R,S,NA,NA,NA,S,NA,NA,NA,NA,S,R
1773.31853,ERS3371619,S,NA,NA,S,NA,NA,NA,NA,S,NA,S,S,NA,NA,NA,S,NA,NA,NA,NA,S,R
1773.3192,ERS3371691,S,NA,NA,S,NA,NA,NA,NA,R,NA,R,S,NA,NA,NA,S,NA,NA,NA,NA,S,R
1773.32134,ERS3371922,S,NA,NA,S,NA,NA,NA,NA,R,NA,R,S,NA,NA,NA,S,NA,NA,NA,NA,R,R
1773.32538,ERS5281562,S,NA,NA,S,NA,NA,NA,NA,S,NA,S,S,NA,NA,NA,S,NA,NA,NA,NA,R,R
1773.32643,ERS5281670,S,NA,NA,S,NA,NA,NA,NA,S,NA,S,S,NA,NA,NA,S,NA,NA,NA,NA,S,R
1773.32734,ERS5281847,S,NA,NA,S,NA,NA,NA,NA,R,NA,R,S,NA,NA,NA,S,NA,NA,NA,NA,R,R
1773.32747,ERS5281872,S,NA,NA,S,NA,NA,NA,NA,S,NA,S,S,NA,NA,NA,S,NA,NA,NA,NA,S,R
1773.33599,ERS5297892,R,NA,NA,R,NA,NA,NA,NA,S,NA,R,R,NA,NA,NA,S,NA,NA,NA,NA,S,S
1773.33634,ERS5297937,S,NA,NA,S,NA,NA,NA,NA,S,NA,S,S,NA,NA,NA,S,NA,NA,NA,NA,S,R
1773.33651,ERS5297981,S,NA,NA,S,NA,NA,NA,NA,S,NA,R,S,NA,NA,NA,S,NA,NA,NA,NA,R,R
1773.35632,ERS5302920,S,NA,NA,S,NA,NA,NA,NA,S,NA,S,S,NA,NA,NA,S,NA,NA,NA,NA,S,R
1773.35807,ERS5303127,S,NA,NA,S,NA,NA,NA,NA,S,NA,R,S,NA,NA,NA,S,NA,NA,NA,NA,S,R
1773.35853,ERS5303260,R,NA,NA,R,NA,NA,NA,NA,S,NA,R,R,NA,NA,NA,S,NA,NA,NA,NA,R,R
1773.35912,ERS5303398,S,NA,NA,S,NA,NA,NA,NA,S,NA,S,S,NA,NA,NA,S,NA,NA,NA,NA,S,R
1773.36563,ERS5312470,S,NA,NA,S,NA,NA,NA,NA,R,NA,R,S,NA,NA,NA,S,NA,NA,NA,NA,R,R
1773.36574,ERS5312483,S,NA,NA,S,NA,NA,NA,NA,S,NA,S,S,NA,NA,NA,S,NA,NA,NA,NA,R,R
1773.37068,ERS5317801,S,NA,NA,S,NA,NA,NA,NA,S,NA,R,S,NA,NA,NA,S,NA,NA,NA,NA,R,R
1773.37403,ERS5318604,S,NA,NA,S,NA,NA,NA,NA,S,NA,S,S,NA,NA,NA,S,NA,NA,NA,NA,R,R
1773.37834,ERS5319460,S,NA,NA,S,NA,NA,NA,NA,S,NA,S,S,NA,NA,NA,S,NA,NA,NA,NA,R,R
1773.38134,ERS5319893,S,NA,NA,S,NA,NA,NA,NA,S,NA,R,S,NA,NA,NA,S,NA,NA,NA,NA,R,R
1773.38156,ERS5319912,S,NA,NA,S,NA,NA,NA,NA,S,NA,R,S,NA,NA,NA,S,NA,NA,NA,NA,R,R
1773.38246,ERS5320025,S,NA,NA,S,NA,NA,NA,NA,S,NA,R,S,NA,NA,NA,S,NA,NA,NA,NA,R,R
1773.38275,ERS5320059,S,NA,NA,S,NA,NA,NA,NA,R,NA,R,S,NA,NA,NA,S,NA,NA,NA,NA,R,R
1773.38377,ERS5320161,S,NA,NA,S,NA,NA,NA,NA,S,NA,S,S,NA,NA,NA,S,NA,NA,NA,NA,R,R
1773.38559,ERS5320383,S,NA,NA,S,NA,NA,NA,NA,S,NA,S,S,NA,NA,NA,S,NA,NA,NA,NA,R,R
1773.38645,ERS5320469,S,NA,NA,S,NA,NA,NA,NA,S,NA,S,S,NA,NA,NA,S,NA,NA,NA,NA,R,R
1773.39012,ERS6402730,R,NA,NA,S,NA,NA,NA,NA,S,NA,R,R,NA,NA,NA,S,NA,NA,NA,NA,R,S
1773.39141,ERS6402890,S,NA,NA,S,NA,NA,NA,NA,S,NA,S,S,NA,NA,NA,S,NA,NA,NA,NA,S,R
1773.39221,ERS6402980,S,NA,NA,S,NA,NA,NA,NA,S,NA,S,S,NA,NA,NA,S,NA,NA,NA,NA,S,R
1773.39236,ERS6402997,S,NA,NA,S,NA,NA,NA,NA,S,NA,R,S,NA,NA,NA,S,NA,NA,NA,NA,R,R
1773.39286,ERS6403053,R,NA,NA,R,NA,NA,NA,NA,S,NA,R,R,NA,NA,NA,S,NA,NA,NA,NA,R,S
1773.39289,ERS6403059,S,NA,NA,S,NA,NA,NA,NA,S,NA,S,S,NA,NA,NA,S,NA,NA,NA,NA,S,R
1773.39599,ERS6403422,S,NA,NA,S,NA,NA,NA,NA,S,NA,S,S,NA,NA,NA,S,NA,NA,NA,NA,S,R
1773.39757,ERS6403593,R,NA,NA,R,NA,NA,NA,NA,S,NA,R,R,NA,NA,NA,S,NA,NA,NA,NA,R,S
1773.40108,ERS6421666,S,NA,NA,S,NA,NA,NA,NA,S,NA,S,S,NA,NA,NA,S,NA,NA,NA,NA,S,S
1773.4011,ERS6421665,S,NA,NA,S,NA,NA,NA,NA,S,NA,S,S,NA,NA,NA,S,NA,NA,NA,NA,S,R
1773.40111,ERS6421668,S,NA,NA,S,NA,NA,NA,NA,S,NA,S,S,NA,NA,NA,S,NA,NA,NA,NA,S,S
1773.4016,ERS6421723,S,NA,NA,S,NA,NA,NA,NA,S,NA,S,S,NA,NA,NA,S,NA,NA,NA,NA,S,R
1773.40425,ERS6422063,S,NA,NA,S,NA,NA,NA,NA,S,NA,S,S,NA,NA,NA,S,NA,NA,NA,NA,S,R
1773.40755,ERS5281306,S,NA,S,S,NA,S,NA,S,R,S,R,S,R,S,R,S,R,NA,NA,R,R,R
1773.42251,ERS5282955,S,NA,S,S,NA,S,NA,S,R,S,S,S,R,S,S,S,S,NA,NA,S,S,R
1773.42419,ERS5283143,S,NA,S,S,NA,S,NA,S,R,R,R,S,S,S,S,S,S,NA,NA,R,R,R
1773.42424,ERS5283149,S,NA,S,S,NA,R,NA,R,R,R,R,S,R,S,S,S,R,NA,NA,R,R,S
1773.4243,ERS5283153,R,NA,S,S,NA,R,NA,R,R,R,S,S,R,R,R,S,R,NA,NA,R,S,R
1773.42433,ERS5283164,S,NA,S,S,NA,S,NA,S,S,S,R,S,S,S,S,S,R,NA,NA,S,R,R
1773.42501,ERS5283229,S,NA,S,S,NA,S,NA,R,S,S,R,S,R,R,S,S,S,NA,NA,S,S,R
1773.42664,ERR7361935,S,NA,NA,S,NA,NA,NA,NA,S,NA,S,S,NA,NA,NA,S,NA,NA,NA,NA,S,S
1773.42665,ERR7361934,S,NA,NA,S,NA,NA,NA,NA,S,NA,S,S,NA,NA,NA,S,NA,NA,NA,NA,S,R
1773.42714,ERR7361990,S,NA,NA,S,NA,NA,NA,NA,R,NA,R,S,NA,NA,NA,S,NA,NA,NA,NA,R,R
1773.42777,ERR8025355,S,NA,NA,S,NA,NA,NA,NA,S,NA,R,S,NA,NA,NA,S,NA,NA,NA,NA,R,R
1773.42965,ERS5301005,S,NA,NA,S,NA,NA,NA,NA,S,NA,R,S,NA,NA,NA,S,NA,NA,NA,NA,R,R
1773.43093,ERS5319225,R,NA,NA,R,NA,NA,NA,NA,S,NA,R,R,NA,NA,NA,S,NA,NA,NA,NA,R,R
1773.43202,ERS5302044,S,NA,NA,S,NA,NA,NA,NA,S,NA,S,S,NA,NA,NA,S,NA,NA,NA,NA,R,R
1773.43226,ERS5303420,S,NA,NA,S,NA,NA,NA,NA,S,NA,S,S,NA,NA,NA,S,NA,NA,NA,NA,S,R
1773.43228,ERS5302746,S,NA,NA,S,NA,NA,NA,NA,S,NA,S,S,NA,NA,NA,S,NA,NA,NA,NA,S,R
1773.43241,ERS3371825,S,NA,NA,S,NA,NA,NA,NA,S,NA,R,S,NA,NA,NA,R,NA,NA,NA,NA,R,S
1773.43311,ERS5319760,S,NA,NA,S,NA,NA,NA,NA,S,NA,S,S,NA,NA,NA,S,NA,NA,NA,NA,R,R
1773.43478,ERS5317511,S,NA,NA,S,NA,NA,NA,NA,S,NA,S,S,NA,NA,NA,S,NA,NA,NA,NA,R,R
1773.18626,ERR1034751,S,NA,NA,S,S,NA,NA,NA,S,NA,R,S,NA,NA,NA,S,NA,NA,NA,NA,S,R
1773.18661,ERR1034787,R,NA,NA,R,R,NA,S,NA,S,R,R,R,NA,NA,NA,R,S,NA,R,NA,R,R
1773.18671,ERR1034801,S,NA,NA,R,NA,NA,NA,NA,S,NA,S,S,NA,NA,NA,S,NA,NA,S,NA,S,R
1773.18716,ERR1034577,S,NA,NA,S,NA,NA,NA,NA,S,NA,S,S,NA,NA,NA,S,NA,NA,NA,NA,S,S
1773.20632,ERR1035133,S,NA,NA,R,NA,NA,NA,NA,R,NA,R,S,NA,NA,NA,S,NA,NA,NA,NA,R,R
1773.20657,ERR2124106,S,NA,NA,R,NA,NA,NA,NA,S,NA,S,R,NA,NA,NA,S,NA,NA,NA,NA,R,R
1773.31693,ERS2394869,S,NA,NA,S,NA,NA,NA,NA,S,NA,S,S,NA,NA,NA,R,NA,NA,NA,NA,R,S
1773.32475,ERS5281483,S,NA,NA,S,NA,NA,NA,NA,S,NA,S,S,NA,NA,NA,S,NA,NA,NA,NA,S,S
1773.33184,ERS5282409,S,NA,NA,S,NA,NA,NA,NA,S,NA,S,S,NA,NA,NA,S,NA,NA,NA,NA,S,S
1773.33278,ERS5282528,S,NA,NA,S,NA,NA,NA,NA,S,NA,R,S,NA,NA,NA,S,NA,NA,NA,NA,R,R
1773.33787,ERS5298118,S,NA,NA,S,NA,NA,NA,NA,S,NA,S,S,NA,NA,NA,S,NA,NA,NA,NA,S,R
1773.34795,ERS5301850,S,NA,NA,S,NA,NA,NA,NA,S,NA,R,S,NA,NA,NA,S,NA,NA,NA,NA,R,R
1773.35461,ERS5302716,S,NA,NA,S,NA,NA,NA,NA,S,NA,S,S,NA,NA,NA,S,NA,NA,NA,NA,S,R
1773.38988,ERS6402704,R,NA,NA,R,NA,NA,NA,NA,S,NA,R,R,NA,NA,NA,S,NA,NA,NA,NA,S,S
1773.40901,ERS5281462,S,NA,S,S,NA,S,NA,S,S,S,S,S,R,S,S,S,S,NA,NA,S,R,R
1773.42681,ERR7361949,S,NA,NA,S,NA,NA,NA,NA,S,NA,S,S,NA,NA,NA,S,NA,NA,NA,NA,S,S
1773.43068,ERS5320125,S,NA,NA,S,NA,NA,NA,NA,S,NA,S,S,NA,NA,NA,S,NA,NA,NA,NA,S,R
1773.43508,ERS5317567,S,NA,NA,S,NA,NA,NA,NA,S,NA,S,S,NA,NA,NA,S,NA,NA,NA,NA,S,R
1773.18203,ERR1873450,R,NA,NA,R,NA,NA,S,NA,R,R,R,R,NA,NA,S,S,S,NA,R,NA,R,R
1773.19709,ERR181919,S,NA,NA,S,NA,NA,NA,NA,S,NA,S,S,NA,NA,NA,S,NA,NA,NA,NA,S,R
1773.20049,ERR212146,S,NA,NA,S,NA,NA,NA,NA,S,NA,R,S,NA,NA,NA,S,NA,NA,S,NA,R,S
1773.33161,ERS5282377,S,NA,NA,S,NA,NA,NA,NA,S,NA,S,S,NA,NA,NA,S,NA,NA,NA,NA,S,R
1773.33376,ERS5282643,S,NA,NA,S,NA,NA,NA,NA,S,NA,S,S,NA,NA,NA,S,NA,NA,NA,NA,S,R
1773.36532,ERS5312439,R,NA,NA,R,NA,NA,NA,NA,R,NA,R,R,NA,NA,NA,S,NA,NA,NA,NA,S,R
1773.37057,ERS5317790,S,NA,NA,S,NA,NA,NA,NA,S,NA,R,S,NA,NA,NA,S,NA,NA,NA,NA,R,R
1773.37679,ERS5319092,S,NA,NA,S,NA,NA,NA,NA,S,NA,S,S,NA,NA,NA,S,NA,NA,NA,NA,R,R
1773.42675,ERR7361942,S,NA,NA,S,NA,NA,NA,NA,S,NA,S,S,NA,NA,NA,S,NA,NA,NA,NA,S,R
1773.43535,ERS5317484,S,NA,NA,S,NA,NA,NA,NA,S,NA,R,S,NA,NA,NA,S,NA,NA,NA,NA,R,R
1773.18202,ERR1873552,R,NA,NA,R,NA,NA,R,NA,R,R,R,R,NA,NA,R,R,R,NA,R,NA,R,R
1773.2335,ERR1654644,S,NA,NA,S,NA,NA,NA,NA,S,NA,R,S,NA,NA,NA,S,NA,NA,NA,NA,R,R
1773.32588,ERS5281613,S,NA,NA,S,NA,NA,NA,NA,R,NA,R,S,NA,NA,NA,R,NA,NA,NA,NA,R,R
1773.38421,ERS5320225,S,NA,NA,S,NA,NA,NA,NA,S,NA,S,S,NA,NA,NA,S,NA,NA,NA,NA,R,R
1773.41103,ERS5281662,S,NA,S,R,NA,S,NA,S,S,S,S,S,S,S,S,S,S,NA,NA,S,S,S
1773.42877,SRR8758884,S,NA,NA,S,NA,NA,NA,NA,S,NA,R,S,NA,NA,NA,R,NA,NA,NA,NA,R,R
1773.43554,ERS5317512,S,NA,NA,S,NA,NA,NA,NA,S,NA,S,S,NA,NA,NA,S,NA,NA,NA,NA,R,R
1773.20182,ERR221611,S,NA,NA,S,NA,NA,NA,NA,S,NA,S,S,NA,NA,NA,S,NA,NA,NA,NA,R,S
1773.15468,SRR6397678,S,NA,NA,S,NA,NA,NA,NA,S,NA,S,S,NA,NA,NA,S,NA,NA,NA,NA,R,R
1773.371,ERS5317836,S,NA,NA,S,NA,NA,NA,NA,S,NA,S,S,NA,NA,NA,S,NA,NA,NA,NA,R,R
1773.38314,ERS5320103,S,NA,NA,S,NA,NA,NA,NA,S,NA,S,S,NA,NA,NA,S,NA,NA,NA,NA,S,R
1773.43099,ERS5282596,S,NA,NA,S,NA,NA,NA,NA,S,NA,S,S,NA,NA,NA,S,NA,NA,NA,NA,S,R
1773.40577,ERR3323714,S,NA,NA,S,NA,NA,NA,NA,S,NA,S,S,NA,NA,NA,S,NA,NA,NA,NA,S,S
1773.1426,ERS094150,R,NA,NA,R,NA,NA,NA,NA,S,NA,R,NA,NA,NA,S,S,NA,S,S,NA,R,R
1773.18438,ERR1035221,R,NA,NA,R,NA,NA,S,NA,R,R,R,R,NA,NA,R,R,S,NA,R,NA,R,S
1773.18597,ERR1034721,S,NA,NA,S,NA,NA,NA,NA,S,NA,S,S,NA,NA,NA,S,NA,NA,R,NA,R,R
1773.2743,ERR551433,NA,NA,NA,NA,NA,NA,NA,NA,S,NA,S,NA,NA,NA,NA,NA,NA,NA,S,NA,S,S
1773.28,ERR552399,S,S,NA,S,NA,NA,NA,NA,S,NA,R,NA,NA,NA,NA,NA,NA,NA,R,NA,R,R
1773.2885,ERR551434,NA,NA,NA,NA,NA,NA,NA,NA,S,NA,S,NA,NA,NA,NA,NA,NA,NA,S,NA,S,S
1773.2943,ERR552883,S,R,NA,S,NA,NA,NA,NA,R,NA,R,NA,NA,NA,NA,NA,NA,NA,R,NA,R,R
1773.2947,ERR551105,S,S,NA,S,NA,NA,NA,NA,R,NA,R,NA,NA,NA,NA,NA,NA,NA,R,NA,R,R
1773.3019,ERR552278,NA,NA,NA,NA,NA,NA,NA,NA,S,NA,S,NA,NA,NA,NA,NA,NA,NA,S,NA,S,S
1773.3122,ERR552737,NA,NA,NA,NA,NA,NA,NA,NA,S,NA,S,NA,NA,NA,NA,NA,NA,NA,S,NA,S,S
1773.3154,ERR551461,S,S,NA,S,NA,NA,NA,NA,R,NA,R,NA,NA,NA,NA,NA,NA,NA,R,NA,R,R
1773.3357,ERS5297852,S,NA,NA,S,NA,NA,NA,NA,S,NA,S,S,NA,NA,NA,S,NA,NA,NA,NA,S,R
1773.33646,ERS5297972,S,NA,NA,S,NA,NA,NA,NA,S,NA,S,S,NA,NA,NA,S,NA,NA,NA,NA,S,R
1773.33813,ERS5298144,S,NA,NA,S,NA,NA,NA,NA,S,NA,S,S,NA,NA,NA,S,NA,NA,NA,NA,S,R
1773.34159,ERS5298670,S,NA,NA,S,NA,NA,NA,NA,S,NA,S,S,NA,NA,NA,S,NA,NA,NA,NA,S,R
1773.3452,ERR552744,NA,NA,NA,NA,NA,NA,NA,NA,S,NA,S,NA,NA,NA,NA,NA,NA,NA,S,NA,S,S
1773.3471,ERR551565,NA,NA,NA,NA,NA,NA,NA,NA,S,NA,S,NA,NA,NA,NA,NA,NA,NA,S,NA,S,S
1773.35425,ERS5302673,S,NA,NA,S,NA,NA,NA,NA,S,NA,S,S,NA,NA,NA,S,NA,NA,NA,NA,R,R
1773.35725,ERS5303091,S,NA,NA,S,NA,NA,NA,NA,S,NA,S,S,NA,NA,NA,S,NA,NA,NA,NA,R,R
1773.3582,ERR039329,NA,NA,NA,NA,NA,NA,NA,NA,S,NA,S,NA,NA,NA,NA,NA,NA,NA,S,NA,S,NA
1773.3629,ERR046734,NA,NA,NA,NA,NA,NA,NA,NA,S,NA,S,NA,NA,NA,NA,NA,NA,NA,S,NA,S,NA
1773.36709,ERS5312624,S,NA,NA,S,NA,NA,NA,NA,S,NA,S,S,NA,NA,NA,S,NA,NA,NA,NA,S,R
1773.37401,ERS5318600,S,NA,NA,S,NA,NA,NA,NA,S,NA,S,S,NA,NA,NA,S,NA,NA,NA,NA,R,R
1773.379,ERR046926,NA,NA,NA,NA,NA,NA,NA,NA,S,NA,S,NA,NA,NA,NA,NA,NA,NA,S,NA,S,NA
1773.3831,ERR046974,NA,NA,NA,NA,NA,NA,NA,NA,S,NA,S,NA,NA,NA,NA,NA,NA,NA,S,NA,S,NA
1773.3843,SRR2100102,NA,NA,NA,NA,NA,NA,NA,NA,S,NA,S,NA,NA,NA,NA,NA,NA,NA,S,NA,S,NA
1773.38473,ERS5320281,S,NA,NA,S,NA,NA,NA,NA,S,NA,S,S,NA,NA,NA,S,NA,NA,NA,NA,R,R
1773.386,ERR047006,NA,NA,NA,NA,NA,NA,NA,NA,S,NA,S,NA,NA,NA,NA,NA,NA,NA,S,NA,S,NA
1773.38637,ERS5320457,S,NA,NA,S,NA,NA,NA,NA,S,NA,S,S,NA,NA,NA,S,NA,NA,NA,NA,S,R
1773.3882,ERR072028,NA,NA,NA,NA,NA,NA,NA,NA,S,NA,S,NA,NA,NA,NA,NA,NA,NA,S,NA,S,NA
1773.39041,ERS6402770,S,NA,NA,S,NA,NA,NA,NA,S,NA,S,S,NA,NA,NA,S,NA,NA,NA,NA,S,R
1773.3933,SRR2100136,NA,NA,NA,NA,NA,NA,NA,NA,S,NA,S,NA,NA,NA,NA,NA,NA,NA,S,NA,S,NA
1773.39469,ERS6403264,S,NA,NA,S,NA,NA,NA,NA,S,NA,S,S,NA,NA,NA,S,NA,NA,NA,NA,R,S
1773.39824,ERS6403674,S,NA,NA,S,NA,NA,NA,NA,S,NA,S,S,NA,NA,NA,S,NA,NA,NA,NA,S,R
1773.39838,ERS6403692,S,NA,NA,S,NA,NA,NA,NA,S,NA,S,S,NA,NA,NA,S,NA,NA,NA,NA,S,R
1773.40032,ERS6421582,S,NA,NA,S,NA,NA,NA,NA,S,NA,S,S,NA,NA,NA,S,NA,NA,NA,NA,S,R
1773.40167,ERS6421733,S,NA,NA,S,NA,NA,NA,NA,S,NA,S,S,NA,NA,NA,S,NA,NA,NA,NA,S,R
1773.40187,ERS6421685,S,NA,NA,S,NA,NA,NA,NA,S,NA,S,S,NA,NA,NA,S,NA,NA,NA,NA,S,R
1773.42444,ERS5283175,S,NA,S,S,NA,S,NA,R,S,S,S,S,S,S,S,S,S,NA,NA,S,S,R
1773.42737,ERR7362024,S,NA,NA,S,NA,NA,NA,NA,S,NA,R,S,NA,NA,NA,S,NA,NA,NA,NA,R,S
1773.4599,SRR2100809,NA,NA,NA,NA,NA,NA,NA,NA,S,NA,S,NA,NA,NA,NA,NA,NA,NA,S,NA,S,NA
1773.463,SRR2100841,NA,NA,NA,NA,S,NA,NA,NA,S,NA,R,NA,NA,NA,NA,NA,NA,NA,S,NA,S,NA
1773.5102,SRR2101430,NA,NA,NA,NA,NA,NA,NA,NA,NA,NA,S,NA,NA,NA,NA,NA,NA,NA,NA,NA,NA,NA
1773.5146,SRR2101476,S,S,NA,S,NA,NA,NA,NA,S,NA,S,S,NA,NA,S,NA,NA,NA,S,NA,S,S
1773.5163,SRR2101493,S,S,NA,S,NA,NA,NA,NA,S,NA,R,S,NA,NA,S,NA,NA,NA,R,NA,S,S
1773.5206,SRR2101541,S,S,NA,S,NA,NA,NA,NA,S,NA,R,S,NA,NA,S,NA,NA,NA,S,NA,S,S
1773.5458,SRR2101828,S,S,NA,S,NA,NA,NA,NA,S,NA,S,S,NA,NA,S,NA,NA,NA,S,NA,S,S
1773.5524,ERR552647,NA,NA,NA,NA,NA,NA,NA,NA,S,NA,S,NA,NA,NA,NA,NA,NA,NA,S,NA,S,S
1773.5743,SRR2099935,NA,NA,NA,NA,NA,NA,NA,NA,S,NA,S,NA,NA,NA,NA,NA,NA,NA,S,NA,S,NA
1773.18422,ERR1035178,S,NA,NA,S,NA,NA,NA,NA,S,NA,R,S,NA,NA,NA,S,NA,NA,S,NA,S,R
1773.23422,ERR2120277,S,NA,NA,S,NA,NA,NA,NA,S,NA,S,S,NA,NA,NA,S,NA,NA,NA,NA,S,R
1773.31048,ERS1987026,S,NA,NA,S,NA,NA,NA,NA,S,NA,R,S,NA,NA,NA,S,NA,NA,NA,NA,R,R
1773.31088,ERS1987077,S,NA,NA,S,NA,NA,NA,NA,S,NA,S,S,NA,NA,NA,S,NA,NA,NA,NA,R,R
1773.31324,ERS1987326,S,NA,NA,S,NA,NA,NA,NA,S,NA,S,S,NA,NA,NA,S,NA,NA,NA,NA,R,R
1773.31337,ERS1987340,S,NA,NA,S,NA,NA,NA,NA,S,NA,S,S,NA,NA,NA,S,NA,NA,NA,NA,R,R
1773.31358,ERS1987366,S,NA,NA,S,NA,NA,NA,NA,S,NA,S,S,NA,NA,NA,S,NA,NA,NA,NA,S,R
1773.31637,ERS2394793,S,NA,NA,S,NA,NA,NA,NA,S,NA,R,S,NA,NA,NA,S,NA,NA,NA,NA,S,R
1773.3172,ERS2394919,S,NA,NA,S,NA,NA,NA,NA,S,NA,R,S,NA,NA,NA,S,NA,NA,NA,NA,R,R
1773.32342,ERS5281264,S,NA,NA,S,NA,NA,NA,NA,S,NA,R,S,NA,NA,NA,S,NA,NA,NA,NA,R,R
1773.33271,ERS5282486,S,NA,NA,S,NA,NA,NA,NA,S,NA,S,S,NA,NA,NA,S,NA,NA,NA,NA,S,S
1773.33273,ERS5282520,S,NA,NA,S,NA,NA,NA,NA,S,NA,S,S,NA,NA,NA,S,NA,NA,NA,NA,S,S
1773.33591,ERS5297878,S,NA,NA,S,NA,NA,NA,NA,S,NA,S,S,NA,NA,NA,S,NA,NA,NA,NA,S,R
1773.3364,ERS5297955,S,NA,NA,S,NA,NA,NA,NA,S,NA,R,S,NA,NA,NA,S,NA,NA,NA,NA,R,R
1773.33655,ERS5297976,S,NA,NA,S,NA,NA,NA,NA,S,NA,S,S,NA,NA,NA,S,NA,NA,NA,NA,R,R
1773.33664,ERS5297989,S,NA,NA,S,NA,NA,NA,NA,S,NA,S,S,NA,NA,NA,S,NA,NA,NA,NA,S,R
1773.33791,ERS5298122,S,NA,NA,S,NA,NA,NA,NA,S,NA,S,S,NA,NA,NA,S,NA,NA,NA,NA,S,R
1773.33806,ERS5298141,S,NA,NA,S,NA,NA,NA,NA,S,NA,R,S,NA,NA,NA,S,NA,NA,NA,NA,R,R
1773.33808,ERS5298139,S,NA,NA,S,NA,NA,NA,NA,S,NA,S,S,NA,NA,NA,S,NA,NA,NA,NA,S,R
1773.33816,ERS5298147,S,NA,NA,S,NA,NA,NA,NA,S,NA,S,S,NA,NA,NA,S,NA,NA,NA,NA,S,R
1773.34025,ERS5298530,S,NA,NA,S,NA,NA,NA,NA,S,NA,S,S,NA,NA,NA,S,NA,NA,NA,NA,S,R
1773.34485,ERS5300747,S,NA,NA,S,NA,NA,NA,NA,S,NA,S,S,NA,NA,NA,S,NA,NA,NA,NA,S,R
1773.34939,ERS5302053,S,NA,NA,S,NA,NA,NA,NA,S,NA,S,S,NA,NA,NA,S,NA,NA,NA,NA,R,R
1773.35031,ERS5302191,S,NA,NA,S,NA,NA,NA,NA,S,NA,R,S,NA,NA,NA,S,NA,NA,NA,NA,S,R
1773.35033,ERS5302193,S,NA,NA,S,NA,NA,NA,NA,S,NA,S,S,NA,NA,NA,S,NA,NA,NA,NA,S,R
1773.35382,ERS5302619,S,NA,NA,S,NA,NA,NA,NA,S,NA,S,S,NA,NA,NA,S,NA,NA,NA,NA,S,R
1773.35393,ERS5302632,S,NA,NA,S,NA,NA,NA,NA,S,NA,S,S,NA,NA,NA,S,NA,NA,NA,NA,R,R
1773.35822,ERS5303226,S,NA,NA,S,NA,NA,NA,NA,S,NA,S,S,NA,NA,NA,S,NA,NA,NA,NA,S,R
1773.35934,ERS5303428,S,NA,NA,S,NA,NA,NA,NA,S,NA,S,S,NA,NA,NA,S,NA,NA,NA,NA,S,R
1773.36297,ERS5304103,R,NA,NA,R,NA,NA,NA,NA,S,NA,R,R,NA,NA,NA,S,NA,NA,NA,NA,S,R
1773.36467,ERS5312360,S,NA,NA,S,NA,NA,NA,NA,S,NA,R,S,NA,NA,NA,S,NA,NA,NA,NA,R,R
1773.37747,ERS5319176,S,NA,NA,S,NA,NA,NA,NA,R,NA,R,S,NA,NA,NA,S,NA,NA,NA,NA,S,R
1773.38247,ERS5320018,S,NA,NA,S,NA,NA,NA,NA,S,NA,R,S,NA,NA,NA,S,NA,NA,NA,NA,R,S
1773.38278,ERS5320062,S,NA,NA,S,NA,NA,NA,NA,S,NA,R,S,NA,NA,NA,R,NA,NA,NA,NA,S,R
1773.38315,ERS5320105,S,NA,NA,S,NA,NA,NA,NA,S,NA,S,S,NA,NA,NA,S,NA,NA,NA,NA,S,R
1773.3839,ERS5320195,S,NA,NA,S,NA,NA,NA,NA,R,NA,R,S,NA,NA,NA,S,NA,NA,NA,NA,R,R
1773.38505,ERS5320324,S,NA,NA,S,NA,NA,NA,NA,R,NA,R,S,NA,NA,NA,S,NA,NA,NA,NA,R,R
1773.3906,ERS6402789,S,NA,NA,S,NA,NA,NA,NA,S,NA,S,S,NA,NA,NA,S,NA,NA,NA,NA,S,R
1773.39154,ERS6402903,S,NA,NA,S,NA,NA,NA,NA,S,NA,S,S,NA,NA,NA,S,NA,NA,NA,NA,S,R
1773.3921,ERS6402965,S,NA,NA,S,NA,NA,NA,NA,S,NA,S,S,NA,NA,NA,S,NA,NA,NA,NA,S,R
1773.39211,ERS6402966,S,NA,NA,S,NA,NA,NA,NA,S,NA,S,S,NA,NA,NA,S,NA,NA,NA,NA,S,R
1773.39216,ERS6402970,S,NA,NA,S,NA,NA,NA,NA,S,NA,S,S,NA,NA,NA,S,NA,NA,NA,NA,S,R
1773.39232,ERS6402991,S,NA,NA,S,NA,NA,NA,NA,S,NA,S,S,NA,NA,NA,S,NA,NA,NA,NA,R,R
1773.39312,ERS6403084,S,NA,NA,S,NA,NA,NA,NA,S,NA,S,S,NA,NA,NA,S,NA,NA,NA,NA,R,R
1773.39398,ERS6403177,S,NA,NA,S,NA,NA,NA,NA,S,NA,R,S,NA,NA,NA,S,NA,NA,NA,NA,S,S
1773.40047,ERS6421597,S,NA,NA,S,NA,NA,NA,NA,S,NA,S,S,NA,NA,NA,S,NA,NA,NA,NA,S,R
1773.40079,ERS6421634,S,NA,NA,S,NA,NA,NA,NA,S,NA,S,S,NA,NA,NA,S,NA,NA,NA,NA,S,R
1773.40133,ERS6421692,S,NA,NA,S,NA,NA,NA,NA,S,NA,S,S,NA,NA,NA,S,NA,NA,NA,NA,S,R
1773.40442,ERS6422127,S,NA,NA,S,NA,NA,NA,NA,S,NA,S,S,NA,NA,NA,S,NA,NA,NA,NA,S,R
1773.40584,ERR3323725,S,NA,NA,S,NA,NA,NA,NA,S,NA,S,S,NA,NA,NA,S,NA,NA,NA,NA,S,R
1773.40767,ERS5281324,S,NA,S,S,NA,S,NA,S,S,S,S,S,R,S,S,S,S,NA,NA,S,R,R
1773.40889,ERS5281431,S,NA,S,S,NA,S,NA,S,S,R,S,S,R,S,S,S,S,NA,NA,S,S,R
1773.41486,ERS5282144,S,NA,S,S,NA,S,NA,S,S,S,S,S,S,S,S,S,S,NA,NA,S,S,S
1773.41637,ERS5282309,S,NA,S,S,NA,S,NA,R,S,S,S,S,R,S,S,S,S,NA,NA,S,R,R
1773.42477,ERS5283203,S,NA,S,S,NA,S,NA,R,R,R,R,S,R,S,R,S,R,NA,NA,R,R,R
1773.42584,ERS5283316,S,NA,S,S,NA,S,NA,S,S,S,R,S,S,S,S,S,R,NA,NA,R,R,R
1773.42586,ERS5283315,S,NA,S,S,NA,S,NA,S,S,R,S,S,R,S,S,S,S,NA,NA,S,S,R
1773.42601,ERS5283326,S,NA,S,S,NA,R,NA,R,S,R,R,S,R,S,S,S,S,NA,NA,R,R,R
1773.42677,ERR7361947,S,NA,NA,S,NA,NA,NA,NA,S,NA,R,S,NA,NA,NA,S,NA,NA,NA,NA,S,R
1773.42702,ERR7361971,R,NA,NA,R,NA,NA,NA,NA,S,NA,R,R,NA,NA,NA,S,NA,NA,NA,NA,R,S
1773.18311,ERR1035297,R,NA,NA,S,NA,NA,NA,NA,S,NA,R,R,NA,NA,NA,S,NA,NA,NA,NA,S,R
1773.20167,ERR221596,S,NA,NA,S,NA,NA,NA,NA,S,NA,S,S,NA,NA,NA,S,NA,NA,S,NA,S,S
1773.23364,ERR1654674,S,NA,NA,S,NA,NA,NA,NA,S,NA,R,S,NA,NA,NA,S,NA,NA,NA,NA,R,R
1773.23415,ERR2120269,S,NA,NA,R,NA,NA,NA,NA,S,NA,S,S,NA,NA,NA,S,NA,NA,S,NA,S,S
1773.23424,ERR2120278,S,NA,NA,S,NA,NA,NA,NA,S,NA,R,S,NA,NA,NA,S,NA,NA,NA,NA,S,R
1773.3273,ERS5281841,S,NA,NA,S,NA,NA,NA,NA,S,NA,S,S,NA,NA,NA,S,NA,NA,NA,NA,R,R
1773.32961,ERS5282127,S,NA,NA,S,NA,NA,NA,NA,S,NA,R,S,NA,NA,NA,S,NA,NA,NA,NA,R,R
1773.34433,ERS5300687,S,NA,NA,S,NA,NA,NA,NA,S,NA,R,S,NA,NA,NA,S,NA,NA,NA,NA,R,R
1773.34587,ERS5300866,S,NA,NA,S,NA,NA,NA,NA,S,NA,S,S,NA,NA,NA,S,NA,NA,NA,NA,S,R
1773.35739,ERS5303111,S,NA,NA,S,NA,NA,NA,NA,S,NA,R,S,NA,NA,NA,S,NA,NA,NA,NA,R,R
1773.36551,ERS5312459,R,NA,NA,R,NA,NA,NA,NA,R,NA,R,R,NA,NA,NA,S,NA,NA,NA,NA,R,R
1773.37623,ERS5318975,S,NA,NA,S,NA,NA,NA,NA,S,NA,S,S,NA,NA,NA,S,NA,NA,NA,NA,S,R
1773.38223,ERS5320014,S,NA,NA,S,NA,NA,NA,NA,R,NA,R,S,NA,NA,NA,S,NA,NA,NA,NA,R,R
1773.38244,ERS5320024,S,NA,NA,S,NA,NA,NA,NA,R,NA,R,S,NA,NA,NA,S,NA,NA,NA,NA,R,R
1773.38323,ERS5320109,S,NA,NA,S,NA,NA,NA,NA,S,NA,S,S,NA,NA,NA,S,NA,NA,NA,NA,S,R
1773.38332,ERS5320119,S,NA,NA,S,NA,NA,NA,NA,S,NA,S,S,NA,NA,NA,S,NA,NA,NA,NA,S,R
1773.39285,ERS6403054,S,NA,NA,S,NA,NA,NA,NA,S,NA,S,S,NA,NA,NA,S,NA,NA,NA,NA,S,S
1773.39675,ERS6403509,R,NA,NA,R,NA,NA,NA,NA,S,NA,R,R,NA,NA,NA,S,NA,NA,NA,NA,R,S
1773.39798,ERS6403637,S,NA,NA,S,NA,NA,NA,NA,S,NA,R,S,NA,NA,NA,S,NA,NA,NA,NA,R,R
1773.422,ERS5282905,S,NA,S,S,NA,S,NA,S,S,R,S,S,S,S,S,S,S,NA,NA,S,S,S
1773.42506,ERS5283232,S,NA,S,S,NA,S,NA,S,S,R,S,S,R,S,S,S,S,NA,NA,S,S,R
1773.42569,ERS5283296,S,NA,S,S,NA,S,NA,S,S,S,S,S,S,S,S,S,S,NA,NA,S,S,S
1773.42819,SRR7782648,S,NA,NA,S,NA,NA,NA,NA,S,NA,R,S,NA,NA,NA,S,NA,NA,NA,NA,R,R
1773.18234,ERR1873460,R,NA,NA,R,NA,NA,S,NA,S,R,R,R,NA,NA,S,S,S,NA,R,NA,R,R
1773.18593,ERR1034717,S,NA,NA,S,NA,NA,NA,NA,S,NA,R,S,NA,NA,NA,S,NA,NA,R,NA,R,R
1773.20028,ERR212120,S,NA,NA,S,NA,NA,NA,NA,S,NA,S,S,NA,NA,NA,S,NA,NA,NA,NA,R,S
1773.20518,ERR1035081,S,NA,NA,S,NA,NA,NA,NA,S,R,R,S,NA,NA,NA,R,NA,NA,NA,NA,R,R
1773.23345,ERR1654693,S,NA,NA,S,NA,NA,NA,NA,S,NA,R,S,NA,NA,NA,S,NA,NA,NA,NA,R,R
1773.23365,ERR1654698,S,NA,NA,S,NA,NA,NA,NA,S,NA,R,S,NA,NA,NA,S,NA,NA,NA,NA,R,R
1773.32393,ERS5281332,S,NA,NA,S,NA,NA,NA,NA,S,NA,S,S,NA,NA,NA,S,NA,NA,NA,NA,R,R
1773.32506,ERS5281524,S,NA,NA,S,NA,NA,NA,NA,S,NA,S,S,NA,NA,NA,S,NA,NA,NA,NA,R,R
1773.32664,ERS5281697,S,NA,NA,S,NA,NA,NA,NA,S,NA,S,S,NA,NA,NA,S,NA,NA,NA,NA,S,S
1773.32757,ERS5281885,S,NA,NA,S,NA,NA,NA,NA,R,NA,R,S,NA,NA,NA,S,NA,NA,NA,NA,R,R
1773.33065,ERS5282256,S,NA,NA,S,NA,NA,NA,NA,S,NA,R,S,NA,NA,NA,S,NA,NA,NA,NA,R,R
1773.37127,ERS5318035,S,NA,NA,S,NA,NA,NA,NA,S,NA,S,S,NA,NA,NA,S,NA,NA,NA,NA,S,R
1773.38433,ERS5320241,S,NA,NA,S,NA,NA,NA,NA,S,NA,R,S,NA,NA,NA,S,NA,NA,NA,NA,R,R
1773.38714,ERS5320618,S,NA,NA,S,NA,NA,NA,NA,S,NA,R,S,NA,NA,NA,S,NA,NA,NA,NA,R,R
1773.38729,ERS5320642,S,NA,NA,S,NA,NA,NA,NA,R,NA,R,S,NA,NA,NA,S,NA,NA,NA,NA,S,R
1773.39551,ERS6403364,S,NA,NA,S,NA,NA,NA,NA,S,NA,R,S,NA,NA,NA,S,NA,NA,NA,NA,R,R
1773.4256,ERS5283286,S,NA,S,S,NA,S,NA,S,S,S,S,S,S,S,S,S,S,NA,NA,S,S,R
1773.3263,ERS5281659,S,NA,NA,S,NA,NA,NA,NA,S,NA,S,S,NA,NA,NA,S,NA,NA,NA,NA,S,S
1773.32676,ERS5281738,S,NA,NA,S,NA,NA,NA,NA,S,NA,R,S,NA,NA,NA,S,NA,NA,NA,NA,R,R
1773.33393,ERS5282670,S,NA,NA,S,NA,NA,NA,NA,S,NA,R,S,NA,NA,NA,S,NA,NA,NA,NA,S,S
1773.38567,ERS5320390,S,NA,NA,S,NA,NA,NA,NA,S,NA,S,S,NA,NA,NA,S,NA,NA,NA,NA,S,R
1773.39201,ERS6402956,S,NA,NA,S,NA,NA,NA,NA,S,NA,S,S,NA,NA,NA,S,NA,NA,NA,NA,S,S
1773.42137,ERS5282839,S,NA,S,S,NA,S,NA,S,S,S,S,S,R,S,S,S,S,NA,NA,S,S,S
1773.15793,SRR6398015,S,NA,NA,S,NA,NA,NA,NA,S,NA,S,S,NA,NA,NA,S,NA,NA,NA,NA,S,S
1773.19075,ERR163959,S,NA,NA,S,NA,NA,NA,NA,S,NA,S,S,NA,NA,NA,S,NA,NA,NA,NA,R,S
1773.2172,ERR3256272,S,NA,NA,S,NA,NA,NA,NA,S,NA,S,S,NA,NA,NA,S,NA,NA,NA,NA,S,S
1773.3763,ERS5318986,S,NA,NA,S,NA,NA,NA,NA,S,NA,S,S,NA,NA,NA,S,NA,NA,NA,NA,R,R
1773.3154,ERS2394640,S,NA,NA,S,NA,NA,NA,NA,S,NA,S,S,NA,NA,NA,S,NA,NA,NA,NA,S,R
1773.2791,ERR551990,NA,NA,NA,NA,NA,NA,NA,NA,S,NA,S,NA,NA,NA,NA,NA,NA,NA,S,NA,S,S
1773.2863,ERR553202,NA,NA,NA,NA,NA,NA,NA,NA,S,NA,S,NA,NA,NA,NA,NA,NA,NA,S,NA,S,S
1773.2931,ERR551196,R,NA,NA,R,NA,NA,NA,NA,R,NA,R,NA,NA,NA,NA,NA,NA,NA,R,NA,R,S
1773.3088,ERR551487,NA,NA,NA,NA,NA,NA,NA,NA,S,NA,S,NA,NA,NA,NA,NA,NA,NA,S,NA,S,S
1773.31056,ERS1987035,S,NA,NA,S,NA,NA,NA,NA,S,NA,S,S,NA,NA,NA,S,NA,NA,NA,NA,R,R
1773.31112,ERS1987106,S,NA,NA,S,NA,NA,NA,NA,S,NA,S,S,NA,NA,NA,S,NA,NA,NA,NA,S,R
1773.32,ERR551000,S,S,NA,S,NA,NA,NA,NA,R,NA,R,NA,NA,NA,NA,NA,NA,NA,R,NA,R,R
1773.3201,ERR551397,NA,NA,NA,NA,NA,NA,NA,NA,S,NA,S,NA,NA,NA,NA,NA,NA,NA,S,NA,S,S
1773.3232,ERR550620,NA,NA,NA,NA,NA,NA,NA,NA,S,NA,S,NA,NA,NA,NA,NA,NA,NA,S,NA,S,S
1773.33212,ERS5282439,S,NA,NA,S,NA,NA,NA,NA,S,NA,S,S,NA,NA,NA,S,NA,NA,NA,NA,S,S
1773.33574,ERS5297859,S,NA,NA,S,NA,NA,NA,NA,S,NA,S,S,NA,NA,NA,S,NA,NA,NA,NA,S,R
1773.3359,ERR550669,R,S,NA,R,NA,NA,NA,NA,R,NA,R,NA,NA,NA,NA,NA,NA,NA,R,NA,R,R
1773.33689,ERS5298014,S,NA,NA,S,NA,NA,NA,NA,S,NA,S,S,NA,NA,NA,S,NA,NA,NA,NA,S,R
1773.33965,ERS5298305,S,NA,NA,S,NA,NA,NA,NA,S,NA,S,S,NA,NA,NA,S,NA,NA,NA,NA,S,R
1773.34516,ERS5300784,S,NA,NA,S,NA,NA,NA,NA,S,NA,R,S,NA,NA,NA,S,NA,NA,NA,NA,R,R
1773.34927,ERS5302039,S,NA,NA,S,NA,NA,NA,NA,S,NA,S,S,NA,NA,NA,S,NA,NA,NA,NA,S,R
1773.3579,ERR039326,NA,NA,NA,NA,NA,NA,NA,NA,S,NA,S,NA,NA,NA,NA,NA,NA,NA,S,NA,S,NA
1773.361,ERR040096,NA,NA,NA,NA,NA,NA,NA,NA,S,NA,S,NA,NA,NA,NA,NA,NA,NA,S,NA,S,NA
1773.3618,ERR040104,NA,NA,NA,NA,NA,NA,NA,NA,S,NA,S,NA,NA,NA,NA,NA,NA,NA,S,NA,S,NA
1773.3647,ERR046756,NA,NA,NA,NA,NA,NA,NA,NA,S,NA,S,NA,NA,NA,NA,NA,NA,NA,S,NA,S,NA
1773.3721,ERR046843,NA,NA,NA,NA,NA,NA,NA,NA,S,NA,S,NA,NA,NA,NA,NA,NA,NA,S,NA,S,NA
1773.3729,ERR046852,NA,NA,NA,NA,NA,NA,NA,NA,S,NA,S,NA,NA,NA,NA,NA,NA,NA,S,NA,S,NA
1773.38,ERR046938,NA,NA,NA,NA,NA,NA,NA,NA,S,NA,S,NA,NA,NA,NA,NA,NA,NA,S,NA,S,NA
1773.38021,ERS5319767,S,NA,NA,S,NA,NA,NA,NA,S,NA,S,S,NA,NA,NA,S,NA,NA,NA,NA,R,R
1773.38033,ERS5319783,S,NA,NA,S,NA,NA,NA,NA,S,NA,S,S,NA,NA,NA,S,NA,NA,NA,NA,S,R
1773.38062,ERS5319815,S,NA,NA,S,NA,NA,NA,NA,S,NA,R,S,NA,NA,NA,S,NA,NA,NA,NA,S,R
1773.3823,ERR046966,NA,NA,NA,NA,NA,NA,NA,NA,S,NA,S,NA,NA,NA,NA,NA,NA,NA,S,NA,S,NA
1773.38373,ERS5320159,S,NA,NA,S,NA,NA,NA,NA,S,NA,S,S,NA,NA,NA,S,NA,NA,NA,NA,S,S
1773.3861,ERR047007,NA,NA,NA,NA,NA,NA,NA,NA,S,NA,S,NA,NA,NA,NA,NA,NA,NA,S,NA,S,NA
1773.389,ERS5320873,S,NA,NA,S,NA,NA,NA,NA,S,NA,R,S,NA,NA,NA,S,NA,NA,NA,NA,R,R
1773.39362,ERS6403136,S,NA,NA,S,NA,NA,NA,NA,S,NA,S,S,NA,NA,NA,S,NA,NA,NA,NA,S,R
1773.39829,ERS6403679,S,NA,NA,S,NA,NA,NA,NA,S,NA,R,S,NA,NA,NA,S,NA,NA,NA,NA,R,R
1773.40055,ERS6421604,S,NA,NA,S,NA,NA,NA,NA,S,NA,S,S,NA,NA,NA,S,NA,NA,NA,NA,S,R
1773.4014,ERS6421703,S,NA,NA,S,NA,NA,NA,NA,S,NA,S,S,NA,NA,NA,S,NA,NA,NA,NA,S,R
1773.40173,ERS6421737,S,NA,NA,S,NA,NA,NA,NA,S,NA,S,S,NA,NA,NA,S,NA,NA,NA,NA,S,R
1773.4232,SRR2100433,NA,NA,NA,NA,NA,NA,NA,NA,S,NA,S,NA,NA,NA,NA,NA,NA,NA,S,NA,S,S
1773.42618,ERS5282632,S,NA,S,S,NA,S,NA,R,S,S,R,S,S,S,S,R,S,NA,NA,S,S,R
1773.43703,ERS5282467,S,NA,S,S,NA,S,NA,R,S,S,S,S,R,S,S,S,S,NA,NA,S,R,R
1773.4627,SRR2100838,S,S,NA,S,S,NA,NA,NA,S,NA,R,S,NA,NA,S,NA,NA,NA,S,NA,R,NA
1773.4664,SRR2100875,NA,NA,NA,NA,S,NA,NA,NA,S,NA,R,NA,NA,NA,NA,NA,NA,NA,S,NA,S,NA
1773.4687,SRR2100900,NA,NA,NA,NA,S,NA,NA,NA,S,NA,R,NA,NA,NA,NA,NA,NA,NA,S,NA,S,NA
1773.4991,SRR2101300,S,S,NA,S,NA,NA,NA,NA,S,NA,S,S,NA,NA,S,NA,NA,NA,S,NA,S,S
1773.4995,SRR2101305,S,S,NA,S,NA,NA,NA,NA,S,NA,S,S,NA,NA,S,NA,NA,NA,S,NA,S,S
1773.5067,SRR2101394,S,S,NA,S,NA,NA,NA,NA,S,NA,S,S,NA,NA,S,NA,NA,NA,S,NA,S,S
1773.5082,SRR2101410,S,S,NA,S,NA,NA,NA,NA,S,NA,S,S,NA,NA,S,NA,NA,NA,S,NA,S,S
1773.5219,SRR2101554,S,S,NA,S,NA,NA,NA,NA,S,NA,S,S,NA,NA,S,NA,NA,NA,S,NA,S,S
1773.537,SRR2101723,S,S,NA,S,NA,NA,NA,NA,S,NA,S,S,NA,NA,S,NA,NA,NA,S,NA,S,S
1773.5447,SRR2101805,S,S,NA,S,NA,NA,NA,NA,S,NA,S,S,NA,NA,S,NA,NA,NA,S,NA,S,S
1773.18556,ERR1036279,S,NA,NA,S,NA,NA,S,NA,R,S,R,S,NA,NA,NA,S,S,NA,S,NA,R,R
1773.20429,ERR1034994,S,NA,NA,S,NA,NA,NA,NA,S,S,S,S,NA,NA,NA,S,NA,NA,NA,NA,S,R
1773.23435,ERR2120289,S,NA,S,R,NA,NA,S,S,S,S,R,S,NA,S,S,S,S,NA,R,NA,R,R
1773.29442,ERR551372,S,NA,NA,S,NA,NA,NA,NA,S,NA,R,S,NA,NA,NA,S,NA,R,S,NA,R,R
1773.31108,ERS1987099,S,NA,NA,S,NA,NA,NA,NA,S,NA,S,S,NA,NA,NA,S,NA,NA,NA,NA,R,R
1773.31302,ERS1987310,S,NA,NA,S,NA,NA,NA,NA,S,NA,S,S,NA,NA,NA,S,NA,NA,NA,NA,R,R
1773.31339,ERS1987346,S,NA,NA,S,NA,NA,NA,NA,S,NA,S,S,NA,NA,NA,S,NA,NA,NA,NA,S,R
1773.31357,ERS1987374,S,NA,NA,S,NA,NA,NA,NA,S,NA,S,S,NA,NA,NA,S,NA,NA,NA,NA,R,R
1773.31907,ERS3371668,S,NA,NA,S,NA,NA,NA,NA,S,NA,R,S,NA,NA,NA,S,NA,NA,NA,NA,R,R
1773.32486,ERS5281490,S,NA,NA,S,NA,NA,NA,NA,R,NA,R,S,NA,NA,NA,S,NA,NA,NA,NA,R,R
1773.32539,ERS5281560,S,NA,NA,S,NA,NA,NA,NA,R,NA,R,S,NA,NA,NA,S,NA,NA,NA,NA,R,R
1773.32579,ERS5281606,S,NA,NA,S,NA,NA,NA,NA,S,NA,S,S,NA,NA,NA,S,NA,NA,NA,NA,R,R
1773.32679,ERS5281732,S,NA,NA,S,NA,NA,NA,NA,R,NA,R,S,NA,NA,NA,S,NA,NA,NA,NA,R,R
1773.32726,ERS5281836,S,NA,NA,S,NA,NA,NA,NA,R,NA,R,S,NA,NA,NA,S,NA,NA,NA,NA,R,R
1773.32992,ERS5282167,S,NA,NA,S,NA,NA,NA,NA,R,NA,R,S,NA,NA,NA,S,NA,NA,NA,NA,R,R
1773.33587,ERS5297874,S,NA,NA,S,NA,NA,NA,NA,S,NA,S,S,NA,NA,NA,S,NA,NA,NA,NA,S,R
1773.33753,ERS5298082,S,NA,NA,S,NA,NA,NA,NA,S,NA,R,S,NA,NA,NA,S,NA,NA,NA,NA,S,R
1773.33797,ERS5298129,S,NA,NA,S,NA,NA,NA,NA,S,NA,S,S,NA,NA,NA,S,NA,NA,NA,NA,S,R
1773.33811,ERS5298060,S,NA,NA,S,NA,NA,NA,NA,S,NA,R,S,NA,NA,NA,S,NA,NA,NA,NA,S,R
1773.34099,ERS5298608,S,NA,NA,S,NA,NA,NA,NA,S,NA,S,S,NA,NA,NA,S,NA,NA,NA,NA,R,R
1773.35352,ERS5302584,S,NA,NA,S,NA,NA,NA,NA,S,NA,S,S,NA,NA,NA,S,NA,NA,NA,NA,S,R
1773.36573,ERS5312482,S,NA,NA,S,NA,NA,NA,NA,R,NA,R,S,NA,NA,NA,S,NA,NA,NA,NA,R,R
1773.36995,ERS5317722,S,NA,NA,S,NA,NA,NA,NA,S,NA,S,S,NA,NA,NA,S,NA,NA,NA,NA,S,S
1773.37568,ERS5318865,S,NA,NA,S,NA,NA,NA,NA,S,NA,R,S,NA,NA,NA,S,NA,NA,NA,NA,R,R
1773.37604,ERS5318939,S,NA,NA,S,NA,NA,NA,NA,S,NA,S,S,NA,NA,NA,S,NA,NA,NA,NA,R,R
1773.37637,ERS5318992,S,NA,NA,S,NA,NA,NA,NA,S,NA,S,S,NA,NA,NA,S,NA,NA,NA,NA,R,R
1773.37667,ERS5319032,S,NA,NA,S,NA,NA,NA,NA,S,NA,R,S,NA,NA,NA,S,NA,NA,NA,NA,R,R
1773.38307,ERS5320094,S,NA,NA,S,NA,NA,NA,NA,R,NA,R,S,NA,NA,NA,S,NA,NA,NA,NA,R,R
1773.38479,ERS5320287,S,NA,NA,S,NA,NA,NA,NA,S,NA,S,S,NA,NA,NA,S,NA,NA,NA,NA,S,R
1773.38583,ERS5320407,S,NA,NA,S,NA,NA,NA,NA,S,NA,S,S,NA,NA,NA,S,NA,NA,NA,NA,S,R
1773.38878,ERS5320844,S,NA,NA,S,NA,NA,NA,NA,S,NA,S,S,NA,NA,NA,S,NA,NA,NA,NA,S,R
1773.39065,ERS6402791,S,NA,NA,S,NA,NA,NA,NA,S,NA,S,S,NA,NA,NA,S,NA,NA,NA,NA,S,R
1773.39161,ERS6402910,S,NA,NA,S,NA,NA,NA,NA,S,NA,S,S,NA,NA,NA,S,NA,NA,NA,NA,S,R
1773.39239,ERS6403001,S,NA,NA,S,NA,NA,NA,NA,S,NA,S,S,NA,NA,NA,S,NA,NA,NA,NA,S,S
1773.39244,ERS6403007,S,NA,NA,S,NA,NA,NA,NA,S,NA,S,S,NA,NA,NA,S,NA,NA,NA,NA,S,S
1773.39303,ERS6403077,S,NA,NA,S,NA,NA,NA,NA,S,NA,S,S,NA,NA,NA,S,NA,NA,NA,NA,S,R
1773.39405,ERS6403184,S,NA,NA,S,NA,NA,NA,NA,S,NA,R,S,NA,NA,NA,S,NA,NA,NA,NA,S,R
1773.39412,ERS6403194,S,NA,NA,S,NA,NA,NA,NA,S,NA,S,S,NA,NA,NA,S,NA,NA,NA,NA,S,R
1773.39901,ERS6420803,S,NA,NA,S,NA,NA,NA,NA,S,NA,S,S,NA,NA,NA,S,NA,NA,NA,NA,R,R
1773.4017,ERS6421731,S,NA,NA,S,NA,NA,NA,NA,S,NA,S,S,NA,NA,NA,S,NA,NA,NA,NA,S,R
1773.41119,ERS5281672,S,NA,S,S,NA,S,NA,S,S,S,S,S,R,S,S,S,S,NA,NA,S,S,R
1773.42534,ERS5283256,S,NA,S,S,NA,S,NA,R,R,S,S,S,R,S,R,S,S,NA,NA,S,S,R
1773.42715,ERR7361993,S,NA,NA,S,NA,NA,NA,NA,S,NA,R,S,NA,NA,NA,S,NA,NA,NA,NA,S,S
1773.42744,ERR7362022,S,NA,NA,S,NA,NA,NA,NA,S,NA,R,S,NA,NA,NA,S,NA,NA,NA,NA,R,R
1773.43112,ERS5301841,S,NA,NA,S,NA,NA,NA,NA,S,NA,S,S,NA,NA,NA,S,NA,NA,NA,NA,S,R
1773.43462,ERS5317488,S,NA,NA,S,NA,NA,NA,NA,S,NA,S,S,NA,NA,NA,S,NA,NA,NA,NA,S,S
1773.1817,ERR1873533,R,NA,NA,S,NA,NA,R,NA,S,R,R,R,NA,NA,R,R,S,NA,R,NA,R,S
1773.19585,ERR181786,S,NA,NA,S,NA,NA,NA,NA,S,NA,S,S,NA,NA,NA,S,NA,NA,NA,NA,R,R
1773.23343,ERR1654650,S,NA,NA,S,NA,NA,NA,NA,S,NA,R,S,NA,NA,NA,S,NA,NA,NA,NA,R,R
1773.23355,ERR1654670,S,NA,NA,S,NA,NA,NA,NA,S,NA,R,S,NA,NA,NA,S,NA,NA,NA,NA,R,R
1773.32525,ERS5281545,S,NA,NA,S,NA,NA,NA,NA,S,NA,S,S,NA,NA,NA,S,NA,NA,NA,NA,S,S
1773.32551,ERS5281573,S,NA,NA,S,NA,NA,NA,NA,S,NA,S,S,NA,NA,NA,S,NA,NA,NA,NA,S,S
1773.33232,ERS5282476,S,NA,NA,S,NA,NA,NA,NA,S,NA,S,S,NA,NA,NA,S,NA,NA,NA,NA,R,R
1773.35915,ERS5303402,S,NA,NA,S,NA,NA,NA,NA,S,NA,S,S,NA,NA,NA,S,NA,NA,NA,NA,S,R
1773.37621,ERS5318973,S,NA,NA,S,NA,NA,NA,NA,S,NA,S,S,NA,NA,NA,S,NA,NA,NA,NA,R,R
1773.37632,ERS5318982,S,NA,NA,S,NA,NA,NA,NA,S,NA,S,S,NA,NA,NA,S,NA,NA,NA,NA,S,S
1773.38242,ERS5320027,S,NA,NA,S,NA,NA,NA,NA,S,NA,R,S,NA,NA,NA,S,NA,NA,NA,NA,R,R
1773.38276,ERS5320060,S,NA,NA,S,NA,NA,NA,NA,R,NA,R,S,NA,NA,NA,S,NA,NA,NA,NA,R,R
1773.38406,ERS5320209,S,NA,NA,S,NA,NA,NA,NA,S,NA,S,S,NA,NA,NA,S,NA,NA,NA,NA,S,R
1773.38519,ERS5320342,S,NA,NA,S,NA,NA,NA,NA,S,NA,R,S,NA,NA,NA,S,NA,NA,NA,NA,R,R
1773.38825,ERS5320775,S,NA,NA,S,NA,NA,NA,NA,S,NA,R,S,NA,NA,NA,S,NA,NA,NA,NA,S,S
1773.42066,ERS5282771,S,NA,S,S,NA,S,NA,R,S,R,S,S,R,R,R,S,S,NA,NA,S,S,S
1773.42605,ERS5283329,S,NA,S,S,NA,S,NA,R,S,S,S,S,R,S,S,S,S,NA,NA,S,S,R
1773.42626,ERR6929521,S,NA,NA,S,NA,NA,NA,NA,S,NA,S,S,NA,NA,NA,S,NA,NA,NA,NA,S,S
1773.43087,ERS5319255,S,NA,NA,S,NA,NA,NA,NA,S,NA,R,S,NA,NA,NA,S,NA,NA,NA,NA,R,R
1773.43397,ERS5317339,S,NA,NA,S,NA,NA,NA,NA,S,NA,S,S,NA,NA,NA,S,NA,NA,NA,NA,S,R
1773.15461,SRR6397806,S,NA,NA,S,NA,NA,NA,NA,S,NA,S,S,NA,NA,NA,S,NA,NA,NA,NA,R,S
1773.18507,ERR1034860,S,NA,NA,S,NA,NA,S,NA,R,R,R,S,NA,NA,NA,S,S,NA,NA,NA,R,R
1773.18703,ERR1034576,S,NA,NA,S,NA,NA,NA,NA,S,NA,S,S,NA,NA,NA,S,NA,NA,NA,NA,S,S
1773.20634,ERR1213889,S,NA,NA,S,NA,NA,NA,NA,S,NA,R,S,NA,NA,NA,S,NA,NA,NA,NA,R,R
1773.23383,ERR1654665,S,NA,NA,S,NA,NA,NA,NA,S,NA,R,S,NA,NA,NA,S,NA,NA,NA,NA,R,S
1773.31105,ERS1987098,S,NA,NA,S,NA,NA,NA,NA,S,NA,S,S,NA,NA,NA,S,NA,NA,NA,NA,S,R
1773.35283,ERS5302504,S,NA,NA,S,NA,NA,NA,NA,S,NA,S,S,NA,NA,NA,S,NA,NA,NA,NA,R,R
1773.35419,ERS5302662,S,NA,NA,S,NA,NA,NA,NA,S,NA,S,S,NA,NA,NA,S,NA,NA,NA,NA,S,R
1773.36808,ERS5317246,S,NA,NA,S,NA,NA,NA,NA,S,NA,S,S,NA,NA,NA,S,NA,NA,NA,NA,S,R
1773.36972,ERS5317693,S,NA,NA,S,NA,NA,NA,NA,S,NA,S,S,NA,NA,NA,S,NA,NA,NA,NA,S,R
1773.37525,ERS5318778,S,NA,NA,S,NA,NA,NA,NA,S,NA,S,S,NA,NA,NA,S,NA,NA,NA,NA,S,R
1773.38368,ERS5320156,S,NA,NA,S,NA,NA,NA,NA,S,NA,S,S,NA,NA,NA,S,NA,NA,NA,NA,R,R
1773.38715,ERS5320625,S,NA,NA,S,NA,NA,NA,NA,S,NA,R,S,NA,NA,NA,S,NA,NA,NA,NA,S,R
1773.42213,ERS5282916,S,NA,S,S,NA,S,NA,R,R,S,S,S,R,S,S,S,S,NA,NA,S,S,R
1733.1725,ERR2199825,S,NA,NA,S,NA,NA,NA,NA,S,NA,S,S,NA,NA,NA,S,NA,NA,NA,NA,S,R
1773.36762,ERS5312683,S,NA,NA,S,NA,NA,NA,NA,S,NA,S,S,NA,NA,NA,S,NA,NA,NA,NA,R,R
1773.40602,ERR3597007,S,NA,NA,S,NA,NA,NA,NA,S,NA,S,S,NA,NA,NA,S,NA,NA,NA,NA,S,S
1773.43448,ERS5317332,S,NA,NA,S,NA,NA,NA,NA,S,NA,S,S,NA,NA,NA,S,NA,NA,NA,NA,R,R
1773.20628,ERR1035131,S,NA,NA,S,NA,NA,NA,NA,S,NA,S,S,NA,NA,NA,S,NA,NA,NA,NA,S,S
1773.184,ERR1034606,R,NA,NA,S,R,NA,NA,NA,S,S,R,S,NA,NA,NA,S,NA,NA,R,NA,R,S
1773.37881,ERS5319513,S,NA,NA,S,NA,NA,NA,NA,S,NA,R,S,NA,NA,NA,S,NA,NA,NA,NA,R,S
1773.18383,ERR1034585,R,NA,NA,S,R,NA,NA,NA,R,S,R,S,NA,NA,NA,S,NA,NA,R,NA,R,R
1773.2048,ERR1035047,S,NA,NA,S,NA,NA,NA,NA,S,S,S,R,NA,NA,NA,S,NA,NA,NA,NA,R,R
1773.2524,ERR550876,NA,NA,NA,NA,NA,NA,NA,NA,S,NA,S,NA,NA,NA,NA,NA,NA,NA,S,NA,S,S
1773.2768,ERR552326,NA,S,NA,S,S,NA,NA,NA,S,NA,R,R,NA,NA,S,NA,NA,NA,S,NA,R,R
1773.31078,ERS1987063,S,NA,NA,S,NA,NA,NA,NA,S,NA,R,S,NA,NA,NA,S,NA,NA,NA,NA,R,R
1773.3152,ERR550849,R,S,NA,R,NA,NA,NA,NA,R,NA,R,NA,NA,NA,NA,NA,NA,NA,R,NA,R,R
1773.32039,ERS3371815,S,NA,NA,S,NA,NA,NA,NA,S,NA,S,S,NA,NA,NA,S,NA,NA,NA,NA,R,R
1773.32075,ERS3371859,S,NA,NA,S,NA,NA,NA,NA,S,NA,R,S,NA,NA,NA,S,NA,NA,NA,NA,R,R
1773.3362,ERR550990,R,S,NA,R,NA,NA,NA,NA,R,NA,R,NA,NA,NA,NA,NA,NA,NA,R,NA,R,R
1773.33694,ERS5298020,S,NA,NA,S,NA,NA,NA,NA,S,NA,S,S,NA,NA,NA,S,NA,NA,NA,NA,S,R
1773.3457,ERR551658,NA,NA,NA,NA,NA,NA,NA,NA,S,NA,S,NA,NA,NA,NA,NA,NA,NA,S,NA,S,S
1773.3562,ERR038285,NA,NA,NA,NA,NA,NA,NA,NA,S,NA,S,NA,NA,NA,NA,NA,NA,NA,S,NA,S,NA
1773.3571,ERR038295,NA,NA,NA,NA,NA,NA,NA,NA,S,NA,S,NA,NA,NA,NA,NA,NA,NA,S,NA,S,NA
1773.3572,ERR038296,NA,NA,NA,NA,NA,NA,NA,NA,S,NA,S,NA,NA,NA,NA,NA,NA,NA,S,NA,S,NA
1773.3594,ERR039341,NA,NA,NA,NA,NA,NA,NA,NA,S,NA,S,NA,NA,NA,NA,NA,NA,NA,S,NA,S,NA
1773.364,ERR046745,NA,NA,NA,NA,NA,NA,NA,NA,S,NA,S,NA,NA,NA,NA,NA,NA,NA,S,NA,S,NA
1773.3656,ERR046765,NA,NA,NA,NA,NA,NA,NA,NA,S,NA,S,NA,NA,NA,NA,NA,NA,NA,S,NA,S,NA
1773.3686,ERR046799,NA,NA,NA,NA,NA,NA,NA,NA,S,NA,S,NA,NA,NA,NA,NA,NA,NA,S,NA,S,NA
1773.3713,ERR046832,NA,NA,NA,NA,NA,NA,NA,NA,S,NA,S,NA,NA,NA,NA,NA,NA,NA,S,NA,S,NA
1773.3727,ERR046850,NA,NA,NA,NA,NA,NA,NA,NA,S,NA,S,NA,NA,NA,NA,NA,NA,NA,S,NA,S,S
1773.374,ERR046864,NA,NA,NA,NA,NA,NA,NA,NA,S,NA,S,NA,NA,NA,NA,NA,NA,NA,S,NA,S,NA
1773.37472,ERS5318703,S,NA,NA,S,NA,NA,NA,NA,S,NA,S,S,NA,NA,NA,S,NA,NA,NA,NA,R,R
1773.37572,ERS5318866,S,NA,NA,S,NA,NA,NA,NA,S,NA,S,S,NA,NA,NA,S,NA,NA,NA,NA,S,S
1773.3801,ERR046939,NA,NA,NA,NA,NA,NA,NA,NA,S,NA,S,NA,NA,NA,NA,NA,NA,NA,S,NA,S,S
1773.38032,ERS5319777,S,NA,NA,S,NA,NA,NA,NA,S,NA,S,S,NA,NA,NA,S,NA,NA,NA,NA,R,R
1773.385,ERR046995,NA,NA,NA,NA,NA,NA,NA,NA,S,NA,S,NA,NA,NA,NA,NA,NA,NA,S,NA,S,NA
1773.3866,ERR047012,NA,NA,NA,NA,NA,NA,NA,NA,S,NA,S,NA,NA,NA,NA,NA,NA,NA,S,NA,S,NA
1773.3867,ERR047013,NA,NA,NA,NA,NA,NA,NA,NA,S,NA,S,NA,NA,NA,NA,NA,NA,NA,S,NA,S,NA
1773.3889,ERR072036,NA,NA,NA,NA,NA,NA,NA,NA,S,NA,S,NA,NA,NA,NA,NA,NA,NA,S,NA,S,NA
1773.39402,ERS6403182,S,NA,NA,S,NA,NA,NA,NA,S,NA,S,S,NA,NA,NA,S,NA,NA,NA,NA,S,R
1773.39759,ERS6403594,S,NA,NA,S,NA,NA,NA,NA,S,NA,S,S,NA,NA,NA,S,NA,NA,NA,NA,S,R
1773.39768,ERS6403608,S,NA,NA,S,NA,NA,NA,NA,S,NA,S,S,NA,NA,NA,S,NA,NA,NA,NA,S,R
1773.39831,ERS6403682,S,NA,NA,S,NA,NA,NA,NA,S,NA,S,S,NA,NA,NA,S,NA,NA,NA,NA,S,R
1773.502,SRR2101340,S,S,NA,S,NA,NA,NA,NA,S,NA,S,S,NA,NA,S,NA,NA,NA,S,NA,S,S
1773.5106,SRR2101434,S,S,NA,S,NA,NA,NA,NA,S,NA,S,S,NA,NA,S,NA,NA,NA,S,NA,S,S
1773.5297,SRR2101639,S,S,NA,S,NA,NA,NA,NA,S,NA,R,S,NA,NA,S,NA,NA,NA,S,NA,S,S
1773.5346,SRR2101697,S,S,NA,S,NA,NA,NA,NA,S,NA,S,S,NA,NA,S,NA,NA,NA,S,NA,S,S
1773.5433,SRR2101789,S,S,NA,S,NA,NA,NA,NA,S,NA,S,S,NA,NA,S,NA,NA,NA,S,NA,S,S
1773.5469,ERR552879,NA,NA,NA,NA,NA,NA,NA,NA,S,NA,S,NA,NA,NA,NA,NA,NA,NA,S,NA,S,S
1773.5863,SRR2100056,NA,NA,NA,NA,NA,NA,NA,NA,S,NA,S,NA,NA,NA,NA,NA,NA,NA,S,NA,S,NA
1773.18991,ERR161129,S,NA,NA,S,NA,NA,NA,NA,S,NA,S,S,NA,NA,NA,S,NA,NA,NA,NA,S,S
1773.20572,ERR1035155,S,NA,NA,S,NA,NA,NA,NA,S,NA,R,S,NA,NA,NA,S,NA,NA,NA,NA,R,S
1773.2171,ERR3256264,S,NA,NA,S,NA,NA,NA,NA,S,NA,R,S,NA,NA,NA,S,NA,NA,NA,NA,R,S
1773.29559,ERR552446,S,NA,NA,S,NA,NA,S,NA,R,NA,R,S,NA,NA,NA,S,S,R,R,NA,R,R
1773.31055,ERS1987034,S,NA,NA,S,NA,NA,NA,NA,S,NA,S,S,NA,NA,NA,S,NA,NA,NA,NA,R,R
1773.31122,ERS1987114,S,NA,NA,S,NA,NA,NA,NA,S,NA,S,S,NA,NA,NA,S,NA,NA,NA,NA,S,S
1773.31292,ERS1987298,S,NA,NA,S,NA,NA,NA,NA,S,NA,S,S,NA,NA,NA,S,NA,NA,NA,NA,S,R
1773.3137,ERS1987381,S,NA,NA,S,NA,NA,NA,NA,S,NA,S,S,NA,NA,NA,S,NA,NA,NA,NA,R,R
1773.31562,ERS2394679,S,NA,NA,S,NA,NA,NA,NA,S,NA,R,S,NA,NA,NA,S,NA,NA,NA,NA,R,R
1773.3159,ERS2394716,S,NA,NA,S,NA,NA,NA,NA,S,NA,R,S,NA,NA,NA,S,NA,NA,NA,NA,R,R
1773.32401,ERS5281347,R,NA,NA,R,NA,NA,NA,NA,S,NA,R,R,NA,NA,NA,S,NA,NA,NA,NA,R,R
1773.3257,ERS5281598,S,NA,NA,S,NA,NA,NA,NA,S,NA,R,S,NA,NA,NA,S,NA,NA,NA,NA,R,R
1773.32591,ERS5281620,S,NA,NA,S,NA,NA,NA,NA,S,NA,S,S,NA,NA,NA,S,NA,NA,NA,NA,S,S
1773.32882,ERS5282029,S,NA,NA,S,NA,NA,NA,NA,S,NA,S,S,NA,NA,NA,S,NA,NA,NA,NA,R,R
1773.32933,ERS5282093,S,NA,NA,S,NA,NA,NA,NA,S,NA,S,S,NA,NA,NA,S,NA,NA,NA,NA,R,R
1773.32967,ERS5282137,S,NA,NA,S,NA,NA,NA,NA,S,NA,R,S,NA,NA,NA,S,NA,NA,NA,NA,S,R
1773.32998,ERS5282182,S,NA,NA,S,NA,NA,NA,NA,S,NA,S,S,NA,NA,NA,S,NA,NA,NA,NA,R,R
1773.33233,ERS5282474,S,NA,NA,S,NA,NA,NA,NA,S,NA,S,S,NA,NA,NA,S,NA,NA,NA,NA,S,S
1773.33257,ERS5282503,S,NA,NA,S,NA,NA,NA,NA,R,NA,R,S,NA,NA,NA,R,NA,NA,NA,NA,R,R
1773.33367,ERS5282631,R,NA,NA,R,NA,NA,NA,NA,S,NA,R,R,NA,NA,NA,S,NA,NA,NA,NA,R,R
1773.33472,ERS5282778,S,NA,NA,S,NA,NA,NA,NA,S,NA,S,S,NA,NA,NA,S,NA,NA,NA,NA,R,R
1773.33615,ERS5297919,S,NA,NA,S,NA,NA,NA,NA,S,NA,S,S,NA,NA,NA,S,NA,NA,NA,NA,S,R
1773.33644,ERS5297957,S,NA,NA,S,NA,NA,NA,NA,S,NA,S,S,NA,NA,NA,S,NA,NA,NA,NA,S,R
1773.33695,ERS5298021,S,NA,NA,S,NA,NA,NA,NA,S,NA,S,S,NA,NA,NA,S,NA,NA,NA,NA,S,R
1773.33997,ERS5298488,S,NA,NA,S,NA,NA,NA,NA,S,NA,R,S,NA,NA,NA,S,NA,NA,NA,NA,R,R
1773.34792,ERS5301833,S,NA,NA,S,NA,NA,NA,NA,S,NA,S,S,NA,NA,NA,S,NA,NA,NA,NA,R,R
1773.34832,ERS5301893,S,NA,NA,S,NA,NA,NA,NA,S,NA,S,S,NA,NA,NA,S,NA,NA,NA,NA,R,R
1773.34919,ERS5302029,S,NA,NA,S,NA,NA,NA,NA,S,NA,R,S,NA,NA,NA,S,NA,NA,NA,NA,R,R
1773.35495,ERS5302753,S,NA,NA,S,NA,NA,NA,NA,S,NA,S,S,NA,NA,NA,S,NA,NA,NA,NA,R,R
1773.35884,ERS5303367,R,NA,NA,R,NA,NA,NA,NA,S,NA,R,R,NA,NA,NA,S,NA,NA,NA,NA,R,R
1773.35919,ERS5303406,S,NA,NA,S,NA,NA,NA,NA,S,NA,S,S,NA,NA,NA,S,NA,NA,NA,NA,S,R
1773.37559,ERS5318836,S,NA,NA,S,NA,NA,NA,NA,S,NA,R,S,NA,NA,NA,S,NA,NA,NA,NA,S,R
1773.37752,ERS5319183,S,NA,NA,S,NA,NA,NA,NA,S,NA,S,S,NA,NA,NA,S,NA,NA,NA,NA,S,R
1773.38013,ERS5319765,S,NA,NA,S,NA,NA,NA,NA,S,NA,S,S,NA,NA,NA,S,NA,NA,NA,NA,R,R
1773.38254,ERS5320037,S,NA,NA,S,NA,NA,NA,NA,R,NA,R,S,NA,NA,NA,S,NA,NA,NA,NA,R,R
1773.38303,ERS5320088,S,NA,NA,S,NA,NA,NA,NA,S,NA,R,S,NA,NA,NA,S,NA,NA,NA,NA,R,R
1773.38304,ERS5320091,S,NA,NA,S,NA,NA,NA,NA,R,NA,R,S,NA,NA,NA,S,NA,NA,NA,NA,R,R
1773.38355,ERS5320142,S,NA,NA,R,NA,NA,NA,NA,S,NA,S,S,NA,NA,NA,S,NA,NA,NA,NA,R,R
1773.38362,ERS5320149,S,NA,NA,R,NA,NA,NA,NA,S,NA,S,S,NA,NA,NA,S,NA,NA,NA,NA,S,S
1773.38366,ERS5320152,S,NA,NA,S,NA,NA,NA,NA,S,NA,S,S,NA,NA,NA,S,NA,NA,NA,NA,S,R
1773.3851,ERS5320332,S,NA,NA,S,NA,NA,NA,NA,S,NA,R,S,NA,NA,NA,S,NA,NA,NA,NA,R,R
1773.3887,ERS5320832,S,NA,NA,S,NA,NA,NA,NA,S,NA,S,S,NA,NA,NA,S,NA,NA,NA,NA,S,R
1773.39146,ERS6402895,S,NA,NA,S,NA,NA,NA,NA,S,NA,S,S,NA,NA,NA,S,NA,NA,NA,NA,S,R
1773.39151,ERS6402900,S,NA,NA,S,NA,NA,NA,NA,S,NA,S,S,NA,NA,NA,S,NA,NA,NA,NA,S,R
1773.39218,ERS6402972,S,NA,NA,S,NA,NA,NA,NA,S,NA,S,S,NA,NA,NA,S,NA,NA,NA,NA,S,R
1773.39318,ERS6403091,S,NA,NA,S,NA,NA,NA,NA,S,NA,R,S,NA,NA,NA,S,NA,NA,NA,NA,R,R
1773.3948,ERS6403282,S,NA,NA,S,NA,NA,NA,NA,S,NA,R,S,NA,NA,NA,S,NA,NA,NA,NA,S,R
1773.39585,ERS6403409,S,NA,NA,S,NA,NA,NA,NA,S,NA,S,S,NA,NA,NA,S,NA,NA,NA,NA,S,R
1773.39598,ERS6403420,S,NA,NA,S,NA,NA,NA,NA,S,NA,S,S,NA,NA,NA,S,NA,NA,NA,NA,S,R
1773.39626,ERS6403437,S,NA,NA,S,NA,NA,NA,NA,S,NA,S,S,NA,NA,NA,S,NA,NA,NA,NA,S,R
1773.39755,ERS6403588,S,NA,NA,S,NA,NA,NA,NA,S,NA,S,S,NA,NA,NA,S,NA,NA,NA,NA,S,R
1773.40037,ERS6421584,S,NA,NA,S,NA,NA,NA,NA,S,NA,S,S,NA,NA,NA,S,NA,NA,NA,NA,S,R
1773.40058,ERS6421611,S,NA,NA,S,NA,NA,NA,NA,S,NA,S,S,NA,NA,NA,S,NA,NA,NA,NA,S,R
1773.40062,ERS6421615,S,NA,NA,S,NA,NA,NA,NA,S,NA,S,S,NA,NA,NA,S,NA,NA,NA,NA,S,R
1773.40155,ERS6421721,S,NA,NA,S,NA,NA,NA,NA,S,NA,S,S,NA,NA,NA,S,NA,NA,NA,NA,S,R
1773.40198,ERS6421759,S,NA,NA,S,NA,NA,NA,NA,S,NA,S,S,NA,NA,NA,S,NA,NA,NA,NA,S,R
1773.40268,ERS6421865,S,NA,NA,S,NA,NA,NA,NA,S,NA,S,S,NA,NA,NA,S,NA,NA,NA,NA,S,S
1773.42061,ERS5282763,S,NA,S,S,NA,R,NA,R,S,R,S,S,R,R,S,S,R,NA,NA,S,S,R
1773.42682,ERR7361951,S,NA,NA,S,NA,NA,NA,NA,S,NA,S,S,NA,NA,NA,S,NA,NA,NA,NA,S,S
1773.43304,ERS6420794,S,NA,NA,S,NA,NA,NA,NA,S,NA,S,S,NA,NA,NA,S,NA,NA,NA,NA,S,R
1773.43505,ERS5317554,S,NA,NA,S,NA,NA,NA,NA,R,NA,R,S,NA,NA,NA,S,NA,NA,NA,NA,R,R
1773.43709,ERS5282553,S,NA,S,S,NA,S,NA,S,S,R,R,S,S,S,S,S,S,NA,NA,R,R,R
1773.18183,ERR1873551,R,NA,NA,R,NA,NA,R,NA,S,S,R,R,NA,NA,R,S,S,NA,R,NA,R,R
1773.18517,ERR1034869,S,NA,NA,S,NA,NA,S,NA,S,R,R,S,NA,NA,NA,S,S,NA,S,NA,R,R
1773.19705,ERR181912,S,NA,NA,S,NA,NA,NA,NA,S,NA,S,S,NA,NA,NA,S,NA,NA,NA,NA,S,S
1773.20482,ERR1035043,S,NA,NA,S,NA,NA,NA,NA,S,S,R,S,NA,NA,NA,S,NA,NA,NA,NA,R,R
1773.31508,ERS2394579,S,NA,NA,S,NA,NA,NA,NA,S,NA,S,S,NA,NA,NA,S,NA,NA,NA,NA,S,R
1773.3472,ERS5301245,S,NA,NA,S,NA,NA,NA,NA,S,NA,S,S,NA,NA,NA,S,NA,NA,NA,NA,R,R
1773.35366,ERS5302599,S,NA,NA,S,NA,NA,NA,NA,S,NA,S,S,NA,NA,NA,S,NA,NA,NA,NA,R,R
1773.35829,ERS5303232,S,NA,NA,S,NA,NA,NA,NA,S,NA,R,S,NA,NA,NA,S,NA,NA,NA,NA,R,R
1773.36925,ERS5317648,S,NA,NA,S,NA,NA,NA,NA,S,NA,R,S,NA,NA,NA,S,NA,NA,NA,NA,R,R
1773.37873,ERS5319503,S,NA,NA,S,NA,NA,NA,NA,S,NA,S,S,NA,NA,NA,S,NA,NA,NA,NA,R,R
1773.3884,ERS5320795,S,NA,NA,S,NA,NA,NA,NA,S,NA,R,S,NA,NA,NA,S,NA,NA,NA,NA,S,R
1773.38954,ERS5320947,S,NA,NA,S,NA,NA,NA,NA,S,NA,R,S,NA,NA,NA,S,NA,NA,NA,NA,R,R
1773.42258,ERS5282964,S,NA,S,S,NA,S,NA,R,R,R,R,S,R,S,S,S,S,NA,NA,S,S,R
1773.42599,ERS5283409,S,NA,S,S,NA,S,NA,S,S,S,R,S,S,S,S,S,S,NA,NA,R,R,R
1773.43584,ERS5317475,S,NA,NA,S,NA,NA,NA,NA,S,NA,S,S,NA,NA,NA,S,NA,NA,NA,NA,S,S
1773.20042,ERR212137,S,NA,NA,S,NA,NA,NA,NA,S,NA,S,S,NA,NA,NA,S,NA,NA,NA,NA,S,S
1773.20431,ERR1034991,S,NA,NA,S,NA,NA,NA,NA,S,NA,S,S,NA,NA,NA,S,NA,NA,NA,NA,R,R
1773.20467,ERR1035027,R,NA,NA,R,NA,NA,NA,NA,R,S,R,R,NA,NA,NA,S,NA,NA,NA,NA,R,R
1773.15241,SRR6397398,S,NA,NA,S,NA,NA,NA,NA,S,NA,S,S,NA,NA,NA,S,NA,NA,NA,NA,R,S
1773.31549,ERS2394654,S,NA,NA,S,NA,NA,NA,NA,S,NA,S,S,NA,NA,NA,S,NA,NA,NA,NA,R,S
1773.38489,ERS5320300,S,NA,NA,R,NA,NA,NA,NA,S,NA,S,S,NA,NA,NA,S,NA,NA,NA,NA,R,R
1773.40142,ERS6421702,S,NA,NA,S,NA,NA,NA,NA,S,NA,R,S,NA,NA,NA,S,NA,NA,NA,NA,R,R
1773.41022,ERS5281586,S,NA,S,S,NA,R,NA,S,R,R,R,R,R,S,S,S,S,NA,NA,R,R,R
1773.42051,ERS5282751,S,NA,S,R,NA,S,NA,S,R,R,R,R,R,S,R,R,S,NA,NA,R,R,R
1773.42112,ERS5282817,S,NA,S,S,NA,S,NA,R,S,R,S,S,R,S,S,S,S,NA,NA,S,S,S
1773.32665,ERS5281698,S,NA,NA,S,NA,NA,NA,NA,R,NA,R,S,NA,NA,NA,R,NA,NA,NA,NA,R,R
1773.33251,ERS5282499,S,NA,NA,S,NA,NA,NA,NA,S,NA,S,S,NA,NA,NA,S,NA,NA,NA,NA,S,R
1773.36773,ERS5312693,S,NA,NA,S,NA,NA,NA,NA,S,NA,S,S,NA,NA,NA,S,NA,NA,NA,NA,S,R
1773.37108,ERS5317899,S,NA,NA,S,NA,NA,NA,NA,S,NA,R,S,NA,NA,NA,S,NA,NA,NA,NA,R,R
1773.38012,ERS5319749,S,NA,NA,S,NA,NA,NA,NA,S,NA,S,S,NA,NA,NA,S,NA,NA,NA,NA,R,R
1773.38204,ERS5319983,S,NA,NA,S,NA,NA,NA,NA,R,NA,R,S,NA,NA,NA,R,NA,NA,NA,NA,R,R
1773.3833,ERS5320121,S,NA,NA,S,NA,NA,NA,NA,S,NA,S,S,NA,NA,NA,S,NA,NA,NA,NA,S,R
1773.3834,ERS5320123,S,NA,NA,S,NA,NA,NA,NA,S,NA,S,S,NA,NA,NA,S,NA,NA,NA,NA,S,R
1773.33414,ERS5282696,S,NA,NA,S,NA,NA,NA,NA,S,NA,S,S,NA,NA,NA,S,NA,NA,NA,NA,S,R
1773.43452,ERS5317352,S,NA,NA,S,NA,NA,NA,NA,S,NA,S,S,NA,NA,NA,S,NA,NA,NA,NA,S,S
1773.1559,ERS096425,S,NA,NA,S,NA,NA,NA,NA,R,NA,S,NA,NA,NA,S,S,NA,S,S,NA,S,S
1773.1644,ERS096481,S,NA,NA,S,NA,NA,NA,NA,R,NA,R,NA,NA,NA,S,S,NA,S,R,NA,R,R
1773.19664,ERR181866,S,NA,NA,S,NA,NA,NA,NA,S,NA,S,S,NA,NA,NA,S,NA,NA,NA,NA,S,R
1773.2716,ERR551811,NA,NA,NA,NA,NA,NA,NA,NA,R,NA,R,NA,NA,NA,NA,NA,NA,NA,R,NA,R,R
1773.2793,ERR552066,NA,NA,NA,NA,NA,NA,NA,NA,S,NA,S,NA,NA,NA,NA,NA,NA,NA,S,NA,S,S
1773.2889,ERR552322,R,S,NA,R,NA,NA,NA,NA,R,NA,R,NA,NA,NA,NA,NA,NA,NA,R,NA,R,R
1773.3028,ERR552381,NA,NA,NA,NA,NA,NA,NA,NA,S,NA,S,NA,NA,NA,NA,NA,NA,NA,S,NA,S,S
1773.31211,ERS1987212,S,NA,NA,S,NA,NA,NA,NA,S,NA,R,S,NA,NA,NA,S,NA,NA,NA,NA,S,R
1773.3141,ERR553023,S,S,NA,S,NA,NA,NA,NA,S,NA,R,NA,NA,NA,NA,NA,NA,NA,S,NA,R,R
1773.3142,ERR550633,NA,NA,NA,NA,NA,NA,NA,NA,S,NA,S,NA,NA,NA,NA,NA,NA,NA,S,NA,S,S
1773.3166,ERR550807,R,S,NA,R,NA,NA,NA,NA,R,NA,R,NA,NA,NA,NA,NA,NA,NA,R,NA,R,S
1773.3185,ERR552939,R,S,NA,R,NA,NA,S,NA,S,NA,R,NA,NA,NA,NA,S,S,S,R,NA,R,R
1773.32043,ERS3371826,S,NA,NA,S,NA,NA,NA,NA,S,NA,R,S,NA,NA,NA,S,NA,NA,NA,NA,R,S
1773.32105,ERS3371889,S,NA,NA,S,NA,NA,NA,NA,S,NA,R,S,NA,NA,NA,S,NA,NA,NA,NA,S,R
1773.3218,ERR551596,R,S,NA,R,NA,NA,NA,NA,S,NA,R,NA,NA,NA,NA,NA,NA,NA,S,NA,R,R
1773.3224,ERR551841,NA,NA,NA,NA,NA,NA,NA,NA,S,NA,S,NA,NA,NA,NA,NA,NA,NA,S,NA,S,R
1773.32534,ERS5281555,S,NA,NA,S,NA,NA,NA,NA,S,NA,R,S,NA,NA,NA,S,NA,NA,NA,NA,R,R
1773.3289,ERR550621,NA,NA,NA,NA,NA,NA,NA,NA,S,NA,S,NA,NA,NA,NA,NA,NA,NA,S,NA,S,S
1773.33227,ERS5282466,S,NA,NA,S,NA,NA,NA,NA,S,NA,S,S,NA,NA,NA,S,NA,NA,NA,NA,R,R
1773.3368,ERS5298008,S,NA,NA,S,NA,NA,NA,NA,S,NA,S,S,NA,NA,NA,S,NA,NA,NA,NA,S,R
1773.3371,ERR551119,NA,NA,NA,NA,NA,NA,NA,NA,S,NA,S,NA,NA,NA,NA,NA,NA,NA,S,NA,S,S
1773.34125,ERS5298628,S,NA,NA,S,NA,NA,NA,NA,S,NA,S,S,NA,NA,NA,S,NA,NA,NA,NA,R,R
1773.3561,ERR038284,NA,NA,NA,NA,NA,NA,NA,NA,S,NA,S,NA,NA,NA,NA,NA,NA,NA,S,NA,S,NA
1773.3567,ERR038291,NA,NA,NA,NA,NA,NA,NA,NA,S,NA,S,NA,NA,NA,NA,NA,NA,NA,S,NA,S,NA
1773.3592,ERR039339,NA,NA,NA,NA,NA,NA,NA,NA,S,NA,S,NA,NA,NA,NA,NA,NA,NA,S,NA,S,NA
1773.35932,ERS5303422,S,NA,NA,S,NA,NA,NA,NA,S,NA,S,S,NA,NA,NA,S,NA,NA,NA,NA,S,R
1773.3596,ERR039343,NA,NA,NA,NA,NA,NA,NA,NA,S,NA,S,NA,NA,NA,NA,NA,NA,NA,S,NA,S,NA
1773.3632,ERR046737,NA,NA,NA,NA,NA,NA,NA,NA,S,NA,S,NA,NA,NA,NA,NA,NA,NA,S,NA,S,NA
1773.3638,ERR046743,NA,NA,NA,NA,NA,NA,NA,NA,S,NA,S,NA,NA,NA,NA,NA,NA,NA,S,NA,S,NA
1773.3641,ERR046746,NA,NA,NA,NA,NA,NA,NA,NA,S,NA,S,NA,NA,NA,NA,NA,NA,NA,S,NA,S,NA
1773.37412,ERS5318612,S,NA,NA,S,NA,NA,NA,NA,S,NA,S,S,NA,NA,NA,S,NA,NA,NA,NA,R,R
1773.3773,ERR046907,NA,NA,NA,NA,NA,NA,NA,NA,S,NA,S,NA,NA,NA,NA,NA,NA,NA,S,NA,S,S
1773.3846,ERR046991,NA,NA,NA,NA,NA,NA,NA,NA,S,NA,S,NA,NA,NA,NA,NA,NA,NA,S,NA,S,NA
1773.3909,SRR2100111,NA,NA,NA,NA,NA,NA,NA,NA,S,NA,S,NA,NA,NA,NA,NA,NA,NA,S,NA,S,NA
1773.39828,ERS6403680,S,NA,NA,S,NA,NA,NA,NA,S,NA,R,S,NA,NA,NA,S,NA,NA,NA,NA,R,R
1773.39832,ERS6403685,R,NA,NA,R,NA,NA,NA,NA,S,NA,S,R,NA,NA,NA,S,NA,NA,NA,NA,R,R
1773.4005,ERS6421599,S,NA,NA,S,NA,NA,NA,NA,S,NA,S,S,NA,NA,NA,S,NA,NA,NA,NA,S,R
1773.4226,SRR2100427,NA,NA,NA,NA,NA,NA,NA,NA,S,NA,S,NA,NA,NA,NA,NA,NA,NA,S,NA,S,S
1773.42661,ERR7361923,S,NA,NA,S,NA,NA,NA,NA,S,NA,S,S,NA,NA,NA,S,NA,NA,NA,NA,S,R
1773.43671,ERS6421791,S,NA,NA,S,NA,NA,NA,NA,S,NA,S,S,NA,NA,NA,S,NA,NA,NA,NA,S,R
1773.5044,SRR2101371,S,S,NA,S,NA,NA,NA,NA,S,NA,S,S,NA,NA,S,NA,NA,NA,S,NA,S,S
1773.5078,SRR2101406,S,S,NA,S,NA,NA,NA,NA,S,NA,S,S,NA,NA,S,NA,NA,NA,S,NA,S,S
1773.5129,SRR2101458,S,S,NA,S,NA,NA,NA,NA,S,NA,S,S,NA,NA,S,NA,NA,NA,S,NA,S,S
1773.5164,SRR2101494,S,S,NA,S,NA,NA,NA,NA,S,NA,S,S,NA,NA,S,NA,NA,NA,S,NA,S,S
1773.5282,SRR2101620,S,S,NA,S,NA,NA,NA,NA,S,NA,S,S,NA,NA,S,NA,NA,NA,S,NA,S,S
1773.5464,ERR552853,NA,NA,NA,NA,NA,NA,NA,NA,S,NA,S,NA,NA,NA,NA,NA,NA,NA,S,NA,S,S
1773.5641,ERR400506,NA,NA,NA,NA,NA,NA,NA,NA,S,NA,S,NA,NA,NA,NA,NA,NA,NA,S,NA,S,S
1773.19699,ERR181910,S,NA,NA,S,NA,NA,NA,NA,S,NA,S,S,NA,NA,NA,S,NA,NA,S,NA,S,S
1773.20487,ERR1035045,S,NA,NA,S,NA,NA,NA,NA,S,S,S,S,NA,NA,NA,S,NA,NA,NA,NA,R,R
1773.31107,ERS1987100,S,NA,NA,S,NA,NA,NA,NA,S,NA,S,S,NA,NA,NA,S,NA,NA,NA,NA,R,R
1773.31116,ERS1987110,S,NA,NA,S,NA,NA,NA,NA,S,NA,S,S,NA,NA,NA,S,NA,NA,NA,NA,S,R
1773.31566,ERS2394675,S,NA,NA,S,NA,NA,NA,NA,S,NA,S,S,NA,NA,NA,S,NA,NA,NA,NA,S,R
1773.3158,ERS2394705,S,NA,NA,S,NA,NA,NA,NA,S,NA,R,S,NA,NA,NA,R,NA,NA,NA,NA,R,R
1773.31713,ERS2394904,S,NA,NA,S,NA,NA,NA,NA,S,NA,R,S,NA,NA,NA,S,NA,NA,NA,NA,R,R
1773.31819,ERS3371581,S,NA,NA,S,NA,NA,NA,NA,S,NA,S,S,NA,NA,NA,S,NA,NA,NA,NA,S,R
1773.32507,ERS5281525,S,NA,NA,S,NA,NA,NA,NA,S,NA,R,S,NA,NA,NA,R,NA,NA,NA,NA,S,S
1773.32544,ERS5281566,S,NA,NA,S,NA,NA,NA,NA,R,NA,R,S,NA,NA,NA,S,NA,NA,NA,NA,R,R
1773.32554,ERS5281580,S,NA,NA,S,NA,NA,NA,NA,R,NA,R,S,NA,NA,NA,S,NA,NA,NA,NA,S,R
1773.32578,ERS5281603,S,NA,NA,S,NA,NA,NA,NA,R,NA,R,S,NA,NA,NA,S,NA,NA,NA,NA,R,R
1773.32613,ERS5281640,S,NA,NA,S,NA,NA,NA,NA,S,NA,S,S,NA,NA,NA,S,NA,NA,NA,NA,S,S
1773.327,ERS5281776,S,NA,NA,S,NA,NA,NA,NA,R,NA,R,S,NA,NA,NA,S,NA,NA,NA,NA,R,R
1773.33235,ERS5282478,S,NA,NA,S,NA,NA,NA,NA,S,NA,S,S,NA,NA,NA,S,NA,NA,NA,NA,S,R
1773.33459,ERS5282765,S,NA,NA,S,NA,NA,NA,NA,S,NA,R,S,NA,NA,NA,S,NA,NA,NA,NA,R,R
1773.33564,ERS5297847,R,NA,NA,R,NA,NA,NA,NA,S,NA,R,R,NA,NA,NA,S,NA,NA,NA,NA,R,S
1773.33739,ERS5298069,R,NA,NA,R,NA,NA,NA,NA,S,NA,R,R,NA,NA,NA,S,NA,NA,NA,NA,R,S
1773.34975,ERS5302101,S,NA,NA,S,NA,NA,NA,NA,S,NA,S,S,NA,NA,NA,S,NA,NA,NA,NA,S,R
1773.35763,ERS5303133,S,NA,NA,S,NA,NA,NA,NA,S,NA,R,S,NA,NA,NA,S,NA,NA,NA,NA,R,R
1773.36559,ERS5312465,S,NA,NA,S,NA,NA,NA,NA,S,NA,R,S,NA,NA,NA,S,NA,NA,NA,NA,R,R
1773.37135,ERS5318057,S,NA,NA,S,NA,NA,NA,NA,S,NA,R,S,NA,NA,NA,S,NA,NA,NA,NA,R,R
1773.37639,ERS5318994,S,NA,NA,S,NA,NA,NA,NA,S,NA,R,S,NA,NA,NA,S,NA,NA,NA,NA,R,R
1773.38076,ERS5319830,S,NA,NA,S,NA,NA,NA,NA,S,NA,S,S,NA,NA,NA,S,NA,NA,NA,NA,R,R
1773.38154,ERS5319915,S,NA,NA,S,NA,NA,NA,NA,S,NA,R,S,NA,NA,NA,S,NA,NA,NA,NA,R,R
1773.38236,ERS5320029,S,NA,NA,S,NA,NA,NA,NA,R,NA,R,S,NA,NA,NA,S,NA,NA,NA,NA,R,R
1773.38318,ERS5320102,S,NA,NA,S,NA,NA,NA,NA,R,NA,R,S,NA,NA,NA,S,NA,NA,NA,NA,R,R
1773.38328,ERS5320114,S,NA,NA,S,NA,NA,NA,NA,S,NA,S,S,NA,NA,NA,S,NA,NA,NA,NA,S,R
1773.38424,ERS5320230,S,NA,NA,S,NA,NA,NA,NA,S,NA,S,S,NA,NA,NA,S,NA,NA,NA,NA,S,R
1773.38462,ERS5320270,S,NA,NA,S,NA,NA,NA,NA,S,NA,S,S,NA,NA,NA,S,NA,NA,NA,NA,R,R
1773.385,ERS5320317,S,NA,NA,S,NA,NA,NA,NA,R,NA,R,S,NA,NA,NA,S,NA,NA,NA,NA,R,R
1773.39053,ERS6402780,S,NA,NA,S,NA,NA,NA,NA,S,NA,S,S,NA,NA,NA,S,NA,NA,NA,NA,S,R
1773.39159,ERS6402909,S,NA,NA,S,NA,NA,NA,NA,S,NA,S,S,NA,NA,NA,S,NA,NA,NA,NA,S,R
1773.39225,ERS6402982,S,NA,NA,S,NA,NA,NA,NA,S,NA,S,S,NA,NA,NA,S,NA,NA,NA,NA,S,S
1773.39228,ERS6402986,S,NA,NA,S,NA,NA,NA,NA,S,NA,R,S,NA,NA,NA,S,NA,NA,NA,NA,R,S
1773.39271,ERS6403038,S,NA,NA,S,NA,NA,NA,NA,S,NA,R,S,NA,NA,NA,S,NA,NA,NA,NA,S,R
1773.39347,ERS6403121,S,NA,NA,S,NA,NA,NA,NA,S,NA,S,S,NA,NA,NA,S,NA,NA,NA,NA,S,R
1773.39427,ERS6403205,S,NA,NA,S,NA,NA,NA,NA,S,NA,R,S,NA,NA,NA,S,NA,NA,NA,NA,S,R
1773.39676,ERS6403507,S,NA,NA,S,NA,NA,NA,NA,S,NA,S,S,NA,NA,NA,S,NA,NA,NA,NA,S,R
1773.39835,ERS6403689,S,NA,NA,S,NA,NA,NA,NA,S,NA,R,S,NA,NA,NA,S,NA,NA,NA,NA,S,S
1773.401,ERS6421656,S,NA,NA,S,NA,NA,NA,NA,S,NA,S,S,NA,NA,NA,S,NA,NA,NA,NA,S,R
1773.40271,ERS6421874,S,NA,NA,S,NA,NA,NA,NA,S,NA,R,S,NA,NA,NA,S,NA,NA,NA,NA,R,R
1773.40848,ERS5281409,R,NA,S,R,NA,S,NA,S,R,R,R,R,R,S,R,S,S,NA,NA,R,R,R
1773.42199,ERS5282907,S,NA,S,S,NA,S,NA,S,S,S,S,S,S,S,S,S,S,NA,NA,S,S,R
1773.42454,ERS5283188,S,NA,S,S,NA,S,NA,S,R,S,S,S,R,S,S,S,S,NA,NA,S,S,R
1773.42516,ERS5283244,S,NA,S,S,NA,S,NA,S,S,S,S,S,S,S,S,S,S,NA,NA,S,S,R
1773.42558,ERS5283288,S,NA,S,S,NA,S,NA,S,S,R,S,S,S,S,S,S,S,NA,NA,S,S,S
1773.4259,ERS5283323,S,NA,S,S,NA,S,NA,R,S,S,S,S,R,R,R,S,S,NA,NA,S,S,R
1773.4264,ERR6929533,S,NA,NA,S,NA,NA,NA,NA,S,NA,S,S,NA,NA,NA,S,NA,NA,NA,NA,R,S
1773.42757,ERR7362029,S,NA,NA,S,NA,NA,NA,NA,S,NA,S,S,NA,NA,NA,S,NA,NA,NA,NA,S,S
1773.42775,ERR7361989,S,NA,NA,S,NA,NA,NA,NA,R,NA,R,S,NA,NA,NA,R,NA,NA,NA,NA,S,S
1773.43209,ERS5302058,S,NA,NA,S,NA,NA,NA,NA,S,NA,S,S,NA,NA,NA,S,NA,NA,NA,NA,S,R
1773.1819,ERR1873447,R,NA,NA,R,NA,NA,S,NA,S,S,R,R,NA,NA,S,S,S,NA,R,NA,R,S
1773.23363,ERR1654689,S,NA,NA,S,NA,NA,NA,NA,S,NA,R,S,NA,NA,NA,S,NA,NA,NA,NA,R,R
1773.32353,ERS5281257,R,NA,NA,R,NA,NA,NA,NA,R,NA,R,R,NA,NA,NA,R,NA,NA,NA,NA,R,R
1773.32524,ERS5281544,S,NA,NA,S,NA,NA,NA,NA,S,NA,R,S,NA,NA,NA,S,NA,NA,NA,NA,R,R
1773.32732,ERS5281846,S,NA,NA,S,NA,NA,NA,NA,S,NA,S,S,NA,NA,NA,S,NA,NA,NA,NA,S,R
1773.33348,ERS5282607,S,NA,NA,S,NA,NA,NA,NA,S,NA,S,S,NA,NA,NA,S,NA,NA,NA,NA,R,R
1773.33693,ERS5298019,S,NA,NA,S,NA,NA,NA,NA,S,NA,S,S,NA,NA,NA,S,NA,NA,NA,NA,S,S
1773.37729,ERS5319152,S,NA,NA,S,NA,NA,NA,NA,S,NA,S,S,NA,NA,NA,S,NA,NA,NA,NA,S,R
1773.38194,ERS5319973,S,NA,NA,R,NA,NA,NA,NA,R,NA,R,S,NA,NA,NA,R,NA,NA,NA,NA,R,R
1773.38766,ERS5320685,S,NA,NA,S,NA,NA,NA,NA,S,NA,R,S,NA,NA,NA,S,NA,NA,NA,NA,S,R
1773.40092,ERS6421649,S,NA,NA,S,NA,NA,NA,NA,S,NA,R,S,NA,NA,NA,S,NA,NA,NA,NA,S,R
1773.42198,ERS5282906,S,NA,S,S,NA,S,NA,S,R,S,R,S,R,S,R,R,S,NA,NA,R,R,R
1773.43546,ERS5317491,S,NA,NA,S,NA,NA,NA,NA,S,NA,S,S,NA,NA,NA,S,NA,NA,NA,NA,R,R
1773.43701,ERS5282471,S,NA,S,S,NA,S,NA,R,R,S,S,S,R,S,S,S,R,NA,NA,S,S,S
1773.18389,ERR1034595,R,NA,NA,R,R,NA,NA,NA,S,S,R,S,NA,NA,NA,S,NA,NA,R,NA,R,S
1773.18501,ERR1034856,S,NA,NA,S,NA,NA,S,NA,S,R,R,S,NA,NA,NA,S,S,NA,S,NA,R,S
1773.18439,ERR1035216,S,NA,NA,S,NA,NA,NA,NA,S,NA,R,S,NA,NA,NA,S,NA,NA,S,NA,S,S
1773.23358,ERR1654659,S,NA,NA,S,NA,NA,NA,NA,S,NA,R,S,NA,NA,NA,S,NA,NA,NA,NA,R,R
1773.32692,ERS5281754,S,NA,NA,S,NA,NA,NA,NA,S,NA,R,S,NA,NA,NA,S,NA,NA,NA,NA,R,R
1773.32966,ERS5282133,S,NA,NA,S,NA,NA,NA,NA,S,NA,S,S,NA,NA,NA,S,NA,NA,NA,NA,S,S
1773.37735,ERS5319156,S,NA,NA,S,NA,NA,NA,NA,S,NA,S,S,NA,NA,NA,S,NA,NA,NA,NA,R,R
1773.4255,ERS5283279,R,NA,S,S,NA,R,NA,R,R,R,R,R,R,R,R,S,R,NA,NA,R,R,R
1733.1667,ERR2199765,S,NA,NA,S,NA,NA,NA,NA,S,NA,S,S,NA,NA,NA,S,NA,NA,NA,NA,R,R
1773.32622,ERS5281650,S,NA,NA,S,NA,NA,NA,NA,S,NA,S,S,NA,NA,NA,S,NA,NA,NA,NA,S,S
1773.32668,ERS5281722,S,NA,NA,S,NA,NA,NA,NA,R,NA,R,S,NA,NA,NA,S,NA,NA,NA,NA,R,R
1773.33145,ERS5282359,S,NA,NA,S,NA,NA,NA,NA,S,NA,S,S,NA,NA,NA,S,NA,NA,NA,NA,S,S
1773.37768,ERS5319191,S,NA,NA,S,NA,NA,NA,NA,S,NA,S,S,NA,NA,NA,S,NA,NA,NA,NA,S,R
1773.41112,ERS5281675,S,NA,R,S,NA,R,NA,S,R,R,R,S,R,S,R,S,S,NA,NA,R,S,S
1773.14728,SRR6397669,S,NA,NA,S,NA,NA,NA,NA,S,NA,S,S,NA,NA,NA,S,NA,NA,NA,NA,S,R
1773.20278,ERR245750,S,NA,NA,S,NA,NA,NA,NA,S,NA,S,S,NA,NA,NA,S,NA,NA,NA,NA,S,S
1773.37059,ERS5317792,S,NA,NA,S,NA,NA,NA,NA,S,NA,S,S,NA,NA,NA,S,NA,NA,NA,NA,R,R
1773.31559,ERS2394669,S,NA,NA,S,NA,NA,NA,NA,S,NA,S,S,NA,NA,NA,S,NA,NA,NA,NA,S,R
1773.42443,ERS5283172,S,NA,S,S,NA,S,NA,S,S,S,S,S,S,S,S,S,S,NA,NA,S,R,R
1773.15794,SRR6398016,S,NA,NA,S,NA,NA,NA,NA,S,NA,S,S,NA,NA,NA,S,NA,NA,NA,NA,R,R
1773.18416,ERR1035193,S,NA,NA,S,NA,NA,S,NA,S,S,R,S,NA,NA,S,S,S,NA,R,NA,R,R
1773.2959,ERR550761,NA,NA,NA,NA,NA,NA,NA,NA,S,NA,S,NA,NA,NA,NA,NA,NA,NA,S,NA,S,S
1773.3047,ERR552460,NA,NA,NA,NA,NA,NA,NA,NA,S,NA,S,NA,NA,NA,NA,NA,NA,NA,S,NA,S,S
1773.31121,ERS1987115,S,NA,NA,S,NA,NA,NA,NA,S,NA,S,S,NA,NA,NA,S,NA,NA,NA,NA,S,R
1773.3155,ERR552458,S,S,NA,S,NA,NA,NA,NA,R,NA,R,NA,NA,NA,NA,NA,NA,NA,R,NA,R,R
1773.3168,ERR552410,S,S,NA,S,NA,NA,NA,NA,S,NA,R,NA,NA,NA,NA,NA,NA,NA,S,NA,R,R
1773.3187,ERR552065,R,S,NA,S,NA,NA,NA,NA,R,NA,R,NA,NA,NA,NA,NA,NA,NA,S,NA,R,R
1773.3233,ERR552819,R,S,NA,R,NA,NA,NA,NA,S,NA,R,NA,NA,NA,NA,NA,NA,NA,R,NA,R,R
1773.3296,ERR550897,R,S,NA,R,NA,NA,NA,NA,S,NA,R,NA,NA,NA,NA,NA,NA,NA,S,NA,R,R
1773.3329,ERR552677,S,S,NA,S,NA,NA,S,NA,S,NA,R,NA,NA,NA,NA,S,S,S,S,NA,R,R
1773.33732,ERS5298058,S,NA,NA,S,NA,NA,NA,NA,S,NA,S,S,NA,NA,NA,S,NA,NA,NA,NA,S,R
1773.35344,ERS5302577,S,NA,NA,S,NA,NA,NA,NA,S,NA,S,S,NA,NA,NA,S,NA,NA,NA,NA,S,R
1773.356,ERR038283,NA,NA,NA,NA,NA,NA,NA,NA,S,NA,S,NA,NA,NA,NA,NA,NA,NA,S,NA,S,NA
1773.3569,ERR038293,NA,NA,NA,NA,NA,NA,NA,NA,S,NA,S,NA,NA,NA,NA,NA,NA,NA,S,NA,S,NA
1773.3609,ERR040095,NA,NA,NA,NA,NA,NA,NA,NA,S,NA,S,NA,NA,NA,NA,NA,NA,NA,S,NA,S,NA
1773.3666,ERR046776,NA,NA,NA,NA,NA,NA,NA,NA,S,NA,S,NA,NA,NA,NA,NA,NA,NA,S,NA,S,NA
1773.3767,ERS5319086,R,NA,NA,R,NA,NA,NA,NA,S,NA,S,R,NA,NA,NA,S,NA,NA,NA,NA,S,R
1773.3768,ERR046895,NA,NA,NA,NA,NA,NA,NA,NA,S,NA,S,NA,NA,NA,NA,NA,NA,NA,S,NA,S,NA
1773.3769,SRR2100092,NA,NA,NA,NA,S,NA,NA,NA,S,NA,S,NA,NA,NA,NA,NA,NA,NA,S,NA,S,NA
1773.3771,ERR046904,NA,NA,NA,NA,NA,NA,NA,NA,S,NA,S,NA,NA,NA,NA,NA,NA,NA,S,NA,S,NA
1773.38184,ERS5319963,S,NA,NA,S,NA,NA,NA,NA,S,NA,S,S,NA,NA,NA,S,NA,NA,NA,NA,S,R
1773.38761,ERS5320680,S,NA,NA,S,NA,NA,NA,NA,S,NA,S,S,NA,NA,NA,S,NA,NA,NA,NA,S,R
1773.39388,ERS6403165,S,NA,NA,S,NA,NA,NA,NA,S,NA,S,S,NA,NA,NA,S,NA,NA,NA,NA,S,R
1773.39837,ERS6403691,S,NA,NA,S,NA,NA,NA,NA,S,NA,S,S,NA,NA,NA,S,NA,NA,NA,NA,S,R
1773.40061,ERS6421614,S,NA,NA,S,NA,NA,NA,NA,S,NA,S,S,NA,NA,NA,S,NA,NA,NA,NA,S,R
1773.42015,ERS5282707,S,NA,S,S,NA,S,NA,R,R,R,S,S,R,S,R,S,S,NA,NA,S,S,R
1773.42451,ERS5283171,S,NA,S,S,NA,S,NA,S,R,S,R,S,R,S,R,S,S,NA,NA,R,R,R
1773.4993,SRR2101303,S,S,NA,S,NA,NA,NA,NA,S,NA,S,S,NA,NA,S,NA,NA,NA,S,NA,S,S
1773.5049,SRR2101376,NA,S,NA,NA,NA,NA,NA,NA,S,NA,S,NA,NA,NA,S,NA,NA,NA,NA,NA,S,NA
1773.5052,SRR2101379,S,S,NA,S,NA,NA,NA,NA,S,NA,S,S,NA,NA,S,NA,NA,NA,NA,NA,NA,S
1773.5299,SRR2101641,S,S,NA,S,NA,NA,NA,NA,S,NA,S,S,NA,NA,S,NA,NA,NA,S,NA,R,S
1773.545,SRR2101808,S,S,NA,S,NA,NA,NA,NA,S,NA,S,S,NA,NA,S,NA,NA,NA,S,NA,S,S
1773.5515,ERR552935,NA,NA,NA,NA,NA,NA,NA,NA,S,NA,S,NA,NA,NA,NA,NA,NA,NA,S,NA,R,R
1773.5628,ERR400483,NA,NA,NA,NA,NA,NA,NA,NA,S,NA,S,NA,NA,NA,NA,NA,NA,NA,S,NA,S,S
1773.16052,SRR6398075,S,NA,NA,S,NA,NA,NA,NA,S,NA,S,S,NA,NA,NA,S,NA,NA,NA,NA,R,S
1773.18207,ERR1873444,R,NA,NA,S,NA,NA,S,NA,S,S,R,R,NA,NA,R,S,S,NA,R,NA,R,S
1773.21006,ERR3256182,S,NA,NA,S,NA,NA,NA,NA,R,NA,R,S,NA,NA,NA,S,NA,NA,NA,NA,S,R
1773.31257,ERS1987205,S,NA,NA,S,NA,NA,NA,NA,S,NA,R,S,NA,NA,NA,S,NA,NA,NA,NA,R,R
1773.31558,ERS2394668,S,NA,NA,S,NA,NA,NA,NA,S,NA,R,S,NA,NA,NA,S,NA,NA,NA,NA,R,R
1773.31651,ERS2394806,S,NA,NA,S,NA,NA,NA,NA,S,NA,R,S,NA,NA,NA,S,NA,NA,NA,NA,S,R
1773.31663,ERS2394821,S,NA,NA,S,NA,NA,NA,NA,S,NA,R,S,NA,NA,NA,S,NA,NA,NA,NA,S,R
1773.31737,ERS2394943,S,NA,NA,S,NA,NA,NA,NA,S,NA,S,S,NA,NA,NA,S,NA,NA,NA,NA,S,R
1773.32114,ERS3371896,S,NA,NA,S,NA,NA,NA,NA,S,NA,R,S,NA,NA,NA,S,NA,NA,NA,NA,R,R
1773.32129,ERS3371916,S,NA,NA,S,NA,NA,NA,NA,S,NA,R,S,NA,NA,NA,S,NA,NA,NA,NA,R,R
1773.32502,ERS5281519,S,NA,NA,S,NA,NA,NA,NA,R,NA,R,S,NA,NA,NA,S,NA,NA,NA,NA,R,R
1773.32532,ERS5281554,S,NA,NA,S,NA,NA,NA,NA,R,NA,R,S,NA,NA,NA,S,NA,NA,NA,NA,R,R
1773.32642,ERS5281676,S,NA,NA,S,NA,NA,NA,NA,R,NA,R,S,NA,NA,NA,S,NA,NA,NA,NA,R,R
1773.32655,ERS5281685,S,NA,NA,S,NA,NA,NA,NA,S,NA,S,S,NA,NA,NA,S,NA,NA,NA,NA,S,R
1773.33058,ERS5282247,S,NA,NA,S,NA,NA,NA,NA,S,NA,S,S,NA,NA,NA,S,NA,NA,NA,NA,S,R
1773.3367,ERS5297996,S,NA,NA,S,NA,NA,NA,NA,S,NA,S,S,NA,NA,NA,S,NA,NA,NA,NA,S,R
1773.33705,ERS5298031,S,NA,NA,S,NA,NA,NA,NA,S,NA,S,S,NA,NA,NA,S,NA,NA,NA,NA,S,R
1773.33724,ERS5298051,S,NA,NA,S,NA,NA,NA,NA,S,NA,S,S,NA,NA,NA,S,NA,NA,NA,NA,S,R
1773.34058,ERS5298566,S,NA,NA,S,NA,NA,NA,NA,S,NA,R,S,NA,NA,NA,S,NA,NA,NA,NA,R,R
1773.34157,ERS5298668,S,NA,NA,S,NA,NA,NA,NA,S,NA,R,S,NA,NA,NA,S,NA,NA,NA,NA,R,R
1773.35924,ERS5303413,S,NA,NA,S,NA,NA,NA,NA,S,NA,S,S,NA,NA,NA,S,NA,NA,NA,NA,S,R
1773.36543,ERS5312452,S,NA,NA,R,NA,NA,NA,NA,S,NA,R,S,NA,NA,NA,S,NA,NA,NA,NA,R,R
1773.36572,ERS5312481,R,NA,NA,R,NA,NA,NA,NA,S,NA,R,R,NA,NA,NA,S,NA,NA,NA,NA,R,R
1773.37603,ERS5318937,S,NA,NA,S,NA,NA,NA,NA,S,NA,S,S,NA,NA,NA,S,NA,NA,NA,NA,R,R
1773.37773,ERS5319203,S,NA,NA,S,NA,NA,NA,NA,R,NA,R,S,NA,NA,NA,S,NA,NA,NA,NA,R,R
1773.38002,ERS5319739,S,NA,NA,S,NA,NA,NA,NA,S,NA,S,S,NA,NA,NA,S,NA,NA,NA,NA,R,R
1773.38074,ERS5319828,S,NA,NA,S,NA,NA,NA,NA,S,NA,R,S,NA,NA,NA,S,NA,NA,NA,NA,R,R
1773.38136,ERS5319892,S,NA,NA,S,NA,NA,NA,NA,S,NA,R,S,NA,NA,NA,S,NA,NA,NA,NA,S,R
1773.38284,ERS5320068,S,NA,NA,S,NA,NA,NA,NA,R,NA,R,S,NA,NA,NA,S,NA,NA,NA,NA,R,R
1773.38313,ERS5320099,S,NA,NA,S,NA,NA,NA,NA,R,NA,R,S,NA,NA,NA,S,NA,NA,NA,NA,R,R
1773.38372,ERS5320179,S,NA,NA,S,NA,NA,NA,NA,R,NA,R,S,NA,NA,NA,S,NA,NA,NA,NA,R,R
1773.38536,ERS5320364,S,NA,NA,R,NA,NA,NA,NA,S,NA,S,S,NA,NA,NA,S,NA,NA,NA,NA,S,R
1773.38852,ERS5320813,S,NA,NA,S,NA,NA,NA,NA,S,NA,R,S,NA,NA,NA,S,NA,NA,NA,NA,R,R
1773.38971,ERS5320982,S,NA,NA,S,NA,NA,NA,NA,S,NA,R,S,NA,NA,NA,S,NA,NA,NA,NA,S,R
1773.39014,ERS6402729,R,NA,NA,R,NA,NA,NA,NA,S,NA,R,R,NA,NA,NA,S,NA,NA,NA,NA,R,R
1773.39051,ERS6402776,S,NA,NA,S,NA,NA,NA,NA,S,NA,S,S,NA,NA,NA,S,NA,NA,NA,NA,S,R
1773.39281,ERS6403052,S,NA,NA,S,NA,NA,NA,NA,S,NA,S,S,NA,NA,NA,S,NA,NA,NA,NA,S,R
1773.39822,ERS6403673,S,NA,NA,S,NA,NA,NA,NA,S,NA,S,S,NA,NA,NA,S,NA,NA,NA,NA,S,R
1773.39872,ERS6403662,S,NA,NA,S,NA,NA,NA,NA,S,NA,R,S,NA,NA,NA,S,NA,NA,NA,NA,R,R
1773.40091,ERS6421647,S,NA,NA,S,NA,NA,NA,NA,S,NA,S,S,NA,NA,NA,S,NA,NA,NA,NA,S,R
1773.40115,ERS6421671,S,NA,NA,S,NA,NA,NA,NA,S,NA,S,S,NA,NA,NA,S,NA,NA,NA,NA,S,R
1773.40211,ERS6421772,S,NA,NA,S,NA,NA,NA,NA,S,NA,S,S,NA,NA,NA,S,NA,NA,NA,NA,S,R
1773.40864,ERS5281426,S,NA,S,S,NA,S,NA,S,S,S,S,S,R,S,S,S,S,NA,NA,S,R,R
1773.40916,ERS5281476,S,NA,S,S,NA,S,NA,S,S,S,R,S,R,S,S,S,S,NA,NA,R,R,R
1773.41033,ERS5281581,S,NA,S,R,NA,S,NA,S,S,S,S,S,S,S,S,S,S,NA,NA,S,S,R
1773.4193,ERS5282622,S,NA,S,S,NA,S,NA,R,R,R,R,S,R,S,S,S,S,NA,NA,S,S,R
1773.42239,ERS5282944,S,NA,S,S,NA,S,NA,R,S,S,S,S,R,S,S,S,S,NA,NA,S,R,R
1773.4249,ERS5283216,S,NA,S,S,NA,S,NA,R,R,S,S,S,R,R,S,S,R,NA,NA,S,S,R
1773.42587,ERS5283311,S,NA,S,S,NA,S,NA,S,S,S,S,S,S,S,S,S,S,NA,NA,S,R,R
1773.42592,ERS5283321,S,NA,S,S,NA,S,NA,S,R,R,R,S,R,S,S,S,R,NA,NA,R,R,R
1773.42642,ERR7361910,S,NA,NA,S,NA,NA,NA,NA,S,NA,S,S,NA,NA,NA,S,NA,NA,NA,NA,S,R
1773.4281,SRR7781506,S,NA,NA,S,NA,NA,NA,NA,S,NA,R,S,NA,NA,NA,S,NA,NA,NA,NA,R,R
1773.42852,SRR8649118,S,NA,NA,S,NA,NA,NA,NA,S,NA,S,S,NA,NA,NA,S,NA,NA,NA,NA,S,R
1773.42874,SRR8758893,S,NA,NA,S,NA,NA,NA,NA,S,NA,R,S,NA,NA,NA,S,NA,NA,NA,NA,R,R
1773.43208,ERS5302671,S,NA,NA,S,NA,NA,NA,NA,S,NA,S,S,NA,NA,NA,S,NA,NA,NA,NA,S,R
1773.43301,ERS6420748,S,NA,NA,S,NA,NA,NA,NA,S,NA,S,S,NA,NA,NA,S,NA,NA,NA,NA,S,R
1773.43598,ERS6403647,S,NA,NA,S,NA,NA,NA,NA,S,NA,S,S,NA,NA,NA,S,NA,NA,NA,NA,S,S
1773.43621,ERS6403639,R,NA,NA,R,NA,NA,NA,NA,S,NA,R,R,NA,NA,NA,S,NA,NA,NA,NA,R,S
1773.43633,ERS6402995,S,NA,NA,S,NA,NA,NA,NA,S,NA,S,S,NA,NA,NA,S,NA,NA,NA,NA,S,R
1773.18425,ERR1035198,S,NA,NA,S,NA,NA,NA,NA,S,NA,R,S,NA,NA,NA,S,NA,NA,S,NA,S,R
1773.20274,ERR245746,S,NA,NA,S,NA,NA,NA,NA,S,NA,S,S,NA,NA,NA,S,NA,NA,S,NA,S,R
1773.23338,ERR1654655,S,NA,NA,S,NA,NA,NA,NA,S,NA,R,S,NA,NA,NA,S,NA,NA,NA,NA,R,R
1773.2334,ERR1654695,S,NA,NA,S,NA,NA,NA,NA,S,NA,R,S,NA,NA,NA,S,NA,NA,NA,NA,R,R
1773.32548,ERS5281570,S,NA,NA,S,NA,NA,NA,NA,S,NA,S,S,NA,NA,NA,S,NA,NA,NA,NA,R,R
1773.32959,ERS5282126,S,NA,NA,S,NA,NA,NA,NA,S,NA,R,S,NA,NA,NA,S,NA,NA,NA,NA,S,R
1773.34249,ERS5298788,S,NA,NA,S,NA,NA,NA,NA,S,NA,S,S,NA,NA,NA,S,NA,NA,NA,NA,R,R
1773.36779,ERS5312704,S,NA,NA,S,NA,NA,NA,NA,S,NA,S,S,NA,NA,NA,S,NA,NA,NA,NA,R,R
1773.37655,ERS5319024,S,NA,NA,S,NA,NA,NA,NA,S,NA,R,S,NA,NA,NA,S,NA,NA,NA,NA,R,R
1773.37722,ERS5319144,S,NA,NA,S,NA,NA,NA,NA,R,NA,R,S,NA,NA,NA,S,NA,NA,NA,NA,S,R
1773.38249,ERS5320015,S,NA,NA,S,NA,NA,NA,NA,R,NA,R,S,NA,NA,NA,S,NA,NA,NA,NA,R,R
1773.38558,ERS5320382,S,NA,NA,S,NA,NA,NA,NA,S,NA,S,S,NA,NA,NA,S,NA,NA,NA,NA,S,R
1773.3891,ERS5320889,S,NA,NA,S,NA,NA,NA,NA,S,NA,R,S,NA,NA,NA,S,NA,NA,NA,NA,S,R
1773.4163,ERS5282302,R,NA,S,R,NA,S,NA,S,S,R,R,R,R,S,R,R,R,NA,NA,R,R,R
1773.4218,ERS5282886,R,NA,S,R,NA,R,NA,S,S,R,R,R,R,S,R,S,R,NA,NA,R,R,R
1773.42712,ERR7361980,R,NA,NA,R,NA,NA,NA,NA,S,NA,R,R,NA,NA,NA,S,NA,NA,NA,NA,R,S
1773.42748,ERR7362007,R,NA,NA,R,NA,NA,NA,NA,S,NA,R,R,NA,NA,NA,S,NA,NA,NA,NA,R,S
1773.43542,ERS5317482,S,NA,NA,S,NA,NA,NA,NA,S,NA,S,R,NA,NA,NA,S,NA,NA,NA,NA,R,R
1773.18179,ERR1873528,R,NA,NA,S,NA,NA,R,NA,R,S,R,R,NA,NA,R,S,S,NA,R,NA,R,R
1773.18221,ERR1873456,R,NA,NA,R,NA,NA,R,NA,S,R,R,R,NA,NA,R,R,R,NA,R,NA,S,R
1773.20461,ERR1035024,R,NA,NA,R,NA,NA,NA,NA,S,S,R,R,NA,NA,NA,S,NA,NA,NA,NA,R,S
1773.20986,ERR3256163,S,NA,NA,S,NA,NA,NA,NA,S,NA,R,S,NA,NA,NA,S,NA,NA,NA,NA,S,S
1773.23344,ERR1654664,S,NA,NA,S,NA,NA,NA,NA,S,NA,R,S,NA,NA,NA,S,NA,NA,NA,NA,R,R
1773.32386,ERS5281320,S,NA,NA,S,NA,NA,NA,NA,R,NA,R,S,NA,NA,NA,S,NA,NA,NA,NA,R,R
1773.32619,ERS5281649,S,NA,NA,S,NA,NA,NA,NA,S,NA,R,S,NA,NA,NA,S,NA,NA,NA,NA,S,S
1773.32651,ERS5281683,S,NA,NA,S,NA,NA,NA,NA,S,NA,S,S,NA,NA,NA,S,NA,NA,NA,NA,S,R
1773.33239,ERS5282488,S,NA,NA,S,NA,NA,NA,NA,S,NA,S,S,NA,NA,NA,S,NA,NA,NA,NA,S,R
1773.33284,ERS5282532,S,NA,NA,S,NA,NA,NA,NA,S,NA,R,S,NA,NA,NA,S,NA,NA,NA,NA,R,R
1773.35626,ERS5302926,S,NA,NA,S,NA,NA,NA,NA,S,NA,S,S,NA,NA,NA,S,NA,NA,NA,NA,S,R
1773.3819,ERS5319968,S,NA,NA,S,NA,NA,NA,NA,S,NA,S,S,NA,NA,NA,S,NA,NA,NA,NA,R,R
1773.3878,ERS5320723,S,NA,NA,S,NA,NA,NA,NA,S,NA,R,S,NA,NA,NA,S,NA,NA,NA,NA,R,R
1773.40748,ERS5281309,R,NA,S,R,NA,S,NA,S,S,S,R,R,R,S,R,S,R,NA,NA,R,R,R
1773.42765,ERR7362040,S,NA,NA,S,NA,NA,NA,NA,S,NA,S,S,NA,NA,NA,S,NA,NA,NA,NA,S,S
1773.42781,SRR10500306,S,NA,NA,S,NA,NA,NA,NA,S,NA,S,S,NA,NA,NA,S,NA,NA,NA,NA,S,S
1773.18171,ERR1873538,R,NA,NA,R,NA,NA,S,NA,R,R,R,R,NA,NA,R,R,S,NA,R,NA,R,S
1773.33253,ERS5282501,S,NA,NA,S,NA,NA,NA,NA,S,NA,S,S,NA,NA,NA,S,NA,NA,NA,NA,R,R
1773.36781,ERS5312703,S,NA,NA,S,NA,NA,NA,NA,S,NA,S,S,NA,NA,NA,S,NA,NA,NA,NA,S,R
1773.37041,ERS5317771,S,NA,NA,S,NA,NA,NA,NA,S,NA,S,S,NA,NA,NA,S,NA,NA,NA,NA,R,R
1773.37627,ERS5318979,S,NA,NA,S,NA,NA,NA,NA,S,NA,S,S,NA,NA,NA,S,NA,NA,NA,NA,R,R
1773.3777,ERS5319198,S,NA,NA,S,NA,NA,NA,NA,S,NA,S,S,NA,NA,NA,S,NA,NA,NA,NA,R,R
1773.382,ERS5319979,S,NA,NA,S,NA,NA,NA,NA,R,NA,R,S,NA,NA,NA,R,NA,NA,NA,NA,R,R
1773.38202,ERS5319981,S,NA,NA,S,NA,NA,NA,NA,R,NA,R,S,NA,NA,NA,R,NA,NA,NA,NA,R,R
1773.3827,ERS5320054,S,NA,NA,S,NA,NA,NA,NA,R,NA,R,S,NA,NA,NA,S,NA,NA,NA,NA,R,R
1773.38311,ERS5320096,S,NA,NA,S,NA,NA,NA,NA,R,NA,R,S,NA,NA,NA,S,NA,NA,NA,NA,R,R
1773.42607,ERS5283330,S,NA,S,S,NA,S,NA,S,R,S,S,S,R,S,S,S,R,NA,NA,S,S,R
1773.18385,ERR1034588,S,NA,NA,S,R,NA,NA,NA,S,S,R,R,NA,NA,NA,R,NA,NA,R,NA,R,S
1773.19838,ERR182057,S,NA,NA,S,NA,NA,NA,NA,S,NA,S,S,NA,NA,NA,S,NA,NA,NA,NA,S,R
1773.37622,ERS5318974,S,NA,NA,S,NA,NA,NA,NA,S,NA,S,S,NA,NA,NA,S,NA,NA,NA,NA,R,R
1773.18435,ERR1035213,S,NA,NA,S,NA,NA,NA,NA,S,NA,R,S,NA,NA,NA,S,NA,NA,S,NA,S,R
1773.18479,ERR1034835,R,NA,NA,R,NA,NA,S,NA,R,R,R,R,NA,NA,NA,R,S,NA,NA,NA,R,R
1773.2872,ERR552245,S,S,NA,S,NA,NA,NA,NA,R,NA,R,NA,NA,NA,NA,NA,NA,NA,R,NA,R,R
1773.3029,ERR550629,NA,NA,NA,NA,NA,NA,NA,NA,S,NA,S,NA,NA,NA,NA,NA,NA,NA,S,NA,S,S
1773.3103,ERR551960,S,S,NA,S,NA,NA,NA,NA,S,NA,R,NA,NA,NA,NA,NA,NA,NA,S,NA,R,R
1773.31521,ERS2394600,S,NA,NA,S,NA,NA,NA,NA,S,NA,R,S,NA,NA,NA,S,NA,NA,NA,NA,R,R
1773.3259,ERR551300,NA,NA,NA,NA,NA,NA,NA,NA,S,NA,S,NA,NA,NA,NA,NA,NA,NA,S,NA,S,S
1773.332,ERR552604,S,S,NA,S,NA,NA,NA,NA,S,NA,R,NA,NA,NA,NA,NA,NA,NA,R,NA,R,R
1773.3478,ERR552112,NA,NA,NA,NA,NA,NA,NA,NA,R,NA,R,NA,NA,NA,NA,NA,NA,NA,S,NA,R,R
1773.34798,ERS5301861,S,NA,NA,S,NA,NA,NA,NA,S,NA,S,S,NA,NA,NA,S,NA,NA,NA,NA,R,R
1773.3631,ERR046736,NA,NA,NA,NA,NA,NA,NA,NA,S,NA,S,NA,NA,NA,NA,NA,NA,NA,S,NA,S,NA
1773.3671,ERR046781,NA,NA,NA,NA,NA,NA,NA,NA,S,NA,S,NA,NA,NA,NA,NA,NA,NA,S,NA,S,NA
1773.3741,ERR046865,NA,NA,NA,NA,NA,NA,NA,NA,S,NA,S,NA,NA,NA,NA,NA,NA,NA,S,NA,S,NA
1773.37486,ERS5318733,S,NA,NA,S,NA,NA,NA,NA,S,NA,S,S,NA,NA,NA,S,NA,NA,NA,NA,S,R
1773.37522,ERS5318780,S,NA,NA,S,NA,NA,NA,NA,S,NA,R,S,NA,NA,NA,S,NA,NA,NA,NA,R,R
1773.3793,ERR046929,NA,NA,NA,NA,NA,NA,NA,NA,S,NA,S,NA,NA,NA,NA,NA,NA,NA,S,NA,S,NA
1773.3824,ERR046967,NA,NA,NA,NA,S,NA,NA,NA,S,NA,S,NA,NA,NA,NA,NA,NA,NA,S,NA,S,NA
1773.3837,ERR046980,NA,NA,NA,NA,NA,NA,NA,NA,S,NA,S,NA,NA,NA,NA,NA,NA,NA,S,NA,S,NA
1773.3873,ERR072019,NA,NA,NA,NA,NA,NA,NA,NA,S,NA,S,NA,NA,NA,NA,NA,NA,NA,S,NA,S,NA
1773.3874,ERR072020,NA,NA,NA,NA,NA,NA,NA,NA,S,NA,S,NA,NA,NA,NA,NA,NA,NA,S,NA,S,NA
1773.38801,ERS5320747,S,NA,NA,S,NA,NA,NA,NA,S,NA,S,S,NA,NA,NA,S,NA,NA,NA,NA,S,R
1773.38803,ERS5320748,S,NA,NA,S,NA,NA,NA,NA,S,NA,R,S,NA,NA,NA,S,NA,NA,NA,NA,S,R
1773.4231,SRR2100432,NA,NA,NA,NA,NA,NA,NA,NA,S,NA,R,NA,NA,NA,NA,NA,NA,NA,R,NA,R,S
1773.4248,SRR2100449,NA,NA,NA,NA,NA,NA,NA,NA,S,NA,S,NA,NA,NA,NA,NA,NA,NA,S,NA,S,S
1773.43058,ERS5312385,S,NA,NA,S,NA,NA,NA,NA,S,NA,R,S,NA,NA,NA,S,NA,NA,NA,NA,R,R
1773.43287,ERS5318184,S,NA,NA,S,NA,NA,NA,NA,S,NA,S,S,NA,NA,NA,S,NA,NA,NA,NA,S,R
1773.43461,ERS5317490,S,NA,NA,S,NA,NA,NA,NA,S,NA,S,S,NA,NA,NA,S,NA,NA,NA,NA,R,R
1773.4646,SRR2100857,NA,NA,NA,NA,NA,NA,NA,NA,S,NA,S,NA,NA,NA,NA,NA,NA,NA,S,NA,S,NA
1773.5012,SRR2101332,S,S,NA,S,NA,NA,NA,NA,S,NA,S,S,NA,NA,S,NA,NA,NA,S,NA,S,S
1773.5087,SRR2101415,S,S,NA,S,NA,NA,NA,NA,S,NA,R,S,NA,NA,S,NA,NA,NA,S,NA,S,S
1773.5104,SRR2101432,S,S,NA,S,NA,NA,NA,NA,S,NA,S,S,NA,NA,S,NA,NA,NA,S,NA,S,S
1773.517,SRR2101500,S,S,NA,S,NA,NA,NA,NA,S,NA,S,S,NA,NA,S,NA,NA,NA,S,NA,S,S
1773.5347,SRR2101698,S,S,NA,S,NA,NA,NA,NA,S,NA,S,S,NA,NA,S,NA,NA,NA,S,NA,S,S
1773.5364,SRR2101717,S,S,NA,S,NA,NA,NA,NA,S,NA,S,S,NA,NA,S,NA,NA,NA,S,NA,S,S
1773.5468,ERR553314,NA,NA,NA,NA,NA,NA,NA,NA,S,NA,R,NA,NA,NA,NA,NA,NA,NA,S,NA,S,S
1773.5498,ERR550729,NA,NA,NA,NA,NA,NA,NA,NA,S,NA,S,NA,NA,NA,NA,NA,NA,NA,S,NA,S,R
1773.5521,ERR550902,NA,NA,NA,NA,NA,NA,NA,NA,S,NA,S,NA,NA,NA,NA,NA,NA,NA,S,NA,S,S
1773.5659,ERR400526,NA,NA,NA,NA,NA,NA,NA,NA,S,NA,S,NA,NA,NA,NA,NA,NA,NA,S,NA,S,S
1773.5874,ERR046833,NA,NA,NA,NA,NA,NA,NA,NA,S,NA,S,NA,NA,NA,NA,NA,NA,NA,S,NA,S,NA
1773.18409,ERR1034616,R,NA,NA,R,R,NA,NA,NA,R,S,R,R,NA,NA,NA,R,NA,NA,R,NA,R,R
1773.19076,ERR163957,S,NA,NA,S,NA,NA,NA,NA,S,NA,S,S,NA,NA,NA,S,NA,NA,NA,NA,S,S
1773.1984,ERR182051,S,NA,NA,S,NA,NA,NA,NA,S,NA,S,S,NA,NA,NA,S,NA,NA,NA,NA,S,S
1773.29423,ERR551104,S,NA,NA,S,NA,NA,S,NA,R,NA,R,S,NA,NA,NA,S,S,S,R,NA,R,R
1773.31087,ERS1987074,S,NA,NA,S,NA,NA,NA,NA,S,NA,S,S,NA,NA,NA,S,NA,NA,NA,NA,S,R
1773.31382,ERS1987392,S,NA,NA,S,NA,NA,NA,NA,S,NA,S,S,NA,NA,NA,S,NA,NA,NA,NA,S,R
1773.31548,ERS2394647,S,NA,NA,S,NA,NA,NA,NA,S,NA,S,S,NA,NA,NA,S,NA,NA,NA,NA,S,R
1773.32728,ERS5281830,S,NA,NA,S,NA,NA,NA,NA,R,NA,R,S,NA,NA,NA,S,NA,NA,NA,NA,R,R
1773.32975,ERS5282147,S,NA,NA,S,NA,NA,NA,NA,R,NA,R,S,NA,NA,NA,S,NA,NA,NA,NA,R,R
1773.32989,ERS5282162,S,NA,NA,S,NA,NA,NA,NA,S,NA,S,S,NA,NA,NA,S,NA,NA,NA,NA,S,R
1773.33099,ERS5282293,S,NA,NA,S,NA,NA,NA,NA,S,NA,S,S,NA,NA,NA,S,NA,NA,NA,NA,S,R
1773.33337,ERS5282595,S,NA,NA,S,NA,NA,NA,NA,S,NA,S,S,NA,NA,NA,S,NA,NA,NA,NA,S,R
1773.33854,ERS5298188,S,NA,NA,S,NA,NA,NA,NA,S,NA,S,S,NA,NA,NA,S,NA,NA,NA,NA,S,R
1773.34001,ERS5298489,S,NA,NA,S,NA,NA,NA,NA,S,NA,R,S,NA,NA,NA,S,NA,NA,NA,NA,S,R
1773.34403,ERS5300640,S,NA,NA,S,NA,NA,NA,NA,S,NA,S,S,NA,NA,NA,S,NA,NA,NA,NA,S,R
1773.34619,ERS5301003,S,NA,NA,S,NA,NA,NA,NA,S,NA,R,S,NA,NA,NA,S,NA,NA,NA,NA,R,R
1773.34789,ERS5301832,S,NA,NA,S,NA,NA,NA,NA,S,NA,S,S,NA,NA,NA,S,NA,NA,NA,NA,S,R
1773.34953,ERS5302075,S,NA,NA,S,NA,NA,NA,NA,S,NA,S,S,NA,NA,NA,S,NA,NA,NA,NA,S,R
1773.34955,ERS5302078,S,NA,NA,S,NA,NA,NA,NA,S,NA,S,S,NA,NA,NA,S,NA,NA,NA,NA,S,R
1773.35634,ERS5302922,S,NA,NA,S,NA,NA,NA,NA,S,NA,S,S,NA,NA,NA,S,NA,NA,NA,NA,R,R
1773.35745,ERS5303115,S,NA,NA,S,NA,NA,NA,NA,S,NA,R,S,NA,NA,NA,S,NA,NA,NA,NA,R,R
1773.36537,ERS5312446,R,NA,NA,R,NA,NA,NA,NA,R,NA,R,R,NA,NA,NA,S,NA,NA,NA,NA,R,R
1773.36548,ERS5312455,S,NA,NA,S,NA,NA,NA,NA,R,NA,R,S,NA,NA,NA,S,NA,NA,NA,NA,R,R
1773.36561,ERS5312469,S,NA,NA,S,NA,NA,NA,NA,R,NA,R,S,NA,NA,NA,S,NA,NA,NA,NA,R,R
1773.3711,ERS5317848,R,NA,NA,R,NA,NA,NA,NA,S,NA,R,R,NA,NA,NA,S,NA,NA,NA,NA,R,R
1773.37601,ERS5318947,S,NA,NA,S,NA,NA,NA,NA,S,NA,S,S,NA,NA,NA,S,NA,NA,NA,NA,R,R
1773.37624,ERS5318978,S,NA,NA,S,NA,NA,NA,NA,S,NA,S,S,NA,NA,NA,S,NA,NA,NA,NA,S,R
1773.38205,ERS5319985,S,NA,NA,S,NA,NA,NA,NA,R,NA,R,S,NA,NA,NA,S,NA,NA,NA,NA,R,R
1773.38262,ERS5320046,S,NA,NA,S,NA,NA,NA,NA,R,NA,R,S,NA,NA,NA,S,NA,NA,NA,NA,R,R
1773.38494,ERS5320311,S,NA,NA,S,NA,NA,NA,NA,R,NA,R,S,NA,NA,NA,S,NA,NA,NA,NA,R,R
1773.38525,ERS5320349,S,NA,NA,S,NA,NA,NA,NA,S,NA,R,S,NA,NA,NA,S,NA,NA,NA,NA,R,R
1773.38781,ERS5320719,S,NA,NA,S,NA,NA,NA,NA,S,NA,R,S,NA,NA,NA,S,NA,NA,NA,NA,S,R
1773.38907,ERS5320882,S,NA,NA,S,NA,NA,NA,NA,S,NA,S,S,NA,NA,NA,S,NA,NA,NA,NA,S,R
1773.39245,ERS6403005,S,NA,NA,S,NA,NA,NA,NA,S,NA,S,S,NA,NA,NA,S,NA,NA,NA,NA,S,R
1773.39888,ERS6420782,S,NA,NA,S,NA,NA,NA,NA,S,NA,S,S,NA,NA,NA,S,NA,NA,NA,NA,R,R
1773.40065,ERS6421616,S,NA,NA,S,NA,NA,NA,NA,S,NA,S,S,NA,NA,NA,S,NA,NA,NA,NA,S,R
1773.40077,ERS6421631,S,NA,NA,S,NA,NA,NA,NA,S,NA,S,S,NA,NA,NA,S,NA,NA,NA,NA,S,R
1773.40479,ERS6422178,S,NA,NA,S,NA,NA,NA,NA,S,NA,S,S,NA,NA,NA,S,NA,NA,NA,NA,R,R
1773.40494,ERS6422191,S,NA,NA,S,NA,NA,NA,NA,S,NA,S,S,NA,NA,NA,S,NA,NA,NA,NA,R,R
1773.40943,ERS5281491,S,NA,S,S,NA,S,NA,S,R,R,R,S,R,R,R,S,S,NA,NA,R,R,R
1773.41058,ERS5281625,S,NA,S,S,NA,S,NA,S,R,R,R,R,R,S,R,S,S,NA,NA,R,R,R
1773.41687,ERS5282355,S,NA,S,S,NA,S,NA,S,S,S,S,S,R,S,S,S,S,NA,NA,S,S,R
1773.42178,ERS5282884,S,NA,S,S,NA,S,NA,S,S,R,S,S,R,S,S,S,R,NA,NA,S,R,R
1773.42227,ERS5282932,S,NA,S,S,NA,S,NA,R,S,S,R,S,R,R,S,S,R,NA,NA,S,R,R
1773.42228,ERS5282933,S,NA,S,S,NA,S,NA,S,S,S,S,S,S,S,S,S,S,NA,NA,S,S,R
1773.4246,ERS5283183,R,NA,S,S,NA,R,NA,R,S,R,R,R,R,R,R,S,R,NA,NA,R,R,R
1773.42545,ERS5283273,S,NA,S,S,NA,S,NA,S,S,S,S,S,S,S,S,S,S,NA,NA,S,S,R
1773.42551,ERS5283277,S,NA,S,S,NA,S,NA,S,S,S,S,S,S,S,S,S,S,NA,NA,S,S,S
1773.42633,ERR6929524,S,NA,NA,S,NA,NA,NA,NA,S,NA,S,S,NA,NA,NA,S,NA,NA,NA,NA,R,S
1773.42634,ERR6929525,S,NA,NA,S,NA,NA,NA,NA,S,NA,S,S,NA,NA,NA,S,NA,NA,NA,NA,R,S
1773.4279,SRR11342380,S,NA,NA,S,NA,NA,NA,NA,S,NA,S,S,NA,NA,NA,S,NA,NA,NA,NA,S,S
1773.42828,SRR7829582,S,NA,NA,S,NA,NA,NA,NA,S,NA,R,S,NA,NA,NA,S,NA,NA,NA,NA,R,R
1773.43248,ERS3371673,S,NA,NA,S,NA,NA,NA,NA,S,NA,R,S,NA,NA,NA,S,NA,NA,NA,NA,S,R
1773.43466,ERS5317401,S,NA,NA,S,NA,NA,NA,NA,S,NA,S,S,NA,NA,NA,S,NA,NA,NA,NA,R,R
1773.18218,ERR1873457,R,NA,NA,R,NA,NA,S,NA,R,S,R,R,NA,NA,S,R,S,NA,R,NA,R,S
1773.18318,ERR1035300,R,NA,NA,S,NA,NA,NA,NA,S,NA,S,R,NA,NA,NA,S,NA,NA,NA,NA,S,R
1773.23328,ERR1654653,S,NA,NA,S,NA,NA,NA,NA,S,NA,S,S,NA,NA,NA,S,NA,NA,NA,NA,S,R
1773.29529,ERR552079,S,NA,NA,S,NA,NA,S,NA,S,NA,R,S,NA,NA,NA,S,NA,S,S,NA,R,R
1773.31518,ERS2394594,S,NA,NA,S,NA,NA,NA,NA,S,NA,S,S,NA,NA,NA,S,NA,NA,NA,NA,S,R
1773.32657,ERS5281689,S,NA,NA,S,NA,NA,NA,NA,S,NA,R,S,NA,NA,NA,S,NA,NA,NA,NA,R,R
1773.32737,ERS5281857,S,NA,NA,S,NA,NA,NA,NA,R,NA,R,S,NA,NA,NA,S,NA,NA,NA,NA,R,R
1773.33382,ERS5282656,S,NA,NA,S,NA,NA,NA,NA,S,NA,R,S,NA,NA,NA,S,NA,NA,NA,NA,R,R
1773.35637,ERS5302942,S,NA,NA,S,NA,NA,NA,NA,S,NA,S,S,NA,NA,NA,S,NA,NA,NA,NA,S,R
1773.3814,ERS5319899,S,NA,NA,S,NA,NA,NA,NA,S,NA,S,S,NA,NA,NA,S,NA,NA,NA,NA,R,R
1773.38248,ERS5320022,S,NA,NA,S,NA,NA,NA,NA,R,NA,R,S,NA,NA,NA,S,NA,NA,NA,NA,R,R
1773.38325,ERS5320111,S,NA,NA,S,NA,NA,NA,NA,S,NA,S,S,NA,NA,NA,S,NA,NA,NA,NA,R,R
1773.38504,ERS5320326,R,NA,NA,R,NA,NA,NA,NA,S,NA,R,R,NA,NA,NA,S,NA,NA,NA,NA,R,R
1773.38577,ERS5320401,S,NA,NA,S,NA,NA,NA,NA,S,NA,S,S,NA,NA,NA,S,NA,NA,NA,NA,S,R
1773.38774,ERS5320699,S,NA,NA,S,NA,NA,NA,NA,S,NA,R,S,NA,NA,NA,S,NA,NA,NA,NA,S,R
1773.38838,ERS5320791,S,NA,NA,S,NA,NA,NA,NA,S,NA,R,S,NA,NA,NA,S,NA,NA,NA,NA,S,R
1773.38952,ERS5320943,S,NA,NA,S,NA,NA,NA,NA,S,NA,R,S,NA,NA,NA,S,NA,NA,NA,NA,S,R
1773.39597,ERS6403415,R,NA,NA,S,NA,NA,NA,NA,S,NA,R,R,NA,NA,NA,S,NA,NA,NA,NA,S,S
1773.41993,ERS5282691,S,NA,S,S,NA,R,NA,R,S,R,R,S,R,S,R,S,R,NA,NA,R,R,R
1773.18199,ERR1873564,R,NA,NA,S,NA,NA,R,NA,S,S,R,R,NA,NA,R,R,S,NA,R,NA,R,S
1773.18631,ERR1034754,S,NA,NA,S,S,NA,NA,NA,S,NA,R,R,NA,NA,NA,S,NA,NA,R,NA,R,R
1773.23368,ERR1654671,S,NA,NA,S,NA,NA,NA,NA,S,NA,R,S,NA,NA,NA,S,NA,NA,NA,NA,R,R
1773.29555,ERR552341,S,NA,NA,S,NA,NA,NA,NA,S,NA,S,S,NA,NA,NA,S,NA,R,S,NA,R,R
1773.23374,ERR1654700,S,NA,NA,S,NA,NA,NA,NA,S,NA,R,S,NA,NA,NA,S,NA,NA,NA,NA,R,R
1773.29446,ERR551384,S,NA,NA,S,NA,NA,S,NA,S,NA,S,S,NA,NA,NA,S,S,S,S,NA,R,R
1773.33362,ERS5282618,S,NA,NA,S,NA,NA,NA,NA,S,NA,S,S,NA,NA,NA,S,NA,NA,NA,NA,S,R
1773.34429,ERS5300683,S,NA,NA,S,NA,NA,NA,NA,R,NA,S,S,NA,NA,NA,S,NA,NA,NA,NA,R,S
1773.38063,ERS5319816,S,NA,NA,S,NA,NA,NA,NA,S,NA,R,S,NA,NA,NA,S,NA,NA,NA,NA,S,R
1773.38243,ERS5320023,R,NA,NA,R,NA,NA,NA,NA,R,NA,R,R,NA,NA,NA,S,NA,NA,NA,NA,S,R
1773.38569,ERS5320393,S,NA,NA,S,NA,NA,NA,NA,S,NA,S,S,NA,NA,NA,S,NA,NA,NA,NA,S,R
1773.38866,ERS5320828,S,NA,NA,S,NA,NA,NA,NA,S,NA,R,S,NA,NA,NA,S,NA,NA,NA,NA,S,R
1773.39315,ERS6403086,S,NA,NA,S,NA,NA,NA,NA,S,NA,S,S,NA,NA,NA,S,NA,NA,NA,NA,S,R
1773.40801,ERS5281360,S,NA,S,S,NA,S,NA,S,S,S,S,S,S,S,S,S,S,NA,NA,S,S,R
1773.4251,ERS5283165,S,NA,S,S,NA,S,NA,R,S,R,S,S,S,S,S,S,S,NA,NA,S,S,S
1773.4265,ERR7361911,S,NA,NA,S,NA,NA,NA,NA,S,NA,S,S,NA,NA,NA,S,NA,NA,NA,NA,R,R
1773.43328,ERS5320876,S,NA,NA,S,NA,NA,NA,NA,S,NA,R,S,NA,NA,NA,S,NA,NA,NA,NA,S,R
1773.43626,ERS6402989,S,NA,NA,S,NA,NA,NA,NA,S,NA,S,S,NA,NA,NA,S,NA,NA,NA,NA,S,R
1773.31498,ERS2394562,S,NA,NA,S,NA,NA,NA,NA,S,NA,R,S,NA,NA,NA,S,NA,NA,NA,NA,R,R
1773.32427,ERS5281386,S,NA,NA,S,NA,NA,NA,NA,S,NA,S,S,NA,NA,NA,S,NA,NA,NA,NA,S,S
1773.37081,ERS5317818,S,NA,NA,S,NA,NA,NA,NA,S,NA,S,S,NA,NA,NA,S,NA,NA,NA,NA,R,R
1773.15255,SRR6397496,S,NA,NA,S,NA,NA,NA,NA,S,NA,S,S,NA,NA,NA,S,NA,NA,NA,NA,S,S
1773.18323,ERR1035302,S,NA,NA,S,NA,NA,NA,NA,S,NA,R,S,NA,NA,NA,R,NA,NA,NA,NA,R,R
1773.3683,ERS5317276,S,NA,NA,S,NA,NA,NA,NA,S,NA,S,S,NA,NA,NA,S,NA,NA,NA,NA,R,R
1773.2488,ERR551138,S,S,NA,S,NA,NA,NA,NA,R,NA,R,NA,NA,NA,NA,NA,NA,NA,R,NA,R,R
1773.254,ERR551131,S,S,NA,R,NA,NA,NA,NA,R,NA,R,NA,NA,NA,NA,NA,NA,NA,R,NA,R,R
1773.2607,ERR550736,R,S,NA,R,NA,NA,NA,NA,R,NA,R,NA,NA,NA,NA,NA,NA,NA,R,NA,R,R
1773.2797,ERR550830,S,S,NA,S,NA,NA,NA,NA,R,NA,R,NA,NA,NA,NA,NA,NA,NA,R,NA,R,R
1773.2864,ERR552761,NA,NA,NA,NA,NA,NA,NA,NA,S,NA,S,NA,NA,NA,NA,NA,NA,NA,S,NA,S,R
1773.295,ERR552226,R,S,NA,R,NA,NA,NA,NA,S,NA,R,NA,NA,NA,NA,NA,NA,NA,R,NA,R,R
1773.3016,ERR551614,NA,NA,NA,NA,NA,NA,NA,NA,S,NA,S,NA,NA,NA,NA,NA,NA,NA,S,NA,S,S
1773.3065,ERR551752,NA,NA,NA,NA,NA,NA,NA,NA,S,NA,S,NA,NA,NA,NA,NA,NA,NA,S,NA,S,S
1773.3104,ERR551949,S,S,NA,S,NA,NA,NA,NA,R,NA,R,NA,NA,NA,NA,NA,NA,NA,S,NA,R,R
1773.3145,ERR553036,NA,NA,NA,NA,NA,NA,NA,NA,S,NA,S,NA,NA,NA,NA,NA,NA,NA,S,NA,S,S
1773.31492,ERS1987509,S,NA,NA,S,NA,NA,NA,NA,S,NA,S,S,NA,NA,NA,S,NA,NA,NA,NA,S,R
1773.31804,ERS3371566,S,NA,NA,S,NA,NA,NA,NA,S,NA,S,S,NA,NA,NA,S,NA,NA,NA,NA,S,R
1773.3194,ERR551827,S,S,NA,S,NA,NA,NA,NA,S,NA,R,NA,NA,NA,NA,NA,NA,NA,R,NA,R,R
1773.32066,ERS3371847,S,NA,NA,S,NA,NA,NA,NA,S,NA,R,S,NA,NA,NA,S,NA,NA,NA,NA,S,R
1773.3367,ERR550853,NA,NA,NA,NA,NA,NA,NA,NA,S,NA,R,NA,NA,NA,NA,NA,NA,NA,S,NA,S,R
1773.3612,ERR040098,NA,NA,NA,NA,NA,NA,NA,NA,S,NA,S,NA,NA,NA,NA,NA,NA,NA,S,NA,S,NA
1773.36542,ERS5312451,S,NA,NA,S,NA,NA,NA,NA,R,NA,R,S,NA,NA,NA,S,NA,NA,NA,NA,R,R
1773.3658,ERR046767,NA,NA,NA,NA,NA,NA,NA,NA,S,NA,S,NA,NA,NA,NA,NA,NA,NA,S,NA,S,NA
1773.3675,ERR046785,NA,NA,NA,NA,NA,NA,NA,NA,S,NA,S,NA,NA,NA,NA,NA,NA,NA,S,NA,S,NA
1773.3694,SRR2100080,NA,NA,NA,NA,NA,NA,NA,NA,S,NA,S,NA,NA,NA,NA,NA,NA,NA,S,NA,S,S
1773.37192,ERS5318163,S,NA,NA,S,NA,NA,NA,NA,S,NA,S,S,NA,NA,NA,S,NA,NA,NA,NA,S,R
1773.38022,ERS5319766,S,NA,NA,S,NA,NA,NA,NA,S,NA,S,S,NA,NA,NA,S,NA,NA,NA,NA,S,R
1773.38168,ERS5319934,S,NA,NA,S,NA,NA,NA,NA,S,NA,R,S,NA,NA,NA,S,NA,NA,NA,NA,S,R
1773.38848,ERS5320815,S,NA,NA,S,NA,NA,NA,NA,S,NA,R,S,NA,NA,NA,S,NA,NA,NA,NA,S,R
1773.38865,ERS5320829,S,NA,NA,S,NA,NA,NA,NA,S,NA,S,S,NA,NA,NA,S,NA,NA,NA,NA,S,R
1773.39295,ERS6403068,S,NA,NA,S,NA,NA,NA,NA,S,NA,S,S,NA,NA,NA,S,NA,NA,NA,NA,S,R
1773.39791,ERS6403632,S,NA,NA,S,NA,NA,NA,NA,S,NA,S,S,NA,NA,NA,S,NA,NA,NA,NA,S,R
1773.40052,ERS6421608,S,NA,NA,S,NA,NA,NA,NA,S,NA,S,S,NA,NA,NA,S,NA,NA,NA,NA,S,R
1773.43292,ERS5318775,S,NA,NA,S,NA,NA,NA,NA,S,NA,R,S,NA,NA,NA,S,NA,NA,NA,NA,S,R
1773.4996,SRR2101306,S,S,NA,S,NA,NA,NA,NA,S,NA,R,S,NA,NA,S,NA,NA,NA,S,NA,S,S
1773.5002,SRR2101313,S,S,NA,S,NA,NA,NA,NA,S,NA,S,S,NA,NA,S,NA,NA,NA,S,NA,S,S
1773.5201,SRR2101535,NA,S,NA,NA,NA,NA,NA,NA,S,NA,S,NA,NA,NA,S,NA,NA,NA,NA,NA,NA,S
1773.5284,SRR2101622,S,S,NA,S,NA,NA,NA,NA,S,NA,S,S,NA,NA,S,NA,NA,NA,S,NA,S,S
1773.5348,SRR2101699,S,S,NA,S,NA,NA,NA,NA,S,NA,S,S,NA,NA,S,NA,NA,NA,S,NA,S,S
1773.5436,SRR2101792,S,S,NA,S,NA,NA,NA,NA,S,NA,S,S,NA,NA,S,NA,NA,NA,S,NA,S,S
1773.5476,ERR553286,NA,NA,NA,NA,NA,NA,NA,NA,S,NA,S,NA,NA,NA,NA,NA,NA,NA,S,NA,S,S
1773.5604,ERR400458,NA,NA,NA,NA,NA,NA,NA,NA,S,NA,S,NA,NA,NA,NA,NA,NA,NA,S,NA,S,S
1773.5621,ERR400475,NA,NA,NA,NA,NA,NA,NA,NA,S,NA,S,NA,NA,NA,NA,NA,NA,NA,S,NA,S,S
1773.5623,ERR400477,NA,NA,NA,NA,NA,NA,NA,NA,S,NA,S,NA,NA,NA,NA,NA,NA,NA,S,NA,S,S
1773.15036,SRR6397473,S,NA,NA,S,NA,NA,NA,NA,S,NA,S,S,NA,NA,NA,S,NA,NA,NA,NA,S,R
1773.18713,ERR1034578,S,NA,NA,S,NA,NA,NA,NA,S,NA,S,S,NA,NA,NA,S,NA,NA,NA,NA,S,R
1773.31047,ERS1987027,S,NA,NA,S,NA,NA,NA,NA,S,NA,S,S,NA,NA,NA,S,NA,NA,NA,NA,S,R
1773.31303,ERS1987311,S,NA,NA,S,NA,NA,NA,NA,S,NA,S,S,NA,NA,NA,S,NA,NA,NA,NA,R,R
1773.31329,ERS1987334,S,NA,NA,S,NA,NA,NA,NA,S,NA,S,S,NA,NA,NA,S,NA,NA,NA,NA,R,R
1773.31537,ERS2394638,S,NA,NA,S,NA,NA,NA,NA,S,NA,S,S,NA,NA,NA,S,NA,NA,NA,NA,R,R
1773.32063,ERS3371836,S,NA,NA,S,NA,NA,NA,NA,S,NA,R,S,NA,NA,NA,S,NA,NA,NA,NA,R,R
1773.32499,ERS5281520,S,NA,NA,S,NA,NA,NA,NA,S,NA,R,S,NA,NA,NA,S,NA,NA,NA,NA,R,R
1773.32519,ERS5281535,S,NA,NA,S,NA,NA,NA,NA,S,NA,S,S,NA,NA,NA,S,NA,NA,NA,NA,S,R
1773.32589,ERS5281612,S,NA,NA,S,NA,NA,NA,NA,R,NA,R,S,NA,NA,NA,R,NA,NA,NA,NA,R,R
1773.3286,ERS5282005,S,NA,NA,S,NA,NA,NA,NA,R,NA,R,S,NA,NA,NA,R,NA,NA,NA,NA,R,R
1773.3303,ERS5282213,S,NA,NA,S,NA,NA,NA,NA,S,NA,S,S,NA,NA,NA,S,NA,NA,NA,NA,R,R
1773.33073,ERS5282266,S,NA,NA,S,NA,NA,NA,NA,S,NA,S,S,NA,NA,NA,S,NA,NA,NA,NA,R,R
1773.33643,ERS5297956,S,NA,NA,S,NA,NA,NA,NA,S,NA,S,S,NA,NA,NA,S,NA,NA,NA,NA,S,R
1773.3459,ERS5300879,R,NA,NA,R,NA,NA,NA,NA,S,NA,R,R,NA,NA,NA,S,NA,NA,NA,NA,R,S
1773.34633,ERS5301016,S,NA,NA,S,NA,NA,NA,NA,S,NA,R,S,NA,NA,NA,S,NA,NA,NA,NA,S,R
1773.35467,ERS5302723,S,NA,NA,S,NA,NA,NA,NA,S,NA,S,S,NA,NA,NA,S,NA,NA,NA,NA,S,R
1773.3592,ERS5303407,S,NA,NA,S,NA,NA,NA,NA,S,NA,S,S,NA,NA,NA,S,NA,NA,NA,NA,S,R
1773.36529,ERS5312436,S,NA,NA,S,NA,NA,NA,NA,S,NA,R,S,NA,NA,NA,S,NA,NA,NA,NA,S,R
1773.36547,ERS5312456,S,NA,NA,S,NA,NA,NA,NA,S,NA,R,S,NA,NA,NA,S,NA,NA,NA,NA,R,R
1773.36576,ERS5312488,S,NA,NA,S,NA,NA,NA,NA,S,NA,S,S,NA,NA,NA,S,NA,NA,NA,NA,R,R
1773.36775,ERS5312699,S,NA,NA,S,NA,NA,NA,NA,S,NA,S,S,NA,NA,NA,S,NA,NA,NA,NA,S,R
1773.37479,ERS5318705,S,NA,NA,S,NA,NA,NA,NA,S,NA,S,S,NA,NA,NA,S,NA,NA,NA,NA,S,R
1773.37503,ERS5318753,S,NA,NA,S,NA,NA,NA,NA,S,NA,S,S,NA,NA,NA,S,NA,NA,NA,NA,S,R
1773.37597,ERS5318946,S,NA,NA,S,NA,NA,NA,NA,S,NA,S,S,NA,NA,NA,S,NA,NA,NA,NA,R,R
1773.37693,ERS5319108,S,NA,NA,R,NA,NA,NA,NA,S,NA,S,S,NA,NA,NA,S,NA,NA,NA,NA,S,R
1773.37702,ERS5319119,S,NA,NA,S,NA,NA,NA,NA,S,NA,R,S,NA,NA,NA,S,NA,NA,NA,NA,S,R
1773.37736,ERS5319160,S,NA,NA,S,NA,NA,NA,NA,S,NA,R,S,NA,NA,NA,S,NA,NA,NA,NA,S,R
1773.38008,ERS5319752,S,NA,NA,S,NA,NA,NA,NA,S,NA,S,S,NA,NA,NA,S,NA,NA,NA,NA,R,R
1773.38025,ERS5319769,S,NA,NA,S,NA,NA,NA,NA,S,NA,S,S,NA,NA,NA,S,NA,NA,NA,NA,S,R
1773.38055,ERS5319809,S,NA,NA,S,NA,NA,NA,NA,S,NA,S,S,NA,NA,NA,S,NA,NA,NA,NA,R,R
1773.38221,ERS5320011,S,NA,NA,S,NA,NA,NA,NA,R,NA,R,S,NA,NA,NA,S,NA,NA,NA,NA,R,R
1773.38297,ERS5320084,S,NA,NA,S,NA,NA,NA,NA,R,NA,R,S,NA,NA,NA,S,NA,NA,NA,NA,R,R
1773.383,ERS5320085,S,NA,NA,S,NA,NA,NA,NA,S,NA,R,S,NA,NA,NA,R,NA,NA,NA,NA,R,R
1773.38301,ERS5320086,S,NA,NA,S,NA,NA,NA,NA,R,NA,R,S,NA,NA,NA,S,NA,NA,NA,NA,R,R
1773.38321,ERS5320108,S,NA,NA,S,NA,NA,NA,NA,S,NA,S,S,NA,NA,NA,S,NA,NA,NA,NA,R,R
1773.38379,ERS5320162,S,NA,NA,S,NA,NA,NA,NA,S,NA,S,S,NA,NA,NA,S,NA,NA,NA,NA,S,S
1773.38442,ERS5320193,S,NA,NA,S,NA,NA,NA,NA,S,NA,S,S,NA,NA,NA,S,NA,NA,NA,NA,S,R
1773.38723,ERS5320634,S,NA,NA,S,NA,NA,NA,NA,S,NA,R,S,NA,NA,NA,S,NA,NA,NA,NA,S,R
1773.38779,ERS5320709,S,NA,NA,S,NA,NA,NA,NA,S,NA,R,S,NA,NA,NA,S,NA,NA,NA,NA,S,R
1773.38784,ERS5320718,S,NA,NA,S,NA,NA,NA,NA,S,NA,S,S,NA,NA,NA,S,NA,NA,NA,NA,R,R
1773.38902,ERS5320874,S,NA,NA,S,NA,NA,NA,NA,S,NA,R,S,NA,NA,NA,S,NA,NA,NA,NA,S,R
1773.38965,ERS5320971,S,NA,NA,S,NA,NA,NA,NA,S,NA,R,S,NA,NA,NA,S,NA,NA,NA,NA,R,R
1773.3905,ERS6402778,S,NA,NA,S,NA,NA,NA,NA,S,NA,S,S,NA,NA,NA,S,NA,NA,NA,NA,S,R
1773.39057,ERS6402783,S,NA,NA,S,NA,NA,NA,NA,S,NA,S,S,NA,NA,NA,S,NA,NA,NA,NA,S,R
1773.39423,ERS6403203,S,NA,NA,S,NA,NA,NA,NA,S,NA,S,S,NA,NA,NA,S,NA,NA,NA,NA,S,R
1773.39892,ERS6420790,S,NA,NA,S,NA,NA,NA,NA,S,NA,S,S,NA,NA,NA,S,NA,NA,NA,NA,S,R
1773.39932,ERS6420833,S,NA,NA,S,NA,NA,NA,NA,S,NA,S,S,NA,NA,NA,S,NA,NA,NA,NA,S,R
1773.40074,ERS6421629,S,NA,NA,S,NA,NA,NA,NA,S,NA,S,S,NA,NA,NA,S,NA,NA,NA,NA,S,R
1773.40075,ERS6421628,S,NA,NA,S,NA,NA,NA,NA,S,NA,R,S,NA,NA,NA,S,NA,NA,NA,NA,S,R
1773.40269,ERS6421872,S,NA,NA,S,NA,NA,NA,NA,S,NA,R,S,NA,NA,NA,S,NA,NA,NA,NA,S,S
1773.40841,ERS5281399,R,NA,S,R,NA,S,NA,S,R,R,R,R,R,S,R,S,S,NA,NA,R,R,R
1773.41223,ERS5281870,S,NA,S,S,NA,S,NA,S,R,S,R,S,R,S,R,S,S,NA,NA,S,R,R
1773.42435,ERS5283158,S,NA,S,S,NA,S,NA,S,S,R,R,S,S,S,S,S,S,NA,NA,S,S,R
1773.42471,ERS5283198,S,NA,S,S,NA,S,NA,R,R,R,R,S,R,S,S,S,S,NA,NA,R,R,R
1773.42546,ERS5283272,S,NA,S,R,NA,S,NA,S,S,S,R,R,S,S,S,S,S,NA,NA,S,S,R
1773.42683,ERR7361955,S,NA,NA,S,NA,NA,NA,NA,S,NA,S,S,NA,NA,NA,S,NA,NA,NA,NA,S,R
1773.4275,ERR7362016,S,NA,NA,S,NA,NA,NA,NA,S,NA,R,S,NA,NA,NA,S,NA,NA,NA,NA,R,R
1773.42753,ERR7362027,S,NA,NA,S,NA,NA,NA,NA,S,NA,R,S,NA,NA,NA,S,NA,NA,NA,NA,R,R
1773.42796,SRR7781495,S,NA,NA,S,NA,NA,NA,NA,S,NA,R,S,NA,NA,NA,S,NA,NA,NA,NA,R,R
1773.42802,SRR7781496,S,NA,NA,S,NA,NA,NA,NA,S,NA,R,S,NA,NA,NA,S,NA,NA,NA,NA,R,R
1773.43203,ERS5302062,S,NA,NA,S,NA,NA,NA,NA,S,NA,S,S,NA,NA,NA,S,NA,NA,NA,NA,S,R
1773.43618,ERS6403654,S,NA,NA,S,NA,NA,NA,NA,S,NA,S,S,NA,NA,NA,S,NA,NA,NA,NA,R,S
1773.43642,ERS6403207,S,NA,NA,S,NA,NA,NA,NA,S,NA,R,S,NA,NA,NA,S,NA,NA,NA,NA,R,S
1773.15167,SRR6152991,S,NA,NA,S,NA,NA,NA,NA,S,NA,R,S,NA,NA,NA,S,NA,NA,NA,NA,S,R
1773.18373,ERR1034581,R,NA,NA,R,R,NA,NA,NA,S,S,R,R,NA,NA,NA,R,NA,NA,R,NA,R,S
1773.18441,ERR1035211,S,NA,NA,S,NA,NA,NA,NA,S,NA,R,S,NA,NA,NA,S,NA,NA,S,NA,S,R
1773.20641,ERR2124084,S,NA,NA,S,NA,NA,NA,NA,S,NA,R,S,NA,NA,NA,S,NA,NA,NA,NA,S,R
1773.23346,ERR1654675,S,NA,NA,S,NA,NA,NA,NA,S,NA,R,S,NA,NA,NA,S,NA,NA,NA,NA,R,R
1773.3156,ERS2394671,S,NA,NA,S,NA,NA,NA,NA,S,NA,S,S,NA,NA,NA,S,NA,NA,NA,NA,R,R
1773.32346,ERS5281268,S,NA,NA,S,NA,NA,NA,NA,R,NA,R,S,NA,NA,NA,S,NA,NA,NA,NA,R,R
1773.32377,ERS5281303,S,NA,NA,S,NA,NA,NA,NA,S,NA,R,S,NA,NA,NA,S,NA,NA,NA,NA,R,R
1773.32595,ERS5281624,S,NA,NA,S,NA,NA,NA,NA,S,NA,S,S,NA,NA,NA,S,NA,NA,NA,NA,S,S
1773.3314,ERS5282348,S,NA,NA,S,NA,NA,NA,NA,S,NA,R,S,NA,NA,NA,R,NA,NA,NA,NA,R,R
1773.33144,ERS5282354,R,NA,NA,R,NA,NA,NA,NA,S,NA,R,R,NA,NA,NA,S,NA,NA,NA,NA,R,R
1773.33312,ERS5282566,R,NA,NA,R,NA,NA,NA,NA,R,NA,R,R,NA,NA,NA,S,NA,NA,NA,NA,R,R
1773.35617,ERS5302900,S,NA,NA,S,NA,NA,NA,NA,S,NA,S,S,NA,NA,NA,S,NA,NA,NA,NA,S,R
1773.37402,ERS5318602,S,NA,NA,S,NA,NA,NA,NA,S,NA,S,S,NA,NA,NA,S,NA,NA,NA,NA,R,R
1773.37758,ERS5319184,S,NA,NA,S,NA,NA,NA,NA,S,NA,S,S,NA,NA,NA,S,NA,NA,NA,NA,R,R
1773.38061,ERS5319814,S,NA,NA,S,NA,NA,NA,NA,S,NA,R,S,NA,NA,NA,S,NA,NA,NA,NA,R,R
1773.38347,ERS5320135,S,NA,NA,R,NA,NA,NA,NA,S,NA,S,S,NA,NA,NA,S,NA,NA,NA,NA,R,R
1773.3835,ERS5320132,S,NA,NA,R,NA,NA,NA,NA,S,NA,S,S,NA,NA,NA,S,NA,NA,NA,NA,R,R
1773.38351,ERS5320139,S,NA,NA,S,NA,NA,NA,NA,S,NA,R,S,NA,NA,NA,S,NA,NA,NA,NA,R,R
1773.38411,ERS5320217,S,NA,NA,S,NA,NA,NA,NA,S,NA,S,S,NA,NA,NA,S,NA,NA,NA,NA,S,R
1773.42264,ERS5282970,S,NA,S,S,NA,S,NA,S,R,R,R,S,R,S,R,S,S,NA,NA,R,R,R
1773.42412,ERS5283135,S,NA,S,S,NA,S,NA,S,S,S,S,S,S,S,S,S,S,NA,NA,S,R,R
1773.42556,ERS5283281,S,NA,R,S,NA,R,NA,R,S,R,R,S,R,S,R,S,R,NA,NA,R,R,R
1773.42557,ERS5283285,S,NA,S,S,NA,S,NA,R,S,R,R,S,R,S,R,S,R,NA,NA,R,R,R
1773.42604,ERS5283396,S,NA,S,S,NA,S,NA,S,S,R,S,S,S,S,S,S,S,NA,NA,S,R,R
1773.42743,ERR7362009,S,NA,NA,S,NA,NA,NA,NA,S,NA,R,S,NA,NA,NA,S,NA,NA,NA,NA,R,R
1773.18169,ERR1873521,R,NA,NA,R,NA,NA,S,NA,S,R,R,R,NA,NA,R,S,S,NA,R,NA,R,R
1773.20047,ERR212142,S,NA,NA,S,NA,NA,NA,NA,S,NA,S,S,NA,NA,NA,S,NA,NA,NA,NA,R,S
1773.20462,ERR1035023,R,NA,NA,S,NA,NA,NA,NA,S,S,R,S,NA,NA,NA,R,NA,NA,NA,NA,R,R
1773.16209,SRR7131207,S,NA,NA,S,NA,NA,NA,NA,S,NA,S,S,NA,NA,NA,S,NA,NA,NA,NA,S,R
1773.23377,ERR1654656,S,NA,NA,S,NA,NA,NA,NA,S,NA,R,S,NA,NA,NA,S,NA,NA,NA,NA,S,R
1773.31553,ERS2394656,S,NA,NA,S,NA,NA,NA,NA,S,NA,S,S,NA,NA,NA,S,NA,NA,NA,NA,S,R
1773.32529,ERS5281550,S,NA,NA,S,NA,NA,NA,NA,S,NA,S,S,NA,NA,NA,S,NA,NA,NA,NA,S,S
1773.32614,ERS5281641,S,NA,NA,S,NA,NA,NA,NA,S,NA,S,S,NA,NA,NA,S,NA,NA,NA,NA,R,R
1773.33003,ERS5282169,S,NA,NA,S,NA,NA,NA,NA,S,NA,S,S,NA,NA,NA,S,NA,NA,NA,NA,R,R
1773.36758,ERS5312680,S,NA,NA,R,NA,NA,NA,NA,S,NA,S,S,NA,NA,NA,S,NA,NA,NA,NA,S,R
1773.37626,ERS5318977,S,NA,NA,S,NA,NA,NA,NA,S,NA,S,S,NA,NA,NA,S,NA,NA,NA,NA,S,R
1773.37634,ERS5318990,S,NA,NA,S,NA,NA,NA,NA,S,NA,S,S,NA,NA,NA,S,NA,NA,NA,NA,R,R
1773.37791,ERS5319226,S,NA,NA,S,NA,NA,NA,NA,S,NA,S,S,NA,NA,NA,S,NA,NA,NA,NA,S,R
1773.38305,ERS5320095,S,NA,NA,S,NA,NA,NA,NA,R,NA,R,S,NA,NA,NA,S,NA,NA,NA,NA,R,R
1773.38763,ERS5320682,S,NA,NA,S,NA,NA,NA,NA,S,NA,R,S,NA,NA,NA,S,NA,NA,NA,NA,S,R
1773.42223,ERS5282925,S,NA,S,S,NA,S,NA,R,S,R,S,S,R,S,R,S,S,NA,NA,S,S,R
1773.42758,ERR7362032,S,NA,NA,S,NA,NA,NA,NA,S,NA,S,S,NA,NA,NA,S,NA,NA,NA,NA,S,S
1773.43497,ERS5317519,S,NA,NA,S,NA,NA,NA,NA,S,NA,S,S,NA,NA,NA,S,NA,NA,NA,NA,S,R
1773.20407,ERR1034970,S,NA,NA,S,NA,NA,NA,NA,S,S,S,S,NA,NA,NA,S,NA,NA,NA,NA,S,R
1773.23371,ERR1654690,S,NA,NA,S,NA,NA,NA,NA,S,NA,R,S,NA,NA,NA,S,NA,NA,NA,NA,R,R
1773.31579,ERS2394704,S,NA,NA,S,NA,NA,NA,NA,S,NA,R,S,NA,NA,NA,S,NA,NA,NA,NA,R,R
1773.3287,ERS5282013,S,NA,NA,S,NA,NA,NA,NA,S,NA,R,S,NA,NA,NA,S,NA,NA,NA,NA,R,R
1773.33231,ERS5282473,S,NA,NA,S,NA,NA,NA,NA,S,NA,S,S,NA,NA,NA,S,NA,NA,NA,NA,S,R
1773.34972,ERS5302097,S,NA,NA,S,NA,NA,NA,NA,S,NA,S,S,NA,NA,NA,S,NA,NA,NA,NA,S,R
1773.37631,ERS5318984,S,NA,NA,S,NA,NA,NA,NA,S,NA,S,S,NA,NA,NA,S,NA,NA,NA,NA,R,R
1773.37738,ERS5319163,S,NA,NA,S,NA,NA,NA,NA,S,NA,S,S,NA,NA,NA,S,NA,NA,NA,NA,S,R
1773.38191,ERS5319969,S,NA,NA,S,NA,NA,NA,NA,S,NA,S,S,NA,NA,NA,S,NA,NA,NA,NA,R,R
1773.38241,ERS5320034,S,NA,NA,S,NA,NA,NA,NA,S,NA,R,S,NA,NA,NA,S,NA,NA,NA,NA,R,R
1773.38293,ERS5320077,S,NA,NA,S,NA,NA,NA,NA,S,NA,R,S,NA,NA,NA,R,NA,NA,NA,NA,R,R
1773.40944,ERS5281506,S,NA,S,S,NA,S,NA,S,R,R,R,S,R,S,R,R,S,NA,NA,R,R,R
1773.1474,SRR6397338,S,NA,NA,S,NA,NA,NA,NA,S,NA,S,S,NA,NA,NA,S,NA,NA,NA,NA,S,S
1773.15024,SRR6397326,S,NA,NA,R,NA,NA,NA,NA,S,NA,S,S,NA,NA,NA,S,NA,NA,NA,NA,S,R
1773.15767,SRR6397970,S,NA,NA,S,NA,NA,NA,NA,S,NA,S,S,NA,NA,NA,S,NA,NA,NA,NA,S,R
1773.1493,ERS096393,S,NA,NA,S,NA,NA,NA,NA,R,NA,R,NA,NA,NA,R,S,NA,R,R,NA,R,R
1773.18378,ERR1034584,R,NA,NA,S,R,NA,NA,NA,S,S,R,S,NA,NA,NA,S,NA,NA,R,NA,R,R
1773.18407,ERR1034612,R,NA,NA,S,R,NA,NA,NA,S,S,R,R,NA,NA,NA,S,NA,NA,R,NA,R,R
1773.21003,ERR3256174,S,NA,NA,S,NA,NA,NA,NA,S,NA,R,S,NA,NA,NA,S,NA,NA,NA,NA,S,S
1773.23397,ERR2120246,S,NA,S,S,NA,NA,S,S,S,S,R,S,NA,S,S,S,S,S,R,NA,R,S
1773.23411,ERR2120267,S,NA,NA,R,NA,NA,NA,NA,S,NA,R,S,NA,NA,NA,S,NA,NA,S,NA,R,R
1773.29496,ERR551894,S,NA,NA,S,NA,NA,S,NA,S,NA,R,S,NA,NA,NA,S,S,S,R,NA,R,R
1773.2952,ERR552032,S,NA,NA,S,NA,NA,S,NA,S,NA,R,S,NA,NA,NA,S,S,S,S,NA,R,R
1773.3057,ERR553039,NA,NA,NA,NA,NA,NA,NA,NA,S,NA,S,NA,NA,NA,NA,NA,NA,NA,S,NA,S,S
1773.3132,ERR551753,NA,NA,NA,NA,NA,NA,NA,NA,S,NA,S,NA,NA,NA,NA,NA,NA,NA,S,NA,S,S
1773.3156,ERR550915,S,S,NA,S,NA,NA,NA,NA,R,NA,R,NA,NA,NA,NA,NA,NA,NA,S,NA,R,R
1773.3189,ERR552927,S,S,NA,S,NA,NA,NA,NA,R,NA,R,NA,NA,NA,NA,NA,NA,NA,R,NA,R,R
1773.32113,ERS3371899,S,NA,NA,S,NA,NA,NA,NA,S,NA,R,S,NA,NA,NA,S,NA,NA,NA,NA,S,R
1773.3358,ERR550744,S,S,NA,S,NA,NA,NA,NA,R,NA,R,NA,NA,NA,NA,NA,NA,NA,R,NA,R,R
1773.3411,ERR551708,NA,NA,NA,NA,NA,NA,NA,NA,R,NA,R,NA,NA,NA,NA,NA,NA,NA,S,NA,R,R
1773.34396,ERS5300635,S,NA,NA,S,NA,NA,NA,NA,S,NA,S,S,NA,NA,NA,S,NA,NA,NA,NA,S,R
1773.3553,ERR038276,NA,NA,NA,NA,NA,NA,NA,NA,S,NA,S,NA,NA,NA,NA,NA,NA,NA,S,NA,S,NA
1773.35911,ERS5303400,S,NA,NA,S,NA,NA,NA,NA,S,NA,S,S,NA,NA,NA,S,NA,NA,NA,NA,S,R
1773.3712,ERR046831,NA,NA,NA,NA,NA,NA,NA,NA,S,NA,S,NA,NA,NA,NA,NA,NA,NA,S,NA,S,NA
1773.3719,ERR046841,NA,NA,NA,NA,NA,NA,NA,NA,S,NA,S,NA,NA,NA,NA,NA,NA,NA,S,NA,S,NA
1773.37427,ERS5318632,S,NA,NA,S,NA,NA,NA,NA,S,NA,S,S,NA,NA,NA,S,NA,NA,NA,NA,S,S
1773.377,ERR046903,S,NA,NA,S,R,NA,NA,NA,R,NA,R,NA,NA,NA,NA,NA,NA,NA,R,NA,R,NA
1773.38071,ERS5319825,R,NA,NA,R,NA,NA,NA,NA,S,NA,R,R,NA,NA,NA,S,NA,NA,NA,NA,R,R
1773.38905,ERS5320883,S,NA,NA,S,NA,NA,NA,NA,S,NA,R,S,NA,NA,NA,S,NA,NA,NA,NA,S,R
1773.38959,ERS5320959,S,NA,NA,S,NA,NA,NA,NA,S,NA,R,S,NA,NA,NA,S,NA,NA,NA,NA,S,R
1773.39063,ERS6402793,S,NA,NA,S,NA,NA,NA,NA,S,NA,S,S,NA,NA,NA,S,NA,NA,NA,NA,S,R
1773.39283,ERS6403051,S,NA,NA,S,NA,NA,NA,NA,S,NA,S,S,NA,NA,NA,S,NA,NA,NA,NA,S,R
1773.40159,ERS6421722,S,NA,NA,S,NA,NA,NA,NA,S,NA,S,S,NA,NA,NA,S,NA,NA,NA,NA,S,R
1773.40259,ERS6421829,S,NA,NA,S,NA,NA,NA,NA,S,NA,S,S,NA,NA,NA,S,NA,NA,NA,NA,S,R
1773.40409,ERS6422046,S,NA,NA,S,NA,NA,NA,NA,S,NA,S,S,NA,NA,NA,S,NA,NA,NA,NA,S,R
1773.42267,ERS5282973,S,NA,S,S,NA,S,NA,S,S,S,S,S,R,S,S,S,S,NA,NA,S,S,R
1773.4233,SRR2100434,NA,NA,NA,NA,NA,NA,NA,NA,S,NA,S,NA,NA,NA,NA,NA,NA,NA,S,NA,S,R
1773.42646,ERR7361918,S,NA,NA,S,NA,NA,NA,NA,S,NA,S,S,NA,NA,NA,S,NA,NA,NA,NA,S,R
1773.43075,ERS5320073,S,NA,NA,R,NA,NA,NA,NA,R,NA,R,S,NA,NA,NA,S,NA,NA,NA,NA,R,R
1773.43126,ERS5301898,S,NA,NA,S,NA,NA,NA,NA,S,NA,S,S,NA,NA,NA,S,NA,NA,NA,NA,R,R
1773.5131,SRR2101460,S,S,NA,S,NA,NA,NA,NA,S,NA,S,S,NA,NA,S,NA,NA,NA,S,NA,R,S
1773.5392,SRR2101745,S,S,NA,S,NA,NA,NA,NA,S,NA,S,S,NA,NA,S,NA,NA,NA,S,NA,S,S
1773.5409,SRR2101762,S,S,NA,S,NA,NA,NA,NA,S,NA,S,S,NA,NA,S,NA,NA,NA,S,NA,S,S
1773.5415,SRR2101768,S,S,NA,S,NA,NA,NA,NA,S,NA,S,S,NA,NA,S,NA,NA,NA,S,NA,S,S
1773.5513,ERR550832,NA,NA,NA,NA,NA,NA,NA,NA,S,NA,S,NA,NA,NA,NA,NA,NA,NA,S,NA,S,S
1773.5566,ERR400416,NA,NA,NA,NA,NA,NA,NA,NA,S,NA,S,NA,NA,NA,NA,NA,NA,NA,S,NA,S,S
1773.5635,ERR400494,NA,NA,NA,NA,NA,NA,NA,NA,S,NA,S,NA,NA,NA,NA,NA,NA,NA,S,NA,S,S
1773.18166,ERR1873534,R,NA,NA,R,NA,NA,S,NA,R,S,R,R,NA,NA,R,S,S,NA,R,NA,R,S
1773.19695,ERR181905,S,NA,NA,S,NA,NA,NA,NA,S,NA,S,S,NA,NA,NA,S,NA,NA,NA,NA,S,R
1773.21138,ERS812453,S,NA,NA,S,NA,NA,NA,NA,R,NA,R,S,NA,NA,NA,S,NA,NA,NA,NA,R,R
1773.29533,ERR552111,S,NA,NA,S,NA,NA,NA,NA,R,NA,R,S,NA,NA,NA,S,NA,R,S,NA,R,R
1773.31077,ERS1987060,R,NA,NA,S,NA,NA,NA,NA,S,NA,R,R,NA,NA,NA,S,NA,NA,NA,NA,R,R
1773.31093,ERS1987083,S,NA,NA,S,NA,NA,NA,NA,S,NA,S,S,NA,NA,NA,S,NA,NA,NA,NA,S,R
1773.32474,ERS5281480,S,NA,NA,S,NA,NA,NA,NA,S,NA,R,S,NA,NA,NA,S,NA,NA,NA,NA,S,R
1773.3251,ERS5281539,S,NA,NA,S,NA,NA,NA,NA,S,NA,R,S,NA,NA,NA,R,NA,NA,NA,NA,R,R
1773.32513,ERS5281542,S,NA,NA,S,NA,NA,NA,NA,S,NA,S,S,NA,NA,NA,S,NA,NA,NA,NA,R,R
1773.32635,ERS5281660,S,NA,NA,S,NA,NA,NA,NA,S,NA,S,S,NA,NA,NA,S,NA,NA,NA,NA,S,S
1773.32865,ERS5282000,S,NA,NA,S,NA,NA,NA,NA,S,NA,R,S,NA,NA,NA,S,NA,NA,NA,NA,R,R
1773.32995,ERS5282163,S,NA,NA,S,NA,NA,NA,NA,R,NA,R,S,NA,NA,NA,S,NA,NA,NA,NA,R,R
1773.33131,ERS5282343,S,NA,NA,S,NA,NA,NA,NA,S,NA,S,S,NA,NA,NA,S,NA,NA,NA,NA,S,R
1773.33192,ERS5282425,S,NA,NA,S,NA,NA,NA,NA,S,NA,R,S,NA,NA,NA,S,NA,NA,NA,NA,S,R
1773.33916,ERS5298254,S,NA,NA,S,NA,NA,NA,NA,S,NA,S,S,NA,NA,NA,S,NA,NA,NA,NA,R,R
1773.33999,ERS5298494,S,NA,NA,S,NA,NA,NA,NA,S,NA,R,S,NA,NA,NA,S,NA,NA,NA,NA,R,R
1773.34457,ERS5300710,R,NA,NA,R,NA,NA,NA,NA,S,NA,R,R,NA,NA,NA,S,NA,NA,NA,NA,R,R
1773.35359,ERS5302591,S,NA,NA,S,NA,NA,NA,NA,S,NA,S,S,NA,NA,NA,S,NA,NA,NA,NA,S,R
1773.3594,ERS5303436,S,NA,NA,S,NA,NA,NA,NA,S,NA,S,S,NA,NA,NA,S,NA,NA,NA,NA,S,R
1773.36562,ERS5312471,S,NA,NA,S,NA,NA,NA,NA,S,NA,R,S,NA,NA,NA,S,NA,NA,NA,NA,R,R
1773.36587,ERS5312495,S,NA,NA,S,NA,NA,NA,NA,S,NA,S,S,NA,NA,NA,S,NA,NA,NA,NA,S,R
1773.37579,ERS5318911,S,NA,NA,S,NA,NA,NA,NA,S,NA,S,S,NA,NA,NA,S,NA,NA,NA,NA,S,R
1773.37717,ERS5319142,S,NA,NA,S,NA,NA,NA,NA,S,NA,S,S,NA,NA,NA,S,NA,NA,NA,NA,R,R
1773.37784,ERS5319216,S,NA,NA,S,NA,NA,NA,NA,R,NA,R,S,NA,NA,NA,S,NA,NA,NA,NA,R,R
1773.38045,ERS5319791,S,NA,NA,S,NA,NA,NA,NA,S,NA,S,S,NA,NA,NA,S,NA,NA,NA,NA,S,R
1773.38252,ERS5320036,S,NA,NA,S,NA,NA,NA,NA,R,NA,R,S,NA,NA,NA,S,NA,NA,NA,NA,R,R
1773.38799,ERS5320746,S,NA,NA,S,NA,NA,NA,NA,S,NA,S,S,NA,NA,NA,S,NA,NA,NA,NA,S,R
1773.38816,ERS5320765,S,NA,NA,S,NA,NA,NA,NA,S,NA,R,S,NA,NA,NA,S,NA,NA,NA,NA,R,R
1773.39231,ERS6402990,S,NA,NA,S,NA,NA,NA,NA,S,NA,S,S,NA,NA,NA,S,NA,NA,NA,NA,S,R
1773.39895,ERS6420798,S,NA,NA,S,NA,NA,NA,NA,S,NA,R,S,NA,NA,NA,S,NA,NA,NA,NA,S,R
1773.40282,ERS6421895,S,NA,NA,S,NA,NA,NA,NA,S,NA,S,S,NA,NA,NA,S,NA,NA,NA,NA,S,R
1773.42527,ERS5283253,S,NA,S,S,NA,S,NA,S,S,S,R,S,S,S,S,S,S,NA,NA,S,S,R
1773.42727,ERR7361987,S,NA,NA,S,NA,NA,NA,NA,R,NA,R,S,NA,NA,NA,R,NA,NA,NA,NA,R,R
1773.42824,SRR7829586,R,NA,NA,R,NA,NA,NA,NA,S,NA,R,S,NA,NA,NA,S,NA,NA,NA,NA,R,R
1773.42983,ERS5301046,S,NA,NA,S,NA,NA,NA,NA,S,NA,R,S,NA,NA,NA,S,NA,NA,NA,NA,R,S
1773.43065,ERS5320030,S,NA,NA,S,NA,NA,NA,NA,R,NA,R,S,NA,NA,NA,S,NA,NA,NA,NA,R,R
1773.43214,ERS5303383,S,NA,NA,S,NA,NA,NA,NA,S,NA,S,S,NA,NA,NA,S,NA,NA,NA,NA,R,R
1773.43298,ERS5318863,S,NA,NA,S,NA,NA,NA,NA,S,NA,R,S,NA,NA,NA,S,NA,NA,NA,NA,R,R
1773.43438,ERS5317342,S,NA,NA,S,NA,NA,NA,NA,S,NA,S,S,NA,NA,NA,S,NA,NA,NA,NA,S,R
1773.4369,ERS5282113,S,NA,S,S,NA,S,NA,S,R,R,R,R,R,S,R,S,S,NA,NA,R,R,R
1773.18174,ERR1873541,R,NA,NA,S,NA,NA,S,NA,S,R,R,R,NA,NA,R,R,S,NA,R,NA,R,R
1773.18226,ERR1873467,R,NA,NA,R,NA,NA,R,NA,S,S,R,R,NA,NA,R,R,S,NA,R,NA,R,R
1773.19902,ERR190401,S,NA,NA,S,NA,NA,NA,NA,S,NA,S,S,NA,NA,NA,S,NA,NA,NA,NA,R,R
1773.20414,ERR1034981,S,NA,NA,S,NA,NA,NA,NA,S,NA,R,S,NA,NA,NA,S,NA,NA,NA,NA,R,R
1773.20661,ERR2124101,R,NA,NA,R,NA,NA,NA,NA,S,NA,R,R,NA,NA,NA,S,NA,NA,NA,NA,R,R
1773.29481,ERR551659,S,NA,NA,S,NA,NA,S,NA,S,NA,R,S,NA,NA,NA,S,S,S,R,NA,R,R
1773.32126,ERS3371914,S,NA,NA,S,NA,NA,NA,NA,S,NA,S,S,NA,NA,NA,S,NA,NA,NA,NA,R,R
1773.3266,ERS5281706,R,NA,NA,R,NA,NA,NA,NA,S,NA,R,R,NA,NA,NA,S,NA,NA,NA,NA,R,R
1773.32736,ERS5281853,S,NA,NA,S,NA,NA,NA,NA,S,NA,S,S,NA,NA,NA,S,NA,NA,NA,NA,R,R
1773.3293,ERS5282087,S,NA,NA,S,NA,NA,NA,NA,S,NA,S,S,NA,NA,NA,S,NA,NA,NA,NA,R,R
1773.32982,ERS5282153,S,NA,NA,S,NA,NA,NA,NA,R,NA,R,S,NA,NA,NA,S,NA,NA,NA,NA,R,R
1773.34108,ERS5298618,S,NA,NA,S,NA,NA,NA,NA,S,NA,S,S,NA,NA,NA,S,NA,NA,NA,NA,R,R
1773.3681,ERS5317248,S,NA,NA,S,NA,NA,NA,NA,S,NA,S,S,NA,NA,NA,S,NA,NA,NA,NA,S,R
1773.37161,ERS5318128,S,NA,NA,S,NA,NA,NA,NA,S,NA,S,S,NA,NA,NA,S,NA,NA,NA,NA,S,R
1773.37425,ERS5318638,S,NA,NA,S,NA,NA,NA,NA,S,NA,S,S,NA,NA,NA,S,NA,NA,NA,NA,R,S
1773.37426,ERS5318635,S,NA,NA,S,NA,NA,NA,NA,S,NA,S,S,NA,NA,NA,S,NA,NA,NA,NA,S,R
1773.37999,ERS5319741,S,NA,NA,S,NA,NA,NA,NA,S,NA,S,S,NA,NA,NA,S,NA,NA,NA,NA,S,R
1773.38279,ERS5320063,S,NA,NA,R,NA,NA,NA,NA,R,NA,R,S,NA,NA,NA,S,NA,NA,NA,NA,R,R
1773.3882,ERS5320769,S,NA,NA,S,NA,NA,NA,NA,S,NA,R,S,NA,NA,NA,S,NA,NA,NA,NA,S,S
1773.41196,ERS5281827,S,NA,S,S,NA,S,NA,S,S,S,R,S,R,S,S,S,S,NA,NA,S,S,S
1773.42121,ERS5282826,S,NA,S,S,NA,S,NA,S,R,R,R,S,S,S,S,S,R,NA,NA,R,R,R
1733.1665,ERR2199763,S,NA,NA,S,NA,NA,NA,NA,S,NA,R,S,NA,NA,NA,S,NA,NA,NA,NA,R,R
1773.14831,SRR6152882,S,NA,NA,S,NA,NA,NA,NA,S,NA,S,S,NA,NA,NA,S,NA,NA,NA,NA,S,R
1773.18188,ERR1873548,R,NA,NA,R,NA,NA,S,NA,R,S,R,R,NA,NA,S,S,S,NA,R,NA,R,S
1773.19404,ERR176747,S,NA,NA,S,NA,NA,NA,NA,S,NA,S,S,NA,NA,NA,S,NA,NA,NA,NA,S,S
1773.23385,ERR1654658,S,NA,NA,S,NA,NA,NA,NA,S,NA,R,S,NA,NA,NA,S,NA,NA,NA,NA,R,R
1773.18329,ERR1035315,S,NA,NA,S,NA,NA,NA,NA,R,NA,R,S,NA,NA,NA,R,NA,NA,NA,NA,R,R
1773.18433,ERR1035210,S,NA,NA,S,NA,NA,NA,NA,S,NA,R,S,NA,NA,NA,S,NA,NA,S,NA,S,R
1773.31496,ERS2394561,S,NA,NA,S,NA,NA,NA,NA,S,NA,R,S,NA,NA,NA,S,NA,NA,NA,NA,R,R
1773.31666,ERS2394828,S,NA,NA,S,NA,NA,NA,NA,S,NA,R,S,NA,NA,NA,S,NA,NA,NA,NA,S,S
1773.36577,ERS5312487,S,NA,NA,S,NA,NA,NA,NA,S,NA,S,S,NA,NA,NA,S,NA,NA,NA,NA,R,R
1773.37423,ERS5318633,S,NA,NA,S,NA,NA,NA,NA,S,NA,S,S,NA,NA,NA,S,NA,NA,NA,NA,R,R
1773.37695,ERS5319109,S,NA,NA,R,NA,NA,NA,NA,S,NA,S,S,NA,NA,NA,S,NA,NA,NA,NA,S,R
1773.38069,ERS5319823,S,NA,NA,S,NA,NA,NA,NA,S,NA,S,S,NA,NA,NA,S,NA,NA,NA,NA,R,R
1773.3824,ERS5320032,S,NA,NA,S,NA,NA,NA,NA,R,NA,R,S,NA,NA,NA,R,NA,NA,NA,NA,R,R
1773.38326,ERS5320112,S,NA,NA,R,NA,NA,NA,NA,S,NA,S,S,NA,NA,NA,S,NA,NA,NA,NA,S,R
1773.40109,ERS6421664,S,NA,NA,S,NA,NA,NA,NA,S,NA,S,S,NA,NA,NA,S,NA,NA,NA,NA,S,S
1773.42755,ERR7362033,S,NA,NA,S,NA,NA,NA,NA,S,NA,S,S,NA,NA,NA,S,NA,NA,NA,NA,S,S
1773.42762,ERR7362037,S,NA,NA,S,NA,NA,NA,NA,S,NA,S,S,NA,NA,NA,S,NA,NA,NA,NA,S,S
1773.20638,ERR2124087,S,NA,NA,S,NA,NA,NA,NA,S,NA,R,S,NA,NA,NA,S,NA,NA,NA,NA,R,R
1773.32986,ERS5282160,S,NA,NA,S,NA,NA,NA,NA,R,NA,R,S,NA,NA,NA,S,NA,NA,NA,NA,R,R
1773.3445,ERS5300704,S,NA,NA,S,NA,NA,NA,NA,R,NA,R,S,NA,NA,NA,S,NA,NA,NA,NA,S,R
1773.37677,ERS5319090,S,NA,NA,S,NA,NA,NA,NA,S,NA,S,S,NA,NA,NA,S,NA,NA,NA,NA,R,R
1773.38308,ERS5320092,R,NA,NA,R,NA,NA,NA,NA,S,NA,R,R,NA,NA,NA,R,NA,NA,NA,NA,R,R
1773.42206,ERS5282912,S,NA,S,S,NA,S,NA,S,S,R,S,S,S,S,S,S,S,NA,NA,S,S,R
1773.43082,ERS5319218,S,NA,NA,S,NA,NA,NA,NA,R,NA,R,S,NA,NA,NA,S,NA,NA,NA,NA,R,R
1773.15442,SRR6397442,S,NA,NA,S,NA,NA,NA,NA,S,NA,S,S,NA,NA,NA,S,NA,NA,NA,NA,S,R
1773.20277,ERR245749,S,NA,NA,S,NA,NA,NA,NA,S,NA,S,S,NA,NA,NA,S,NA,NA,NA,NA,S,S
1773.38028,ERS5319776,S,NA,NA,S,NA,NA,NA,NA,S,NA,S,S,NA,NA,NA,S,NA,NA,NA,NA,S,S
1773.34691,ERS5301197,S,NA,NA,S,NA,NA,NA,NA,S,NA,S,S,NA,NA,NA,S,NA,NA,NA,NA,R,R
1773.19845,ERR190338,S,NA,NA,S,NA,NA,NA,NA,S,NA,S,S,NA,NA,NA,S,NA,NA,NA,NA,S,R
1773.1516,SRR6397816,S,NA,NA,S,NA,NA,NA,NA,S,NA,S,S,NA,NA,NA,S,NA,NA,NA,NA,S,R
1773.20399,ERR1034955,S,NA,NA,S,NA,NA,NA,NA,S,S,R,S,NA,NA,NA,S,NA,NA,NA,NA,R,R
1773.2537,ERR551476,NA,NA,NA,NA,NA,NA,NA,NA,S,NA,S,NA,NA,NA,NA,NA,NA,NA,S,NA,S,S
1773.2594,ERR550925,NA,NA,NA,NA,NA,NA,NA,NA,S,NA,S,NA,NA,NA,NA,NA,NA,NA,S,NA,S,S
1773.2869,ERR552932,S,S,NA,S,NA,NA,NA,NA,S,NA,R,NA,NA,NA,NA,NA,NA,NA,R,NA,R,R
1773.29391,ERR550743,S,NA,NA,S,NA,NA,S,NA,S,NA,R,S,NA,NA,NA,S,S,S,R,NA,R,R
1773.2951,ERR550981,S,S,NA,S,NA,NA,NA,NA,R,NA,R,NA,NA,NA,NA,NA,NA,NA,S,NA,R,R
1773.2989,ERR553088,NA,NA,NA,NA,NA,NA,NA,NA,S,NA,S,NA,NA,NA,NA,NA,NA,NA,S,NA,S,S
1773.3157,ERR552510,R,S,NA,R,NA,NA,NA,NA,R,NA,R,NA,NA,NA,NA,NA,NA,NA,S,NA,R,R
1773.32112,ERS3371897,S,NA,NA,S,NA,NA,NA,NA,S,NA,R,S,NA,NA,NA,S,NA,NA,NA,NA,S,R
1773.3236,ERR551259,S,S,NA,S,NA,NA,NA,NA,R,NA,R,NA,NA,NA,NA,NA,NA,NA,S,NA,R,R
1773.3395,ERR552190,NA,NA,NA,NA,NA,NA,NA,NA,S,NA,S,NA,NA,NA,NA,NA,NA,NA,S,NA,S,R
1773.3527,ERR551611,S,S,NA,S,NA,NA,NA,NA,R,NA,R,NA,NA,NA,NA,NA,NA,NA,R,NA,R,R
1773.36541,ERS5312449,S,NA,NA,S,NA,NA,NA,NA,R,NA,R,S,NA,NA,NA,S,NA,NA,NA,NA,R,R
1773.3701,SRR2100087,NA,NA,NA,NA,NA,NA,NA,NA,S,NA,S,NA,NA,NA,NA,NA,NA,NA,S,NA,S,NA
1773.37111,ERS5317915,S,NA,NA,S,NA,NA,NA,NA,S,NA,S,S,NA,NA,NA,S,NA,NA,NA,NA,S,R
1773.37188,ERS5318158,S,NA,NA,S,NA,NA,NA,NA,S,NA,S,S,NA,NA,NA,S,NA,NA,NA,NA,R,R
1773.37409,ERS5318610,S,NA,NA,S,NA,NA,NA,NA,S,NA,S,S,NA,NA,NA,S,NA,NA,NA,NA,S,R
1773.3756,ERR046882,NA,NA,NA,NA,NA,NA,NA,NA,S,NA,S,NA,NA,NA,NA,NA,NA,NA,S,NA,S,NA
1773.37698,ERS5319113,S,NA,NA,S,NA,NA,NA,NA,S,NA,S,S,NA,NA,NA,S,NA,NA,NA,NA,S,R
1773.3848,ERR046993,NA,NA,NA,NA,NA,NA,NA,NA,S,NA,S,NA,NA,NA,NA,NA,NA,NA,S,NA,S,NA
1773.3897,ERS5320981,S,NA,NA,S,NA,NA,NA,NA,S,NA,R,S,NA,NA,NA,S,NA,NA,NA,NA,R,R
1773.39422,ERS6403202,S,NA,NA,S,NA,NA,NA,NA,S,NA,S,S,NA,NA,NA,S,NA,NA,NA,NA,S,R
1773.42117,ERS5282822,S,NA,S,S,NA,S,NA,R,S,S,S,S,R,S,R,S,S,NA,NA,S,S,R
1773.4236,SRR2100437,NA,NA,NA,NA,NA,NA,NA,NA,S,NA,S,NA,NA,NA,NA,NA,NA,NA,S,NA,S,S
1773.4678,SRR2100891,S,S,NA,S,S,NA,NA,NA,S,NA,R,S,NA,NA,S,NA,NA,NA,NA,NA,R,NA
1773.4992,SRR2101301,S,S,NA,S,NA,NA,NA,NA,S,NA,S,S,NA,NA,S,NA,NA,NA,S,NA,S,S
1773.5028,SRR2101355,S,S,NA,S,NA,NA,NA,NA,S,NA,S,S,NA,NA,S,NA,NA,NA,NA,NA,NA,S
1773.5091,SRR2101419,S,S,NA,S,NA,NA,NA,NA,S,NA,S,S,NA,NA,S,NA,NA,NA,S,NA,S,S
1773.5358,SRR2101710,S,S,NA,S,NA,NA,NA,NA,S,NA,S,S,NA,NA,S,NA,NA,NA,S,NA,S,S
1773.5405,SRR2101758,S,S,NA,S,NA,NA,NA,NA,S,NA,S,S,NA,NA,S,NA,NA,NA,S,NA,S,S
1773.5567,ERR400415,NA,NA,NA,NA,NA,NA,NA,NA,S,NA,S,NA,NA,NA,NA,NA,NA,NA,S,NA,S,S
1773.1497,SRR6153001,S,NA,NA,S,NA,NA,NA,NA,S,NA,S,S,NA,NA,NA,S,NA,NA,NA,NA,S,R
1773.29409,ERR550806,R,NA,NA,R,NA,NA,S,NA,S,NA,R,R,NA,NA,NA,S,NA,R,R,NA,R,R
1773.29439,ERR551320,S,NA,NA,S,NA,NA,S,NA,R,NA,R,S,NA,NA,NA,S,S,S,R,NA,R,R
1773.29584,ERR552708,S,NA,NA,S,NA,NA,S,NA,S,NA,R,S,NA,NA,NA,S,S,S,R,NA,R,R
1773.31379,ERS1987387,S,NA,NA,S,NA,NA,NA,NA,S,NA,S,S,NA,NA,NA,S,NA,NA,NA,NA,S,R
1773.31734,ERS2394938,S,NA,NA,S,NA,NA,NA,NA,S,NA,R,S,NA,NA,NA,S,NA,NA,NA,NA,R,R
1773.3175,ERS2394958,S,NA,NA,S,NA,NA,NA,NA,S,NA,R,S,NA,NA,NA,S,NA,NA,NA,NA,R,R
1773.31885,ERS3371650,R,NA,NA,R,NA,NA,NA,NA,S,NA,R,R,NA,NA,NA,S,NA,NA,NA,NA,S,R
1773.32467,ERS5281472,S,NA,NA,S,NA,NA,NA,NA,R,NA,R,S,NA,NA,NA,S,NA,NA,NA,NA,R,R
1773.32596,ERS5281623,S,NA,NA,S,NA,NA,NA,NA,S,NA,R,S,NA,NA,NA,S,NA,NA,NA,NA,S,R
1773.326,ERS5281629,S,NA,NA,S,NA,NA,NA,NA,S,NA,R,S,NA,NA,NA,S,NA,NA,NA,NA,R,R
1773.32693,ERS5281756,S,NA,NA,S,NA,NA,NA,NA,S,NA,R,S,NA,NA,NA,S,NA,NA,NA,NA,R,R
1773.32733,ERS5281843,S,NA,NA,S,NA,NA,NA,NA,S,NA,R,S,NA,NA,NA,S,NA,NA,NA,NA,R,R
1773.32862,ERS5282001,S,NA,NA,S,NA,NA,NA,NA,S,NA,R,S,NA,NA,NA,S,NA,NA,NA,NA,R,R
1773.33014,ERS5282187,S,NA,NA,S,NA,NA,NA,NA,S,NA,S,S,NA,NA,NA,S,NA,NA,NA,NA,S,S
1773.33107,ERS5282314,S,NA,NA,S,NA,NA,NA,NA,S,NA,R,S,NA,NA,NA,S,NA,NA,NA,NA,R,R
1773.33116,ERS5282325,S,NA,NA,S,NA,NA,NA,NA,S,NA,R,S,NA,NA,NA,S,NA,NA,NA,NA,R,R
1773.33318,ERS5282571,R,NA,NA,S,NA,NA,NA,NA,S,NA,R,R,NA,NA,NA,S,NA,NA,NA,NA,R,R
1773.33356,ERS5282617,S,NA,NA,S,NA,NA,NA,NA,S,NA,S,S,NA,NA,NA,S,NA,NA,NA,NA,S,R
1773.34787,ERS5301831,S,NA,NA,S,NA,NA,NA,NA,S,NA,S,S,NA,NA,NA,S,NA,NA,NA,NA,S,R
1773.37052,ERS5317785,S,NA,NA,S,NA,NA,NA,NA,S,NA,S,S,NA,NA,NA,S,NA,NA,NA,NA,S,R
1773.37169,ERS5318130,S,NA,NA,S,NA,NA,NA,NA,S,NA,R,S,NA,NA,NA,S,NA,NA,NA,NA,R,R
1773.3718,ERS5318147,S,NA,NA,S,NA,NA,NA,NA,S,NA,S,S,NA,NA,NA,S,NA,NA,NA,NA,S,R
1773.3748,ERS5318707,S,NA,NA,S,NA,NA,NA,NA,S,NA,S,S,NA,NA,NA,S,NA,NA,NA,NA,S,R
1773.37836,ERS5319465,S,NA,NA,S,NA,NA,NA,NA,S,NA,S,S,NA,NA,NA,S,NA,NA,NA,NA,S,R
1773.38026,ERS5319771,S,NA,NA,S,NA,NA,NA,NA,S,NA,S,S,NA,NA,NA,S,NA,NA,NA,NA,S,R
1773.38059,ERS5319811,S,NA,NA,S,NA,NA,NA,NA,S,NA,S,S,NA,NA,NA,S,NA,NA,NA,NA,R,R
1773.38131,ERS5319889,S,NA,NA,S,NA,NA,NA,NA,S,NA,R,S,NA,NA,NA,S,NA,NA,NA,NA,R,R
1773.38151,ERS5319911,S,NA,NA,S,NA,NA,NA,NA,S,NA,R,S,NA,NA,NA,R,NA,NA,NA,NA,R,R
1773.38745,ERS5320654,S,NA,NA,S,NA,NA,NA,NA,S,NA,R,S,NA,NA,NA,S,NA,NA,NA,NA,S,R
1773.38835,ERS5320789,S,NA,NA,S,NA,NA,NA,NA,S,NA,R,S,NA,NA,NA,S,NA,NA,NA,NA,S,R
1773.3892,ERS5320899,S,NA,NA,S,NA,NA,NA,NA,S,NA,R,S,NA,NA,NA,S,NA,NA,NA,NA,R,R
1773.39059,ERS6402784,S,NA,NA,S,NA,NA,NA,NA,S,NA,S,S,NA,NA,NA,S,NA,NA,NA,NA,S,S
1773.39238,ERS6402999,S,NA,NA,S,NA,NA,NA,NA,S,NA,R,S,NA,NA,NA,S,NA,NA,NA,NA,S,R
1773.40073,ERS6421627,S,NA,NA,S,NA,NA,NA,NA,S,NA,S,S,NA,NA,NA,S,NA,NA,NA,NA,S,R
1773.40141,ERS6421704,S,NA,NA,S,NA,NA,NA,NA,S,NA,S,S,NA,NA,NA,S,NA,NA,NA,NA,S,R
1773.41765,ERS5282441,S,NA,S,S,NA,S,NA,S,S,S,R,S,R,S,R,S,S,NA,NA,R,R,R
1773.42503,ERS5283231,S,NA,S,S,NA,S,NA,S,S,R,R,S,S,S,S,S,S,NA,NA,S,S,R
1773.42648,ERR7361915,S,NA,NA,S,NA,NA,NA,NA,S,NA,R,S,NA,NA,NA,S,NA,NA,NA,NA,R,R
1773.42709,ERR7361981,R,NA,NA,S,NA,NA,NA,NA,S,NA,R,R,NA,NA,NA,S,NA,NA,NA,NA,R,S
1773.42736,ERR7362020,R,NA,NA,S,NA,NA,NA,NA,S,NA,R,R,NA,NA,NA,S,NA,NA,NA,NA,R,R
1773.42813,SRR7781508,S,NA,NA,S,NA,NA,NA,NA,S,NA,R,S,NA,NA,NA,S,NA,NA,NA,NA,R,R
1773.43699,ERS5282450,S,NA,S,S,NA,S,NA,S,S,R,R,S,R,S,R,S,S,NA,NA,R,R,R
1773.18198,ERR1873558,R,NA,NA,S,NA,NA,S,NA,R,R,R,R,NA,NA,S,R,S,NA,R,NA,R,S
1773.18222,ERR1873452,R,NA,NA,R,NA,NA,R,NA,R,R,R,R,NA,NA,R,R,S,NA,R,NA,S,R
1773.18321,ERR1035299,R,NA,NA,R,NA,NA,NA,NA,S,NA,R,R,NA,NA,NA,S,NA,NA,NA,NA,R,R
1773.2004,ERR212145,S,NA,NA,S,NA,NA,NA,NA,S,NA,S,S,NA,NA,NA,S,NA,NA,NA,NA,R,R
1773.23384,ERR1654696,S,NA,NA,S,NA,NA,NA,NA,S,NA,R,S,NA,NA,NA,S,NA,NA,NA,NA,R,S
1773.23409,ERR2120260,S,NA,NA,S,NA,NA,NA,NA,S,NA,R,S,NA,NA,NA,S,NA,NA,R,NA,R,S
1773.23438,ERR2120296,S,NA,NA,S,NA,NA,NA,NA,S,NA,S,S,NA,NA,NA,S,NA,NA,S,NA,S,R
1773.29387,ERR550684,S,NA,NA,S,NA,NA,S,NA,S,NA,R,S,NA,NA,NA,S,S,S,S,NA,R,R
1773.3161,ERS2394752,S,NA,NA,S,NA,NA,NA,NA,S,NA,R,S,NA,NA,NA,S,NA,NA,NA,NA,S,R
1773.31623,ERS2394770,S,NA,NA,S,NA,NA,NA,NA,S,NA,R,S,NA,NA,NA,S,NA,NA,NA,NA,S,R
1773.32594,ERS5281619,S,NA,NA,S,NA,NA,NA,NA,S,NA,S,S,NA,NA,NA,S,NA,NA,NA,NA,S,R
1773.32696,ERS5281768,R,NA,NA,R,NA,NA,NA,NA,S,NA,R,R,NA,NA,NA,R,NA,NA,NA,NA,R,R
1773.32935,ERS5282094,S,NA,NA,S,NA,NA,NA,NA,S,NA,S,S,NA,NA,NA,S,NA,NA,NA,NA,R,R
1773.33364,ERS5282629,S,NA,NA,S,NA,NA,NA,NA,S,NA,S,S,NA,NA,NA,S,NA,NA,NA,NA,S,S
1773.34098,ERS5298606,S,NA,NA,S,NA,NA,NA,NA,S,NA,R,S,NA,NA,NA,S,NA,NA,NA,NA,R,R
1773.35455,ERS5302696,S,NA,NA,S,NA,NA,NA,NA,S,NA,S,S,NA,NA,NA,S,NA,NA,NA,NA,S,R
1773.37665,ERS5319036,S,NA,NA,S,NA,NA,NA,NA,S,NA,R,S,NA,NA,NA,S,NA,NA,NA,NA,R,S
1773.37777,ERS5319207,S,NA,NA,S,NA,NA,NA,NA,S,NA,R,S,NA,NA,NA,S,NA,NA,NA,NA,R,R
1773.3837,ERS5320158,S,NA,NA,S,NA,NA,NA,NA,S,NA,S,S,NA,NA,NA,S,NA,NA,NA,NA,S,R
1773.38671,ERS5320494,S,NA,NA,S,NA,NA,NA,NA,S,NA,R,S,NA,NA,NA,S,NA,NA,NA,NA,S,R
1773.38873,ERS5320837,S,NA,NA,S,NA,NA,NA,NA,S,NA,R,S,NA,NA,NA,S,NA,NA,NA,NA,S,R
1773.38924,ERS5320900,S,NA,NA,S,NA,NA,NA,NA,S,NA,R,S,NA,NA,NA,S,NA,NA,NA,NA,S,R
1773.41529,ERS5282185,S,NA,S,S,NA,S,NA,S,S,S,S,S,S,S,S,S,S,NA,NA,S,S,S
1773.42652,ERR7361912,S,NA,NA,S,NA,NA,NA,NA,S,NA,S,S,NA,NA,NA,S,NA,NA,NA,NA,R,R
1773.43086,ERS5319224,S,NA,NA,S,NA,NA,NA,NA,S,NA,R,S,NA,NA,NA,S,NA,NA,NA,NA,R,R
1773.23361,ERR1654680,S,NA,NA,S,NA,NA,NA,NA,S,NA,R,S,NA,NA,NA,S,NA,NA,NA,NA,R,R
1773.1887,ERR126601,S,NA,NA,S,NA,NA,NA,NA,S,NA,S,S,NA,NA,NA,S,NA,NA,NA,NA,S,R
1773.31583,ERS2394708,R,NA,NA,R,NA,NA,NA,NA,S,NA,R,R,NA,NA,NA,R,NA,NA,NA,NA,R,R
1773.32648,ERS5281678,S,NA,NA,S,NA,NA,NA,NA,S,NA,S,S,NA,NA,NA,S,NA,NA,NA,NA,S,S
1773.37733,ERS5319155,S,NA,NA,R,NA,NA,NA,NA,S,NA,S,S,NA,NA,NA,S,NA,NA,NA,NA,S,R
1773.38067,ERS5319820,S,NA,NA,S,NA,NA,NA,NA,S,NA,R,S,NA,NA,NA,S,NA,NA,NA,NA,R,R
1773.39667,ERS6403495,S,NA,NA,S,NA,NA,NA,NA,S,NA,S,S,NA,NA,NA,S,NA,NA,NA,NA,R,R
1773.42415,ERS5283142,S,NA,S,S,NA,S,NA,S,S,R,R,S,S,S,S,R,S,NA,NA,R,R,R
1773.42733,ERR7362012,S,NA,NA,S,NA,NA,NA,NA,S,NA,R,S,NA,NA,NA,S,NA,NA,NA,NA,R,R
1773.43675,ERS6422125,R,NA,NA,R,NA,NA,NA,NA,S,NA,R,R,NA,NA,NA,R,NA,NA,NA,NA,S,S
1773.19809,ERR182025,S,NA,NA,S,NA,NA,NA,NA,S,NA,S,S,NA,NA,NA,S,NA,NA,NA,NA,S,R
1773.32637,ERS5281669,R,NA,NA,S,NA,NA,NA,NA,S,NA,R,R,NA,NA,NA,S,NA,NA,NA,NA,R,R
1773.37367,ERS5318559,S,NA,NA,S,NA,NA,NA,NA,S,NA,R,S,NA,NA,NA,R,NA,NA,NA,NA,S,R
1773.37497,ERS5318748,S,NA,NA,S,NA,NA,NA,NA,S,NA,S,S,NA,NA,NA,S,NA,NA,NA,NA,R,R
1773.3771,ERS5319122,S,NA,NA,S,NA,NA,NA,NA,S,NA,R,S,NA,NA,NA,S,NA,NA,NA,NA,R,S
1773.38266,ERS5320051,S,NA,NA,S,NA,NA,NA,NA,R,NA,R,S,NA,NA,NA,S,NA,NA,NA,NA,R,R
1773.38277,ERS5320061,R,NA,NA,R,NA,NA,NA,NA,R,NA,R,R,NA,NA,NA,R,NA,NA,NA,NA,R,R
1773.38958,ERS5320956,S,NA,NA,S,NA,NA,NA,NA,S,NA,R,S,NA,NA,NA,S,NA,NA,NA,NA,S,R
1773.426,ERS5283395,S,NA,S,S,NA,S,NA,R,R,R,R,S,R,S,R,R,R,NA,NA,R,R,R
1773.43071,ERS5312684,S,NA,NA,S,NA,NA,NA,NA,S,NA,S,S,NA,NA,NA,S,NA,NA,NA,NA,S,R
1773.15366,SRR6397679,S,NA,NA,S,NA,NA,NA,NA,S,NA,S,S,NA,NA,NA,S,NA,NA,NA,NA,S,S
1773.15813,SRR6398009,S,NA,NA,S,NA,NA,NA,NA,S,NA,S,S,NA,NA,NA,S,NA,NA,NA,NA,S,R
1773.15472,SRR6397795,S,NA,NA,S,NA,NA,NA,NA,S,NA,S,S,NA,NA,NA,S,NA,NA,S,NA,S,R
1773.14778,SRR6397412,S,NA,NA,S,NA,NA,NA,NA,S,NA,S,S,NA,NA,NA,S,NA,NA,NA,NA,S,R
1773.20459,ERR1035022,S,NA,NA,R,NA,NA,NA,NA,S,NA,S,S,NA,NA,NA,S,NA,NA,NA,NA,R,R
1773.23396,ERR2120247,S,NA,S,R,NA,NA,S,S,S,S,R,S,NA,S,S,S,S,S,R,NA,R,R
1773.2581,ERR553208,R,S,NA,R,NA,NA,S,NA,R,NA,R,NA,NA,NA,NA,S,S,S,R,NA,R,R
1773.2789,ERR551467,S,S,NA,S,NA,NA,NA,NA,R,NA,R,NA,NA,NA,NA,NA,NA,NA,S,NA,R,R
1773.2873,ERR551016,S,S,NA,S,NA,NA,NA,NA,R,NA,R,NA,NA,NA,NA,NA,NA,NA,R,NA,R,R
1773.29429,ERR551137,S,NA,NA,S,NA,NA,S,NA,S,NA,R,S,NA,NA,NA,S,S,S,R,NA,R,R
1773.29563,ERR552417,R,NA,NA,S,NA,NA,S,NA,S,NA,R,R,NA,NA,NA,S,S,S,S,NA,R,R
1773.29602,ERR552882,S,NA,NA,S,NA,NA,S,NA,R,NA,S,S,NA,NA,NA,S,S,S,R,NA,R,R
1773.29617,ERR553050,R,NA,NA,S,NA,NA,S,NA,S,NA,R,R,NA,NA,NA,S,S,NA,R,NA,R,R
1773.3004,ERR553227,NA,NA,NA,NA,NA,NA,NA,NA,S,NA,S,NA,NA,NA,NA,NA,NA,NA,S,NA,S,S
1773.31124,ERS1987117,S,NA,NA,S,NA,NA,NA,NA,S,NA,S,S,NA,NA,NA,S,NA,NA,NA,NA,R,R
1773.3158,ERR551478,R,S,NA,R,NA,NA,NA,NA,NA,NA,R,NA,NA,NA,NA,NA,NA,NA,R,NA,R,R
1773.3213,ERR552834,S,S,NA,S,NA,NA,NA,NA,R,NA,R,NA,NA,NA,NA,NA,NA,NA,R,NA,R,R
1773.33195,ERS5282433,S,NA,NA,S,NA,NA,NA,NA,S,NA,S,S,NA,NA,NA,S,NA,NA,NA,NA,S,R
1773.33657,ERS5297979,S,NA,NA,S,NA,NA,NA,NA,S,NA,S,S,NA,NA,NA,S,NA,NA,NA,NA,S,R
1773.33861,ERS5298195,S,NA,NA,S,NA,NA,NA,NA,S,NA,S,S,NA,NA,NA,S,NA,NA,NA,NA,S,R
1773.33878,ERS5298209,S,NA,NA,S,NA,NA,NA,NA,S,NA,S,S,NA,NA,NA,S,NA,NA,NA,NA,S,R
1773.35432,ERS5302680,S,NA,NA,S,NA,NA,NA,NA,S,NA,S,S,NA,NA,NA,S,NA,NA,NA,NA,S,R
1773.35741,ERS5303105,S,NA,NA,S,NA,NA,NA,NA,S,NA,R,S,NA,NA,NA,S,NA,NA,NA,NA,R,R
1773.3591,ERR039338,NA,NA,NA,NA,NA,NA,NA,NA,S,NA,S,NA,NA,NA,NA,NA,NA,NA,S,NA,S,NA
1773.36544,ERS5312450,S,NA,NA,S,NA,NA,NA,NA,R,NA,R,S,NA,NA,NA,S,NA,NA,NA,NA,R,R
1773.3705,ERR046822,NA,NA,NA,NA,NA,NA,NA,NA,S,NA,S,NA,NA,NA,NA,NA,NA,NA,S,NA,S,NA
1773.3728,ERR046851,NA,NA,NA,NA,NA,NA,NA,NA,S,NA,S,NA,NA,NA,NA,NA,NA,NA,S,NA,S,NA
1773.3757,ERR046883,NA,NA,NA,NA,NA,NA,NA,NA,S,NA,S,NA,NA,NA,NA,NA,NA,NA,S,NA,S,NA
1773.38007,ERS5319747,S,NA,NA,S,NA,NA,NA,NA,S,NA,S,S,NA,NA,NA,S,NA,NA,NA,NA,S,R
1773.3803,ERR046941,NA,NA,NA,NA,NA,NA,NA,NA,S,NA,S,NA,NA,NA,NA,NA,NA,NA,S,NA,S,S
1773.3815,SRR2100094,NA,NA,NA,NA,NA,NA,NA,NA,S,NA,S,NA,NA,NA,NA,NA,NA,NA,S,NA,S,NA
1773.38818,ERS5320766,S,NA,NA,S,NA,NA,NA,NA,S,NA,S,S,NA,NA,NA,S,NA,NA,NA,NA,S,R
1773.38821,ERS5320771,S,NA,NA,S,NA,NA,NA,NA,S,NA,R,S,NA,NA,NA,S,NA,NA,NA,NA,R,R
1773.3927,SRR2100130,NA,NA,NA,NA,NA,NA,NA,NA,S,NA,S,NA,NA,NA,NA,NA,NA,NA,S,NA,S,NA
1773.3932,ERR072087,NA,NA,NA,NA,S,NA,NA,NA,S,NA,S,NA,NA,NA,NA,NA,NA,NA,S,NA,S,NA
1773.396,ERS6403419,S,NA,NA,S,NA,NA,NA,NA,S,NA,S,S,NA,NA,NA,S,NA,NA,NA,NA,S,R
1773.39706,ERS6403532,S,NA,NA,R,NA,NA,NA,NA,S,NA,S,S,NA,NA,NA,S,NA,NA,NA,NA,S,R
1773.39912,ERS6420818,S,NA,NA,S,NA,NA,NA,NA,S,NA,S,S,NA,NA,NA,S,NA,NA,NA,NA,R,R
1773.40087,ERS6421646,S,NA,NA,S,NA,NA,NA,NA,S,NA,S,S,NA,NA,NA,S,NA,NA,NA,NA,S,R
1773.40094,ERS6421651,S,NA,NA,S,NA,NA,NA,NA,S,NA,S,S,NA,NA,NA,S,NA,NA,NA,NA,S,R
1773.4012,ERS6421676,R,NA,NA,R,NA,NA,NA,NA,S,NA,S,R,NA,NA,NA,S,NA,NA,NA,NA,S,R
1773.40134,ERS6421694,S,NA,NA,S,NA,NA,NA,NA,S,NA,S,S,NA,NA,NA,S,NA,NA,NA,NA,S,R
1773.40357,ERS6421989,S,NA,NA,S,NA,NA,NA,NA,S,NA,R,S,NA,NA,NA,S,NA,NA,NA,NA,S,R
1773.4245,SRR2100446,NA,NA,NA,NA,NA,NA,NA,NA,S,NA,R,NA,NA,NA,NA,NA,NA,NA,S,NA,S,S
1773.42575,ERS5283302,S,NA,S,S,NA,S,NA,S,S,S,S,S,S,S,S,S,S,NA,NA,S,S,S
1773.42823,SRR7782651,S,NA,NA,S,NA,NA,NA,NA,S,NA,R,S,NA,NA,NA,S,NA,NA,NA,NA,R,R
1773.43473,ERS5317428,S,NA,NA,S,NA,NA,NA,NA,R,NA,R,S,NA,NA,NA,S,NA,NA,NA,NA,R,R
1773.4626,SRR2100837,S,S,NA,S,S,NA,NA,NA,S,NA,R,NA,NA,NA,S,NA,NA,NA,S,NA,S,NA
1773.513,SRR2101459,S,S,NA,S,NA,NA,NA,NA,S,NA,S,S,NA,NA,S,NA,NA,NA,S,NA,S,S
1773.5143,SRR2101473,S,S,NA,S,NA,NA,NA,NA,S,NA,S,S,NA,NA,S,NA,NA,NA,NA,NA,NA,S
1773.5186,SRR2101517,S,S,NA,S,NA,NA,NA,NA,S,NA,S,S,NA,NA,S,NA,NA,NA,S,NA,S,S
1773.5285,SRR2101623,S,S,NA,S,NA,NA,NA,NA,S,NA,S,S,NA,NA,S,NA,NA,NA,S,NA,R,S
1773.5365,SRR2101718,S,S,NA,S,NA,NA,NA,NA,S,NA,S,S,NA,NA,S,NA,NA,NA,S,NA,S,S
1773.5457,SRR2101815,S,S,NA,S,NA,NA,NA,NA,S,NA,S,S,NA,NA,S,NA,NA,NA,S,NA,S,S
1773.55,ERR553166,NA,NA,NA,NA,NA,NA,NA,NA,S,NA,R,NA,NA,NA,NA,NA,NA,NA,S,NA,S,R
1773.5518,ERR551102,NA,NA,NA,NA,NA,NA,NA,NA,S,NA,S,NA,NA,NA,NA,NA,NA,NA,S,NA,S,S
1773.5587,ERR400439,NA,NA,NA,NA,NA,NA,NA,NA,S,NA,S,NA,NA,NA,NA,NA,NA,NA,S,NA,S,S
1773.14753,SRR6397706,S,NA,NA,S,NA,NA,NA,NA,S,NA,S,S,NA,NA,NA,S,NA,NA,NA,NA,S,R
1773.15296,SRR7439412,S,NA,NA,S,NA,NA,NA,NA,S,NA,S,S,NA,NA,NA,S,NA,NA,NA,NA,S,S
1773.20436,ERR1034998,S,NA,NA,S,NA,NA,NA,NA,S,S,R,S,NA,NA,NA,S,NA,NA,NA,NA,S,R
1773.29581,ERR552614,S,NA,NA,S,NA,NA,S,NA,S,NA,R,S,NA,NA,NA,S,S,S,R,NA,R,R
1773.31334,ERS1987341,S,NA,NA,S,NA,NA,NA,NA,S,NA,S,S,NA,NA,NA,S,NA,NA,NA,NA,S,R
1773.31352,ERS1987364,S,NA,NA,S,NA,NA,NA,NA,S,NA,S,S,NA,NA,NA,S,NA,NA,NA,NA,S,R
1773.31544,ERS2394646,S,NA,NA,S,NA,NA,NA,NA,S,NA,S,S,NA,NA,NA,S,NA,NA,NA,NA,S,R
1773.31718,ERS2394916,S,NA,NA,S,NA,NA,NA,NA,S,NA,R,S,NA,NA,NA,S,NA,NA,NA,NA,R,R
1773.31728,ERS2394931,S,NA,NA,S,NA,NA,NA,NA,S,NA,S,S,NA,NA,NA,S,NA,NA,NA,NA,S,R
1773.32079,ERS3371863,S,NA,NA,S,NA,NA,NA,NA,R,NA,R,S,NA,NA,NA,S,NA,NA,NA,NA,S,R
1773.32218,ERS3372011,S,NA,NA,S,NA,NA,NA,NA,S,NA,S,S,NA,NA,NA,S,NA,NA,NA,NA,S,R
1773.32348,ERS5281266,S,NA,NA,S,NA,NA,NA,NA,S,NA,R,S,NA,NA,NA,S,NA,NA,NA,NA,R,R
1773.32563,ERS5281587,S,NA,NA,S,NA,NA,NA,NA,S,NA,S,S,NA,NA,NA,S,NA,NA,NA,NA,R,R
1773.32691,ERS5281747,S,NA,NA,S,NA,NA,NA,NA,S,NA,R,S,NA,NA,NA,S,NA,NA,NA,NA,R,R
1773.32709,ERS5281794,R,NA,NA,R,NA,NA,NA,NA,S,NA,R,R,NA,NA,NA,S,NA,NA,NA,NA,R,R
1773.32713,ERS5281797,S,NA,NA,S,NA,NA,NA,NA,S,NA,R,S,NA,NA,NA,S,NA,NA,NA,NA,R,R
1773.32964,ERS5282132,S,NA,NA,S,NA,NA,NA,NA,S,NA,S,S,NA,NA,NA,S,NA,NA,NA,NA,R,R
1773.33013,ERS5282184,S,NA,NA,S,NA,NA,NA,NA,S,NA,R,S,NA,NA,NA,R,NA,NA,NA,NA,R,R
1773.33045,ERS5282231,S,NA,NA,S,NA,NA,NA,NA,S,NA,R,S,NA,NA,NA,S,NA,NA,NA,NA,S,R
1773.33189,ERS5282415,S,NA,NA,S,NA,NA,NA,NA,S,NA,R,S,NA,NA,NA,S,NA,NA,NA,NA,R,R
1773.33939,ERS5298279,S,NA,NA,S,NA,NA,NA,NA,S,NA,S,S,NA,NA,NA,S,NA,NA,NA,NA,S,R
1773.34247,ERS5298783,S,NA,NA,S,NA,NA,NA,NA,S,NA,S,S,NA,NA,NA,S,NA,NA,NA,NA,S,R
1773.34973,ERS5302099,S,NA,NA,S,NA,NA,NA,NA,S,NA,S,S,NA,NA,NA,S,NA,NA,NA,NA,S,R
1773.35438,ERS5302692,S,NA,NA,S,NA,NA,NA,NA,S,NA,S,S,NA,NA,NA,S,NA,NA,NA,NA,S,R
1773.35636,ERS5302941,S,NA,NA,S,NA,NA,NA,NA,S,NA,S,S,NA,NA,NA,S,NA,NA,NA,NA,S,R
1773.36471,ERS5312366,R,NA,NA,R,NA,NA,NA,NA,S,NA,R,R,NA,NA,NA,S,NA,NA,NA,NA,R,R
1773.3654,ERS5312443,S,NA,NA,S,NA,NA,NA,NA,S,NA,S,S,NA,NA,NA,S,NA,NA,NA,NA,S,R
1773.37415,ERS5318617,S,NA,NA,S,NA,NA,NA,NA,S,NA,S,S,NA,NA,NA,S,NA,NA,NA,NA,R,R
1773.37611,ERS5318972,S,NA,NA,S,NA,NA,NA,NA,S,NA,R,S,NA,NA,NA,S,NA,NA,NA,NA,S,R
1773.37635,ERS5318988,S,NA,NA,S,NA,NA,NA,NA,S,NA,S,S,NA,NA,NA,S,NA,NA,NA,NA,S,R
1773.3769,ERS5319104,S,NA,NA,S,NA,NA,NA,NA,S,NA,R,S,NA,NA,NA,S,NA,NA,NA,NA,R,R
1773.37714,ERS5319135,R,NA,NA,R,NA,NA,NA,NA,S,NA,R,R,NA,NA,NA,S,NA,NA,NA,NA,R,R
1773.37734,ERS5319154,S,NA,NA,S,NA,NA,NA,NA,S,NA,R,S,NA,NA,NA,S,NA,NA,NA,NA,R,S
1773.37809,ERS5319243,S,NA,NA,S,NA,NA,NA,NA,R,NA,R,S,NA,NA,NA,S,NA,NA,NA,NA,S,R
1773.38044,ERS5319790,S,NA,NA,S,NA,NA,NA,NA,S,NA,S,S,NA,NA,NA,S,NA,NA,NA,NA,R,R
1773.38105,ERS5319862,S,NA,NA,S,NA,NA,NA,NA,S,NA,R,S,NA,NA,NA,S,NA,NA,NA,NA,R,R
1773.3813,ERS5319888,S,NA,NA,S,NA,NA,NA,NA,S,NA,R,S,NA,NA,NA,S,NA,NA,NA,NA,R,R
1773.3825,ERS5320016,S,NA,NA,S,NA,NA,NA,NA,R,NA,R,S,NA,NA,NA,S,NA,NA,NA,NA,R,R
1773.38273,ERS5320058,S,NA,NA,S,NA,NA,NA,NA,R,NA,R,S,NA,NA,NA,S,NA,NA,NA,NA,R,R
1773.38348,ERS5320133,S,NA,NA,S,NA,NA,NA,NA,S,NA,S,S,NA,NA,NA,S,NA,NA,NA,NA,S,R
1773.38507,ERS5320323,S,NA,NA,S,NA,NA,NA,NA,R,NA,R,S,NA,NA,NA,S,NA,NA,NA,NA,R,R
1773.38508,ERS5320329,S,NA,NA,S,NA,NA,NA,NA,S,NA,R,S,NA,NA,NA,S,NA,NA,NA,NA,R,R
1773.38679,ERS5320503,S,NA,NA,S,NA,NA,NA,NA,S,NA,R,S,NA,NA,NA,S,NA,NA,NA,NA,S,R
1773.38681,ERS5320500,S,NA,NA,S,NA,NA,NA,NA,S,NA,S,S,NA,NA,NA,S,NA,NA,NA,NA,S,R
1773.38757,ERS5320676,S,NA,NA,S,NA,NA,NA,NA,S,NA,R,S,NA,NA,NA,S,NA,NA,NA,NA,S,R
1773.38812,ERS5320758,S,NA,NA,S,NA,NA,NA,NA,S,NA,R,S,NA,NA,NA,S,NA,NA,NA,NA,R,R
1773.39219,ERS6402973,S,NA,NA,S,NA,NA,NA,NA,S,NA,S,S,NA,NA,NA,S,NA,NA,NA,NA,S,R
1773.39226,ERS6402983,S,NA,NA,S,NA,NA,NA,NA,S,NA,S,S,NA,NA,NA,S,NA,NA,NA,NA,S,R
1773.39604,ERS6403428,S,NA,NA,S,NA,NA,NA,NA,S,NA,S,S,NA,NA,NA,S,NA,NA,NA,NA,S,R
1773.3986,ERS6420749,S,NA,NA,S,NA,NA,NA,NA,S,NA,S,S,NA,NA,NA,S,NA,NA,NA,NA,S,R
1773.41138,ERS5281701,S,NA,S,S,NA,S,NA,S,S,S,S,S,S,S,S,S,S,NA,NA,S,S,R
1773.41573,ERS5282237,S,NA,S,S,NA,S,NA,R,S,R,S,S,R,S,R,S,S,NA,NA,S,S,S
1773.42004,ERS5282700,S,NA,S,S,NA,S,NA,S,S,R,R,S,R,S,R,S,R,NA,NA,R,R,R
1773.42134,ERS5282835,S,NA,S,S,NA,S,NA,S,R,S,R,S,R,S,S,S,S,NA,NA,R,R,R
1773.4267,ERR7361937,S,NA,NA,S,NA,NA,NA,NA,S,NA,S,S,NA,NA,NA,S,NA,NA,NA,NA,R,R
1773.42689,ERR7361957,S,NA,NA,S,NA,NA,NA,NA,R,NA,R,S,NA,NA,NA,S,NA,NA,NA,NA,R,S
1773.42723,ERR7361985,R,NA,NA,R,NA,NA,NA,NA,S,NA,R,R,NA,NA,NA,S,NA,NA,NA,NA,R,S
1773.42786,SRR10500313,S,NA,NA,S,NA,NA,NA,NA,S,NA,S,S,NA,NA,NA,S,NA,NA,NA,NA,S,S
1773.42864,SRR8758878,S,NA,NA,S,NA,NA,NA,NA,S,NA,R,S,NA,NA,NA,S,NA,NA,NA,NA,S,R
1773.43197,ERS5302071,S,NA,NA,S,NA,NA,NA,NA,S,NA,S,S,NA,NA,NA,S,NA,NA,NA,NA,S,R
1773.43206,ERS5303388,S,NA,NA,S,NA,NA,NA,NA,S,NA,S,S,NA,NA,NA,S,NA,NA,NA,NA,S,R
1773.43294,ERS5318774,S,NA,NA,S,NA,NA,NA,NA,S,NA,S,S,NA,NA,NA,S,NA,NA,NA,NA,S,R
1773.18604,ERR1034728,S,NA,NA,S,S,NA,NA,NA,S,NA,S,S,NA,NA,NA,S,NA,NA,NA,NA,R,R
1773.31597,ERS2394730,S,NA,NA,S,NA,NA,NA,NA,S,NA,R,S,NA,NA,NA,R,NA,NA,NA,NA,R,R
1773.31764,ERS2395189,S,NA,NA,S,NA,NA,NA,NA,S,NA,R,S,NA,NA,NA,S,NA,NA,NA,NA,R,R
1773.32971,ERS5282140,S,NA,NA,S,NA,NA,NA,NA,R,NA,R,S,NA,NA,NA,S,NA,NA,NA,NA,R,R
1773.33305,ERS5282561,S,NA,NA,S,NA,NA,NA,NA,S,NA,R,S,NA,NA,NA,S,NA,NA,NA,NA,R,R
1773.34262,ERS5298798,S,NA,NA,S,NA,NA,NA,NA,S,NA,S,S,NA,NA,NA,S,NA,NA,NA,NA,S,R
1773.3656,ERS5312468,S,NA,NA,S,NA,NA,NA,NA,S,NA,S,S,NA,NA,NA,S,NA,NA,NA,NA,S,R
1773.36765,ERS5312687,S,NA,NA,S,NA,NA,NA,NA,S,NA,S,S,NA,NA,NA,S,NA,NA,NA,NA,R,R
1773.37094,ERS5317833,S,NA,NA,S,NA,NA,NA,NA,S,NA,S,S,NA,NA,NA,S,NA,NA,NA,NA,R,R
1773.37883,ERS5319510,S,NA,NA,S,NA,NA,NA,NA,S,NA,S,S,NA,NA,NA,S,NA,NA,NA,NA,S,S
1773.38197,ERS5319976,S,NA,NA,S,NA,NA,NA,NA,R,NA,R,S,NA,NA,NA,S,NA,NA,NA,NA,R,R
1773.38258,ERS5320042,S,NA,NA,S,NA,NA,NA,NA,R,NA,R,S,NA,NA,NA,S,NA,NA,NA,NA,R,R
1773.3826,ERS5320044,S,NA,NA,S,NA,NA,NA,NA,R,NA,R,S,NA,NA,NA,S,NA,NA,NA,NA,R,R
1773.38501,ERS5320320,S,NA,NA,S,NA,NA,NA,NA,S,NA,R,S,NA,NA,NA,S,NA,NA,NA,NA,R,R
1773.38841,ERS5320799,S,NA,NA,S,NA,NA,NA,NA,S,NA,S,S,NA,NA,NA,S,NA,NA,NA,NA,S,R
1773.4104,ERS5281600,S,NA,S,S,NA,S,NA,S,S,R,R,S,R,S,R,S,S,NA,NA,S,R,R
1773.42519,ERS5283245,S,NA,S,S,NA,S,NA,R,S,S,S,S,R,R,R,S,S,NA,NA,S,S,R
1773.42651,ERR7361917,S,NA,NA,S,NA,NA,NA,NA,S,NA,S,S,NA,NA,NA,S,NA,NA,NA,NA,S,R
1773.43083,ERS5319196,S,NA,NA,S,NA,NA,NA,NA,S,NA,R,S,NA,NA,NA,S,NA,NA,NA,NA,R,R
1773.43673,ERS6421698,S,NA,NA,S,NA,NA,NA,NA,S,NA,S,S,NA,NA,NA,S,NA,NA,NA,NA,S,S
1773.19747,ERR181960,S,NA,NA,S,NA,NA,NA,NA,S,NA,S,S,NA,NA,NA,S,NA,NA,NA,NA,R,R
1773.20647,ERR2124096,S,NA,NA,S,NA,NA,NA,NA,S,NA,R,S,NA,NA,NA,S,NA,NA,NA,NA,R,R
1773.23348,ERR1654666,S,NA,NA,S,NA,NA,NA,NA,S,NA,R,S,NA,NA,NA,S,NA,NA,NA,NA,R,R
1773.23366,ERR1654685,S,NA,NA,S,NA,NA,NA,NA,S,NA,R,S,NA,NA,NA,S,NA,NA,NA,NA,R,R
1773.31719,ERS2394917,S,NA,NA,S,NA,NA,NA,NA,S,NA,R,S,NA,NA,NA,S,NA,NA,NA,NA,S,R
1773.32818,ERS5281956,S,NA,NA,R,NA,NA,NA,NA,R,NA,R,S,NA,NA,NA,S,NA,NA,NA,NA,R,R
1773.32958,ERS5282124,S,NA,NA,S,NA,NA,NA,NA,R,NA,R,S,NA,NA,NA,S,NA,NA,NA,NA,R,R
1773.36546,ERS5312454,S,NA,NA,S,NA,NA,NA,NA,S,NA,R,S,NA,NA,NA,S,NA,NA,NA,NA,R,R
1773.37718,ERS5319139,S,NA,NA,S,NA,NA,NA,NA,S,NA,S,S,NA,NA,NA,S,NA,NA,NA,NA,S,R
1773.38271,ERS5320055,S,NA,NA,S,NA,NA,NA,NA,R,NA,R,S,NA,NA,NA,S,NA,NA,NA,NA,R,R
1773.38317,ERS5320100,S,NA,NA,S,NA,NA,NA,NA,R,NA,R,S,NA,NA,NA,S,NA,NA,NA,NA,R,R
1773.38337,ERS5320130,S,NA,NA,S,NA,NA,NA,NA,S,NA,S,S,NA,NA,NA,S,NA,NA,NA,NA,S,R
1773.38502,ERS5320321,S,NA,NA,S,NA,NA,NA,NA,S,NA,S,S,NA,NA,NA,S,NA,NA,NA,NA,R,R
1773.38877,ERS5320842,S,NA,NA,S,NA,NA,NA,NA,S,NA,R,S,NA,NA,NA,S,NA,NA,NA,NA,S,R
1773.42867,SRR8758879,S,NA,NA,S,NA,NA,NA,NA,S,NA,S,S,NA,NA,NA,S,NA,NA,NA,NA,S,S
1773.29161,ERS1157822,S,NA,NA,S,NA,NA,NA,NA,S,R,S,S,NA,NA,NA,S,NA,NA,S,NA,S,S
1773.31743,ERS2394947,S,NA,NA,S,NA,NA,NA,NA,S,NA,S,S,NA,NA,NA,R,NA,NA,NA,NA,R,S
1773.33379,ERS5282649,S,NA,NA,S,NA,NA,NA,NA,S,NA,S,S,NA,NA,NA,S,NA,NA,NA,NA,S,S
1773.37694,ERS5319111,S,NA,NA,S,NA,NA,NA,NA,S,NA,S,S,NA,NA,NA,S,NA,NA,NA,NA,R,R
1773.38019,ERS5319755,S,NA,NA,S,NA,NA,NA,NA,S,NA,S,S,NA,NA,NA,S,NA,NA,NA,NA,S,R
1773.3822,ERS5319999,S,NA,NA,S,NA,NA,NA,NA,R,NA,R,S,NA,NA,NA,S,NA,NA,NA,NA,R,R
1773.38341,ERS5320127,S,NA,NA,S,NA,NA,NA,NA,S,NA,S,S,NA,NA,NA,S,NA,NA,NA,NA,S,R
1773.42439,ERS5283167,S,NA,S,S,NA,S,NA,R,R,S,R,S,S,S,S,S,S,NA,NA,S,S,S
1773.14754,SRR6397707,S,NA,NA,S,NA,NA,NA,NA,S,NA,S,S,NA,NA,NA,S,NA,NA,NA,NA,S,S
1773.1582,SRR6397960,S,NA,NA,S,NA,NA,NA,NA,S,NA,S,S,NA,NA,NA,S,NA,NA,NA,NA,S,S
1773.42309,ERS5283021,S,NA,S,R,NA,S,NA,S,S,S,S,R,S,S,S,R,S,NA,NA,S,R,R
1773.14894,SRR6397587,S,NA,NA,S,NA,NA,NA,NA,S,NA,S,S,NA,NA,NA,S,NA,NA,S,NA,R,S
1773.18444,ERR1035225,R,NA,NA,R,NA,NA,S,NA,R,R,R,R,NA,NA,NA,S,S,NA,R,NA,R,R
1773.19811,ERR182028,S,NA,NA,S,NA,NA,NA,NA,S,NA,S,S,NA,NA,NA,S,NA,NA,NA,NA,S,R
1773.2608,ERR551410,S,S,NA,S,NA,NA,NA,NA,S,NA,R,NA,NA,NA,NA,NA,NA,NA,S,NA,R,R
1773.271,ERR552449,NA,NA,NA,NA,NA,NA,NA,NA,S,NA,S,NA,NA,NA,NA,NA,NA,NA,S,NA,S,S
1773.2799,ERR550838,S,S,NA,S,NA,NA,NA,NA,R,NA,R,NA,NA,NA,NA,NA,NA,NA,R,NA,R,R
1773.29509,ERR551925,S,NA,NA,S,NA,NA,S,NA,S,NA,R,S,NA,NA,NA,S,S,S,S,NA,R,R
1773.2957,ERR551910,S,S,NA,S,NA,NA,NA,NA,S,NA,R,NA,NA,NA,NA,NA,NA,NA,R,NA,R,R
1773.3195,ERR552520,S,S,NA,S,NA,NA,NA,NA,R,NA,R,NA,NA,NA,NA,NA,NA,NA,R,NA,R,R
1773.3198,ERR552504,R,S,NA,R,NA,NA,NA,NA,R,NA,R,NA,NA,NA,NA,NA,NA,NA,R,NA,R,R
1773.35038,ERS5302201,S,NA,NA,S,NA,NA,NA,NA,S,NA,R,S,NA,NA,NA,S,NA,NA,NA,NA,R,R
1773.3628,ERR046733,NA,NA,NA,NA,NA,NA,NA,NA,S,NA,S,NA,NA,NA,NA,NA,NA,NA,S,NA,S,NA
1773.3635,SRR2100070,NA,NA,NA,NA,NA,NA,NA,NA,S,NA,S,NA,NA,NA,NA,NA,NA,NA,S,NA,S,NA
1773.3644,ERR046753,NA,NA,NA,NA,NA,NA,NA,NA,S,NA,S,NA,NA,NA,NA,NA,NA,NA,S,NA,S,NA
1773.3706,ERR046823,NA,NA,NA,NA,NA,NA,NA,NA,S,NA,S,NA,NA,NA,NA,NA,NA,NA,S,NA,S,NA
1773.37688,ERS5319103,S,NA,NA,S,NA,NA,NA,NA,R,NA,R,S,NA,NA,NA,S,NA,NA,NA,NA,R,R
1773.3783,ERR046919,NA,NA,NA,NA,NA,NA,NA,NA,S,NA,S,NA,NA,NA,NA,NA,NA,NA,S,NA,S,NA
1773.3795,SRR2100093,NA,NA,NA,NA,NA,NA,NA,NA,S,NA,S,NA,NA,NA,NA,NA,NA,NA,S,NA,S,NA
1773.37997,ERS5319737,S,NA,NA,S,NA,NA,NA,NA,S,NA,S,S,NA,NA,NA,S,NA,NA,NA,NA,S,R
1773.38078,ERS5319831,R,NA,NA,R,NA,NA,NA,NA,S,NA,R,R,NA,NA,NA,S,NA,NA,NA,NA,R,R
1773.38299,ERS5320087,S,NA,NA,S,NA,NA,NA,NA,S,NA,R,S,NA,NA,NA,S,NA,NA,NA,NA,R,R
1773.3961,ERS6403429,S,NA,NA,S,NA,NA,NA,NA,S,NA,S,S,NA,NA,NA,S,NA,NA,NA,NA,S,R
1773.39672,ERS6403500,S,NA,NA,S,NA,NA,NA,NA,S,NA,S,S,NA,NA,NA,S,NA,NA,NA,NA,R,R
1773.40063,ERS6421620,S,NA,NA,S,NA,NA,NA,NA,S,NA,S,S,NA,NA,NA,S,NA,NA,NA,NA,S,R
1773.4225,SRR2100426,NA,NA,NA,NA,NA,NA,NA,NA,S,NA,S,NA,NA,NA,NA,NA,NA,NA,S,NA,S,S
1773.5014,SRR2101334,S,S,NA,S,NA,NA,NA,NA,S,NA,S,S,NA,NA,S,NA,NA,NA,S,NA,S,S
1773.5074,SRR2101401,S,S,NA,S,NA,NA,NA,NA,S,NA,S,S,NA,NA,S,NA,NA,NA,S,NA,S,S
1773.5234,SRR2101569,S,S,NA,S,NA,NA,NA,NA,S,NA,S,S,NA,NA,S,NA,NA,NA,S,NA,S,S
1773.5244,SRR2101579,S,S,NA,S,NA,NA,NA,NA,S,NA,R,S,NA,NA,S,NA,NA,NA,S,NA,S,S
1773.5264,SRR2101601,S,S,NA,S,NA,NA,NA,NA,S,NA,S,S,NA,NA,S,NA,NA,NA,S,NA,S,S
1773.53,SRR2101642,S,S,NA,S,NA,NA,NA,NA,S,NA,S,S,NA,NA,S,NA,NA,NA,S,NA,S,S
1773.5427,SRR2101782,S,S,NA,S,NA,NA,NA,NA,S,NA,S,S,NA,NA,S,NA,NA,NA,S,NA,S,S
1773.5558,ERR400405,NA,NA,NA,NA,NA,NA,NA,NA,S,NA,S,NA,NA,NA,NA,NA,NA,NA,S,NA,S,S
1773.562,ERR400474,NA,NA,NA,NA,NA,NA,NA,NA,S,NA,S,NA,NA,NA,NA,NA,NA,NA,S,NA,S,S
1773.5634,ERR400493,NA,NA,NA,NA,NA,NA,NA,NA,S,NA,S,NA,NA,NA,NA,NA,NA,NA,S,NA,S,S
1773.5637,ERR400498,NA,NA,NA,NA,NA,NA,NA,NA,S,NA,S,NA,NA,NA,NA,NA,NA,NA,S,NA,S,S
1773.5876,ERR046912,NA,NA,NA,NA,NA,NA,NA,NA,S,NA,S,NA,NA,NA,NA,NA,NA,NA,S,NA,S,NA
1773.15815,SRR6397997,S,NA,NA,S,NA,NA,NA,NA,S,NA,S,S,NA,NA,NA,S,NA,NA,NA,NA,S,S
1773.29554,ERR552412,S,NA,NA,S,NA,NA,S,NA,S,NA,R,S,NA,NA,NA,S,S,S,S,NA,R,R
1773.31385,ERS1987397,S,NA,NA,S,NA,NA,NA,NA,S,NA,S,S,NA,NA,NA,S,NA,NA,NA,NA,S,R
1773.31488,ERS1987502,S,NA,NA,S,NA,NA,NA,NA,S,NA,S,S,NA,NA,NA,S,NA,NA,NA,NA,R,R
1773.31524,ERS2394610,S,NA,NA,S,NA,NA,NA,NA,S,NA,S,S,NA,NA,NA,S,NA,NA,NA,NA,R,R
1773.31539,ERS2394635,S,NA,NA,S,NA,NA,NA,NA,S,NA,S,S,NA,NA,NA,S,NA,NA,NA,NA,S,R
1773.31568,ERS2394674,S,NA,NA,S,NA,NA,NA,NA,S,NA,R,S,NA,NA,NA,S,NA,NA,NA,NA,S,R
1773.31674,ERS2394838,S,NA,NA,S,NA,NA,NA,NA,S,NA,R,S,NA,NA,NA,S,NA,NA,NA,NA,R,R
1773.31736,ERS2394939,S,NA,NA,S,NA,NA,NA,NA,S,NA,S,S,NA,NA,NA,S,NA,NA,NA,NA,R,R
1773.32575,ERS5281599,S,NA,NA,S,NA,NA,NA,NA,S,NA,S,S,NA,NA,NA,S,NA,NA,NA,NA,R,R
1773.32603,ERS5281630,S,NA,NA,S,NA,NA,NA,NA,S,NA,S,S,NA,NA,NA,S,NA,NA,NA,NA,S,S
1773.32639,ERS5281666,S,NA,NA,S,NA,NA,NA,NA,R,NA,R,S,NA,NA,NA,S,NA,NA,NA,NA,R,R
1773.32673,ERS5281709,S,NA,NA,S,NA,NA,NA,NA,R,NA,R,S,NA,NA,NA,R,NA,NA,NA,NA,R,R
1773.32976,ERS5282146,S,NA,NA,S,NA,NA,NA,NA,S,NA,S,S,NA,NA,NA,S,NA,NA,NA,NA,R,R
1773.33264,ERS5282513,R,NA,NA,R,NA,NA,NA,NA,S,NA,R,R,NA,NA,NA,S,NA,NA,NA,NA,R,R
1773.34937,ERS5302048,S,NA,NA,S,NA,NA,NA,NA,S,NA,S,S,NA,NA,NA,S,NA,NA,NA,NA,R,R
1773.35591,ERS5302871,S,NA,NA,S,NA,NA,NA,NA,S,NA,S,S,NA,NA,NA,S,NA,NA,NA,NA,S,R
1773.35631,ERS5302917,S,NA,NA,S,NA,NA,NA,NA,S,NA,S,S,NA,NA,NA,S,NA,NA,NA,NA,S,R
1773.36554,ERS5312462,R,NA,NA,R,NA,NA,NA,NA,S,NA,R,R,NA,NA,NA,S,NA,NA,NA,NA,R,R
1773.37206,ERS5318192,S,NA,NA,S,NA,NA,NA,NA,S,NA,S,S,NA,NA,NA,S,NA,NA,NA,NA,R,R
1773.37458,ERS5318665,S,NA,NA,S,NA,NA,NA,NA,S,NA,S,S,NA,NA,NA,S,NA,NA,NA,NA,R,R
1773.37519,ERS5318776,S,NA,NA,S,NA,NA,NA,NA,S,NA,S,S,NA,NA,NA,S,NA,NA,NA,NA,S,R
1773.37556,ERS5318844,S,NA,NA,S,NA,NA,NA,NA,S,NA,R,S,NA,NA,NA,S,NA,NA,NA,NA,S,R
1773.37661,ERS5319042,S,NA,NA,S,NA,NA,NA,NA,S,NA,R,S,NA,NA,NA,S,NA,NA,NA,NA,R,R
1773.37811,ERS5319241,S,NA,NA,S,NA,NA,NA,NA,S,NA,S,S,NA,NA,NA,S,NA,NA,NA,NA,S,S
1773.3801,ERS5319751,S,NA,NA,S,NA,NA,NA,NA,S,NA,S,S,NA,NA,NA,S,NA,NA,NA,NA,R,R
1773.38029,ERS5319772,S,NA,NA,S,NA,NA,NA,NA,S,NA,S,S,NA,NA,NA,S,NA,NA,NA,NA,R,R
1773.38064,ERS5319813,S,NA,NA,S,NA,NA,NA,NA,S,NA,S,S,NA,NA,NA,S,NA,NA,NA,NA,S,R
1773.38072,ERS5319829,S,NA,NA,S,NA,NA,NA,NA,S,NA,R,S,NA,NA,NA,S,NA,NA,NA,NA,R,R
1773.38127,ERS5319886,S,NA,NA,S,NA,NA,NA,NA,S,NA,R,S,NA,NA,NA,S,NA,NA,NA,NA,R,R
1773.3821,ERS5319991,S,NA,NA,S,NA,NA,NA,NA,R,NA,R,S,NA,NA,NA,S,NA,NA,NA,NA,R,R
1773.38356,ERS5320144,S,NA,NA,S,NA,NA,NA,NA,S,NA,R,S,NA,NA,NA,S,NA,NA,NA,NA,S,R
1773.38475,ERS5320283,S,NA,NA,S,NA,NA,NA,NA,S,NA,S,S,NA,NA,NA,S,NA,NA,NA,NA,S,R
1773.3868,ERS5320501,S,NA,NA,S,NA,NA,NA,NA,S,NA,S,S,NA,NA,NA,S,NA,NA,NA,NA,S,R
1773.38744,ERS5320655,S,NA,NA,S,NA,NA,NA,NA,S,NA,R,S,NA,NA,NA,S,NA,NA,NA,NA,R,R
1773.38771,ERS5320697,S,NA,NA,S,NA,NA,NA,NA,S,NA,R,S,NA,NA,NA,S,NA,NA,NA,NA,S,R
1773.38851,ERS5320814,S,NA,NA,S,NA,NA,NA,NA,S,NA,R,S,NA,NA,NA,S,NA,NA,NA,NA,S,R
1773.38918,ERS5320897,S,NA,NA,S,NA,NA,NA,NA,S,NA,R,S,NA,NA,NA,S,NA,NA,NA,NA,S,R
1773.39606,ERS6403425,S,NA,NA,S,NA,NA,NA,NA,S,NA,S,S,NA,NA,NA,S,NA,NA,NA,NA,S,R
1773.39664,ERS6403486,S,NA,NA,S,NA,NA,NA,NA,S,NA,S,S,NA,NA,NA,S,NA,NA,NA,NA,R,R
1773.40068,ERS6421622,S,NA,NA,S,NA,NA,NA,NA,S,NA,S,S,NA,NA,NA,S,NA,NA,NA,NA,S,R
1773.40504,ERS6422197,S,NA,NA,S,NA,NA,NA,NA,S,NA,S,S,NA,NA,NA,S,NA,NA,NA,NA,S,R
1773.4213,ERS5282829,S,NA,S,S,NA,S,NA,S,S,R,R,S,R,S,R,S,S,NA,NA,R,R,S
1773.42177,ERS5282882,S,NA,S,S,NA,S,NA,S,S,R,R,S,R,S,S,S,S,NA,NA,R,R,R
1773.42565,ERS5283294,R,NA,S,R,NA,S,NA,S,S,R,R,R,R,S,S,S,R,NA,NA,R,R,R
1773.427,ERR7361970,R,NA,NA,R,NA,NA,NA,NA,S,NA,R,R,NA,NA,NA,S,NA,NA,NA,NA,R,S
1773.42869,SRR8758891,S,NA,NA,S,NA,NA,NA,NA,S,NA,R,S,NA,NA,NA,S,NA,NA,NA,NA,R,R
1773.43306,ERS6420805,S,NA,NA,S,NA,NA,NA,NA,S,NA,S,S,NA,NA,NA,S,NA,NA,NA,NA,S,R
1773.43314,ERS5320509,S,NA,NA,S,NA,NA,NA,NA,S,NA,S,S,NA,NA,NA,S,NA,NA,NA,NA,S,S
1773.15225,SRR6152849,S,NA,NA,S,NA,NA,NA,NA,S,NA,S,S,NA,NA,NA,S,NA,NA,NA,NA,S,R
1773.18167,ERR1873526,R,NA,NA,S,NA,NA,R,NA,S,S,R,R,NA,NA,R,S,S,NA,R,NA,R,S
1773.1823,ERR1873466,R,NA,NA,R,NA,NA,S,NA,S,R,R,R,NA,NA,R,R,S,NA,R,NA,R,S
1773.20631,ERR1035132,S,NA,NA,S,NA,NA,NA,NA,S,NA,R,S,NA,NA,NA,S,NA,NA,NA,NA,R,R
1773.23445,ERR2120299,S,NA,NA,S,NA,NA,NA,NA,S,NA,S,S,NA,NA,NA,S,NA,NA,S,NA,S,R
1773.29507,ERR551918,R,NA,NA,R,NA,NA,S,NA,R,NA,R,R,NA,NA,NA,S,S,S,R,NA,R,S
1773.3111,ERS1987102,S,NA,NA,S,NA,NA,NA,NA,S,NA,S,S,NA,NA,NA,S,NA,NA,NA,NA,S,R
1773.31725,ERS2394924,S,NA,NA,S,NA,NA,NA,NA,S,NA,R,S,NA,NA,NA,S,NA,NA,NA,NA,R,R
1773.32492,ERS5281507,S,NA,NA,S,NA,NA,NA,NA,S,NA,R,S,NA,NA,NA,S,NA,NA,NA,NA,R,R
1773.3304,ERS5282221,S,NA,NA,S,NA,NA,NA,NA,S,NA,S,S,NA,NA,NA,S,NA,NA,NA,NA,S,R
1773.33295,ERS5282545,S,NA,NA,S,NA,NA,NA,NA,S,NA,R,S,NA,NA,NA,S,NA,NA,NA,NA,R,R
1773.33601,ERS5297894,R,NA,NA,R,NA,NA,NA,NA,S,NA,R,R,NA,NA,NA,S,NA,NA,NA,NA,S,S
1773.36998,ERS5317724,S,NA,NA,S,NA,NA,NA,NA,S,NA,R,S,NA,NA,NA,S,NA,NA,NA,NA,R,R
1773.37208,ERS5318194,S,NA,NA,S,NA,NA,NA,NA,S,NA,S,S,NA,NA,NA,S,NA,NA,NA,NA,S,R
1773.38,ERS5319742,S,NA,NA,S,NA,NA,NA,NA,S,NA,S,S,NA,NA,NA,S,NA,NA,NA,NA,R,R
1773.38009,ERS5319748,S,NA,NA,S,NA,NA,NA,NA,S,NA,S,S,NA,NA,NA,S,NA,NA,NA,NA,R,R
1773.38073,ERS5319827,S,NA,NA,S,NA,NA,NA,NA,S,NA,R,S,NA,NA,NA,S,NA,NA,NA,NA,R,R
1773.38343,ERS5320126,S,NA,NA,S,NA,NA,NA,NA,S,NA,S,S,NA,NA,NA,S,NA,NA,NA,NA,R,R
1773.38367,ERS5320154,S,NA,NA,S,NA,NA,NA,NA,R,NA,R,S,NA,NA,NA,S,NA,NA,NA,NA,R,R
1773.38974,ERS5320984,S,NA,NA,S,NA,NA,NA,NA,S,NA,R,S,NA,NA,NA,S,NA,NA,NA,NA,S,R
1773.39653,ERS6403477,S,NA,NA,S,NA,NA,NA,NA,S,NA,S,S,NA,NA,NA,S,NA,NA,NA,NA,R,R
1773.39673,ERS6403501,S,NA,NA,S,NA,NA,NA,NA,S,NA,S,S,NA,NA,NA,S,NA,NA,NA,NA,S,R
1773.40807,ERS5281366,S,NA,S,S,NA,S,NA,S,R,R,R,S,R,S,R,S,R,NA,NA,R,R,R
1773.42262,ERS5282959,S,NA,S,S,NA,S,NA,R,S,S,S,S,R,S,S,S,S,NA,NA,S,S,R
1773.43064,ERS5320026,S,NA,NA,S,NA,NA,NA,NA,S,NA,R,S,NA,NA,NA,S,NA,NA,NA,NA,R,R
1773.43291,ERS5318749,S,NA,NA,S,NA,NA,NA,NA,S,NA,S,S,NA,NA,NA,S,NA,NA,NA,NA,S,R
1773.18613,ERR1034738,S,NA,NA,S,S,NA,NA,NA,R,NA,R,S,NA,NA,NA,S,NA,NA,NA,NA,R,R
1773.23387,SRR2100904,S,NA,NA,S,NA,NA,NA,NA,S,NA,R,S,NA,NA,S,S,NA,NA,NA,NA,S,R
1773.29418,ERR550890,R,NA,NA,S,NA,NA,S,NA,S,NA,R,S,NA,NA,NA,S,NA,S,S,NA,R,R
1773.32571,ERS5281592,S,NA,NA,S,NA,NA,NA,NA,S,NA,S,S,NA,NA,NA,S,NA,NA,NA,NA,S,S
1773.33316,ERS5282570,S,NA,NA,S,NA,NA,NA,NA,S,NA,S,S,NA,NA,NA,S,NA,NA,NA,NA,S,R
1773.38051,ERS5319796,S,NA,NA,S,NA,NA,NA,NA,S,NA,S,S,NA,NA,NA,S,NA,NA,NA,NA,R,R
1773.38227,ERS5320006,S,NA,NA,S,NA,NA,NA,NA,R,NA,R,S,NA,NA,NA,S,NA,NA,NA,NA,R,R
1773.39611,ERS6403432,S,NA,NA,S,NA,NA,NA,NA,S,NA,R,S,NA,NA,NA,S,NA,NA,NA,NA,S,S
1773.42203,ERS5282913,S,NA,S,S,NA,S,NA,R,S,S,S,S,R,S,S,S,S,NA,NA,S,S,R
1773.43063,ERS5320020,S,NA,NA,S,NA,NA,NA,NA,R,NA,R,S,NA,NA,NA,S,NA,NA,NA,NA,R,R
1773.31514,ERS2394590,S,NA,NA,S,NA,NA,NA,NA,S,NA,R,S,NA,NA,NA,S,NA,NA,NA,NA,R,R
1773.31542,ERS2394642,S,NA,NA,S,NA,NA,NA,NA,S,NA,S,S,NA,NA,NA,S,NA,NA,NA,NA,S,R
1773.32558,ERS5281578,S,NA,NA,S,NA,NA,NA,NA,S,NA,R,S,NA,NA,NA,R,NA,NA,NA,NA,R,R
1773.32751,ERS5281881,S,NA,NA,S,NA,NA,NA,NA,S,NA,S,S,NA,NA,NA,S,NA,NA,NA,NA,S,S
1773.33085,ERS5282279,S,NA,NA,S,NA,NA,NA,NA,S,NA,S,S,NA,NA,NA,S,NA,NA,NA,NA,S,R
1773.34379,ERS5300609,S,NA,NA,S,NA,NA,NA,NA,S,NA,R,S,NA,NA,NA,S,NA,NA,NA,NA,S,R
1773.36894,ERS5317607,S,NA,NA,S,NA,NA,NA,NA,S,NA,S,S,NA,NA,NA,S,NA,NA,NA,NA,S,S
1773.37217,ERS5318205,S,NA,NA,S,NA,NA,NA,NA,S,NA,S,S,NA,NA,NA,S,NA,NA,NA,NA,S,R
1773.37769,ERS5319202,S,NA,NA,S,NA,NA,NA,NA,S,NA,S,S,NA,NA,NA,S,NA,NA,NA,NA,S,R
1773.37781,ERS5319213,S,NA,NA,S,NA,NA,NA,NA,R,NA,R,S,NA,NA,NA,S,NA,NA,NA,NA,S,R
1773.38259,ERS5320041,S,NA,NA,S,NA,NA,NA,NA,R,NA,R,S,NA,NA,NA,S,NA,NA,NA,NA,R,R
1773.41454,ERS5282105,S,NA,S,S,NA,S,NA,R,R,S,S,R,R,R,R,S,R,NA,NA,S,S,S
1773.32564,ERS5281589,S,NA,NA,S,NA,NA,NA,NA,S,NA,S,S,NA,NA,NA,S,NA,NA,NA,NA,S,S
1773.38338,ERS5320122,S,NA,NA,S,NA,NA,NA,NA,S,NA,S,S,NA,NA,NA,S,NA,NA,NA,NA,S,R
1773.18303,ERR1035293,S,NA,NA,S,NA,NA,NA,NA,S,NA,R,S,NA,NA,NA,S,NA,NA,NA,NA,R,S
1773.20576,ERR1035154,S,NA,NA,S,NA,NA,NA,NA,S,NA,R,S,NA,NA,NA,S,NA,NA,NA,NA,S,S
1773.259,ERR553052,NA,NA,NA,NA,NA,NA,NA,NA,S,NA,S,NA,NA,NA,NA,NA,NA,NA,S,NA,S,S
1773.269,ERR551912,NA,NA,NA,NA,NA,NA,NA,NA,S,NA,S,NA,NA,NA,NA,NA,NA,NA,S,NA,S,S
1773.2731,ERR551987,R,S,NA,S,NA,NA,NA,NA,R,NA,R,NA,NA,NA,NA,NA,NA,NA,S,NA,R,R
1773.2787,ERR551952,S,S,NA,S,NA,NA,NA,NA,S,NA,R,NA,NA,NA,NA,NA,NA,NA,S,NA,R,R
1773.2803,ERR552008,S,S,NA,S,NA,NA,NA,NA,R,NA,R,NA,NA,NA,NA,NA,NA,NA,R,NA,R,R
1773.29565,ERR552498,S,NA,NA,S,NA,NA,S,NA,R,NA,R,S,NA,NA,NA,S,S,S,R,NA,R,R
1773.3134,ERR552611,NA,NA,NA,NA,NA,NA,NA,NA,S,NA,R,NA,NA,NA,NA,NA,NA,NA,S,NA,R,R
1773.3186,ERR551895,S,S,NA,S,NA,NA,NA,NA,S,NA,R,NA,NA,NA,NA,NA,NA,NA,R,NA,R,R
1773.3193,ERR552653,R,S,NA,R,NA,NA,NA,NA,R,NA,R,NA,NA,NA,NA,NA,NA,NA,R,NA,R,R
1773.34945,ERS5302060,S,NA,NA,S,NA,NA,NA,NA,S,NA,R,S,NA,NA,NA,S,NA,NA,NA,NA,S,R
1773.34971,ERS5302098,S,NA,NA,S,NA,NA,NA,NA,S,NA,S,S,NA,NA,NA,S,NA,NA,NA,NA,S,R
1773.3718,ERR046840,NA,NA,NA,NA,NA,NA,NA,NA,S,NA,S,NA,NA,NA,NA,NA,NA,NA,S,NA,S,NA
1773.3745,ERR046871,NA,NA,NA,NA,NA,NA,NA,NA,S,NA,S,NA,NA,NA,NA,NA,NA,NA,S,NA,S,NA
1773.3758,ERR046884,NA,NA,NA,NA,NA,NA,NA,NA,S,NA,S,NA,NA,NA,NA,NA,NA,NA,S,NA,S,NA
1773.3759,ERS5318927,R,NA,NA,R,NA,NA,NA,NA,S,NA,R,R,NA,NA,NA,S,NA,NA,NA,NA,R,R
1773.37673,ERS5319085,R,NA,NA,R,NA,NA,NA,NA,S,NA,S,R,NA,NA,NA,S,NA,NA,NA,NA,S,R
1773.37786,ERS5319219,S,NA,NA,S,NA,NA,NA,NA,R,NA,R,S,NA,NA,NA,S,NA,NA,NA,NA,R,R
1773.37805,ERS5319248,S,NA,NA,S,NA,NA,NA,NA,S,NA,R,S,NA,NA,NA,S,NA,NA,NA,NA,R,R
1773.38046,ERS5319792,S,NA,NA,S,NA,NA,NA,NA,S,NA,S,S,NA,NA,NA,S,NA,NA,NA,NA,S,R
1773.38499,ERS5320319,S,NA,NA,S,NA,NA,NA,NA,S,NA,R,S,NA,NA,NA,S,NA,NA,NA,NA,S,S
1773.38676,ERS5320499,S,NA,NA,S,NA,NA,NA,NA,S,NA,S,S,NA,NA,NA,S,NA,NA,NA,NA,S,R
1773.3877,ERS5320698,S,NA,NA,S,NA,NA,NA,NA,S,NA,R,S,NA,NA,NA,S,NA,NA,NA,NA,S,R
1773.38794,ERS5320732,S,NA,NA,S,NA,NA,NA,NA,S,NA,R,S,NA,NA,NA,S,NA,NA,NA,NA,S,R
1773.38824,ERS5320776,S,NA,NA,S,NA,NA,NA,NA,S,NA,R,S,NA,NA,NA,S,NA,NA,NA,NA,S,R
1773.38829,ERS5320781,S,NA,NA,S,NA,NA,NA,NA,S,NA,R,S,NA,NA,NA,S,NA,NA,NA,NA,S,R
1773.3895,ERS5320941,S,NA,NA,S,NA,NA,NA,NA,S,NA,R,S,NA,NA,NA,S,NA,NA,NA,NA,S,R
1773.39396,ERS6403178,S,NA,NA,S,NA,NA,NA,NA,S,NA,S,S,NA,NA,NA,S,NA,NA,NA,NA,S,R
1773.39602,ERS6403423,S,NA,NA,S,NA,NA,NA,NA,S,NA,S,S,NA,NA,NA,S,NA,NA,NA,NA,R,R
1773.39908,ERS6420811,S,NA,NA,S,NA,NA,NA,NA,S,NA,S,S,NA,NA,NA,S,NA,NA,NA,NA,S,R
1773.4228,SRR2100429,S,S,NA,S,NA,NA,NA,NA,R,NA,R,S,NA,NA,S,NA,NA,NA,S,NA,R,R
1773.4246,SRR2100447,NA,NA,NA,NA,NA,NA,NA,NA,S,NA,S,NA,NA,NA,NA,NA,NA,NA,S,NA,S,S
1773.42759,ERR7362030,S,NA,NA,S,NA,NA,NA,NA,S,NA,S,S,NA,NA,NA,S,NA,NA,NA,NA,S,S
1773.42799,SRR7781494,S,NA,NA,S,NA,NA,NA,NA,S,NA,R,S,NA,NA,NA,S,NA,NA,NA,NA,S,R
1773.43325,ERS5320807,S,NA,NA,S,NA,NA,NA,NA,S,NA,R,S,NA,NA,NA,S,NA,NA,NA,NA,S,R
1773.461,SRR2100820,NA,NA,NA,NA,NA,NA,NA,NA,S,NA,S,NA,NA,NA,NA,NA,NA,NA,R,NA,S,NA
1773.5086,SRR2101414,S,S,NA,S,NA,NA,NA,NA,S,NA,S,S,NA,NA,S,NA,NA,NA,S,NA,S,S
1773.5092,SRR2101420,S,S,NA,S,NA,NA,NA,NA,S,NA,S,S,NA,NA,S,NA,NA,NA,NA,NA,NA,S
1773.5187,SRR2101518,S,S,NA,S,NA,NA,NA,NA,S,NA,S,S,NA,NA,S,NA,NA,NA,S,NA,S,S
1773.5203,SRR2101537,S,S,NA,S,NA,NA,NA,NA,S,NA,S,S,NA,NA,S,NA,NA,NA,S,NA,S,S
1773.5246,SRR2101581,S,S,NA,S,NA,NA,NA,NA,S,NA,S,S,NA,NA,S,NA,NA,NA,R,NA,S,S
1773.5254,SRR2101589,NA,S,NA,NA,NA,NA,NA,NA,S,NA,S,NA,NA,NA,S,NA,NA,NA,NA,NA,NA,S
1773.5294,SRR2101634,S,S,NA,S,NA,NA,NA,NA,S,NA,R,S,NA,NA,S,NA,NA,NA,S,NA,S,S
1773.532,SRR2101664,S,S,NA,S,NA,NA,NA,NA,S,NA,S,S,NA,NA,S,NA,NA,NA,R,NA,S,S
1773.5437,SRR2101793,S,S,NA,S,NA,NA,NA,NA,S,NA,S,S,NA,NA,S,NA,NA,NA,S,NA,S,S
1773.5451,SRR2101809,S,S,NA,S,NA,NA,NA,NA,S,NA,S,S,NA,NA,S,NA,NA,NA,S,NA,S,S
1773.5506,ERR551412,NA,NA,NA,NA,NA,NA,NA,NA,R,NA,R,NA,NA,NA,NA,NA,NA,NA,S,NA,R,R
1773.5534,ERR553347,NA,NA,NA,NA,NA,NA,NA,NA,S,NA,R,NA,NA,NA,NA,NA,NA,NA,S,NA,S,S
1773.5537,ERR552427,NA,NA,NA,NA,NA,NA,NA,NA,S,NA,R,NA,NA,NA,NA,NA,NA,NA,R,NA,S,S
1773.5589,ERR400441,NA,NA,NA,NA,NA,NA,NA,NA,S,NA,S,NA,NA,NA,NA,NA,NA,NA,S,NA,S,S
1773.5633,ERR400492,NA,NA,NA,NA,NA,NA,NA,NA,S,NA,S,NA,NA,NA,NA,NA,NA,NA,S,NA,S,S
1773.5684,ERR400556,NA,NA,NA,NA,NA,NA,NA,NA,S,NA,S,NA,NA,NA,NA,NA,NA,NA,S,NA,S,S
1773.20408,ERR1034967,S,NA,NA,S,NA,NA,NA,NA,S,S,S,S,NA,NA,NA,S,NA,NA,NA,NA,S,R
1773.20662,ERR2124092,S,NA,NA,S,NA,NA,NA,NA,S,NA,R,S,NA,NA,NA,S,NA,NA,NA,NA,S,S
1773.29171,ERS1157836,S,NA,NA,S,NA,NA,NA,NA,S,R,S,S,NA,NA,NA,S,NA,NA,R,NA,S,S
1773.29564,ERR552442,S,NA,NA,S,NA,NA,NA,NA,S,NA,R,S,NA,NA,NA,S,NA,R,S,NA,R,R
1773.29583,ERR552660,S,NA,NA,S,NA,NA,NA,NA,S,NA,R,S,NA,NA,NA,S,NA,S,S,NA,R,R
1773.31109,ERS1987103,S,NA,NA,S,NA,NA,NA,NA,S,NA,S,S,NA,NA,NA,S,NA,NA,NA,NA,S,R
1773.31115,ERS1987108,S,NA,NA,S,NA,NA,NA,NA,S,NA,S,S,NA,NA,NA,S,NA,NA,NA,NA,R,R
1773.3112,ERS1987112,S,NA,NA,S,NA,NA,NA,NA,S,NA,S,S,NA,NA,NA,S,NA,NA,NA,NA,S,R
1773.31133,ERS1987125,S,NA,NA,S,NA,NA,NA,NA,S,NA,R,S,NA,NA,NA,S,NA,NA,NA,NA,R,R
1773.31378,ERS1987389,S,NA,NA,S,NA,NA,NA,NA,S,NA,S,S,NA,NA,NA,S,NA,NA,NA,NA,S,R
1773.31392,ERS1987403,S,NA,NA,S,NA,NA,NA,NA,S,NA,S,S,NA,NA,NA,S,NA,NA,NA,NA,S,R
1773.3173,ERS2394932,S,NA,NA,S,NA,NA,NA,NA,S,NA,R,S,NA,NA,NA,R,NA,NA,NA,NA,R,R
1773.32873,ERS5282017,S,NA,NA,R,NA,NA,NA,NA,R,NA,R,S,NA,NA,NA,S,NA,NA,NA,NA,R,R
1773.32938,ERS5282099,S,NA,NA,S,NA,NA,NA,NA,R,NA,R,S,NA,NA,NA,S,NA,NA,NA,NA,R,R
1773.32983,ERS5282154,S,NA,NA,S,NA,NA,NA,NA,S,NA,S,S,NA,NA,NA,S,NA,NA,NA,NA,S,R
1773.33002,ERS5282170,S,NA,NA,S,NA,NA,NA,NA,S,NA,S,S,NA,NA,NA,S,NA,NA,NA,NA,S,R
1773.33025,ERS5282203,S,NA,NA,S,NA,NA,NA,NA,S,NA,R,S,NA,NA,NA,S,NA,NA,NA,NA,R,R
1773.33037,ERS5282218,S,NA,NA,S,NA,NA,NA,NA,S,NA,S,S,NA,NA,NA,S,NA,NA,NA,NA,S,S
1773.34926,ERS5302036,S,NA,NA,S,NA,NA,NA,NA,S,NA,S,S,NA,NA,NA,S,NA,NA,NA,NA,R,S
1773.34936,ERS5302047,S,NA,NA,S,NA,NA,NA,NA,S,NA,S,S,NA,NA,NA,S,NA,NA,NA,NA,S,R
1773.34944,ERS5302065,S,NA,NA,S,NA,NA,NA,NA,S,NA,S,S,NA,NA,NA,S,NA,NA,NA,NA,S,R
1773.35899,ERS5303387,S,NA,NA,S,NA,NA,NA,NA,S,NA,S,S,NA,NA,NA,S,NA,NA,NA,NA,S,R
1773.36556,ERS5312464,R,NA,NA,R,NA,NA,NA,NA,S,NA,R,R,NA,NA,NA,S,NA,NA,NA,NA,R,R
1773.3676,ERS5312691,S,NA,NA,S,NA,NA,NA,NA,S,NA,S,S,NA,NA,NA,S,NA,NA,NA,NA,S,R
1773.37114,ERS5318008,S,NA,NA,S,NA,NA,NA,NA,S,NA,R,S,NA,NA,NA,S,NA,NA,NA,NA,S,S
1773.37144,ERS5318075,S,NA,NA,S,NA,NA,NA,NA,S,NA,R,S,NA,NA,NA,S,NA,NA,NA,NA,R,R
1773.37147,ERS5318107,S,NA,NA,S,NA,NA,NA,NA,S,NA,R,S,NA,NA,NA,S,NA,NA,NA,NA,R,R
1773.37216,ERS5318206,S,NA,NA,S,NA,NA,NA,NA,S,NA,R,S,NA,NA,NA,S,NA,NA,NA,NA,R,R
1773.37608,ERS5318952,S,NA,NA,S,NA,NA,NA,NA,S,NA,R,S,NA,NA,NA,S,NA,NA,NA,NA,S,R
1773.3805,ERS5319795,S,NA,NA,S,NA,NA,NA,NA,S,NA,R,S,NA,NA,NA,S,NA,NA,NA,NA,R,R
1773.3807,ERS5319824,S,NA,NA,S,NA,NA,NA,NA,S,NA,S,S,NA,NA,NA,S,NA,NA,NA,NA,R,R
1773.38198,ERS5319977,S,NA,NA,S,NA,NA,NA,NA,R,NA,R,S,NA,NA,NA,S,NA,NA,NA,NA,R,R
1773.38782,ERS5320720,S,NA,NA,S,NA,NA,NA,NA,S,NA,S,S,NA,NA,NA,S,NA,NA,NA,NA,S,R
1773.38827,ERS5320779,S,NA,NA,S,NA,NA,NA,NA,S,NA,R,S,NA,NA,NA,S,NA,NA,NA,NA,R,R
1773.38869,ERS5320831,S,NA,NA,S,NA,NA,NA,NA,S,NA,R,S,NA,NA,NA,S,NA,NA,NA,NA,R,R
1773.38948,ERS5320927,S,NA,NA,S,NA,NA,NA,NA,S,NA,S,S,NA,NA,NA,S,NA,NA,NA,NA,S,R
1773.39401,ERS6403181,S,NA,NA,S,NA,NA,NA,NA,S,NA,S,S,NA,NA,NA,S,NA,NA,NA,NA,S,S
1773.42457,ERS5283180,S,NA,S,S,NA,S,NA,S,S,S,R,S,S,S,S,S,S,NA,NA,S,R,R
1773.42699,ERR7361967,R,NA,NA,S,NA,NA,NA,NA,S,NA,R,R,NA,NA,NA,R,NA,NA,NA,NA,R,S
1773.42708,ERR7361978,R,NA,NA,S,NA,NA,NA,NA,S,NA,R,R,NA,NA,NA,R,NA,NA,NA,NA,S,S
1773.42771,ERR7362045,S,NA,NA,S,NA,NA,NA,NA,S,NA,R,S,NA,NA,NA,S,NA,NA,NA,NA,R,R
1773.42854,SRR8649114,S,NA,NA,S,NA,NA,NA,NA,S,NA,S,S,NA,NA,NA,S,NA,NA,NA,NA,S,S
1773.43308,ERS5319763,S,NA,NA,S,NA,NA,NA,NA,S,NA,S,S,NA,NA,NA,S,NA,NA,NA,NA,S,R
1773.43706,ERS5282542,S,NA,S,S,NA,S,NA,S,S,S,R,S,R,S,S,S,S,NA,NA,R,R,R
1773.14834,SRR6152884,S,NA,NA,S,NA,NA,NA,NA,S,NA,S,S,NA,NA,NA,S,NA,NA,NA,NA,S,S
1773.18402,ERR1034613,R,NA,NA,R,R,NA,NA,NA,R,S,R,S,NA,NA,NA,R,NA,NA,R,NA,R,R
1773.18679,ERR1034650,S,NA,NA,S,NA,NA,NA,NA,S,NA,R,S,NA,NA,NA,S,NA,NA,NA,NA,R,R
1773.31644,ERS2394799,S,NA,NA,S,NA,NA,NA,NA,S,NA,R,S,NA,NA,NA,S,NA,NA,NA,NA,S,R
1773.32454,ERS5281447,S,NA,NA,S,NA,NA,NA,NA,R,NA,R,S,NA,NA,NA,S,NA,NA,NA,NA,R,R
1773.32647,ERS5281679,S,NA,NA,S,NA,NA,NA,NA,S,NA,S,S,NA,NA,NA,S,NA,NA,NA,NA,R,R
1773.32661,ERS5281702,S,NA,NA,S,NA,NA,NA,NA,R,NA,R,S,NA,NA,NA,S,NA,NA,NA,NA,R,R
1773.32991,ERS5282166,R,NA,NA,R,NA,NA,NA,NA,S,NA,R,R,NA,NA,NA,S,NA,NA,NA,NA,R,R
1773.33206,ERS5282446,S,NA,NA,S,NA,NA,NA,NA,S,NA,S,S,NA,NA,NA,S,NA,NA,NA,NA,R,R
1773.36549,ERS5312458,S,NA,NA,S,NA,NA,NA,NA,R,NA,R,S,NA,NA,NA,S,NA,NA,NA,NA,R,R
1773.3677,ERS5312696,S,NA,NA,S,NA,NA,NA,NA,S,NA,S,S,NA,NA,NA,S,NA,NA,NA,NA,R,R
1773.36887,ERS5317593,S,NA,NA,S,NA,NA,NA,NA,S,NA,S,S,NA,NA,NA,S,NA,NA,NA,NA,R,R
1773.37772,ERS5319199,S,NA,NA,S,NA,NA,NA,NA,S,NA,R,S,NA,NA,NA,S,NA,NA,NA,NA,R,R
1773.38272,ERS5320056,S,NA,NA,S,NA,NA,NA,NA,R,NA,R,S,NA,NA,NA,S,NA,NA,NA,NA,S,R
1773.38506,ERS5320322,S,NA,NA,S,NA,NA,NA,NA,R,NA,R,S,NA,NA,NA,S,NA,NA,NA,NA,R,R
1773.38778,ERS5320708,S,NA,NA,S,NA,NA,NA,NA,S,NA,R,S,NA,NA,NA,S,NA,NA,NA,NA,R,R
1773.39382,ERS6403163,S,NA,NA,S,NA,NA,NA,NA,S,NA,S,S,NA,NA,NA,S,NA,NA,NA,NA,S,R
1773.42216,ERS5282921,S,NA,S,S,NA,S,NA,R,R,S,S,S,R,S,S,S,S,NA,NA,S,S,R
1773.4241,ERS5283137,S,NA,S,S,NA,S,NA,S,S,S,R,S,S,S,S,R,S,NA,NA,S,S,R
1773.42486,ERS5283211,S,NA,S,S,NA,S,NA,S,S,R,S,S,S,S,S,S,S,NA,NA,S,R,R
1773.43405,ERS5317382,S,NA,NA,S,NA,NA,NA,NA,S,NA,S,S,NA,NA,NA,S,NA,NA,NA,NA,R,R
1773.15469,SRR6397677,S,NA,NA,S,NA,NA,NA,NA,S,NA,S,S,NA,NA,NA,S,NA,NA,NA,NA,R,S
1773.18376,ERR1035357,S,NA,NA,S,NA,NA,NA,NA,S,NA,R,S,NA,NA,NA,S,NA,NA,NA,NA,R,R
1773.18667,ERR1034619,S,NA,NA,S,NA,NA,NA,NA,S,NA,R,S,NA,NA,NA,S,NA,NA,S,NA,S,S
1773.20366,ERR1034918,S,NA,NA,S,NA,NA,NA,NA,S,NA,R,S,NA,NA,NA,S,NA,NA,NA,NA,R,R
1773.23326,ERR1654678,S,NA,NA,S,NA,NA,NA,NA,S,NA,S,S,NA,NA,NA,S,NA,NA,NA,NA,R,R
1773.31655,ERS2394811,S,NA,NA,S,NA,NA,NA,NA,S,NA,R,S,NA,NA,NA,S,NA,NA,NA,NA,S,R
1773.3169,ERS2394866,S,NA,NA,S,NA,NA,NA,NA,S,NA,R,S,NA,NA,NA,S,NA,NA,NA,NA,R,R
1773.32868,ERS5282002,S,NA,NA,S,NA,NA,NA,NA,R,NA,R,S,NA,NA,NA,S,NA,NA,NA,NA,R,R
1773.33012,ERS5282186,S,NA,NA,S,NA,NA,NA,NA,S,NA,S,S,NA,NA,NA,S,NA,NA,NA,NA,S,S
1773.33092,ERS5282286,S,NA,NA,S,NA,NA,NA,NA,S,NA,R,S,NA,NA,NA,S,NA,NA,NA,NA,S,R
1773.36552,ERS5312461,S,NA,NA,S,NA,NA,NA,NA,S,NA,S,S,NA,NA,NA,S,NA,NA,NA,NA,S,R
1773.38193,ERS5319972,S,NA,NA,S,NA,NA,NA,NA,R,NA,R,S,NA,NA,NA,R,NA,NA,NA,NA,R,R
1773.43335,ERS5320879,S,NA,NA,S,NA,NA,NA,NA,S,NA,R,S,NA,NA,NA,S,NA,NA,NA,NA,S,R
1773.43735,ERS5283056,S,NA,S,S,NA,S,NA,S,R,R,R,S,R,S,R,S,S,NA,NA,R,R,R
1773.32904,ERS5282056,S,NA,NA,S,NA,NA,NA,NA,S,NA,R,S,NA,NA,NA,S,NA,NA,NA,NA,R,R
1773.37285,ERS5318450,S,NA,NA,S,NA,NA,NA,NA,S,NA,R,S,NA,NA,NA,S,NA,NA,NA,NA,R,R
1773.37796,ERS5319228,S,NA,NA,S,NA,NA,NA,NA,R,NA,R,S,NA,NA,NA,S,NA,NA,NA,NA,R,R
1773.38232,ERS5320002,S,NA,NA,S,NA,NA,NA,NA,S,NA,R,S,NA,NA,NA,S,NA,NA,NA,NA,R,R
1773.42215,ERS5282915,S,NA,S,S,NA,S,NA,R,S,R,S,S,R,S,S,S,S,NA,NA,S,S,R
1773.42405,ERS5283130,S,NA,S,S,NA,S,NA,R,S,R,S,S,R,S,S,S,S,NA,NA,S,S,R
1773.4257,ERS5283297,S,NA,S,S,NA,S,NA,S,S,S,S,S,S,S,S,S,S,NA,NA,S,S,R
1773.15113,SRR6397745,S,NA,NA,S,NA,NA,NA,NA,S,NA,S,S,NA,NA,NA,S,NA,NA,NA,NA,S,R
1773.15293,SRR6397814,S,NA,NA,S,NA,NA,NA,NA,S,NA,S,S,NA,NA,NA,S,NA,NA,NA,NA,R,S
1773.15764,SRR6397971,S,NA,NA,S,NA,NA,NA,NA,S,NA,S,S,NA,NA,NA,S,NA,NA,NA,NA,S,S
1773.16069,SRR6398104,S,NA,NA,S,NA,NA,NA,NA,S,NA,S,S,NA,NA,NA,S,NA,NA,NA,NA,R,R
1773.15256,SRR6397489,S,NA,NA,S,NA,NA,NA,NA,S,NA,S,S,NA,NA,NA,S,NA,NA,NA,NA,R,R
1773.43474,ERS5317458,S,NA,NA,S,NA,NA,NA,NA,S,NA,S,S,NA,NA,NA,S,NA,NA,NA,NA,S,S
1773.15635,SRR6152809,S,NA,NA,S,NA,NA,NA,NA,S,NA,S,S,NA,NA,NA,S,NA,NA,NA,NA,S,S
1773.15704,SRR6398093,S,NA,NA,S,NA,NA,NA,NA,S,NA,S,S,NA,NA,NA,S,NA,NA,NA,NA,S,S
1773.16064,SRR6398079,S,NA,NA,S,NA,NA,NA,NA,S,NA,S,S,NA,NA,NA,S,NA,NA,S,NA,R,R
1773.2485,ERR551698,R,S,NA,R,NA,NA,NA,NA,R,NA,R,NA,NA,NA,NA,NA,NA,NA,R,NA,R,R
1773.2783,ERR552413,S,S,NA,S,NA,NA,NA,NA,S,NA,R,NA,NA,NA,NA,NA,NA,NA,S,NA,R,R
1773.2786,ERR551285,S,S,NA,S,NA,NA,NA,NA,R,NA,R,NA,NA,NA,NA,NA,NA,NA,R,NA,R,R
1773.29465,ERR551610,S,NA,NA,S,NA,NA,S,NA,S,NA,R,S,NA,NA,NA,S,R,S,R,NA,R,R
1773.29605,ERR552926,S,NA,NA,S,NA,NA,S,NA,S,NA,R,S,NA,NA,NA,S,S,S,R,NA,R,R
1773.3204,ERR553181,S,S,NA,S,NA,NA,NA,NA,S,NA,R,NA,NA,NA,NA,NA,NA,NA,S,NA,R,R
1773.3206,ERR552274,NA,R,NA,S,NA,NA,NA,NA,R,NA,R,NA,NA,NA,NA,R,NA,R,S,NA,R,R
1773.3267,ERR552805,NA,NA,NA,NA,NA,NA,NA,NA,S,NA,S,NA,NA,NA,NA,NA,NA,NA,S,NA,S,S
1773.3324,ERR552434,S,S,NA,S,NA,NA,NA,NA,S,NA,R,NA,NA,NA,NA,NA,NA,NA,S,NA,R,R
1773.3325,ERR552719,S,S,NA,S,NA,NA,NA,NA,R,NA,R,NA,NA,NA,NA,NA,NA,NA,S,NA,R,R
1773.3343,ERR551373,NA,NA,NA,NA,NA,NA,NA,NA,R,NA,R,NA,NA,NA,NA,NA,NA,NA,S,NA,R,R
1773.3355,ERR552794,S,S,NA,S,NA,NA,NA,NA,R,NA,R,NA,NA,NA,NA,NA,NA,NA,R,NA,R,R
1773.3446,ERS5300716,S,NA,NA,S,NA,NA,NA,NA,S,NA,R,S,NA,NA,NA,S,NA,NA,NA,NA,R,S
1773.3538,ERR038260,NA,NA,NA,NA,NA,NA,NA,NA,S,NA,S,NA,NA,NA,NA,NA,NA,NA,S,NA,S,NA
1773.35384,ERS5302622,S,NA,NA,S,NA,NA,NA,NA,S,NA,S,S,NA,NA,NA,S,NA,NA,NA,NA,R,R
1773.3539,ERR038261,NA,NA,NA,NA,NA,NA,NA,NA,S,NA,S,NA,NA,NA,NA,NA,NA,NA,S,NA,S,NA
1773.3556,ERR038279,NA,NA,NA,NA,NA,NA,NA,NA,S,NA,S,NA,NA,NA,NA,NA,NA,NA,S,NA,S,NA
1773.3636,ERR046741,NA,NA,NA,NA,NA,NA,NA,NA,S,NA,S,NA,NA,NA,NA,NA,NA,NA,S,NA,S,NA
1773.36802,ERS5317236,S,NA,NA,S,NA,NA,NA,NA,S,NA,S,S,NA,NA,NA,S,NA,NA,NA,NA,R,R
1773.373,ERS5318471,S,NA,NA,S,NA,NA,NA,NA,S,NA,S,S,NA,NA,NA,S,NA,NA,NA,NA,S,R
1773.37462,ERS5318670,S,NA,NA,S,NA,NA,NA,NA,S,NA,R,S,NA,NA,NA,S,NA,NA,NA,NA,S,R
1773.3764,ERR046891,NA,NA,NA,NA,NA,NA,NA,NA,S,NA,S,NA,NA,NA,NA,NA,NA,NA,S,NA,S,NA
1773.38057,ERS5319802,S,NA,NA,S,NA,NA,NA,NA,S,NA,S,S,NA,NA,NA,S,NA,NA,NA,NA,S,R
1773.3847,ERR046992,NA,NA,NA,NA,NA,NA,NA,NA,S,NA,S,NA,NA,NA,NA,NA,NA,NA,S,NA,S,NA
1773.3913,SRR2100116,NA,NA,NA,NA,NA,NA,NA,NA,S,NA,S,NA,NA,NA,NA,NA,NA,NA,S,NA,S,NA
1773.39856,ERS6420753,S,NA,NA,S,NA,NA,NA,NA,S,NA,R,S,NA,NA,NA,S,NA,NA,NA,NA,S,R
1773.4222,SRR2100423,NA,NA,NA,NA,NA,NA,NA,NA,S,NA,S,NA,NA,NA,NA,NA,NA,NA,S,NA,S,S
1773.4238,SRR2100439,NA,NA,NA,NA,NA,NA,NA,NA,S,NA,S,NA,NA,NA,NA,NA,NA,NA,S,NA,S,S
1773.42806,SRR7781504,S,NA,NA,S,NA,NA,NA,NA,S,NA,R,S,NA,NA,NA,S,NA,NA,NA,NA,S,R
1773.4629,SRR2100840,NA,NA,NA,NA,S,NA,NA,NA,S,NA,R,NA,NA,NA,NA,NA,NA,NA,S,NA,S,NA
1773.4999,SRR2101309,S,S,NA,S,NA,NA,NA,NA,S,NA,R,NA,NA,NA,S,NA,NA,NA,S,NA,S,S
1773.5013,SRR2101333,S,S,NA,S,NA,NA,NA,NA,S,NA,S,S,NA,NA,S,NA,NA,NA,S,NA,S,S
1773.505,SRR2101377,S,S,NA,S,NA,NA,NA,NA,S,NA,S,S,NA,NA,S,NA,NA,NA,S,NA,S,S
1773.5159,SRR2101489,S,S,NA,S,NA,NA,NA,NA,S,NA,S,S,NA,NA,S,NA,NA,NA,S,NA,S,S
1773.5182,SRR2101513,S,S,NA,S,NA,NA,NA,NA,S,NA,S,S,NA,NA,S,NA,NA,NA,S,NA,S,S
1773.5202,SRR2101536,S,S,NA,S,NA,NA,NA,NA,S,NA,S,S,NA,NA,S,NA,NA,NA,NA,NA,S,S
1773.5221,SRR2101556,S,S,NA,S,NA,NA,NA,NA,S,NA,S,S,NA,NA,S,NA,NA,NA,S,NA,S,S
1773.5232,SRR2101567,S,S,NA,S,NA,NA,NA,NA,S,NA,S,S,NA,NA,S,NA,NA,NA,S,NA,S,S
1773.5325,SRR2101670,S,S,NA,S,NA,NA,NA,NA,S,NA,S,S,NA,NA,S,NA,NA,NA,S,NA,S,S
1773.5361,SRR2101714,S,S,NA,S,NA,NA,NA,NA,S,NA,S,S,NA,NA,S,NA,NA,NA,S,NA,S,S
1773.5404,SRR2101757,S,S,NA,S,NA,NA,NA,NA,R,NA,R,R,NA,NA,S,NA,NA,NA,R,NA,R,R
1773.5568,ERR400417,NA,NA,NA,NA,NA,NA,NA,NA,S,NA,S,NA,NA,NA,NA,NA,NA,NA,S,NA,S,S
1773.5609,ERR400463,NA,NA,NA,NA,NA,NA,NA,NA,S,NA,S,NA,NA,NA,NA,NA,NA,NA,S,NA,S,S
1773.5615,ERR400469,S,S,NA,S,NA,NA,NA,NA,S,NA,S,S,NA,NA,S,NA,NA,NA,S,NA,R,S
1773.5919,SRR2101403,S,S,NA,S,NA,NA,NA,NA,S,NA,S,S,NA,NA,S,NA,NA,NA,NA,NA,NA,S
